country,year,wue_industrial_usdpm3,wue_irrigation_usdpm3,wue_municipal_usdpm3,wue_general_usdpm3
Afghanistan,2000,9.332162953,0.064653597,6.923411567,0.175511394
Afghanistan,2010,10.068360769,0.088913775,36.735080422,0.537811406
Afghanistan,2015,9.747750183,0.106516615,54.532904705,0.730115436
Afghanistan,2016,9.803991999,0.108587624,56.751749884,0.754769083
Afghanistan,2017,9.321654583,0.114406013,57.808508767,0.767018509
Afghanistan,2018,13.599149237,0.096586341,59.374833655,0.800751183
Afghanistan,2019,14.547603334,0.117352521,57.988671875,0.815189052
Afghanistan,2020,14.495901978,0.119246861,55.58494213,0.792620091
Afghanistan,2021,12.195516986,0.118002692,38.298908711,0.599678593
Albania,2000,4.435593121,,5.177541937,
Albania,2010,11.930763276,1.390902464,11.948324717,6.80048027
Albania,2015,15.586884689,1.616140231,20.420016086,9.546636225
Albania,2016,16.68075995,1.703262772,22.135789918,9.986275588
Albania,2017,19.646987491,1.218447766,21.84749715,8.420975555
Albania,2018,22.899349693,1.34687486,31.522009602,10.071713509
Albania,2019,11.399156157,1.31306258,27.977527139,8.71664116
Albania,2020,133.527590516,1.726644399,28.552883414,12.088882206
Albania,2021,250.262475036,1.707628764,31.270871287,13.075202009
Algeria,2000,103.228895303,0.269721003,19.219906411,15.153172896
Algeria,2010,163.17080544,0.560477165,20.148862264,16.242201179
Algeria,2015,473.475364656,0.836578187,26.472775216,15.372739172
Algeria,2016,306.884765822,0.91475705,25.421917829,15.005921281
Algeria,2017,324.622884661,0.855269595,23.468318423,14.547354307
Algeria,2018,351.425942025,0.874242674,22.594418777,14.748072586
Algeria,2019,335.923437514,0.917396186,23.408284776,14.772620122
Algeria,2020,279.343308353,0.972742798,23.729539676,13.885498178
Algeria,2021,349.836399597,0.888440217,22.093948336,14.555892852
Angola,2000,156.660527806,0.118318017,34.109845948,58.266567162
Angola,2010,201.476728501,0.18780168,123.736668349,124.447775847
Angola,2015,200.889718472,0.345750052,178.810996332,149.212257589
Angola,2016,198.84375691,0.362995183,168.414772546,143.815153553
Angola,2017,196.790876124,0.369311165,167.031021069,142.493175261
Angola,2018,219.175514867,0.310995648,151.595078599,143.092524846
Angola,2019,225.747717998,0.282797286,147.014525231,143.244234069
Angola,2020,182.756412963,0.315973409,137.509843447,124.354186492
Angola,2021,185.377975249,0.355042716,123.343291994,118.83937295
Antigua and Barbuda,2000,78.185201998,0.798883362,174.824309541,125.705421287
Antigua and Barbuda,2010,67.079286974,1.333578748,137.533899614,101.003038436
Antigua and Barbuda,2015,65.4666668,1.544666459,137.558127639,100.597007446
Antigua and Barbuda,2016,75.710325607,1.584526099,143.066825716,106.279052709
Antigua and Barbuda,2017,88.387118997,1.870041419,144.275589979,109.836358252
Antigua and Barbuda,2018,110.0100506,1.934210573,149.505662597,117.821519672
Antigua and Barbuda,2019,114.574583572,2.025332058,159.519469863,125.097586056
Antigua and Barbuda,2020,86.941597132,2.064443262,125.956701606,98.083325414
Antigua and Barbuda,2021,90.518984313,2.133729658,126.277136617,99.072483288
Argentina,2000,21.703816424,0.066156726,55.244032943,11.881210811
Argentina,2010,36.099458647,0.145607744,54.721449754,12.502065015
Argentina,2015,35.383082779,0.082547275,62.860607462,13.540826632
Argentina,2016,32.424674559,0.091207776,62.217918491,13.134487946
Argentina,2017,32.551005408,0.072290431,65.57077587,13.653047438
Argentina,2018,32.168221521,0.064410897,62.20464411,13.085469838
Argentina,2019,32.065304871,0.07318896,59.996987304,12.739220828
Argentina,2020,27.993492766,0.073912334,53.654527669,11.326557158
Argentina,2021,31.375361331,0.072373297,59.830144134,12.63973464
Armenia,2000,11.476538786,0.302624454,2.696521094,1.493308962
Armenia,2010,13.458145543,0.46144032,5.954005617,3.427960847
Armenia,2015,20.008888812,0.285359015,11.47688982,2.618940736
Armenia,2016,19.967406062,0.261977248,10.938730147,2.719064649
Armenia,2017,19.718861184,0.304986054,9.389539888,3.256115347
Armenia,2018,19.039949788,0.22720684,9.654817283,3.56686753
Armenia,2019,23.649746398,0.179730867,12.061550584,3.680547944
Armenia,2020,14.855608234,0.181416841,10.419220568,3.509336754
Armenia,2021,26.93295939,0.172528515,11.764905485,3.512827118
Australia,2010,101.684346924,0.480327723,194.696772481,72.636802625
Australia,2015,89.314632902,0.420539631,219.257899352,65.291196902
Australia,2016,75.033831383,0.437754348,226.24116464,68.022577615
Australia,2017,104.320080245,0.385056215,347.097057092,68.573381053
Australia,2018,103.872449281,0.329278121,399.410146712,68.700892852
Australia,2019,112.533237275,0.329266439,369.149832112,78.50542005
Australia,2020,113.11471532,0.374870603,400.156307486,91.747984834
Australia,2021,122.437824652,0.498868898,393.454025092,77.7342274
Australia and New Zealand,2000,968.306837054,0,981.861269646,33.150692547
Australia and New Zealand,2010,77.00158754,1.348503017,182.771645893,60.133998876
Australia and New Zealand,2015,70.736821703,1.063743548,221.803153246,58.306820088
Australia and New Zealand,2016,62.998878783,1.205583817,232.101818962,60.781344992
Australia and New Zealand,2017,81.400672324,1.225012046,337.616021245,61.673516302
Australia and New Zealand,2018,82.61435005,1.115725647,378.688485177,62.136192712
Australia and New Zealand,2019,87.830073237,1.224998413,354.573093622,69.085536147
Australia and New Zealand,2020,88.697138135,1.423546472,378.980150817,77.754595228
Australia and New Zealand,2021,96.741163601,1.345903247,375.386167612,69.168636654
Austria,2000,27.299568393,2.342431134,293.004991801,74.955774364
Austria,2010,31.495511281,1.933962315,327.892861332,93.520179717
Austria,2015,36.148659364,2.192571626,325.546955607,103.287401616
Austria,2016,38.069352803,1.880482603,326.536675872,106.320734453
Austria,2017,39.661753828,2.000333791,329.365001245,109.593403752
Austria,2018,41.479983266,1.829615592,334.416308495,113.60813053
Austria,2019,42.552216548,1.656167123,337.007154804,116.520232505
Austria,2020,40.288548726,1.598112273,315.629800151,109.437413226
Austria,2021,42.710701515,1.865918106,326.300484362,113.891788085
Azerbaijan,2000,8.106055581,0.134966024,8.661397954,0.958705137
Azerbaijan,2010,56.819224723,0.196751071,35.836440977,3.956653412
Azerbaijan,2015,39.618387387,0.238533081,48.538759974,4.071880532
Azerbaijan,2016,36.912360609,0.202805767,49.627864686,3.91793952
Azerbaijan,2017,44.301231986,0.191719714,50.419200412,3.881797088
Azerbaijan,2018,52.621125676,0.179324651,44.375381494,3.901106944
Azerbaijan,2019,44.99120548,0.194164872,49.244568162,3.805089174
Azerbaijan,2020,36.665559687,0.204853276,51.505641507,3.707590047
Azerbaijan,2021,42.612766962,0.176725165,51.145638894,3.737187055
Bahamas,2000,,,343.803766709,
Bahamas,2010,,,322.023404294,
Bahamas,2015,,,300.415700484,
Bahamas,2016,,,300.350015036,
Bahamas,2017,,,305.812986964,
Bahamas,2018,,,308.593477142,
Bahamas,2019,,,309.536337501,
Bahamas,2020,,,253.223399508,
Bahamas,2021,,,284.15046007,
Bahrain,2000,335.009677796,0.496671149,57.349984744,43.817321652
Bahrain,2010,577.899784554,0.499642902,59.995528987,63.963861848
Bahrain,2015,846.501636643,0.661537762,67.288889242,71.811379455
Bahrain,2016,867.620234179,0.686795325,70.90277436,73.373916204
Bahrain,2017,950.526015721,0.62673991,71.546033102,76.453022121
Bahrain,2018,1010.772019518,0.63440311,70.862919207,77.977679877
Bahrain,2019,1011.86857,0.632581947,71.183549511,78.216085842
Bahrain,2020,912.372493141,0.669068785,70.165833229,74.353061797
Bahrain,2021,973.104909389,0.642805922,70.414292216,76.473232445
Bangladesh,2000,32.919856519,,14.487810413,
Bangladesh,2010,50.473331028,0.636170328,22.705463083,3.920922702
Bangladesh,2015,85.795145217,0.805421719,34.214966358,5.982908415
Bangladesh,2016,96.520468428,0.83109819,36.383466243,6.453326795
Bangladesh,2017,103.255270823,0.85247962,38.963710294,6.875634894
Bangladesh,2018,113.627384517,0.881182288,41.404561515,7.368462493
Bangladesh,2019,125.851359558,0.912187804,44.678028187,7.986628496
Bangladesh,2020,129.986460196,0.945560179,46.900251669,8.327728631
Bangladesh,2021,141.394360412,0.980258301,49.827892153,8.896911228
Barbados,2000,90.664476242,,159.893941039,
Barbados,2010,89.210663243,0.594453389,179.189896044,51.4750627
Barbados,2015,85.811451613,0.596543377,179.5435,51.303599717
Barbados,2016,83.775253357,0.605833934,183.084281873,52.028295159
Barbados,2017,82.114446556,0.611859825,182.340016778,51.721479292
Barbados,2018,78.197930261,0.669014647,179.770853558,50.82600298
Barbados,2019,75.78743405,0.605216868,181.429958731,51.007989508
Barbados,2020,71.721960973,0.600518599,157.48203459,44.780558878
Barbados,2021,74.698598949,0.596800299,152.70659529,43.826763897
Belarus,2000,14.266152759,,13.36552283,
Belarus,2010,35.112514812,,42.161274516,
Belarus,2015,53.451426905,0.052554172,41.075425714,31.39713001
Belarus,2016,31.815028429,0.058619982,51.580001553,30.158852102
Belarus,2017,35.141869212,0.06588476,55.728508122,32.027383064
Belarus,2018,36.032236162,0.085020393,56.530579395,33.136172311
Belarus,2019,37.872414723,0.07131343,55.656111381,34.898467799
Belarus,2020,39.686171662,0.074203497,56.132388231,35.511374377
Belarus,2021,39.959113181,0.068084116,51.927602999,33.90457135
Belgium,2000,12.059126723,,321.176380058,
Belgium,2010,16.11890378,0.783932301,427.341986888,67.713495609
Belgium,2015,25.01809345,1.2607644,447.274775759,102.879537721
Belgium,2016,23.803864723,1.346063357,453.917253372,100.624254612
Belgium,2017,23.316035838,1.436208687,460.356771287,95.894406351
Belgium,2018,24.235335789,1.115699108,469.061828198,102.562201239
Belgium,2019,25.657955219,1.263370512,478.70516924,107.022451082
Belgium,2020,22.108053824,1.425944721,455.461698771,94.303254138
Belgium,2021,23.569623937,1.336886732,478.899023651,99.420096715
Belize,2000,12.571700183,0.121249063,72.110898328,10.860175453
Belize,2010,13.781055005,0.146741854,106.838675537,15.051053565
Belize,2015,12.610052359,0.185619289,125.656087719,16.95553336
Belize,2016,13.435107083,0.148840812,125.43283757,17.078607228
Belize,2017,12.031652139,0.162509806,124.259594019,16.660852157
Belize,2018,12.210317001,0.136873058,127.315788363,17.025948762
Belize,2019,13.250332838,0.131412736,133.436578465,17.931412691
Belize,2020,12.078900418,0.146966532,113.47761874,15.443267854
Belize,2021,15.295021764,0.155226288,129.679609143,17.952668156
Benin,2000,39.20286034,0.11485831,55.730020444,25.256976179
Benin,2010,52.353969225,0.401750733,34.449588527,27.388699519
Benin,2015,57.1129315,0.513800402,35.303994791,29.754973491
Benin,2016,58.566178719,0.558351519,38.386723177,31.581324593
Benin,2017,59.461775834,0.605652349,42.124563234,33.878839455
Benin,2018,61.595710812,0.636591356,45.267339183,36.107668358
Benin,2019,73.650736294,0.651476714,47.632936206,39.122798995
Benin,2020,76.025152233,0.682425462,49.40771107,40.534768266
Benin,2021,82.198953406,0.769553804,50.795292215,42.208075418
Bhutan,2000,61.566368236,,24.145202566,
Bhutan,2010,131.692461728,0.217374395,49.884868642,3.882382277
Bhutan,2015,185.380257,0.2775729,62.875933823,5.068934403
Bhutan,2016,208.175181933,0.299253107,66.327647374,5.465260471
Bhutan,2017,213.133698684,0.327075844,68.945280701,5.66710351
Bhutan,2018,206.303659205,0.358539487,70.973305548,5.738084997
Bhutan,2019,192.487722993,0.374263485,81.625641264,6.166020292
Bhutan,2020,123.278912384,0.410073679,80.309251933,5.519223225
Bhutan,2021,158.716423411,0.35044978,71.277809435,5.323417339
Bolivia (Plurinational State of),2000,89.393271397,0.160740754,72.821631346,7.007296022
Bolivia (Plurinational State of),2010,220.768040688,0.168875912,78.278083933,9.02290691
Bolivia (Plurinational State of),2015,238.783150188,0.19507862,77.022718259,11.05948602
Bolivia (Plurinational State of),2016,248.748887981,0.32161219,82.29539108,12.200346651
Bolivia (Plurinational State of),2017,271.458730852,0.374363132,79.646798523,12.675536438
Bolivia (Plurinational State of),2018,281.746019167,0.395865751,79.518391046,13.185523003
Bolivia (Plurinational State of),2019,275.010449973,0.445286923,80.07415094,13.544265803
Bolivia (Plurinational State of),2020,230.47864768,0.478544849,74.74274677,12.454435249
Bolivia (Plurinational State of),2021,278.161339663,0.476833708,77.316523925,13.320639869
Bosnia and Herzegovina,2000,148.836498305,,17.518690065,
Bosnia and Herzegovina,2010,59.148498047,,25.022656522,
Bosnia and Herzegovina,2015,47.826324925,,28.80891116,
Bosnia and Herzegovina,2016,45.716651183,,28.477494847,
Bosnia and Herzegovina,2017,46.058837153,,28.939426296,
Bosnia and Herzegovina,2018,43.401291664,,33.873742163,
Bosnia and Herzegovina,2019,72.335579598,,35.918181974,
Bosnia and Herzegovina,2020,54.039814067,,35.109991939,
Bosnia and Herzegovina,2021,64.542973965,,37.855701038,
Botswana,2000,110.508277205,0.02142797,48.641285938,39.753430561
Botswana,2010,124.675027386,0.026262993,69.608091018,52.680706519
Botswana,2015,157.259918264,0.059021915,89.095228734,68.049715099
Botswana,2016,236.61194302,0.063009868,83.326788773,68.098162894
Botswana,2017,228.772049387,0.076895298,88.000558764,73.634341673
Botswana,2018,191.613316062,0.080308882,97.30931106,71.944803034
Botswana,2019,177.701347933,0.087565577,101.72671558,74.800731292
Botswana,2020,125.085581525,0.078032052,91.379968114,62.185040826
Botswana,2021,170.89268575,0.063647895,83.316560345,65.848367783
Brazil,2000,23.845710376,0.214799635,53.60068539,17.164497011
Brazil,2010,27.953204319,0.266342637,59.381656655,18.568513355
Brazil,2015,24.195711682,0.439667666,70.444927182,23.286365301
Brazil,2016,24.410999341,0.421783342,68.819217259,21.697001243
Brazil,2017,29.370942645,0.392228934,69.331707141,22.159339219
Brazil,2018,33.188817261,0.400683265,73.838709455,22.239869455
Brazil,2019,33.440019935,0.361975542,74.758293663,22.305874077
Brazil,2020,31.407971885,0.509953916,70.936847326,21.786063262
Brazil,2021,30.472525709,0.632360606,69.722220162,21.658031845
Brunei Darussalam,2000,,4.286933535,,
Brunei Darussalam,2010,,3.641942024,28.483142979,
Brunei Darussalam,2015,,5.451650513,34.365093901,
Brunei Darussalam,2016,,5.800603825,36.590394909,
Brunei Darussalam,2017,,5.305357466,35.264722161,
Brunei Darussalam,2018,,4.971949308,32.339860011,
Brunei Darussalam,2019,,5.004003177,34.356827051,
Brunei Darussalam,2020,,6.248606265,37.727468851,
Brunei Darussalam,2021,,6.344142918,33.697608193,
Bulgaria,2000,1.474119816,0.064628249,14.913521987,3.820416585
Bulgaria,2010,2.30932768,0.032327267,31.939268033,6.645742127
Bulgaria,2015,2.543715285,0.113194777,35.433705945,7.441825243
Bulgaria,2016,2.654387439,0.103931175,36.494222504,7.563881123
Bulgaria,2017,2.67467317,0.115732039,37.113535596,7.806014514
Bulgaria,2018,2.702015813,0.114798471,41.163863179,8.489361918
Bulgaria,2019,2.817353691,0.133350295,42.854337529,8.81953184
Bulgaria,2020,2.924027642,0.131483141,42.672461983,9.064552858
Bulgaria,2021,2.751523727,0.17716166,47.468789223,9.955620886
Burkina Faso,2000,66.525499568,0.022265358,8.899271724,5.069784542
Burkina Faso,2010,105.182354411,0.047427044,10.407896515,7.593662077
Burkina Faso,2015,128.228677005,0.060193337,14.078007838,9.896803633
Burkina Faso,2016,138.173387137,0.061191867,14.926884638,10.550909278
Burkina Faso,2017,149.203363036,0.061608761,15.859918944,11.272148336
Burkina Faso,2018,161.676111515,0.066991739,16.768210392,12.022854361
Burkina Faso,2019,180.899176042,0.061963192,18.291331169,13.229589269
Burkina Faso,2020,222.766668058,0.063234815,16.996485686,13.746356488
Burkina Faso,2021,233.623200975,0.064157558,18.729978373,14.830800028
Burundi,2000,16.405731073,0.03398522,12.883920567,3.186646718
Burundi,2010,23.623864293,0.050152109,22.635021093,4.787794151
Burundi,2015,27.781610133,0.054417562,28.706006288,5.94799615
Burundi,2016,31.643783916,0.056649194,27.452106048,5.96365102
Burundi,2017,32.845432148,0.061877253,28.088064726,6.130002935
Burundi,2018,36.541063361,0.061590087,30.586367648,6.712107802
Burundi,2019,37.073412965,0.062118225,32.962065712,7.10659219
Burundi,2020,36.604002395,0.061847315,31.439953545,6.847026554
Burundi,2021,36.758570208,0.06303524,31.532270809,6.870450725
Cabo Verde,2000,,0.465967487,,
Cabo Verde,2010,141.048656346,0.191101166,11.473029941,8.886306732
Cabo Verde,2015,94.025931174,0.176413871,8.15737141,6.349268992
Cabo Verde,2016,90.379578387,0.162845222,8.06330579,6.251977378
Cabo Verde,2017,96.530415679,0.137484653,7.752060361,6.134447595
Cabo Verde,2018,101.173451314,0.109285332,7.615482508,6.104531264
Cabo Verde,2019,104.003081009,0.098104314,7.657362256,6.169506131
Cabo Verde,2020,62.392907367,0.069413975,5.778946877,4.589827839
Cabo Verde,2021,68.400248838,0.069727761,7.406205887,5.628532843
Cambodia,2000,52.325312846,,29.4920106,
Cambodia,2010,82.488069688,0.31971581,50.5695026,3.816068733
Cambodia,2015,148.390209,0.354866816,74.378005684,5.913215672
Cambodia,2016,168.938542096,0.353067406,79.610874916,6.456815483
Cambodia,2017,189.464609545,0.356716705,84.860706962,7.005961902
Cambodia,2018,213.194532328,0.361131909,90.669415171,7.629315963
Cambodia,2019,242.16659394,0.363755994,95.506006688,8.286573861
Cambodia,2020,237.643965974,0.388480471,86.31641438,7.829125409
Cambodia,2021,257.892034085,0.398073335,82.248586063,7.961558203
Cameroon,2000,68.154824766,0.030365494,49.388330476,13.073069061
Cameroon,2010,59.309446293,0.042803768,53.479558627,17.855631687
Cameroon,2015,71.973032151,0.054113074,66.851497978,22.112468026
Cameroon,2016,72.406029796,0.056512463,71.079457175,23.114416053
Cameroon,2017,74.24215652,0.056819085,73.868963813,23.923617702
Cameroon,2018,80.267266569,0.058373281,76.223825599,25.037685914
Cameroon,2019,80.152606039,0.061512832,79.685988563,25.813854765
Cameroon,2020,78.660261737,0.063947422,81.606963601,26.107672956
Cameroon,2021,83.927394717,0.065589999,83.245640737,26.986557746
Canada,2000,9.927880121,,134.687201179,
Canada,2010,10.96781583,0.18085471,179.245376255,31.778457185
Canada,2015,12.403429053,0.370576621,215.388430247,40.487416352
Canada,2016,11.883871114,0.324873355,223.515579771,40.197318717
Canada,2017,12.746449545,0.285956981,230.252141065,40.746415875
Canada,2018,13.8118744,0.263900421,236.252377253,42.967078286
Canada,2019,14.086122655,0.271089254,242.3945746,44.672221538
Canada,2020,14.000951726,0.240720486,229.809952256,43.539833135
Canada,2021,14.671718751,0.247649954,240.34961402,45.557452076
Central African Republic,2000,32.506833253,0.166714163,14.49729808,17.403229399
Central African Republic,2010,46.552327629,0.178194352,12.605619881,18.155820195
Central African Republic,2015,30.251805917,0.109318022,12.387322429,15.276461741
Central African Republic,2016,31.106192356,0.115933471,12.809286059,15.767707225
Central African Republic,2017,31.15864541,0.124489626,13.438195609,16.297780647
Central African Republic,2018,32.081474127,0.12310405,13.961509408,16.88432616
Central African Republic,2019,33.694427412,0.129771858,14.349084626,17.472621017
Central African Republic,2020,33.662805891,0.131104951,14.500120721,17.592598179
Central African Republic,2021,34.008287192,0.131310957,14.642858474,17.768107103
Central Asia,2000,4.233218074,0.156398808,7.432460789,0.782285
Central Asia,2010,8.52629567,0.193225951,15.455495682,1.819091966
Central Asia,2015,9.714748247,0.286871401,27.852092607,2.415061006
Central Asia,2016,9.155287832,0.306757677,27.848975347,2.440153641
Central Asia,2017,8.201537138,0.305014847,28.192475402,2.452595649
Central Asia,2018,11.607970891,0.310436627,23.445700433,2.631597006
Central Asia,2019,13.844735638,0.340611292,24.238146028,2.779612266
Central Asia,2020,12.985980626,0.367867711,22.442195037,2.862381678
Central Asia,2021,14.117424997,0.428134628,23.262379061,3.488916305
Central and Southern Asia,2000,15.758499956,0.161617489,10.585172261,1.147097844
Central and Southern Asia,2010,25.648055758,0.263252804,15.85177845,1.964976176
Central and Southern Asia,2015,28.777159485,0.350449026,22.384571138,2.532272781
Central and Southern Asia,2016,29.955923102,0.375770738,23.787934063,2.699771587
Central and Southern Asia,2017,30.069742377,0.397386915,25.034861021,2.843123381
Central and Southern Asia,2018,34.896824525,0.410563232,25.854498887,3.001191528
Central and Southern Asia,2019,35.264154096,0.426957374,27.402563812,3.101484808
Central and Southern Asia,2020,33.487811522,0.451895498,25.537826863,2.987117713
Central and Southern Asia,2021,37.462402933,0.467502581,27.045074196,3.24136744
Chad,2000,5.261392329,0.018073358,21.348268741,3.035827627
Chad,2010,35.794611578,0.045045079,18.656201374,6.453875177
Chad,2015,53.347413018,0.056976667,34.445578621,10.393852829
Chad,2016,43.767398119,0.073156247,39.985497867,9.929912395
Chad,2017,34.267125909,0.077649788,43.634992565,9.243571934
Chad,2018,39.81591404,0.080076881,44.407012043,9.990615182
Chad,2019,41.456674928,0.079071676,49.864366194,10.826675699
Chad,2020,43.97905542,0.082663619,51.188255715,11.282874772
Chad,2021,29.689651525,0.094125198,41.226712207,8.432580579
Chile,2000,17.660430665,,69.266244842,
Chile,2010,18.751447977,0.180849862,88.10843079,5.367083115
Chile,2015,33.232677857,0.207491181,115.264089597,6.731071389
Chile,2016,38.596467233,0.230872305,118.589011202,6.915113478
Chile,2017,40.08224574,0.232930295,118.470093306,6.988438603
Chile,2018,39.137866889,0.238372072,122.929279047,7.122660963
Chile,2019,37.943827032,0.243666376,126.120857289,7.193429829
Chile,2020,39.643634021,0.234869887,113.606929745,6.773903118
Chile,2021,48.66545226,0.210938644,121.859752093,7.543699285
China,2000,11.278623864,0.682357041,19.291889894,4.823795619
China,2010,23.057045808,1.39162955,46.417058547,12.54705753
China,2015,32.048364028,1.512655414,73.325080508,17.861800461
China,2016,34.520114785,1.655074134,67.753236991,19.323250982
China,2017,38.153221315,1.671658762,70.666421345,20.796938896
China,2018,43.340305148,1.8375644,76.067683926,23.631790735
China,2019,44.812957298,1.939853084,75.264417273,24.264493607
China,2020,53.583982684,2.201890751,74.206722586,25.804044798
China,2021,66.99408625,2.51183631,88.282316569,31.207074365
Colombia,2000,110.024418275,0.28266302,37.668559729,17.275730063
Colombia,2010,25.09595542,0.316669816,39.129602305,12.53813872
Colombia,2015,21.143689084,0.13289205,43.488487033,9.410749837
Colombia,2016,19.672213157,0.133124714,51.591478274,9.150972616
Colombia,2017,34.749832876,0.120705179,51.905521334,9.350745217
Colombia,2018,187.901956014,0.093870727,52.916348305,9.781744598
Colombia,2019,238.182295855,0.102562908,60.562861673,10.772284215
Colombia,2020,203.536617193,0.095664318,58.732464564,9.744923921
Colombia,2021,245.247238625,0.103343378,62.932772368,10.430003215
Comoros,2000,140.851516163,0.06551541,69.966944127,40.657501232
Comoros,2010,155.681752153,0.062046716,85.630550156,48.915913639
Comoros,2015,195.89377,0.081104098,112.057503542,63.620409126
Comoros,2016,190.062611067,0.085456241,113.563417512,64.053735393
Comoros,2017,184.613527171,0.091764393,120.31545737,67.025225161
Comoros,2018,186.776407277,0.100941646,121.549675065,67.730106969
Comoros,2019,185.882066181,0.110720465,123.925511746,68.830387566
Comoros,2020,189.043355977,0.118245816,126.111054016,70.04104926
Comoros,2021,194.804284758,0.123116406,127.526366592,71.010734913
Congo,2000,498.233761703,0.116173702,60.295586692,152.821288879
Congo,2010,284.119573089,0.123470358,44.42032776,105.222884557
Congo,2015,231.197973417,0.208426105,78.713065714,115.197462949
Congo,2016,155.802378031,0.219506485,86.044581635,100.558069235
Congo,2017,176.889705637,0.222376546,75.619215164,98.835184814
Congo,2018,206.072931199,0.196990161,59.801544452,95.484151483
Congo,2019,192.045111317,0.217580738,67.874354606,97.421476368
Congo,2020,107.529058607,0.303607114,83.530276959,86.180921236
Congo,2021,160.030243426,0.230108458,67.558615214,88.823664833
Costa Rica,2000,,,24.825391042,
Costa Rica,2010,,,50.274584532,
Costa Rica,2015,40.485589042,0.377690271,60.742369344,15.698506102
Costa Rica,2016,43.11056001,0.435853734,73.790322437,17.738900024
Costa Rica,2017,46.490652933,0.466931483,207.006199724,22.39061826
Costa Rica,2018,46.37258879,0.436266239,61.52067939,18.462960486
Costa Rica,2019,46.264645077,0.423832251,55.259287858,18.4238458
Costa Rica,2020,45.550804513,0.426258256,53.210239604,17.716486946
Costa Rica,2021,49.612793432,0.458763553,41.423088728,17.132755063
Croatia,2000,,,43.323326683,
Croatia,2010,18.109987419,0.626811989,62.040670079,37.346115906
Croatia,2015,15.450170543,0.408194291,68.41760955,36.982696428
Croatia,2016,15.675933187,0.393425974,70.207243706,37.674047012
Croatia,2017,19.283687665,0.482551377,75.777449525,43.338337507
Croatia,2018,19.674320374,0.610399402,78.798499208,44.662522256
Croatia,2019,19.700330123,0.716130293,82.096302194,45.664860294
Croatia,2020,18.074629425,0.652938444,76.244107014,41.759287602
Croatia,2021,20.144358563,0.696018034,85.519841254,47.377031721
Cuba,2000,14.119429241,0.289903053,17.939946642,8.193063478
Cuba,2010,21.546821453,0.154482593,33.090173691,12.122953662
Cuba,2015,24.546130784,0.195397326,38.105283815,12.045713433
Cuba,2016,25.315859553,0.201696604,37.958873244,12.095888423
Cuba,2017,27.523987368,0.19813832,37.978861741,12.333266659
Cuba,2018,28.783353365,0.201617458,38.51072154,12.599370226
Cuba,2019,28.282004372,0.189840254,38.571189034,12.55318188
Cuba,2020,23.797809552,0.130889172,35.702960873,11.337390533
Cuba,2021,20.245340371,0.101642742,42.259085046,12.542221584
Cyprus,2000,706.494693706,1.497391775,239.958311007,70.948451504
Cyprus,2010,505.129606905,1.113978619,321.896558382,92.046122757
Cyprus,2015,263.3848755,0.59379992,156.330244212,58.410865355
Cyprus,2016,459.216870105,0.793501743,144.046494501,58.379622069
Cyprus,2017,125.554785153,0.714127061,154.87607208,64.9953768
Cyprus,2018,146.026458155,0.73030866,159.983688462,71.218332949
Cyprus,2019,164.407566063,0.836334878,173.067850869,78.923679221
Cyprus,2020,157.972706437,0.823485647,176.083185381,76.231795036
Cyprus,2021,169.086198787,0.797219144,175.593380972,76.670046198
Czechia,2000,26.788924709,,82.445368151,
Czechia,2010,43.939788275,0.949315197,157.852846821,84.546109864
Czechia,2015,59.913518824,1.205082263,177.976443606,103.270076697
Czechia,2016,58.136037278,1.471218064,185.473197519,103.335617484
Czechia,2017,60.993322046,1.509674153,193.071590956,109.270573548
Czechia,2018,66.615117895,1.325710942,192.734894442,116.120391108
Czechia,2019,74.418512859,1.479202266,201.479138482,126.754311778
Czechia,2020,78.698194091,1.571980723,201.17421754,132.89255458
Czechia,2021,81.97508693,1.615031412,210.013860847,139.281972914
Côte d'Ivoire,2000,19.950946195,0.126860034,19.245609712,11.238020919
Côte d'Ivoire,2010,19.267177379,0.130247591,27.617974182,13.582829287
Côte d'Ivoire,2015,35.276888273,0.215299662,79.548518762,29.364640932
Côte d'Ivoire,2016,36.387058682,0.248059898,85.06161548,31.13099922
Côte d'Ivoire,2017,39.161376488,0.252795578,91.919413577,33.599778659
Côte d'Ivoire,2018,42.806846025,0.296314762,95.692716677,35.420580837
Côte d'Ivoire,2019,45.668230435,0.316665957,101.571500789,37.645948014
Côte d'Ivoire,2020,46.088908842,0.312162231,104.542431016,38.54939002
Côte d'Ivoire,2021,49.592510149,0.341032726,111.21312995,41.130988533
Democratic People's Republic of Korea,2000,4.17267988,0.423007325,6.093058561,1.468203416
Democratic People's Republic of Korea,2010,6.113668451,0.326685263,6.095621668,1.693578878
Democratic People's Republic of Korea,2015,5.922703682,0.34990785,6.620269044,1.740761567
Democratic People's Republic of Korea,2016,6.208383067,0.36428275,6.795188365,1.807757588
Democratic People's Republic of Korea,2017,5.768091327,0.369926068,6.638300905,1.737477643
Democratic People's Republic of Korea,2018,5.227573367,0.361583056,6.666934008,1.662609846
Democratic People's Republic of Korea,2019,5.393841267,0.331054763,6.857841092,1.681198362
Democratic People's Republic of Korea,2020,4.995678863,0.332886438,6.554204594,1.598277571
Democratic People's Republic of Korea,2021,5.037540151,0.354007022,6.256235346,1.588867744
Democratic Republic of the Congo,2000,27.721893294,0.218318878,19.714601795,18.999507434
Democratic Republic of the Congo,2010,61.592061894,0.248447286,22.122546392,28.29776165
Democratic Republic of the Congo,2015,99.160189986,0.309509992,29.704029978,41.527754821
Democratic Republic of the Congo,2016,99.430620109,0.332431274,30.516888652,42.141045019
Democratic Republic of the Congo,2017,104.254888523,0.355903922,32.649421948,44.62978846
Democratic Republic of the Congo,2018,112.025704693,0.362653645,34.954318844,47.866751136
Democratic Republic of the Congo,2019,107.662879417,0.394662345,38.82944208,49.568599391
Democratic Republic of the Congo,2020,106.199279584,0.423971953,41.137365064,50.826943892
Democratic Republic of the Congo,2021,127.404549568,0.421815345,39.601658085,54.336055067
Denmark,2000,632.750419769,,355.651734524,
Denmark,2010,749.115581125,3.00820724,467.47821364,337.279169527
Denmark,2015,1548.700532751,0.777266501,528.383396059,320.348641671
Denmark,2016,1510.654280483,0.972332067,543.094023334,302.852184544
Denmark,2017,1731.197674512,1.314180019,560.31025975,307.919033824
Denmark,2018,1309.37272081,0.798987616,547.852622757,254.570839554
Denmark,2019,1219.841538576,1.700763213,573.740665948,302.629632755
Denmark,2020,1224.11346487,1.367343111,546.855585028,286.225654696
Denmark,2021,1211.723618364,0.913321645,586.481196861,301.596695717
Djibouti,2000,,8.211726979,37.439200366,
Djibouti,2010,,12.485923847,70.802894641,
Djibouti,2015,,9.471449333,129.369077438,
Djibouti,2016,,11.148942248,137.974525791,
Djibouti,2017,,13.085008215,144.669509412,
Djibouti,2018,,12.558958069,158.150996242,
Djibouti,2019,,13.47134027,168.386539248,
Djibouti,2020,,13.727467317,169.969229537,
Djibouti,2021,,13.318698711,166.361760825,
Dominica,2010,,0.003653019,18.34363579,
Dominica,2015,,0.004459109,17.864132526,
Dominica,2016,,0.005304919,17.880888133,
Dominica,2017,,0.004081023,17.546669426,
Dominica,2018,,0.003475212,15.786015509,
Dominica,2019,,0.003985592,17.518403017,
Dominica,2020,,0.004211394,15.485219682,
Dominica,2021,,0.005126002,15.64660993,
Dominican Republic,2000,158.049364238,0.172367982,31.376205412,6.130087862
Dominican Republic,2010,24.617398121,0.193133264,40.202618598,6.973559363
Dominican Republic,2015,28.570693231,0.161608163,50.816413803,6.997662102
Dominican Republic,2016,29.730841333,0.171691177,54.656861373,7.452108863
Dominican Republic,2017,31.819067741,0.172919601,56.730024497,7.800192191
Dominican Republic,2018,35.099267789,0.176786349,59.818221183,8.332722445
Dominican Republic,2019,37.225992965,0.191526827,62.498427365,8.752035773
Dominican Republic,2020,36.200334425,0.215109259,57.27075342,8.204757288
Dominican Republic,2021,44.279618157,0.226489062,61.278950969,9.179056816
Eastern Asia,2000,20.233924744,0.709126771,54.807028166,11.158450834
Eastern Asia,2010,29.869422738,1.267034171,76.47527112,18.435197607
Eastern Asia,2015,39.324905615,1.376393638,100.529942978,23.496720512
Eastern Asia,2016,41.820657864,1.498526323,92.60418776,24.800963576
Eastern Asia,2017,45.642644256,1.515287318,94.861324607,26.219941961
Eastern Asia,2018,50.568174685,1.643861013,98.333541002,28.729951252
Eastern Asia,2019,51.945167246,1.726665309,97.123642152,29.29222275
Eastern Asia,2020,60.154846343,1.939270487,94.175765997,30.387546763
Eastern Asia,2021,72.158363707,2.19890336,106.643611698,35.103830732
Eastern and South-Eastern Asia,2000,20.523237257,0.553281468,46.373263158,9.529465579
Eastern and South-Eastern Asia,2010,28.140571079,0.791816785,63.816910025,12.639219752
Eastern and South-Eastern Asia,2015,37.648506316,0.843826957,81.177993597,15.751787564
Eastern and South-Eastern Asia,2016,40.036270855,0.900937496,77.117376148,16.608567578
Eastern and South-Eastern Asia,2017,42.191531471,0.91212597,80.208080522,17.498425512
Eastern and South-Eastern Asia,2018,46.431737522,0.973206896,83.811961129,19.061419281
Eastern and South-Eastern Asia,2019,49.373539628,1.016400221,83.775544254,19.588785446
Eastern and South-Eastern Asia,2020,55.002657463,1.125204056,81.204903099,19.931870724
Eastern and South-Eastern Asia,2021,64.606553577,1.258878613,90.754591427,22.721176472
Ecuador,2000,45.184730255,0.343864452,27.227308273,4.79111322
Ecuador,2010,48.968166014,0.486163584,32.283369677,7.315202383
Ecuador,2015,54.894868852,0.670587465,40.616754834,8.879855956
Ecuador,2016,54.19310879,0.637324688,40.38242088,8.783375792
Ecuador,2017,56.273330993,0.676427857,41.138326539,9.028911706
Ecuador,2018,57.332158904,0.626159428,41.70391637,9.120324929
Ecuador,2019,57.470661269,0.61582709,42.067112663,9.166927736
Ecuador,2020,49.40850607,0.635118558,39.947192018,8.459992597
Ecuador,2021,52.568838901,0.633200543,41.626641591,8.852315761
Egypt,2000,12.687867113,0.378834834,16.673206782,2.364139379
Egypt,2010,47.581015263,0.554057863,14.784266902,3.401824481
Egypt,2015,91.201233868,0.580668387,16.995240173,4.351108124
Egypt,2016,83.272855819,0.627861048,18.107933372,4.437579636
Egypt,2017,20.141648355,0.64665598,17.834478206,4.389134016
Egypt,2018,22.054991595,0.665586457,18.18058829,4.585445263
Egypt,2019,23.775558393,0.691560208,18.810299,4.813238043
Egypt,2020,21.988298471,0.749866853,19.945558842,4.892334203
Egypt,2021,23.144052907,0.806754178,22.054842356,5.310474966
El Salvador,2000,18.155788402,0.100610097,28.383198966,10.999929032
El Salvador,2010,20.590091225,0.072104335,31.454354726,10.310122376
El Salvador,2015,23.867732559,0.080940716,39.474300347,15.334892544
El Salvador,2016,24.380040487,0.088967877,40.617435158,16.62683152
El Salvador,2017,24.907220372,0.089099488,40.274405163,17.870605976
El Salvador,2018,25.344782399,0.091224026,41.580547746,19.507637053
El Salvador,2019,26.396300643,0.124212507,42.078181231,21.337951532
El Salvador,2020,23.058136586,0.144872525,39.056617477,20.959188568
El Salvador,2021,25.41722526,0.099931204,42.387783156,19.595128618
Equatorial Guinea,2000,846.864019716,,52.634943762,
Equatorial Guinea,2010,3238.782773367,,206.761169042,
Equatorial Guinea,2015,2563.525217333,,332.329015316,
Equatorial Guinea,2016,2061.912454197,,349.945286085,
Equatorial Guinea,2017,2117.57851235,,299.157083767,
Equatorial Guinea,2018,2002.182565602,,277.40992711,
Equatorial Guinea,2019,1736.571886592,,286.02963724,
Equatorial Guinea,2020,1401.189180187,,316.814023329,
Equatorial Guinea,2021,1689.638278109,,277.186121857,
Eritrea,2000,5.690823643,0.023821287,16.486557612,3.326687462
Eritrea,2010,475.247628949,0.016040573,27.194644458,2.280247289
Eritrea,2015,602.738691,0.018189506,35.179915194,2.926667166
Eritrea,2016,660.890815459,0.020019258,38.295631304,3.194271439
Eritrea,2017,582.641327319,0.017546141,33.815337878,2.818843951
Eritrea,2018,663.050221904,0.020021075,38.533529212,3.210655015
Eritrea,2019,690.103759872,0.020841913,40.048512213,3.338609434
Eritrea,2020,659.28769234,0.019891109,38.279614997,3.190542727
Eritrea,2021,674.98111411,0.02037705,39.196187231,3.26678745
Estonia,2000,2.223134352,0.037252278,103.847851768,7.992135563
Estonia,2010,2.191118373,0.131463086,204.522497734,8.886324298
Estonia,2015,3.081845813,0.480809278,248.929372624,12.144580705
Estonia,2016,2.866976411,0.551751893,246.107752671,11.332878254
Estonia,2017,2.970481954,0.653538627,268.594917195,11.804614214
Estonia,2018,3.435511099,0.559751446,269.017110431,13.680208141
Estonia,2019,5.796286251,0.64407432,222.511398063,22.578969881
Estonia,2020,6.646786925,0.552901248,281.357664626,26.883868026
Estonia,2021,6.023956109,0.575024857,266.026213068,24.742502682
Eswatini,2000,78.325812242,,48.730225127,
Eswatini,2010,61.285548683,0.107955038,43.569507599,2.974376676
Eswatini,2015,68.075353044,0.114792256,50.207030048,3.369092845
Eswatini,2016,68.350829,0.111146113,51.873022251,3.435422256
Eswatini,2017,66.473240228,0.10666397,54.818784507,3.508722684
Eswatini,2018,66.435827541,0.110401823,56.54407097,3.578235951
Eswatini,2019,68.822481733,0.113574304,57.474655551,3.663468536
Eswatini,2020,61.277595519,0.109468984,57.99428322,3.533460601
Eswatini,2021,70.389085061,0.119438235,61.62049696,3.859677388
Ethiopia,2010,63.07168405,0.103652438,19.982857021,2.230809
Ethiopia,2015,193.491741233,0.127575532,32.153516074,3.60414009
Ethiopia,2016,281.884546183,0.128716657,31.350250702,3.890510108
Ethiopia,2017,332.12706548,0.137297128,34.309953341,4.369768255
Ethiopia,2018,413.349053873,0.135539352,36.383837827,4.920887648
Ethiopia,2019,406.260409998,0.158235958,40.204069051,5.200750335
Ethiopia,2020,400.0243946,0.177449874,42.293467062,5.348632627
Ethiopia,2021,398.960081033,0.198055448,44.327401735,5.518588056
Europe,2000,18.811184431,0.365516838,129.274991965,37.01888831
Europe,2010,23.065300561,0.486010495,170.538050981,50.421005055
Europe,2015,29.264784221,0.543912017,177.569830383,58.535550972
Europe,2016,29.939317143,0.524447269,176.37420123,59.309631915
Europe,2017,31.48321409,0.584030126,180.675744756,61.216544728
Europe,2018,32.57261018,0.629467351,184.964210644,62.394681276
Europe,2019,33.487676997,0.611689206,188.487248062,64.112669059
Europe,2020,31.861209849,0.608396601,178.42245888,61.423478571
Europe,2021,34.52025441,0.570732673,184.957137925,64.328061409
Europe and Northern America,2000,12.955000626,0.201353347,146.75018844,29.231281444
Europe and Northern America,2010,15.705398601,0.280366739,190.859413835,39.768926324
Europe and Northern America,2015,19.768168809,0.318605669,212.439417795,47.387154708
Europe and Northern America,2016,19.79512392,0.299162343,214.23738902,48.091834439
Europe and Northern America,2017,20.734403885,0.328628846,218.736727871,49.336983731
Europe and Northern America,2018,21.581672731,0.335490448,224.421870915,50.628070078
Europe and Northern America,2019,21.869027428,0.317029844,229.794829204,51.920868216
Europe and Northern America,2020,20.487590677,0.315453822,221.720378052,50.08235411
Europe and Northern America,2021,22.167524,0.329001,231.772857765,52.747018084
Fiji,2000,61.690252597,,100.317659116,
Fiji,2010,65.646200652,0.273231282,98.559465596,36.95429411
Fiji,2015,66.235679583,0.284159047,105.54953751,39.110409604
Fiji,2016,71.358808829,0.394596812,107.126192503,40.224582752
Fiji,2017,72.267890053,0.410868805,112.948204137,42.071905176
Fiji,2018,74.388135089,0.440401051,115.594125884,43.117521016
Fiji,2019,75.555617314,0.477565186,114.340187705,42.897749522
Fiji,2020,67.418161911,0.483239587,94.541913335,36.081115914
Fiji,2021,63.572121284,0.459152815,90.436494894,34.408637525
Finland,2000,30.802372486,,265.896625185,
Finland,2010,31.793579886,0.317784395,360.271215719,86.126390979
Finland,2015,30.208899549,0.090647204,372.241628242,83.297770346
Finland,2016,33.595315735,0.087815814,379.221614731,87.876846009
Finland,2017,36.163108825,0.045557788,387.738223787,91.025293856
Finland,2018,26.958555451,0.047421188,392.482474533,75.331810425
Finland,2019,26.965537952,0.018883316,320.308125458,61.1725777
Finland,2020,26.563610691,0.019301172,312.750110185,59.863307899
Finland,2021,27.921864444,0.018583252,321.267979698,61.856086283
France,2000,17.66065481,,239.120015284,
France,2010,18.461321464,1.679173388,298.102390382,71.917601782
France,2015,19.109107362,1.478002315,338.708271255,76.385409053
France,2016,20.663787421,1.364822472,346.390367483,82.147102748
France,2017,20.513750308,1.716494271,338.544478253,82.088133513
France,2018,20.717856096,1.981628614,349.133741682,83.488628789
France,2019,22.404780564,1.870681271,356.175974823,87.513599145
France,2020,21.360615927,1.752293281,331.314482711,85.942969287
France,2021,22.667760642,1.955815875,351.197222554,91.130518347
Gabon,2000,473.28062071,0.166770446,46.913462993,71.657385589
Gabon,2010,429.545611563,0.140505662,45.206521041,71.108898874
Gabon,2015,479.490495461,0.199721427,70.138719126,91.370339824
Gabon,2016,457.090061978,0.235206746,76.450645487,92.953403152
Gabon,2017,462.467460759,0.250173393,78.536886733,94.77316672
Gabon,2018,484.1871692,0.26047673,76.796035923,95.917760896
Gabon,2019,504.030137435,0.276605605,79.260703151,99.434606043
Gabon,2020,423.972132499,0.325512477,86.461521511,95.718304048
Gabon,2021,507.096315033,0.306867563,78.092039016,99.042562972
Gambia,2000,6.79789644,0.102067936,18.39678784,8.242381977
Gambia,2010,5.219216223,0.177955107,16.664849727,7.915502292
Gambia,2015,9.993771038,0.114592812,17.949826311,9.408393978
Gambia,2016,12.724055205,0.11499181,17.23253574,9.687383089
Gambia,2017,11.387646546,0.115798559,19.63337108,10.382404515
Gambia,2018,11.375663001,0.117493608,21.758794606,11.242442351
Gambia,2019,12.009791729,0.125635758,23.159358126,11.945847059
Gambia,2020,11.609612858,0.134212526,23.027074296,11.812011659
Gambia,2021,12.444909316,0.147675477,23.6803646,12.256417104
Georgia,2000,4.496041771,0.249666122,11.917018684,2.728935423
Georgia,2010,4.522131898,0.291681936,15.433277036,5.468555693
Georgia,2015,11.030943497,0.400169037,11.118683535,7.633860035
Georgia,2016,12.732455772,0.404332973,10.49974807,7.939000333
Georgia,2017,13.663021075,0.362637103,14.910753558,9.574393288
Georgia,2018,13.733405053,0.439764076,17.135104013,10.661089586
Georgia,2019,9.567929378,0.409289065,17.21291626,9.31198212
Georgia,2020,9.080624691,0.435083059,16.835224083,8.222744473
Georgia,2021,10.500994435,0.331615802,21.39263249,9.378017703
Germany,2000,21.693617846,,158.643393478,
Germany,2010,26.767453574,1.9310537,182.137496035,70.204164035
Germany,2015,45.489222425,1.553093035,202.657457342,100.471618213
Germany,2016,46.261748347,1.727804465,207.206645147,101.852606464
Germany,2017,53.458057158,2.210126367,216.064309495,113.400405095
Germany,2018,57.409841284,1.493007521,218.933596727,118.238423951
Germany,2019,61.945904484,1.8990944,218.819864424,124.599624569
Germany,2020,58.707476735,1.781190546,213.88405032,120.78622824
Germany,2021,60.995642551,2.066742466,217.518786311,123.550234295
Ghana,2000,66.832782688,0.065615425,33.801456313,14.59800188
Ghana,2010,88.179581538,0.147753084,60.089098577,18.538858888
Ghana,2015,150.734876137,0.140307061,71.835119629,25.018215893
Ghana,2016,137.4650355,0.148090093,80.034617793,25.39669962
Ghana,2017,161.186230099,0.150275232,85.970479219,28.151196185
Ghana,2018,181.888585064,0.147965383,90.722521939,30.464431322
Ghana,2019,194.68168694,0.150527419,99.263742174,33.043316778
Ghana,2020,187.420044518,0.164668885,99.88108531,32.708912396
Ghana,2021,186.069320979,0.181356837,106.898157502,34.068909802
Greece,2000,138.933310289,0.52379149,157.860576249,17.08710377
Greece,2010,167.648555234,0.34825317,147.979861424,21.395623885
Greece,2015,167.08686923,0.423098273,96.210543478,17.03442402
Greece,2016,60.186768725,0.394384828,84.417383167,16.390399698
Greece,2017,56.871764702,0.449403587,85.808694893,16.552100174
Greece,2018,60.950951061,0.442089356,86.612194943,16.764542899
Greece,2019,61.288295699,0.483832771,88.414235983,17.078674374
Greece,2020,61.2747642,0.501909315,79.866334442,15.698637392
Greece,2021,74.184542069,0.499318566,86.621862759,17.043236732
Grenada,2010,,1.425137761,,
Grenada,2015,,2.762849815,58.203081,
Grenada,2016,,2.394668087,60.255444673,
Grenada,2017,,2.164557738,62.751166793,
Grenada,2018,,2.189064077,64.572913347,
Grenada,2019,,1.981219195,66.181339748,
Grenada,2020,,1.790324679,57.249758189,
Grenada,2021,,1.991023303,59.717197053,
Guatemala,2000,17.251970039,,50.959901956,
Guatemala,2010,16.893792343,0.728371154,39.128521334,13.307261957
Guatemala,2015,21.001059441,0.815319385,47.528797119,16.211900034
Guatemala,2016,21.429735095,0.811483322,49.138781763,16.691920686
Guatemala,2017,21.41366003,0.839496657,51.044135604,17.183515023
Guatemala,2018,21.701864181,0.844749991,53.188666787,17.777482488
Guatemala,2019,22.941396751,0.876384161,55.029015489,18.482610283
Guatemala,2020,22.764262752,0.905171352,53.827308872,18.164941772
Guatemala,2021,24.858373209,0.928120898,57.911537315,19.583843613
Guinea,2000,30.196138207,0.190064037,11.201823848,6.85882084
Guinea,2010,38.098063219,0.029072768,14.073260785,7.30035166
Guinea,2015,38.205538912,0.030826773,18.403665975,7.780002305
Guinea,2016,48.285574857,0.031218816,18.990611255,8.491820046
Guinea,2017,55.843008117,0.038615674,18.879488602,8.828145159
Guinea,2018,57.722900685,0.042959201,20.10250926,9.115423249
Guinea,2019,57.89154827,0.053253134,19.674816575,9.023205156
Guinea,2020,59.569374355,0.054049908,21.679058162,9.654804251
Guinea,2021,60.096675079,0.055202352,21.3852863,9.615210972
Guinea-Bissau,2000,12.141711692,0.074527052,12.544633349,2.265098035
Guinea-Bissau,2010,9.42665286,0.101454146,10.431413566,2.539461941
Guinea-Bissau,2015,10.252748403,0.123749969,11.375592669,2.777554798
Guinea-Bissau,2016,11.252808509,0.130264571,12.02374171,2.96145322
Guinea-Bissau,2017,11.856446772,0.146338338,11.509014536,2.919062278
Guinea-Bissau,2018,12.273688045,0.100031586,19.57628745,4.357962306
Guinea-Bissau,2019,14.012483304,0.103456724,20.676650253,4.666947859
Guinea-Bissau,2020,13.937180598,0.103665733,20.040918757,4.548292865
Guinea-Bissau,2021,14.412385828,0.110171359,21.627129088,4.86766931
Guyana,2000,49.443225441,,21.88688462,
Guyana,2010,42.542160417,0.413056876,25.326421309,2.06504203
Guyana,2015,47.880904902,0.098134297,32.117011958,2.13144621
Guyana,2016,59.779271257,0.009044766,33.51011088,2.274517164
Guyana,2017,56.127693196,0.010473616,34.347946357,2.259852974
Guyana,2018,60.031683639,0.009389912,36.725611777,2.414843773
Guyana,2019,69.246587254,0.008909942,37.677358284,2.58489423
Guyana,2020,135.53034338,0.012243162,47.1403959,3.925529662
Guyana,2021,233.817084165,0.012865178,48.708727319,5.380527957
Haiti,2000,101.254000807,0.20829271,43.8600261,6.323051647
Haiti,2010,51.145103725,0.300358277,35.484156577,6.698981515
Haiti,2015,68.101069529,0.206340393,40.486445526,7.872444642
Haiti,2016,66.015707829,0.221485288,42.111092077,8.024609867
Haiti,2017,65.938353371,0.237217679,43.182930102,8.175454424
Haiti,2018,68.610233771,0.23936034,43.733145768,8.343314669
Haiti,2019,64.320217219,0.243378763,43.218254202,8.128306415
Haiti,2020,59.934426983,0.231470649,38.852604045,7.392067972
Haiti,2021,68.182853356,0.245503181,39.087496047,7.724664218
Honduras,2000,30.493894449,,25.518345592,
Honduras,2010,36.363211776,0.17120815,35.12257356,9.58973243
Honduras,2015,42.703108675,0.214607331,40.813368222,11.1867908
Honduras,2016,44.29339129,0.219930563,42.238185715,11.582796086
Honduras,2017,47.389763197,0.242442848,43.344576137,12.035825864
Honduras,2018,49.104116712,0.230709494,45.459444727,12.563391524
Honduras,2019,49.266450989,0.219359039,47.704778972,13.006711722
Honduras,2020,43.001051718,0.225014325,43.780665322,11.797197478
Honduras,2021,50.184312589,0.230725297,48.027604467,13.143435869
Hungary,2000,4.942843684,0.154056436,61.711612694,12.392988702
Hungary,2010,5.859596631,0.395169817,90.97495433,17.603064799
Hungary,2015,9.470935425,0.33618491,117.157269275,23.4152105
Hungary,2016,8.765441972,0.447709226,125.181381952,23.85185414
Hungary,2017,9.091004835,0.398274302,124.262370937,24.191549852
Hungary,2018,9.138900672,0.365466235,129.717199571,24.406891487
Hungary,2019,10.335729249,0.397958536,134.811958688,27.52242953
Hungary,2020,9.1045349,0.430949731,125.536045502,24.518385912
Hungary,2021,9.780839208,0.456600438,134.902123835,26.344701914
Iceland,2000,167.46399712,,90.375716224,
Iceland,2010,14.746889765,,116.44889507,
Iceland,2015,13.861587096,0.90961795,150.942868438,53.252952229
Iceland,2016,14.5563121,0.83412902,162.074920311,60.955360229
Iceland,2017,15.279943402,0.717676004,168.625106404,59.344781203
Iceland,2018,16.237612843,0.780674405,176.839526573,62.387508699
Iceland,2019,16.632355655,0.892872769,182.505254051,64.297141953
Iceland,2020,15.528629133,0.823679197,170.300744417,60.003504224
Iceland,2021,16.800128639,0.89661243,173.820060041,61.919867975
India,2000,19.496638387,0.194922423,8.370377842,1.073667979
India,2010,26.378486885,0.274787353,13.196840484,1.808818716
India,2015,31.462839384,0.365253366,19.250286704,2.449643418
India,2016,33.230422424,0.400037324,20.775101525,2.632783897
India,2017,35.052083928,0.432300136,22.231819248,2.809842048
India,2018,37.353104358,0.44556173,23.972253443,3.001308065
India,2019,35.627586306,0.482328592,25.747697516,3.126651905
India,2020,33.083413126,0.490901017,23.314579882,2.898520889
India,2021,38.311427049,0.492241145,24.836968042,3.128549774
Indonesia,2000,21.888453841,,12.942271106,
Indonesia,2010,15.563455401,0.253468683,14.907436761,3.031003754
Indonesia,2015,31.712116914,0.271820943,16.726036597,3.484138761
Indonesia,2016,37.700290984,0.281298846,17.043203375,3.608519728
Indonesia,2017,39.638974199,0.288496744,17.913927366,3.787281124
Indonesia,2018,42.080117954,0.295395593,18.750461815,3.9827494
Indonesia,2019,43.322645683,0.307899769,20.042099388,4.182464213
Indonesia,2020,41.639809281,0.325021081,19.704081655,4.091869204
Indonesia,2021,45.106210953,0.326644456,19.703838331,4.23545733
Iran (Islamic Republic of),2000,92.685750239,0.1749445,28.918451761,2.681798606
Iran (Islamic Republic of),2010,154.887178582,0.147977909,35.166985121,4.299435202
Iran (Islamic Republic of),2015,108.03890888,0.250410004,39.615846767,4.137152305
Iran (Islamic Republic of),2016,128.187678532,0.260285307,40.881112578,4.467887253
Iran (Islamic Republic of),2017,140.636366126,0.264548008,40.429130002,4.58855024
Iran (Islamic Republic of),2018,142.623978611,0.290595747,37.594244181,4.447609052
Iran (Islamic Republic of),2019,124.488807765,0.156360274,37.93726816,4.132858892
Iran (Islamic Republic of),2020,135.885854796,0.320042813,36.513006615,4.323459413
Iran (Islamic Republic of),2021,142.198646298,0.339134013,39.572601559,4.618801347
Iraq,2000,7.294372162,0.046315805,2.127400684,1.247146285
Iraq,2010,15.235331908,0.102463344,23.175056247,2.514719136
Iraq,2015,37.923235202,0.137104548,81.576395265,4.738473841
Iraq,2016,39.718728288,0.131896789,83.398534446,4.893789626
Iraq,2017,19.147094907,0.0888616,80.941511741,4.333092669
Iraq,2018,18.240845004,0.104390769,83.726751395,5.698362452
Iraq,2019,18.706607433,0.103315279,13.892987727,3.587610825
Iraq,2020,17.187800044,0.196831832,11.963979661,3.870021422
Iraq,2021,19.78833408,0.140331513,12.66416648,4.221912696
Ireland,2000,156.051446175,0.087263737,164.313373035,138.383632915
Ireland,2010,255.239767728,0,219.588233859,206.74646305
Ireland,2015,276.960574835,0,257.197924341,251.69346654
Ireland,2016,246.249618536,0,266.302113884,247.348546396
Ireland,2017,238.756077845,0,227.297153446,224.408422707
Ireland,2018,243.563870849,0,205.941946863,213.90641105
Ireland,2019,246.145941427,0,221.183737294,224.477176171
Ireland,2020,276.651970831,0,228.599809742,239.112696137
Ireland,2021,311.66327508,0,249.419006609,263.738294706
Israel,2000,318.548558298,1.287619294,181.096600869,83.602537298
Israel,2010,360.168133412,2.200278919,247.290469204,114.447783969
Israel,2015,478.059007858,1.945460609,236.337727011,125.821696361
Israel,2016,1000.632815042,1.783457534,239.066677116,123.976055949
Israel,2017,527.301785178,2.582218055,236.199631032,127.464741856
Israel,2018,560.204889236,2.258255826,244.797843204,134.819665938
Israel,2019,575.441683919,2.194268528,256.216639674,137.685951753
Israel,2020,559.947514181,2.180176044,252.166343021,130.613898217
Israel,2021,599.189337857,2.055494125,272.399186266,128.939367948
Italy,2000,25.326180471,0.779929328,131.038784761,35.660473114
Italy,2010,38.396272118,0.839944079,140.54391047,49.780703534
Italy,2015,44.260521774,0.941372555,134.024478189,47.631730436
Italy,2016,45.560117079,0.859915293,136.483663043,48.344697127
Italy,2017,46.5506984,0.984504335,139.57335306,49.25453635
Italy,2018,47.220064175,1.048575953,142.101425354,49.897331016
Italy,2019,47.225574802,0.975151826,143.262549093,50.122753883
Italy,2020,42.456321025,0.830446881,132.278401743,45.933012124
Italy,2021,47.499953463,0.851333785,137.88297666,48.609231972
Jamaica,2000,36.058343839,0.227371818,36.590072674,12.938041811
Jamaica,2010,3.671636192,0.425573111,32.370116702,9.479948992
Jamaica,2015,4.861792725,1.485607535,43.724125824,14.201556301
Jamaica,2016,2.129565343,1.865593358,65.880812041,8.699049635
Jamaica,2017,2.894976557,1.899222633,45.470697356,10.224636126
Jamaica,2018,4.567330629,1.929288096,35.33748396,12.766230002
Jamaica,2019,8.135394168,2.078887081,29.236800315,16.4185404
Jamaica,2020,67.948342309,2.320073507,22.24741416,20.925579094
Jamaica,2021,56.315200559,3.325481016,25.46021034,24.615966239
Japan,2000,73.76322775,0.759321509,158.785132669,43.916230319
Japan,2010,93.021937072,0.63153389,202.313249096,51.797791108
Japan,2015,101.555874545,0.633192901,218.189358298,55.122089242
Japan,2016,102.899967241,0.696746517,221.73768077,55.828212083
Japan,2017,107.429211538,0.712659194,226.008111671,56.995076369
Japan,2018,112.573617387,0.666493243,220.937242858,57.433582499
Japan,2019,113.474328643,0.660638996,223.693901305,57.585043148
Japan,2020,109.03456794,0.639603845,214.449460082,55.312068756
Japan,2021,111.063709917,0.649344017,217.335579078,56.131135175
Jordan,2000,97.11856182,0.329841648,48.528795061,18.812990378
Jordan,2010,209.373638891,1.288148803,58.00900217,32.966939384
Jordan,2015,245.202621774,1.535944804,52.24029916,33.491451128
Jordan,2016,276.467744519,1.487316583,53.864699492,32.967146254
Jordan,2017,284.60249137,1.545604435,53.436294922,33.302612211
Jordan,2018,268.792986171,1.500919078,53.465618142,33.216498338
Jordan,2019,255.448160939,1.433001057,52.743370711,33.010139927
Jordan,2020,245.345307399,1.494186477,52.477863972,32.584986231
Jordan,2021,254.504188808,1.53990184,53.30881201,33.288381968
Kazakhstan,2000,4.70034056,0.035866107,15.467452257,2.705533326
Kazakhstan,2010,8.288319081,0.032779535,25.845259364,5.62699755
Kazakhstan,2015,8.710031501,0.051866048,48.779788717,7.704444564
Kazakhstan,2016,8.028083171,0.046594815,46.510177692,6.98305379
Kazakhstan,2017,8.668634579,0.036620879,50.250619923,7.322140467
Kazakhstan,2018,13.279746535,0.037400406,32.678067204,7.856284514
Kazakhstan,2019,17.003203073,0.040714272,32.212420196,8.14688898
Kazakhstan,2020,14.563966445,0.05630308,26.46568247,7.708116658
Kazakhstan,2021,16.276485185,0.055556322,26.334366418,7.999585183
Kenya,2000,62.790122524,0.12316677,44.687970208,16.940586201
Kenya,2010,71.466560678,0.160482424,27.851306302,13.135801536
Kenya,2015,91.39449137,0.224451703,34.697525214,16.47097754
Kenya,2016,37.4238765,0.142019796,87.234035403,13.635807074
Kenya,2017,37.435763619,0.153706736,89.472114643,13.920838469
Kenya,2018,39.638523119,0.157917694,94.450803738,14.700973755
Kenya,2019,40.951095697,0.169944064,98.593485597,15.317846347
Kenya,2020,42.265947977,0.183387012,94.54715736,14.930679248
Kenya,2021,44.927932253,0.197348903,103.350652216,16.222708996
Kuwait,2000,1474.321813212,0.482509914,77.116235253,75.489533635
Kuwait,2010,2635.633420479,0.705163234,104.876618041,100.42914437
Kuwait,2015,2606.759675365,0.896232983,156.859139286,113.590150429
Kuwait,2016,2481.082763327,0.84629669,167.920985091,111.957578287
Kuwait,2017,2543.368291148,0.757943662,149.597846482,101.532143286
Kuwait,2018,2851.630683975,0.661635496,140.000035561,103.776022359
Kuwait,2019,2741.355082882,0.565533718,146.347453821,103.93707874
Kuwait,2020,1932.33107643,0.613235949,166.035057212,95.947338473
Kuwait,2021,2369.156534188,0.583672242,143.966040133,96.156522809
Kyrgyzstan,2000,2.579551829,0.107622186,4.016591254,0.307738088
Kyrgyzstan,2010,3.604624827,0.108290426,12.35823387,0.615283943
Kyrgyzstan,2015,4.610164955,0.111931234,16.108930549,0.777040161
Kyrgyzstan,2016,5.0695966,0.106599212,16.252237044,0.796441248
Kyrgyzstan,2017,5.329100711,0.108869066,17.171592461,0.836812653
Kyrgyzstan,2018,5.478589245,0.105384568,17.894963541,0.861293505
Kyrgyzstan,2019,6.141333183,0.110136818,18.489407415,0.9121523
Kyrgyzstan,2020,5.527354542,0.117399305,17.296390831,0.857064979
Kyrgyzstan,2021,5.417101533,0.126548495,18.029018513,0.882133234
Land Locked Developing Countries,2000,6.500289467,0.13016683,12.000622052,1.17580268
Land Locked Developing Countries,2010,13.396077424,0.184322338,20.610598085,2.352828715
Land Locked Developing Countries,2015,16.256194946,0.246253624,32.100308105,3.051634322
Land Locked Developing Countries,2016,15.643510529,0.254913088,32.36351697,3.089812372
Land Locked Developing Countries,2017,14.86829814,0.25814289,33.17986864,3.193535181
Land Locked Developing Countries,2018,19.843922358,0.256415343,30.110698744,3.357153285
Land Locked Developing Countries,2019,22.451196748,0.27610175,31.68512325,3.508273571
Land Locked Developing Countries,2020,20.637029735,0.289578849,30.12013171,3.529820054
Land Locked Developing Countries,2021,22.533942434,0.317495242,31.019314479,3.960110422
Lao People's Democratic Republic,2000,3.935026804,,20.818266814,
Lao People's Democratic Republic,2010,12.335562384,0.142505604,38.205940758,1.361864101
Lao People's Democratic Republic,2015,17.459960953,0.11941857,56.7162802,1.432219107
Lao People's Democratic Republic,2016,17.954772482,0.125326575,60.91450507,1.55268937
Lao People's Democratic Republic,2017,19.47392023,0.131797687,66.269040404,1.755568505
Lao People's Democratic Republic,2018,21.020247593,0.141798424,70.921720747,1.883700918
Lao People's Democratic Republic,2019,23.123630994,0.16021682,73.407799304,1.986878879
Lao People's Democratic Republic,2020,24.117654436,0.169941797,75.241151734,2.051624578
Lao People's Democratic Republic,2021,25.397448342,0.170183416,76.050384162,2.095769965
Latin America and the Caribbean,2000,41.951855392,0.220159737,61.153705997,13.20950429
Latin America and the Caribbean,2010,34.311857619,0.24671497,51.650423817,12.779758194
Latin America and the Caribbean,2015,33.565793755,0.263628926,58.966153701,13.450477413
Latin America and the Caribbean,2016,31.704299747,0.280163796,59.696260047,13.00907246
Latin America and the Caribbean,2017,36.254211226,0.27769456,58.713234884,13.082648165
Latin America and the Caribbean,2018,38.153042468,0.250729818,60.047868353,13.029242132
Latin America and the Caribbean,2019,37.674543361,0.248493791,59.688327413,12.947062338
Latin America and the Caribbean,2020,33.571887071,0.272467806,55.535247499,11.999155566
Latin America and the Caribbean,2021,36.392207756,0.290245182,56.827042465,12.532571613
Latvia,2010,75.316847236,0.022298503,106.142234766,80.208669672
Latvia,2015,126.407090229,0.014344551,201.23475368,130.419511136
Latvia,2016,123.073905705,0.012664052,219.471797703,126.255236056
Latvia,2017,129.717193152,0.01513892,228.49315278,137.32278916
Latvia,2018,125.607832163,0.015931523,219.747109323,136.034492212
Latvia,2019,140.503133077,0.024054982,228.845837441,142.748548936
Latvia,2020,137.232464461,0.027907298,223.589500264,137.600237185
Latvia,2021,144.976150064,0.027513783,233.987699879,144.278520877
Least Developed Countries,2000,33.501131703,0.153370811,13.315156936,2.012736743
Least Developed Countries,2010,53.568757206,0.236830929,21.435724173,2.827925847
Least Developed Countries,2015,73.346114764,0.304082469,31.86305771,4.00255186
Least Developed Countries,2016,78.739952952,0.298187127,32.768446271,4.161637964
Least Developed Countries,2017,83.222415561,0.304728221,34.426231083,4.384991205
Least Developed Countries,2018,93.476271323,0.302198515,35.552272202,4.620632651
Least Developed Countries,2019,98.379475553,0.3170551,37.291509378,4.850566348
Least Developed Countries,2020,93.782449317,0.316761916,36.33171718,4.697102182
Least Developed Countries,2021,103.395550048,0.346722993,40.080766015,5.177957859
Lebanon,2000,38.097917593,0.690583004,48.220661218,17.148535309
Lebanon,2010,10.035815539,2.283322755,107.77276687,25.630488715
Lebanon,2015,7.438379868,2.270421521,158.325297696,25.153211083
Lebanon,2016,7.705065406,1.914361556,161.58219098,25.573009668
Lebanon,2017,7.275973303,1.978228251,165.314730321,25.874277732
Lebanon,2018,6.360437053,2.246019328,166.060852217,25.625658375
Lebanon,2019,5.093499983,2.05008522,159.65644735,24.096063589
Lebanon,2020,5.938905995,4.285289172,120.419503338,20.242064466
Lebanon,2021,2.522833045,1.812728811,118.537683191,17.385056453
Lesotho,2000,19.966699813,0.015666301,36.33095177,25.708049397
Lesotho,2010,25.543659585,0.014903637,59.198248152,38.696228049
Lesotho,2015,33.7898627,0.013768491,66.81461935,45.939314184
Lesotho,2016,31.316404454,0.018573829,71.283597716,46.850927488
Lesotho,2017,27.597108228,0.018135291,70.782737306,44.923877278
Lesotho,2018,30.756058092,0.015297245,66.729295828,44.515187395
Lesotho,2019,29.102929128,0.015611309,67.524464681,44.123452036
Lesotho,2020,28.649007284,0.016953695,62.611129408,41.672766162
Lesotho,2021,26.405548016,0.014461636,66.319649966,42.341527714
Liberia,2000,0.139815506,0.018268385,4.259640493,2.367831768
Liberia,2010,3.151641416,0.021193924,3.25441378,2.944224277
Liberia,2015,4.283073352,0.036942975,5.850809202,4.786877406
Liberia,2016,3.255596354,0.039781601,5.460067031,4.196268231
Liberia,2017,3.645521217,0.040620333,5.400753903,4.306449116
Liberia,2018,4.037889308,0.041318677,5.719147604,4.625134658
Liberia,2019,3.787376695,0.042367104,5.442196622,4.381296779
Liberia,2020,3.595903643,0.044816494,5.357927282,4.265101203
Liberia,2021,3.548682858,0.04051259,5.306006059,4.218914705
Libya,2000,193.450365144,0.394365498,45.263543339,12.612023944
Libya,2010,257.830741434,0.126919439,40.272574378,16.404278743
Libya,2015,54.858995671,0.17097227,52.716102111,9.106519001
Libya,2016,39.390617364,0.177081157,55.487849386,8.701494176
Libya,2017,83.371768588,0.197123971,60.253272231,11.40264786
Libya,2018,116.798142441,0.200991237,55.404924964,12.429114041
Libya,2019,100.380113895,0.199392815,50.461694778,11.045741576
Libya,2020,66.767387697,0.133252572,37.006465876,7.760835273
Libya,2021,90.106769332,0.170948095,45.882638624,9.978874907
Liechtenstein,2015,,,459.167037143,
Liechtenstein,2016,,,477.716929389,
Liechtenstein,2017,,,441.437031885,
Liechtenstein,2018,,,470.890268661,
Liechtenstein,2019,,,442.965258644,
Liechtenstein,2020,,,403.615930695,
Liechtenstein,2021,,,424.979665318,
Lithuania,2000,1.818299414,,76.801463276,
Lithuania,2010,8.618808599,0.017689719,190.252929318,27.456487529
Lithuania,2015,52.948584963,0.035271439,197.037471196,91.176404709
Lithuania,2016,84.368433486,0.037415873,205.048331909,119.824260889
Lithuania,2017,147.71162036,0.044321949,214.217367069,147.614112616
Lithuania,2018,176.787006455,0.039006131,214.850290467,157.567389241
Lithuania,2019,182.835526902,0.043982094,224.593756823,164.246579386
Lithuania,2020,178.657886921,0.0498834,224.461332498,163.185243773
Lithuania,2021,192.354364651,0.049761519,235.895917316,172.58818951
Luxembourg,2000,466.647383579,,646.539328644,
Luxembourg,2010,1819.699663381,0.424668674,972.214115102,1021.909465531
Luxembourg,2015,3094.7726565,0,1152.044561801,1223.344326362
Luxembourg,2016,5248.845182503,0,1195.060474764,1294.911325839
Luxembourg,2017,3855.998285956,0,1190.025246561,1273.129342272
Luxembourg,2018,3348.022336433,0,1048.802159304,1122.444252348
Luxembourg,2019,1585.269509278,0,1196.490110498,1216.626728923
Luxembourg,2020,1483.585926082,0,1117.784226173,1189.976992516
Luxembourg,2021,1483.585926082,0,1166.855227682,1189.976992516
Madagascar,2000,7.330084465,0.069761513,15.697340426,0.419922781
Madagascar,2010,10.296154419,0.101043905,12.55514732,0.585664964
Madagascar,2015,12.609904787,0.102054469,14.817079491,0.680170104
Madagascar,2016,13.456214347,0.103615278,15.477443467,0.711014309
Madagascar,2017,14.535487712,0.105191414,16.090372227,0.743273232
Madagascar,2018,16.147840661,0.106001409,15.833160049,0.755810837
Madagascar,2019,17.648415631,0.10598161,16.885370157,0.804369777
Madagascar,2020,14.1006861,0.107698864,15.638660206,0.727323879
Madagascar,2021,16.242100082,0.108762983,16.42990219,0.77697159
Malawi,2000,14.395502224,0.02967013,10.495545514,1.505840319
Malawi,2010,15.441931789,0.035635623,18.218561596,2.494993696
Malawi,2015,25.627626981,0.046248424,30.802563788,4.1894239
Malawi,2016,28.020713496,0.047133849,34.14549927,4.626891986
Malawi,2017,30.867287502,0.051012473,38.196155079,5.157517651
Malawi,2018,32.889300277,0.050240611,40.363975307,5.456578009
Malawi,2019,34.966252141,0.056343307,41.81933599,5.688335424
Malawi,2020,36.36988398,0.062347504,40.467715511,5.60028799
Malawi,2021,37.258434288,0.067821727,40.408257186,5.629959502
Malaysia,2000,40.964985664,0.548015489,54.451312344,25.814500991
Malaysia,2010,53.590626458,1.008984834,88.721618452,38.180418548
Malaysia,2015,65.661662296,1.073466708,122.850656294,50.164978622
Malaysia,2016,67.141902456,1.144912241,129.49622759,52.265270503
Malaysia,2017,72.126217652,1.230898304,135.160115594,55.17991956
Malaysia,2018,75.92340903,1.127485696,144.679445531,58.595933271
Malaysia,2019,77.260764672,1.134852674,154.540287102,61.410493088
Malaysia,2020,69.344342348,1.211977677,147.750379632,57.418199588
Malaysia,2021,75.777089815,1.466346691,143.433168498,58.402098209
Maldives,2000,830.424554959,,241.120247143,
Maldives,2010,783.372961761,,442.932877822,
Maldives,2015,1240.981776667,,542.689477679,
Maldives,2016,1382.424445768,,558.627840093,
Maldives,2017,1497.541872517,,594.54371898,
Maldives,2018,1860.171400002,,622.80879103,
Maldives,2019,1821.244639862,,688.052465278,
Maldives,2020,1123.905500397,,464.563716318,
Maldives,2021,1199.421589047,,676.072536592,
Mali,2000,108.030103594,0.011152,17.729113492,0.471460114
Mali,2010,505.082178643,0.021800506,30.683218203,1.04397814
Mali,2015,581.634938,0.036787762,47.263509215,1.459782709
Mali,2016,643.776213257,0.039677731,49.380255015,1.554214544
Mali,2017,724.339181896,0.042367034,51.618904058,1.665173961
Mali,2018,828.59785747,0.045488281,53.65527481,1.790659248
Mali,2019,910.338390143,0.047940836,56.331998854,1.911333818
Mali,2020,924.72089879,0.046806361,58.333420782,1.962611242
Mali,2021,931.577649373,0.048238625,61.69059904,2.038568399
Malta,2000,3306.702217315,2.05766725,107.55121593,102.453357416
Malta,2010,1314.237726616,2.274201141,312.534271926,187.407481359
Malta,2015,1181.267026,2.003747167,239.577221949,157.171454062
Malta,2016,1186.843286631,1.969610354,240.702899938,158.830949338
Malta,2017,1305.209223657,1.430872705,265.567866833,169.261889882
Malta,2018,1397.40080906,1.645091836,277.24781023,185.283438046
Malta,2019,1562.24249361,1.386195018,286.873022637,202.927569022
Malta,2020,1549.435536221,2.302560795,267.564790393,187.204620321
Malta,2021,1613.580800612,3.160097745,304.42669976,215.239473414
Mauritania,2000,31.309233794,0.12720559,21.152806929,1.616556362
Mauritania,2010,54.503820846,0.171715679,22.389483087,3.021172022
Mauritania,2015,38.410066698,0.263666946,31.95471434,3.401262438
Mauritania,2016,43.567840164,0.281353081,30.711116049,3.450890687
Mauritania,2017,43.612203261,0.312468846,32.530787544,3.608691004
Mauritania,2018,46.566366575,0.340884616,33.356084706,3.762318785
Mauritania,2019,59.146057451,0.328536418,33.982629427,4.091680872
Mauritania,2020,69.072042598,0.29487469,32.542605186,4.193221178
Mauritania,2021,72.325097117,0.286084259,32.967302961,4.291882565
Mauritius,2000,33.494030837,,34.097096214,
Mauritius,2010,203.321367316,0.286891723,27.475138469,13.216113126
Mauritius,2015,147.3346975,0.332711512,31.805714165,16.809253147
Mauritius,2016,170.29450921,0.33845179,33.1873148,17.082270452
Mauritius,2017,173.050718839,0.346538802,34.067800885,17.943906176
Mauritius,2018,194.510487199,0.365717599,32.920182633,19.297591995
Mauritius,2019,211.933786411,0.366031854,33.329846198,19.724380119
Mauritius,2020,196.590402513,0.36238576,28.064468664,16.662491886
Mauritius,2021,227.402662318,0.383671422,28.436148722,17.439294102
Mexico,2000,,0.173294408,,
Mexico,2010,42.123339951,0.196388752,55.174618698,11.825920387
Mexico,2015,42.515838465,0.238636564,58.819540849,12.634700188
Mexico,2016,42.505729041,0.258239674,59.562728474,12.755338095
Mexico,2017,52.208173876,0.2721149,53.617326269,12.942831568
Mexico,2018,43.154989784,0.268549519,59.342472272,13.071130562
Mexico,2019,41.899117605,0.261719708,59.19496609,12.921404834
Mexico,2020,37.364267572,0.268166925,54.441552176,11.77650231
Mexico,2021,40.956064693,0.272228894,55.276995401,12.282084796
Monaco,2000,,,583.404993231,
Monaco,2010,,,818.357331982,
Monaco,2015,,,1031.4764668,
Monaco,2016,,,1058.285505648,
Monaco,2017,,,1089.962989893,
Monaco,2018,,,1148.113380849,
Monaco,2019,,,1230.563956242,
Monaco,2020,,,1048.361779091,
Monaco,2021,,,1309.629411325,
Mongolia,2000,4.931943403,0.18354628,19.323662363,5.451743703
Mongolia,2010,10.483818149,0.176843136,47.551917165,10.714892606
Mongolia,2015,37.641952667,0.32771135,75.288103191,21.214152382
Mongolia,2016,21.70739592,0.364145515,126.159584145,20.359347909
Mongolia,2017,26.347040436,0.261084774,122.77606222,21.639575927
Mongolia,2018,28.888031505,0.291566524,124.459572211,22.734350126
Mongolia,2019,30.639921533,0.400671601,131.129809049,24.076695099
Mongolia,2020,28.241652448,0.428969733,127.953040746,22.918823289
Mongolia,2021,28.596463152,0.442639148,126.991509346,22.959571175
Montenegro,2010,6.299966616,3.777727656,25.009604556,17.482821129
Montenegro,2015,5.797876162,4.340894966,27.593213299,18.840720363
Montenegro,2016,6.860726468,4.140022047,28.106107406,19.560723515
Montenegro,2017,7.54175981,3.979379865,29.076886697,20.406459537
Montenegro,2018,7.879949142,4.106205962,30.638067147,21.475146235
Montenegro,2019,8.670383573,4.058143739,31.452310261,22.270985966
Montenegro,2020,7.580192289,4.061369715,26.664316623,18.976883324
Montenegro,2021,7.310787471,3.837007128,30.674154245,21.271776473
Morocco,2000,32.920776296,0.13182215,20.840410933,3.099320354
Morocco,2010,93.364874732,0.330665416,43.799316076,6.651289328
Morocco,2015,119.019333722,0.417681526,57.10081152,8.604597205
Morocco,2016,114.306610909,0.356088209,57.230754341,8.467993195
Morocco,2017,114.023617359,0.388277034,57.38057467,8.505763808
Morocco,2018,112.178712948,0.389384253,56.750638522,8.405044398
Morocco,2019,108.065765756,0.365625894,56.32818703,8.257547295
Morocco,2020,96.452495883,0.31503688,49.4362384,7.274770226
Morocco,2021,100.097510853,0.361683365,48.475498814,7.291889601
Mozambique,2000,35.439438353,0.020624128,14.540351279,3.842951054
Mozambique,2010,48.43008522,0.047473815,18.144526497,5.620359775
Mozambique,2015,96.4443388,0.049908776,21.620437876,7.133478074
Mozambique,2016,118.539305015,0.051678077,21.305740308,7.430294386
Mozambique,2017,144.874388093,0.058746653,20.266405591,7.619941603
Mozambique,2018,158.698509043,0.05961472,20.553635264,7.927739636
Mozambique,2019,151.702354085,0.060110124,21.400292395,8.023181342
Mozambique,2020,133.180980151,0.063763914,21.449765101,7.723996669
Mozambique,2021,140.589472252,0.069014745,21.184341713,7.786538893
Myanmar,2000,4.232744768,0.076627666,1.419368404,0.252487784
Myanmar,2010,23.908999555,0.174219932,4.952740952,1.004027593
Myanmar,2015,41.5842549,0.192359641,7.83738048,1.570981827
Myanmar,2016,46.150309568,0.189596583,8.330903671,1.685801678
Myanmar,2017,50.96046448,0.186237117,9.00029704,1.821238825
Myanmar,2018,56.246755176,0.184559258,9.711398381,1.969422572
Myanmar,2019,58.552366111,0.186505699,10.04466772,2.038725649
Myanmar,2020,53.035366025,0.190248298,9.371931142,1.892744713
Myanmar,2021,39.940306754,0.175461187,7.825358757,1.530283346
Namibia,2000,88.602184026,0.047162523,46.174009469,15.403929617
Namibia,2010,162.973110288,0.061140379,71.39254788,26.061002623
Namibia,2015,209.031758143,0.061144546,92.683079438,33.696525926
Namibia,2016,196.232239127,0.061806172,94.800418034,33.611475364
Namibia,2017,182.064726775,0.069873805,95.28821238,33.0520497
Namibia,2018,188.007787785,0.071462052,95.559604033,33.410847208
Namibia,2019,189.758085586,0.064559234,95.190891857,33.397655242
Namibia,2020,164.096080302,0.077138733,88.6314919,30.496350411
Namibia,2021,165.988089647,0.080828156,89.712354877,30.864866738
Nepal,2000,44.606685479,,26.473968421,
Nepal,2010,81.178324266,0.567810819,66.81739906,1.847827811
Nepal,2015,92.957897797,0.612237805,83.564287344,2.188289388
Nepal,2016,85.736209407,0.560752684,80.928934677,2.074374698
Nepal,2017,98.254050268,0.59242194,92.710945968,2.327447599
Nepal,2018,108.270770036,0.592733119,97.782300764,2.437683922
Nepal,2019,118.290000887,0.632162934,108.650405609,2.676407897
Nepal,2020,98.006059692,0.596241891,103.609251048,2.499802955
Nepal,2021,105.840223756,0.632685775,111.386145079,2.68076708
Netherlands (Kingdom of the),2000,18.432542386,,330.176990547,
Netherlands (Kingdom of the),2010,13.795508993,22.507221789,424.898099053,59.704737183
Netherlands (Kingdom of the),2015,17.809845226,25.11317932,444.201417837,80.611984908
Netherlands (Kingdom of the),2016,20.346400772,21.554149722,446.296119189,85.837613561
Netherlands (Kingdom of the),2017,21.237148107,26.701935316,341.822131955,89.635024711
Netherlands (Kingdom of the),2018,22.876882311,18.417765449,301.321665012,90.13089156
Netherlands (Kingdom of the),2019,21.575995573,19.726202217,306.002054137,88.079447334
Netherlands (Kingdom of the),2020,22.274434146,20.075497553,279.305285095,85.776213116
Netherlands (Kingdom of the),2021,23.299010636,25.116837136,292.16007863,91.829353972
New Zealand,2000,122.363232815,,121.463468476,
New Zealand,2010,23.362449115,3.340677006,127.739395048,27.272370871
New Zealand,2015,27.304911738,2.949030987,241.938075957,33.597548834
New Zealand,2016,26.812703733,3.87514995,283.40055654,35.317188458
New Zealand,2017,28.824537792,4.391745581,283.891584388,36.902838897
New Zealand,2018,29.711635177,4.21240309,281.111986022,38.089357588
New Zealand,2019,30.662278081,4.143738397,281.782060359,38.87800287
New Zealand,2020,30.54040869,4.196471752,280.453595134,38.747605516
New Zealand,2021,31.631380533,4.309334928,291.321632489,40.194101333
Nicaragua,2000,33.422365013,0.065572417,19.714859222,3.89409124
Nicaragua,2010,32.116324237,0.160870535,19.622702756,4.888239301
Nicaragua,2015,105.496518478,0.166786738,29.408572545,6.973025175
Nicaragua,2016,145.891005655,0.15058477,32.586224847,7.513504658
Nicaragua,2017,217.399675101,0.146635048,35.96565996,7.998969878
Nicaragua,2018,402.485026362,0.146448558,36.891687526,7.993071564
Nicaragua,2019,4430.557862629,0.141868625,36.753380583,7.75814268
Nicaragua,2020,4631.172414637,0.142175874,34.937240918,7.582588276
Nicaragua,2021,5446.001927621,0.156124088,36.636805502,8.244336318
Niger,2000,27.911173966,0.027476295,9.193469147,3.637630234
Niger,2010,65.511974244,0.032104314,21.394129702,3.429585216
Niger,2015,60.544832245,0.002548721,23.687724966,3.43493309
Niger,2016,57.892817513,0.002793212,23.121771743,3.487960082
Niger,2017,58.13129126,0.00470404,23.668055665,4.005055389
Niger,2018,56.086272058,0.003279637,23.804408683,2.672980874
Niger,2019,59.659796292,0.003199935,24.196567514,2.705645942
Niger,2020,60.787430002,0.003444776,24.676798821,2.758665683
Niger,2021,63.321376586,0.003320021,25.71136445,2.873859086
Nigeria,2000,38.945898294,0.081965527,24.486401702,13.619102495
Nigeria,2010,49.06965858,0.190909328,39.633125977,23.698550652
Nigeria,2015,49.044694958,0.210633696,58.160259615,31.129035297
Nigeria,2016,43.403765793,0.210755663,58.809062896,30.500599436
Nigeria,2017,53.896777089,0.211072562,55.455431827,30.809405686
Nigeria,2018,63.336363044,0.218816277,52.84957193,31.255269797
Nigeria,2019,68.826785953,0.231058592,51.757104625,31.687638506
Nigeria,2020,69.584664525,0.250084522,47.530080709,30.121221247
Nigeria,2021,79.748739975,0.250764323,46.879495344,31.461760496
North Macedonia,2000,9.80528116,,19.121056258,
North Macedonia,2010,9.810499597,0.671201435,23.08599898,9.47447938
North Macedonia,2015,40.098830897,1.885373516,22.736547526,18.186545288
North Macedonia,2016,93.824528605,1.284925019,22.290366128,7.930124315
North Macedonia,2017,98.654078484,0.859325323,21.927453186,15.225098767
North Macedonia,2018,102.267879356,0.773815568,20.431186253,3.904165495
North Macedonia,2019,92.90042529,0.650664221,23.661413758,5.656848574
North Macedonia,2020,87.174081653,0.567616934,26.038787173,12.453201068
North Macedonia,2021,84.542511457,0.452795924,29.913334537,5.557939135
Northern Africa,2000,27.490253554,0.251777079,18.762610733,2.998295977
Northern Africa,2010,77.280395707,0.383798697,18.895628063,4.438066979
Northern Africa,2015,117.121270149,0.475330935,25.364698592,5.466862951
Northern Africa,2016,108.203340649,0.489787191,26.380294017,5.571531729
Northern Africa,2017,39.232135976,0.500192993,25.962437188,5.677159072
Northern Africa,2018,44.537444949,0.506171379,25.705243316,5.876170957
Northern Africa,2019,44.215075392,0.524728688,26.169583596,5.940443942
Northern Africa,2020,37.658161921,0.541668689,24.939684955,5.492196203
Northern Africa,2021,45.572917182,0.610885684,29.268960663,6.488806067
Northern Africa and Western Asia,2000,41.096655049,0.279464735,32.740228479,6.123896797
Northern Africa and Western Asia,2010,95.825768594,0.38071155,45.931787376,9.415241305
Northern Africa and Western Asia,2015,132.847310835,0.415079886,59.355649174,11.772298444
Northern Africa and Western Asia,2016,136.383347914,0.409055649,60.575677368,11.907280793
Northern Africa and Western Asia,2017,84.355784177,0.401702728,59.563431818,11.981222142
Northern Africa and Western Asia,2018,86.828577167,0.394878701,58.100726196,12.486481909
Northern Africa and Western Asia,2019,82.173255847,0.386433249,52.688849353,11.642765584
Northern Africa and Western Asia,2020,78.231527566,0.432030337,50.641145077,11.514107782
Northern Africa and Western Asia,2021,90.064481699,0.454780403,54.041360163,12.671624778
Northern America,2000,9.567176682,0.123242535,165.791549898,24.524064198
Northern America,2010,11.475356978,0.187607906,212.436716337,33.366873533
Northern America,2015,14.458953085,0.212777787,252.718611216,40.660137522
Northern America,2016,14.189141179,0.193919694,259.221855592,41.297126476
Northern America,2017,14.898229003,0.207748269,263.95735034,42.193459023
Northern America,2018,15.626225999,0.195909621,271.068876409,43.527669197
Northern America,2019,15.682025242,0.176742768,278.809277956,44.613382594
Northern America,2020,14.57718948,0.176746414,273.196718064,43.37813711
Northern America,2021,15.732080814,0.214467458,287.682478862,45.876409974
Norway,2000,124.061241131,,197.067732324,
Norway,2010,105.715621027,0.54774588,220.953377872,110.592200251
Norway,2015,103.440859655,0.293982386,284.110192852,124.435527434
Norway,2016,92.425251546,0.404339199,324.512797902,127.252291575
Norway,2017,101.340321378,0.390824721,305.818209917,128.554752583
Norway,2018,108.763785343,0.372509396,303.839631003,130.79512983
Norway,2019,99.237321799,0.371485655,320.644797791,131.681418478
Norway,2020,89.235272813,0.36107503,328.951454789,129.915769405
Norway,2021,125.647493473,0.335229735,322.104108797,139.698537949
Oceania,2000,614.699078491,0,784.450375867,33.598309342
Oceania,2010,75.760693322,1.343329982,177.878584638,60.242291135
Oceania,2015,70.289750471,1.060598403,215.601118866,58.680440011
Oceania,2016,62.957726643,1.202703381,225.324335849,61.161972111
Oceania,2017,80.759423521,1.222296544,320.387087511,62.077578762
Oceania,2018,81.986207618,1.113546515,356.552960264,62.539833273
Oceania,2019,87.027224565,1.222201691,335.87620834,69.419510581
Oceania,2020,87.54661441,1.41944208,356.938746167,77.782060817
Oceania,2021,95.382328296,1.342765619,353.455283573,69.368151431
Oceania (excluding Australia and New Zealand),2000,47.565544308,0,94.513768524,64.282542938
Oceania (excluding Australia and New Zealand),2010,49.45121491,0.271598891,88.434683568,64.526532699
Oceania (excluding Australia and New Zealand),2015,60.318951885,0.283130886,102.86429168,76.091391445
Oceania (excluding Australia and New Zealand),2016,61.856001193,0.391832254,106.553766525,78.598415027
Oceania (excluding Australia and New Zealand),2017,66.645996951,0.407764534,107.632937891,80.942435216
Oceania (excluding Australia and New Zealand),2018,67.344350128,0.436958922,108.757168525,81.791377939
Oceania (excluding Australia and New Zealand),2019,69.248566611,0.473283427,111.285590562,83.82146413
Oceania (excluding Australia and New Zealand),2020,61.549453048,0.478892357,107.233557396,78.848418596
Oceania (excluding Australia and New Zealand),2021,63.297864885,0.455185915,105.002173349,78.331523834
Oman,2000,822.970621486,0.724808275,203.430691387,33.767427913
Oman,2010,385.80158269,0.530687855,199.203710551,38.422551826
Oman,2015,195.564023381,0.880046069,405.990748118,44.125192489
Oman,2016,157.158771944,1.061139501,526.490829897,45.607138655
Oman,2017,164.173213028,1.063866726,513.659634597,45.898009814
Oman,2018,182.240529602,1.004289704,321.575832739,46.306321662
Oman,2019,171.511224438,1.070862747,337.986122895,45.125061129
Oman,2020,149.710882441,1.280906202,356.602632616,43.849135329
Oman,2021,166.676382463,1.134117934,338.606362741,44.61738205
Pakistan,2000,6.001047945,,11.792422953,
Pakistan,2010,29.721419489,0.256077323,12.92950934,1.147601433
Pakistan,2015,35.947561592,0.315378777,16.638074651,1.445926998
Pakistan,2016,36.403614259,0.323393081,18.020261641,1.529645963
Pakistan,2017,38.264699634,0.328448767,18.937953122,1.596873233
Pakistan,2018,42.830501037,0.339694833,19.845020997,1.690000235
Pakistan,2019,46.107251418,0.333497764,20.641541386,1.751082261
Pakistan,2020,42.236540663,0.355840506,20.517661143,1.736023386
Pakistan,2021,45.055386801,0.397394985,21.301787146,1.837834194
Palestine,2000,90.445422846,1.353321497,42.991880649,20.397785558
Palestine,2010,78.650199948,4.628718295,41.98910578,27.639963427
Palestine,2015,79.561928316,5.182637551,50.903772242,32.219064274
Palestine,2016,93.008403113,5.985546811,54.904040087,35.428995347
Palestine,2017,83.325634072,5.842241471,51.885892478,34.6870659
Palestine,2018,87.621634945,5.815629537,31.915254109,34.398714048
Palestine,2019,79.817936343,5.32730394,51.77847606,32.558395064
Palestine,2020,63.759946396,3.601238469,43.826813238,26.020001418
Palestine,2021,65.577490558,3.110033744,37.522378105,28.539470248
Panama,2000,203.9554439,,75.864471022,
Panama,2010,630.382298495,0.298161161,48.239891388,33.234503143
Panama,2015,2195.762032969,0.332837591,45.702904647,40.488664609
Panama,2016,2449.110492321,0.326768927,49.865710213,43.902358671
Panama,2017,2671.083615643,0.316424173,52.375902084,46.607580083
Panama,2018,2782.297791421,0.309341623,54.538355538,48.52923006
Panama,2019,2871.542644753,0.309840079,55.94755864,49.869222239
Panama,2020,1841.898207647,0.321991352,49.97631994,40.862170791
Panama,2021,2507.001218396,0.348463848,54.285427065,46.976163911
Papua New Guinea,2000,28.352501661,,32.218394445,
Papua New Guinea,2010,31.412364427,,32.965970808,
Papua New Guinea,2015,43.761665764,,43.080523812,
Papua New Guinea,2016,46.08613098,,45.580342266,
Papua New Guinea,2017,50.054717155,,45.119897198,
Papua New Guinea,2018,50.720199243,,45.141023764,
Papua New Guinea,2019,52.661131889,,47.385531627,
Papua New Guinea,2020,45.642461926,,48.32363956,
Papua New Guinea,2021,47.785660389,,46.735116514,
Paraguay,2000,146.459677003,,102.851666403,
Paraguay,2010,47.27229085,,48.893596029,
Paraguay,2015,60.679062695,0.139235465,57.437128638,12.598817198
Paraguay,2016,63.126783023,0.164494701,58.803687353,12.979902965
Paraguay,2017,66.97256064,0.164159594,61.537124469,13.635152982
Paraguay,2018,67.046167118,0.165516865,64.481915459,14.082697317
Paraguay,2019,66.956591792,0.160167554,64.834497541,14.125669745
Paraguay,2020,68.336022083,0.176280783,62.698031656,13.90585972
Paraguay,2021,77.95505438,0.179679605,63.820694935,14.690850457
Peru,2000,,,39.194690363,
Peru,2010,55.884415458,0.278133178,55.147355596,7.165286234
Peru,2015,21.589785126,0.272518832,62.776725373,5.533759614
Peru,2016,19.838939842,0.272014352,63.593803034,5.371817068
Peru,2017,18.81802448,0.266255197,62.4329532,5.160400528
Peru,2018,17.940990095,0.274865547,62.358708988,5.03455214
Peru,2019,17.050977501,0.280255644,54.720343868,4.970554771
Peru,2020,14.920118951,0.280494742,48.877859591,4.437256824
Peru,2021,20.078832798,0.287712656,50.170759402,4.988227738
Philippines,2000,15.39355452,,14.454240544,
Philippines,2010,7.983885769,0.155215696,18.409500601,2.494505139
Philippines,2015,8.425021596,0.172484523,22.16631471,3.292394214
Philippines,2016,8.459174225,0.168654019,22.375963249,3.49324672
Philippines,2017,5.973183689,0.185621415,27.83539769,3.573049196
Philippines,2018,6.345851606,0.18596683,29.324573128,3.797696428
Philippines,2019,10.912340109,0.179255692,30.520490222,4.342502022
Philippines,2020,8.427371643,0.186344881,25.841548417,3.825438466
Philippines,2021,8.086863893,0.198779145,26.563962356,3.980756322
Poland,2000,7.952395603,,75.377926784,
Poland,2010,13.423532392,0.073581669,120.587063089,32.342979025
Poland,2015,16.726279855,0.186826407,140.508677792,39.300707462
Poland,2016,16.915684619,0.248391367,145.281434027,40.07630298
Poland,2017,18.151473303,0.233263212,154.136496509,43.698233464
Poland,2018,20.912435579,0.101185511,154.516955097,46.387183432
Poland,2019,22.120457301,0.105167475,164.300036683,49.736165437
Poland,2020,23.503770248,0.114022128,174.367987514,51.996926378
Poland,2021,22.909757885,0.105474674,173.142395492,51.691222716
Portugal,2000,28.061773676,0.15262423,129.01819782,15.430842781
Portugal,2010,20.86673505,0.27851405,152.037321172,22.4317287
Portugal,2015,17.740078829,0.405809717,155.882066615,25.680355029
Portugal,2016,17.882756724,0.45331965,157.405622391,27.192745815
Portugal,2017,18.5844552,0.51633934,157.305490071,29.135081485
Portugal,2018,19.159083809,0.516016283,167.197158715,30.763267609
Portugal,2019,19.360735216,0.543393858,172.340908642,30.913315784
Portugal,2020,18.319367338,0.518662118,158.0749822,28.533127759
Portugal,2021,19.812567542,0.551247827,164.329688493,29.898075043
Puerto Rico,2000,14.637807571,,80.33010982,
Puerto Rico,2010,16.513828076,4.676077278,57.337401934,25.558114106
Puerto Rico,2015,21.37551797,2.682381349,64.819849246,31.288486878
Puerto Rico,2016,21.275325785,2.58020986,64.374720259,31.10437521
Puerto Rico,2017,20.173875289,2.54622606,62.933542094,29.957340426
Puerto Rico,2018,19.522302752,2.105737421,60.791453975,28.950754182
Puerto Rico,2019,19.847747067,2.063597964,60.461431332,29.104119568
Puerto Rico,2020,19.410872209,1.913307564,58.170243879,28.226412372
Puerto Rico,2021,19.172268317,1.934731086,58.916221677,28.236163996
Qatar,2000,1731.342389908,0.614665838,148.570035141,117.708885695
Qatar,2010,5294.194613428,0.529578377,105.747936993,184.316306515
Qatar,2015,801.567317023,1.134418683,161.512527828,206.345546532
Qatar,2016,604.637095342,1.050763361,181.160381206,190.272399939
Qatar,2017,2681.809715131,1.533063427,135.087913912,200.587240559
Qatar,2018,2783.14979842,1.170451079,180.495613088,230.041231831
Qatar,2019,2139.553963243,1.376018432,151.704714711,196.922554066
Qatar,2020,2118.364394781,1.69836542,166.478369134,192.591431176
Qatar,2021,2408.0056022,1.572142589,128.521279676,184.278926779
Republic of Korea,2000,64.546823136,1.289899331,74.129209096,27.564122073
Republic of Korea,2010,91.183759318,0.957103554,100.151627169,41.223472777
Republic of Korea,2015,104.18928786,1.03965859,129.967008386,49.394671056
Republic of Korea,2016,107.67084035,0.992918831,130.957960566,50.540349199
Republic of Korea,2017,113.990290408,1.019730112,133.051147759,52.110218697
Republic of Korea,2018,115.890936136,0.990209747,138.158514403,53.663393452
Republic of Korea,2019,113.26948789,0.966937588,145.192873708,54.951938498
Republic of Korea,2020,110.798961766,1.016366613,144.359139359,54.369720435
Republic of Korea,2021,116.856936352,1.072842562,149.050746424,56.554261657
Republic of Moldova,2000,0.751969775,0.389003078,11.131917181,1.914224337
Republic of Moldova,2010,1.446111004,0.401880787,25.769646716,5.175137478
Republic of Moldova,2015,2.317361733,3.288751828,29.63934966,7.149591959
Republic of Moldova,2016,2.35471832,4.039562903,31.267576126,7.516700849
Republic of Moldova,2017,2.712710411,4.364156129,32.258698442,7.784633448
Republic of Moldova,2018,2.937464268,3.994052537,33.022338931,8.244616464
Republic of Moldova,2019,3.060830424,3.991878365,34.120837543,8.585303495
Republic of Moldova,2020,2.807955519,2.521215737,31.253743374,8.470379841
Republic of Moldova,2021,2.899438533,3.432539375,35.006011638,9.373589214
Romania,2000,4.180935373,,25.927997163,
Romania,2010,11.491215577,0.265136602,77.470093789,21.044450594
Romania,2015,11.529001459,0.200891159,97.338147981,22.991445476
Romania,2016,12.028779144,0.188478074,101.686997918,24.503409471
Romania,2017,12.11360917,0.275011736,113.549505155,25.202856212
Romania,2018,13.784260977,0.341486615,116.543281508,28.171838636
Romania,2019,12.572625195,0.317876144,116.306605664,26.895780629
Romania,2020,12.085278084,0.349688073,123.260152752,24.671726119
Romania,2021,12.356435506,0.256444797,109.380911336,24.209577336
Russian Federation,2000,6.509469409,0.120010688,28.096894756,9.527192986
Russian Federation,2010,9.0229742,0.059465266,56.12593417,16.770124436
Russian Federation,2015,12.911486461,0.064520279,49.018725996,18.781077806
Russian Federation,2016,12.716896738,0.059906962,44.782733296,18.190738608
Russian Federation,2017,13.763729996,0.055606416,46.351473356,18.742515806
Russian Federation,2018,14.496429464,0.051240592,47.152798937,18.982674695
Russian Federation,2019,14.656886621,0.054465909,48.755526336,19.479511568
Russian Federation,2020,13.351820464,0.060057324,48.690137384,18.879337746
Russian Federation,2021,15.513947067,0.059721858,48.546944174,19.809675893
Rwanda,2000,31.641911913,,35.973840306,
Rwanda,2010,54.251296666,0.09549033,25.197446222,10.622744393
Rwanda,2015,105.519486231,0.234422614,23.944673396,11.582598045
Rwanda,2016,112.326229261,0.277045485,23.710448138,11.536739626
Rwanda,2017,128.890748577,0.317937336,22.537840016,11.320049837
Rwanda,2018,150.843221686,0.33785732,23.931461197,12.092327385
Rwanda,2019,193.247290641,0.368468824,24.596341673,12.659475849
Rwanda,2020,184.209046328,0.431750962,22.606141994,11.985261189
Rwanda,2021,226.296021505,0.461496776,25.58128938,13.628290342
Saint Kitts and Nevis,2015,,0.353091301,40.389369805,
Saint Kitts and Nevis,2016,,0.340765076,41.260901891,
Saint Kitts and Nevis,2017,,0.386806178,40.602985928,
Saint Kitts and Nevis,2018,,0.401491395,42.40911891,
Saint Kitts and Nevis,2019,,0.409452546,43.758015527,
Saint Kitts and Nevis,2020,,0.436836338,38.308867429,
Saint Kitts and Nevis,2021,,0.552700461,38.33842049,
Saint Lucia,2010,,0.002756503,107.218608516,
Saint Lucia,2015,,0.002284149,111.29697768,
Saint Lucia,2016,,0.002276216,115.53589586,
Saint Lucia,2017,,0.001872945,120.973394106,
Saint Lucia,2018,,0.002087894,124.767147124,
Saint Lucia,2019,,0.002459619,124.349567114,
Saint Lucia,2020,,0.002081677,96.179648453,
Saint Lucia,2021,,0.001858558,103.85352095,
Saint Vincent and the Grenadines,2015,44864.4445,,63.168060823,
Saint Vincent and the Grenadines,2016,46171.801947547,,64.409993902,
Saint Vincent and the Grenadines,2017,47770.693777525,,65.40976051,
Saint Vincent and the Grenadines,2018,48610.637174921,,67.336593797,
Saint Vincent and the Grenadines,2019,44142.994496191,,68.766205495,
Saint Vincent and the Grenadines,2020,39406.912161826,,63.672166685,
Saint Vincent and the Grenadines,2021,41884.675342209,,65.292430998,
Sao Tome and Principe,2015,,,15.663995306,
Sao Tome and Principe,2016,75.722439919,0.305929429,16.456410874,7.216980371
Sao Tome and Principe,2017,80.002139208,0.303244178,17.168948301,7.534177861
Sao Tome and Principe,2018,70.867022432,0.318961504,17.995622609,7.707121768
Sao Tome and Principe,2019,68.703660914,0.360458724,18.415060488,7.852110735
Sao Tome and Principe,2020,70.127894517,0.42305784,18.494765979,7.940833186
Sao Tome and Principe,2021,73.169127712,0.383697767,19.152173807,8.197092773
Saudi Arabia,2000,661.236366637,0.980341105,69.346285024,17.567346938
Saudi Arabia,2010,363.75635056,0.722124013,86.222646999,23.403856612
Saudi Arabia,2015,293.332811689,0.82274924,115.537092411,26.305723592
Saudi Arabia,2016,272.436482955,0.90272013,118.211129113,27.754261075
Saudi Arabia,2017,292.329972931,0.869515205,111.460980542,28.270953044
Saudi Arabia,2018,235.241962297,0.682865797,93.976029071,25.491774112
Saudi Arabia,2019,221.239808311,0.703747373,99.793376243,25.513785324
Saudi Arabia,2020,179.18375513,0.780589586,106.338401749,24.165343765
Saudi Arabia,2021,212.145814221,0.732831608,95.16589232,24.443785655
Senegal,2000,39.968962877,0.064086756,53.887664306,4.955061802
Senegal,2010,104.591234492,0.064859052,41.381837199,4.643328479
Senegal,2015,422.635216396,0.069349417,37.975958139,5.517373258
Senegal,2016,739.501171563,0.074122845,39.182582327,5.850204605
Senegal,2017,2490.319145511,0.082403481,40.601715582,6.254235772
Senegal,2018,3304.864002456,0.069937681,43.867059089,5.486236911
Senegal,2019,3430.90278317,0.072718999,45.762229841,5.624217102
Senegal,2020,3405.494818711,0.080192739,45.828537661,5.624889291
Senegal,2021,3802.113067233,0.080396969,48.314559433,6.025309569
Serbia,2010,,0.086571524,31.965416959,
Serbia,2015,2.478374237,0.1264822,33.696231948,6.503825071
Serbia,2016,2.482709846,0.203986515,34.341634883,6.656673178
Serbia,2017,2.200050401,0.16516798,35.325905398,6.012604993
Serbia,2018,2.187927312,0.165690866,37.131142506,6.040186313
Serbia,2019,2.293108557,0.150924236,37.849972937,6.251403128
Serbia,2020,2.329543659,0.170161689,37.502523958,6.534430746
Serbia,2021,2.737727693,0.197946099,39.370645635,7.401978906
Seychelles,2000,108.693196268,,52.852375098,
Seychelles,2010,41.829086732,2.551278825,80.305473089,64.525250973
Seychelles,2015,41.74497579,3.40795764,107.17267,82.208182473
Seychelles,2016,43.571402902,3.534457035,112.605229433,86.291927537
Seychelles,2017,39.143316187,4.503181259,114.98628009,86.691531785
Seychelles,2018,41.93844096,4.436935931,119.395162337,90.358815987
Seychelles,2019,42.69739008,4.699922451,128.37421049,96.48524868
Seychelles,2020,46.752344503,4.283225443,113.703293356,87.944777534
Seychelles,2021,39.562813173,4.674877765,120.760924234,90.612729792
Sierra Leone,2000,2.593852129,0.567774839,6.304362028,3.979569245
Sierra Leone,2010,4.698110491,2.325573628,11.055260039,7.512524559
Sierra Leone,2015,3.226233946,3.171737223,13.06723182,8.362238959
Sierra Leone,2016,5.330062665,3.315040922,13.417774014,9.126714249
Sierra Leone,2017,4.165814269,3.591559023,13.540208165,8.945806058
Sierra Leone,2018,4.45668136,3.632214084,14.208189333,9.380051909
Sierra Leone,2019,4.9062067,3.772465057,15.18699293,10.039831952
Sierra Leone,2020,4.500568148,3.782951096,14.08244456,9.358217452
Sierra Leone,2021,5.333259273,3.803268588,15.290213267,10.212153331
Singapore,2000,43.537996951,,99.80549149,
Singapore,2010,79.899356465,,249.117079754,
Singapore,2015,208.251900423,,734.65123795,
Singapore,2016,206.995298722,,767.237049826,
Singapore,2017,222.062625587,,804.49107498,
Singapore,2018,250.552863431,,825.688189442,
Singapore,2019,237.351737617,,842.845375762,
Singapore,2020,222.968402979,,823.526289665,
Singapore,2021,255.239085307,,857.21665039,
Slovakia,2000,19.805586021,1.06584195,64.009341675,35.588921659
Slovakia,2010,81.863197197,1.278778674,159.335497751,120.604011717
Slovakia,2015,103.224350403,1.732943673,186.903310291,141.328381589
Slovakia,2016,103.234151478,2.833533473,195.889160886,148.914144635
Slovakia,2017,103.623600729,1.937770502,196.409497565,146.800642768
Slovakia,2018,107.737385543,2.290507881,202.210994437,152.542579674
Slovakia,2019,109.678723404,1.478364629,209.552695044,156.288621156
Slovakia,2020,101.025762897,1.69613714,208.176415695,152.333208619
Slovakia,2021,106.106826591,1.707542785,205.233902702,152.758394098
Slovenia,2000,,,82.693660423,
Slovenia,2010,12.79934188,13.010826001,157.13604392,38.342303641
Slovenia,2015,14.722391515,4.528464948,155.817972774,40.543915545
Slovenia,2016,15.38281356,4.661976694,163.927740388,42.430250052
Slovenia,2017,15.710429661,4.090098366,163.586238757,42.572819987
Slovenia,2018,15.840386404,6.954426391,168.692723306,43.011137424
Slovenia,2019,17.06410721,6.711282093,175.385494635,45.542473086
Slovenia,2020,15.158692103,8.53275411,170.550702517,41.450289669
Slovenia,2021,17.726130607,9.112697461,182.42071521,48.302202397
Small Island Developing States,2000,23.90986612,0.207834151,53.012208725,17.817029066
Small Island Developing States,2010,27.157149941,0.26162544,70.145648258,21.84508686
Small Island Developing States,2015,36.167676988,0.225188791,90.87187883,24.458495268
Small Island Developing States,2016,32.508500632,0.226789902,94.560511303,24.498242755
Small Island Developing States,2017,35.197898885,0.228803938,95.160547068,25.258313981
Small Island Developing States,2018,39.16979284,0.227061703,95.140252698,26.178099189
Small Island Developing States,2019,40.772124019,0.224701995,96.087960664,26.729966461
Small Island Developing States,2020,40.163728033,0.215506974,89.599808847,25.34287389
Small Island Developing States,2021,43.828188615,0.216650005,95.479587849,27.047018374
Somalia,2000,,0.059855635,61.934327911,
Somalia,2010,131.745335523,0.088257067,79.627844327,0.529860452
Somalia,2015,168.384034,0.112999499,101.923711133,0.678100391
Somalia,2016,183.685216209,0.122645992,110.570234167,0.736302439
Somalia,2017,187.231308029,0.125508679,113.204280079,0.753281017
Somalia,2018,204.516974481,0.136917334,123.542269782,0.822132738
Somalia,2019,210.128210675,0.140610651,126.822194111,0.844127616
Somalia,2020,209.373212457,0.140208303,126.477953318,0.84170381
Somalia,2021,215.603675138,0.144331565,130.202628249,0.866524754
South Africa,2000,55.801679712,0.162438921,35.706013801,15.585718912
South Africa,2010,48.986401053,0.167721343,49.966534431,18.860316727
South Africa,2015,20.414953488,0.148822731,61.942628515,16.399964478
South Africa,2016,18.715129189,0.153895351,61.411618635,16.147882508
South Africa,2017,18.021408947,0.151385936,60.769215962,16.099293735
South Africa,2018,18.414218769,0.130606761,79.921965805,15.917953024
South Africa,2019,17.706887547,0.11323436,76.375010933,16.77977522
South Africa,2020,16.820598466,0.130682366,73.082596822,15.511652909
South Africa,2021,18.424713877,0.133850084,67.951761265,15.843132743
South Sudan,2015,11.459529831,0.019773007,17.149883497,8.956029253
South Sudan,2016,10.839677574,0.017492608,15.920470847,8.382639139
South Sudan,2017,11.756445164,0.012587128,14.146421262,8.173982335
South Sudan,2018,13.009925963,0.012381313,13.794607246,8.49933747
South Sudan,2019,14.174478624,0.018442079,15.424449348,9.37781537
South Sudan,2020,10.163650394,0.028963043,18.281828866,8.848275745
South Sudan,2021,13.203136594,0.018879748,14.678067071,8.826905498
South-eastern Asia,2000,22.583897444,0.181872077,21.377507142,4.659338587
South-eastern Asia,2010,20.09876032,0.25706377,28.004684273,3.841542015
South-eastern Asia,2015,28.955056419,0.268187688,32.956032387,4.626681949
South-eastern Asia,2016,30.696232804,0.27046374,33.718608468,4.820047417
South-eastern Asia,2017,27.345823393,0.275666114,36.632693825,5.043554072
South-eastern Asia,2018,29.017879448,0.277298191,38.432676792,5.321416121
South-eastern Asia,2019,36.508670453,0.28128532,40.48978548,5.632176939
South-eastern Asia,2020,33.320023404,0.296180286,38.326484006,5.375675374
South-eastern Asia,2021,34.253286565,0.301576098,38.470454809,5.53465416
Southern Asia,2000,21.562227641,0.162301262,10.959804936,1.198495739
Southern Asia,2010,33.755753592,0.270518777,15.891302238,1.981101833
Southern Asia,2015,37.387474525,0.357028732,21.949968883,2.545022525
Southern Asia,2016,40.322323598,0.382911395,23.462513731,2.728403931
Southern Asia,2017,42.798636796,0.407267101,24.77376002,2.887833177
Southern Asia,2018,45.474410355,0.421066078,26.097976268,3.042326206
Southern Asia,2019,43.902750859,0.435128914,27.729200891,3.137103003
Southern Asia,2020,42.222033793,0.459579586,25.88014221,3.000474437
Southern Asia,2021,47.437454823,0.470813676,27.458329959,3.218499377
Spain,2000,34.472080954,0.439712299,106.292597596,23.44234825
Spain,2010,34.78290798,0.344154048,164.998474149,30.612436634
Spain,2015,32.897553703,0.444376417,180.315285783,33.707585211
Spain,2016,34.535480108,0.487039151,179.37207314,35.01126371
Spain,2017,38.223587823,0.510097935,191.942945204,37.375981734
Spain,2018,37.687523498,0.538474112,205.216099101,39.064812054
Spain,2019,39.746713707,0.496545405,208.578724985,40.289757451
Spain,2020,35.77694898,0.516864347,184.266204453,36.072600266
Spain,2021,37.867758455,0.496062497,192.704259404,37.781166069
Sri Lanka,2000,16.459732845,,28.635984906,
Sri Lanka,2010,18.162313888,0.222035978,41.612180381,3.947313066
Sri Lanka,2015,25.335417283,0.288391811,58.504033939,5.516081451
Sri Lanka,2016,27.146643031,0.273441936,60.137503566,5.720854243
Sri Lanka,2017,27.102831676,0.298717947,61.828021786,5.845242596
Sri Lanka,2018,27.357475472,0.316004807,65.287228908,6.091788641
Sri Lanka,2019,29.039599784,0.305433503,67.904992013,6.353304411
Sri Lanka,2020,26.835397439,0.333676247,66.782730663,6.166707231
Sri Lanka,2021,29.945799102,0.362785624,66.710637765,6.387310973
Sub-Saharan Africa,2000,40.937987325,0.072215741,27.660795859,8.0016549
Sub-Saharan Africa,2010,54.499516674,0.109342604,37.289483967,10.973784306
Sub-Saharan Africa,2015,47.398171596,0.122810249,49.267022707,13.012818427
Sub-Saharan Africa,2016,43.907961731,0.125357343,51.738545895,12.868713087
Sub-Saharan Africa,2017,46.849360703,0.129940621,51.67906708,13.184264711
Sub-Saharan Africa,2018,51.771983868,0.126751463,53.814943965,13.290545256
Sub-Saharan Africa,2019,52.903976627,0.128832365,54.29917274,13.647894138
Sub-Saharan Africa,2020,51.478288857,0.135795404,52.252363567,12.97410976
Sub-Saharan Africa,2021,56.030215002,0.141640665,51.99861364,13.446792457
Sudan,2015,178.59084852,0.23714674,46.022126927,2.348609848
Sudan,2016,208.55755484,0.186571194,52.835294969,2.623701744
Sudan,2017,210.274259457,0.181535907,57.576413545,2.790857905
Sudan,2018,293.42827393,0.153346415,57.066074205,2.977282222
Sudan,2019,269.216095132,0.169303908,58.228438939,2.966210818
Sudan,2020,180.504986981,0.118055539,40.446709595,2.042734997
Sudan,2021,461.817271588,0.276487066,97.408671709,4.987500032
Suriname,2000,35.738132869,0.818308032,49.46245333,4.038786921
Suriname,2010,11.818086095,1.062051838,45.289468253,6.968618279
Suriname,2015,9.585389609,1.237640749,58.665745801,7.671031802
Suriname,2016,9.399929489,1.285831363,61.723384738,7.908711177
Suriname,2017,13.951197976,1.327241757,53.565099596,8.28595658
Suriname,2018,13.824272244,1.281210449,59.821092401,8.726576667
Suriname,2019,12.397877354,1.048126197,61.092315398,8.351373168
Suriname,2020,11.382902071,0.833552979,47.953838005,6.926209017
Suriname,2021,11.295736227,0.915684069,46.063353679,6.81319532
Sweden,2000,58.357847896,,221.706416834,
Sweden,2010,58.965234707,3.214842278,294.46820146,146.177575601
Sweden,2015,73.183180102,3.463439272,359.520031351,186.119058999
Sweden,2016,74.253350238,3.202652064,388.094124725,194.385099827
Sweden,2017,78.865871592,3.500906746,419.414072674,204.913772426
Sweden,2018,81.208038175,3.538817626,455.250218661,214.800319774
Sweden,2019,82.517744169,3.692589983,499.613555722,225.887128941
Sweden,2020,80.938132225,3.519913832,526.110651989,189.476244155
Sweden,2021,87.301755071,3.589092634,548.872726612,239.187353494
Switzerland,2000,,,359.919983062,
Switzerland,2010,,4.203300504,413.974375443,
Switzerland,2015,246.708933451,5.152560101,554.599352653,389.921622552
Switzerland,2016,254.435075979,5.800382337,565.564833176,398.639894549
Switzerland,2017,258.87050517,5.641460789,574.617534311,405.03414234
Switzerland,2018,267.026883884,5.917895127,571.526066847,409.598533651
Switzerland,2019,273.010166079,5.946985824,600.456558989,423.873025717
Switzerland,2020,267.20122647,6.347052774,578.157561019,410.860225743
Switzerland,2021,284.0769445,5.9529993,611.428524802,432.417869925
Syrian Arab Republic,2000,13.582047088,0.190718532,8.314713475,1.41168142
Syrian Arab Republic,2010,19.884176082,0.222338274,13.740018153,2.133896042
Syrian Arab Republic,2015,9.569424802,0.11472442,6.747597644,1.045603792
Syrian Arab Republic,2016,9.078663235,0.10768906,6.361672941,0.987463035
Syrian Arab Republic,2017,8.99761115,0.107187561,6.314756381,0.97991916
Syrian Arab Republic,2018,9.124415527,0.10877205,6.410394481,0.994378604
Syrian Arab Republic,2019,9.475783421,0.112747856,6.649174976,1.03177378
Syrian Arab Republic,2020,8.477069634,0.100968666,5.951132567,0.923362182
Syrian Arab Republic,2021,8.230942231,0.098031349,5.778896597,0.896596395
Tajikistan,2000,2.942026552,0.07062568,2.995431455,0.19853678
Tajikistan,2010,3.977079892,0.115382676,5.250871594,0.529598906
Tajikistan,2015,5.506194412,0.185273866,9.072599407,0.780750056
Tajikistan,2016,7.81448877,0.210879478,11.859563158,0.915682741
Tajikistan,2017,1.297308958,0.303820452,6.934389059,1.035730199
Tajikistan,2018,1.900296569,0.223845941,5.328550838,0.910502741
Tajikistan,2019,1.937910308,0.253827941,4.997176883,0.90079263
Tajikistan,2020,2.062128101,0.288144573,5.01108849,1.011724203
Tajikistan,2021,1.704080412,0.334844537,6.031221093,1.082275363
Thailand,2000,33.566624085,,57.45014937,
Thailand,2010,46.388457837,0.368091852,66.315635191,5.750231201
Thailand,2015,48.088652317,0.358990532,84.756523869,6.705797404
Thailand,2016,48.769757751,0.354807033,89.250375808,6.949810715
Thailand,2017,49.916872854,0.366504998,93.994805425,7.242735871
Thailand,2018,51.551199943,0.372685161,98.780875892,7.556274488
Thailand,2019,50.627598047,0.377179457,103.094961732,7.721775452
Thailand,2020,47.020047337,0.37829731,96.127389459,7.214944489
Thailand,2021,50.385602253,0.378012003,95.366172688,7.341395422
Timor-Leste,2000,29.044864951,,40.241711072,
Timor-Leste,2010,58.632525102,0.088098128,9.03922383,0.944113741
Timor-Leste,2015,145.5344725,0.07523567,10.24608802,1.182601588
Timor-Leste,2016,156.978269725,0.07417591,10.977463482,1.262941829
Timor-Leste,2017,123.126676699,0.07120796,10.95639777,1.200682984
Timor-Leste,2018,128.17405739,0.073462145,10.733254324,1.19250704
Timor-Leste,2019,285.661445361,0.070346573,10.543674464,1.44239577
Timor-Leste,2020,265.705478309,0.085771988,11.676984376,1.51816912
Timor-Leste,2021,256.107601035,0.088978044,12.805653018,1.600060013
Togo,2000,81.352538123,0.007187876,13.392728113,9.110723114
Togo,2010,120.047998855,0.010239179,16.494137916,13.80181962
Togo,2015,173.369816349,0.0121909,21.682444741,18.582405051
Togo,2016,167.270210327,0.013886711,23.297107778,19.429420536
Togo,2017,168.370983042,0.014393507,24.353150428,20.126992668
Togo,2018,179.765300132,0.014589679,25.661023264,21.274153272
Togo,2019,174.312266267,0.01520282,27.080405929,22.015855632
Togo,2020,189.65944402,0.014703762,27.555065008,22.748742735
Togo,2021,192.225172307,0.015866561,28.986597433,23.724837233
Trinidad and Tobago,2000,55.161302268,1.910416725,42.675759062,44.405243003
Trinidad and Tobago,2010,88.141031327,1.740666186,56.951463135,65.037198318
Trinidad and Tobago,2015,69.487213297,2.75246547,71.214571886,67.649922357
Trinidad and Tobago,2016,63.659828105,2.80541979,67.648775437,63.481084022
Trinidad and Tobago,2017,63.55801387,2.934249596,63.66566867,60.982757912
Trinidad and Tobago,2018,67.737438682,2.540651759,60.266652753,60.263938999
Trinidad and Tobago,2019,63.603933188,2.034851129,63.222615701,60.684296692
Trinidad and Tobago,2020,50.15362152,2.675812524,61.728166825,55.261222131
Trinidad and Tobago,2021,64.316650514,2.180074703,52.745864633,54.434344821
Tunisia,2000,60.197820962,0.175887306,39.179980439,8.06941257
Tunisia,2010,68.209737886,0.180072903,47.162353432,10.529638655
Tunisia,2015,117.669537307,0.256736993,41.267446113,10.649780982
Tunisia,2016,150.030799308,0.253458801,41.72173176,10.995988263
Tunisia,2017,122.964910539,0.27602803,36.645125098,11.72796262
Tunisia,2018,252.684543493,0.320535017,35.523982503,11.263493113
Tunisia,2019,169.87084255,0.316437377,37.527695708,11.4437013
Tunisia,2020,152.793957829,0.314001902,35.761416838,11.003045821
Tunisia,2021,170.847923761,0.3199497,37.365792123,11.683769205
Turkmenistan,2000,18.602187667,0.120563593,7.883809898,0.507061608
Turkmenistan,2010,18.895478956,0.121144119,11.552566937,0.993376757
Turkmenistan,2015,22.094019443,0.126602802,17.824446458,1.263918911
Turkmenistan,2016,20.715391672,0.141743535,18.350219865,1.251019146
Turkmenistan,2017,18.230496754,0.144025692,19.212212211,1.201871798
Turkmenistan,2018,19.291346896,0.158566359,22.313752693,1.331191691
Turkmenistan,2019,17.788315261,0.236699173,28.818427834,1.271017893
Turkmenistan,2020,17.953567881,0.232257269,33.696609999,1.276814911
Turkmenistan,2021,18.588635418,0.243789572,36.113786121,2.031319546
Türkiye,2000,70.000000431,0.272443379,35.363197784,8.580300556
Türkiye,2010,87.527373726,0.400450643,72.96242342,11.253315404
Türkiye,2015,131.991770056,0.248567809,84.060961385,12.834111056
Türkiye,2016,231.253441999,0.201426236,80.729790845,12.808169962
Türkiye,2017,247.240200866,0.197793084,83.520212855,13.974931976
Türkiye,2018,245.30591152,0.170797494,85.127317259,14.111477314
Türkiye,2019,218.538164949,0.162970918,86.848789407,13.549025657
Türkiye,2020,222.235478639,0.153097676,83.328247853,13.587696529
Türkiye,2021,277.024875469,0.171176372,90.475919587,16.374582941
Uganda,2000,26.07817019,0.02637937,32.123397046,19.370137568
Uganda,2010,115.023640619,0.044470254,36.383208199,27.780835347
Uganda,2015,144.72999078,0.03325376,44.192302902,34.129022943
Uganda,2016,128.171476272,0.036151313,42.820096641,32.12390691
Uganda,2017,143.081814596,0.036656931,45.788452785,34.822915837
Uganda,2018,153.667033884,0.038732438,47.581349188,36.577811506
Uganda,2019,163.874649725,0.042875491,51.137482585,39.211823433
Uganda,2020,163.65401556,0.044415724,49.255005405,38.225818247
Uganda,2021,180.059461147,0.044862391,52.914947117,41.398265418
Ukraine,2000,1.833797737,0.082024149,9.726278042,2.737911071
Ukraine,2010,3.207522648,0.033382203,18.331479905,5.58088243
Ukraine,2015,4.07798786,0.060303751,19.809826425,6.893826471
Ukraine,2016,4.305329721,0.059545354,20.538337234,6.930600852
Ukraine,2017,4.688300488,0.055661928,21.020717304,6.349862073
Ukraine,2018,4.79332139,0.057246694,22.003064146,6.604563978
Ukraine,2019,4.547048012,0.05772714,24.519481235,7.121163578
Ukraine,2020,4.251265522,0.096898293,20.929128553,7.64389166
Ukraine,2021,4.958506177,0.114377163,20.335254844,7.772915251
United Arab Emirates,2000,825.641699605,1.684736556,172.452139078,63.475550028
United Arab Emirates,2010,2556.390626017,0.731802004,90.731240678,62.306595968
United Arab Emirates,2015,3621.867127975,1.065033181,87.911050716,72.627032219
United Arab Emirates,2016,3761.309720956,1.187736801,87.983477775,73.405286589
United Arab Emirates,2017,3945.079877705,1.227457167,88.146520406,75.488586395
United Arab Emirates,2018,4467.78292019,1.130122185,81.635346576,75.084894333
United Arab Emirates,2019,4316.884387107,1.241234227,88.788107999,78.500288746
United Arab Emirates,2020,3763.394952879,1.498096531,88.753705212,75.477946735
United Arab Emirates,2021,4435.974139461,1.529302682,84.775014613,79.610530936
United Kingdom of Great Britain and Northern Ireland,2000,65.286864302,,221.79239023,
United Kingdom of Great Britain and Northern Ireland,2010,481.939184732,0.257748211,327.922493504,296.551174993
United Kingdom of Great Britain and Northern Ireland,2015,479.959876749,0.548471129,360.419728269,318.641496345
United Kingdom of Great Britain and Northern Ireland,2016,447.0889636,0.712078454,353.897619288,315.454004437
United Kingdom of Great Britain and Northern Ireland,2017,465.482988889,0.753801078,361.6945919,323.432516534
United Kingdom of Great Britain and Northern Ireland,2018,478.465447701,0.733666804,367.299028375,329.13171968
United Kingdom of Great Britain and Northern Ireland,2019,479.397775689,0.794847846,374.660228969,334.696116893
United Kingdom of Great Britain and Northern Ireland,2020,410.645691106,0.753102317,339.698835498,300.58761481
United Kingdom of Great Britain and Northern Ireland,2021,453.726941456,0.848839996,360.161670996,320.902032527
United Republic of Tanzania,2000,129.587692931,,19.508126994,
United Republic of Tanzania,2010,312.349064073,0.11420404,30.193073413,4.677752586
United Republic of Tanzania,2015,448.25682104,0.16635943,38.653190649,6.239820385
United Republic of Tanzania,2016,495.169080492,0.182256263,39.936480104,6.610718178
United Republic of Tanzania,2017,533.891270834,0.203636784,41.086164488,6.933436736
United Republic of Tanzania,2018,616.607047636,0.210946093,43.18139025,7.551865578
United Republic of Tanzania,2019,698.976958152,0.215965604,45.720682737,8.211723849
United Republic of Tanzania,2020,761.660278207,0.225006151,47.44976892,8.697871077
United Republic of Tanzania,2021,794.771267191,0.23465031,49.766569662,9.101690611
United States of America,2000,9.526575098,0.125410098,168.369725677,24.39986799
United States of America,2010,11.534678516,0.187791063,215.171589384,33.48112676
United States of America,2015,14.72579876,0.210414387,255.829765371,40.655821682
United States of America,2016,14.488559206,0.191505003,262.154348425,41.367544738
United States of America,2017,15.177569247,0.2060354,266.678875847,42.293140222
United States of America,2018,15.853772898,0.194420537,273.879379338,43.554007596
United States of America,2019,15.875294365,0.174676463,281.746621049,44.590273074
United States of America,2020,14.642789036,0.175345302,276.719795526,43.348168007
United States of America,2021,15.855290666,0.21374072,291.533153292,45.882501043
Uruguay,2000,79.797355997,0.1443066,55.760959668,8.115637669
Uruguay,2010,120.644303819,0.161055807,67.561319705,10.344872211
Uruguay,2015,123.790526363,0.201294052,90.1381918,12.977596419
Uruguay,2016,118.680457391,0.202721514,95.008837371,13.412756041
Uruguay,2017,110.381811486,0.167109424,99.810959786,13.738463198
Uruguay,2018,115.488572413,0.180607318,98.491313746,13.713947985
Uruguay,2019,114.907510309,0.198237579,98.307909005,13.69597176
Uruguay,2020,109.152571184,0.215429807,90.60743794,12.722450202
Uruguay,2021,112.42689686,0.195325243,95.125922301,13.282776205
Uzbekistan,2000,1.846600141,0.224818214,2.826995711,0.427031191
Uzbekistan,2010,6.467825847,0.305985354,8.333779762,0.979316569
Uzbekistan,2015,9.180780865,0.471923187,14.990958335,1.415190196
Uzbekistan,2016,9.128795858,0.51273497,15.669252662,1.52328537
Uzbekistan,2017,9.800352959,0.485985825,15.720190336,1.446156196
Uzbekistan,2018,13.237652422,0.503046662,16.172199217,1.609902615
Uzbekistan,2019,17.0762993,0.515542281,18.015315093,1.837773679
Uzbekistan,2020,17.993712022,0.566087124,19.501872696,2.008436134
Uzbekistan,2021,19.369272418,0.7188292,21.808648953,2.534458626
Venezuela (Bolivarian Republic of),2000,163.136452089,0.467006864,27.171367102,25.721850814
Venezuela (Bolivarian Republic of),2010,207.275203769,0.422881908,27.809808565,13.876215957
Venezuela (Bolivarian Republic of),2015,199.310849118,0.339314442,29.160335621,13.84104517
Venezuela (Bolivarian Republic of),2016,131.222403161,0.457685438,28.058473681,11.291736465
Venezuela (Bolivarian Republic of),2017,109.784667819,0.478532351,22.735462734,9.35027946
Venezuela (Bolivarian Republic of),2018,124.283686011,0.095626078,16.353026723,8.130746776
Venezuela (Bolivarian Republic of),2019,104.233076886,0.087145221,9.199277603,5.801752637
Venezuela (Bolivarian Republic of),2020,57.144249839,0.112702041,8.478815295,4.006521405
Venezuela (Bolivarian Republic of),2021,56.804763348,0.115295676,8.453478778,3.990797492
Viet Nam,2000,7.700383876,0.247525386,36.735354111,1.120160042
Viet Nam,2010,18.085727944,0.295190754,66.331638364,1.932738811
Viet Nam,2015,23.859312544,0.300035733,90.872576619,2.514490216
Viet Nam,2016,25.373245947,0.293368832,99.383666224,2.690033965
Viet Nam,2017,28.234485641,0.279213035,106.232214861,2.884526069
Viet Nam,2018,31.467922089,0.269926509,113.543436014,3.104383304
Viet Nam,2019,34.054030494,0.261484046,123.992475948,3.346914548
Viet Nam,2020,34.764372951,0.289350145,126.684676634,3.439526712
Viet Nam,2021,37.282747739,0.301625305,131.41153453,3.615029193
Western Asia,2000,46.491304289,0.300599115,40.270898006,8.342082591
Western Asia,2010,102.52272676,0.378115459,70.285940834,13.495218915
Western Asia,2015,136.9492306,0.367350498,89.523706609,16.683077779
Western Asia,2016,144.350357305,0.347251325,90.041632291,16.701079384
Western Asia,2017,113.234533158,0.327274226,89.35796406,16.811578304
Western Asia,2018,110.989226753,0.308666143,86.373270106,17.714345201
Western Asia,2019,103.348790948,0.290559379,70.612608444,15.538877071
Western Asia,2020,104.448222167,0.349873468,66.885474165,15.884722952
Western Asia,2021,117.058790472,0.329793878,70.7704253,17.289425756
World,2000,16.667849034,0.286903538,78.67219561,12.523707579
World,2010,22.530401901,0.433425733,90.335223463,15.009643155
World,2015,28.419136193,0.495537301,104.391345092,17.418411412
World,2016,28.954957893,0.521295031,103.656097768,17.830014117
World,2017,30.348550348,0.534771352,105.827240905,18.370322614
World,2018,32.582764606,0.554083517,108.440747134,19.194325722
World,2019,33.271161172,0.569808775,108.710981901,19.505310625
World,2020,32.86396046,0.618925649,104.24995972,19.117767645
World,2021,37.16227266,0.671976041,111.010759999,20.771946176
Yemen,2000,192.646538164,,53.673747127,
Yemen,2010,285.34830454,1.00237653,92.389923669,12.979988118
Yemen,2015,72.279450369,0.749988878,57.999431728,6.309741291
Yemen,2016,62.761919474,0.653586433,48.204470533,5.320634381
Yemen,2017,54.745608457,0.599345678,43.260744023,4.757768579
Yemen,2018,55.423088906,0.59832485,42.555857974,4.716797765
Yemen,2019,57.740699759,0.619561307,42.516514965,4.775400499
Yemen,2020,58.006660626,0.623646565,43.213041794,4.835732301
Yemen,2021,57.202441375,0.615422498,42.876881971,4.788618287
Zambia,2000,12.438027725,0.060188011,15.37911146,3.810796603
Zambia,2010,37.939443894,0.077927559,30.565560348,8.833277834
Zambia,2015,49.359998446,0.053953203,43.711805179,12.185354573
Zambia,2016,50.667694359,0.067135201,42.204362441,12.025066874
Zambia,2017,57.667888828,0.045975734,43.21748104,12.775355658
Zambia,2018,56.107365248,0.039711045,46.166597501,13.185762011
Zambia,2019,58.141084581,0.034490833,46.945827013,13.493870401
Zambia,2020,63.121525956,0.034894583,44.536577922,13.461580491
Zambia,2021,78.757202404,0.036154808,42.822402918,14.439302479
Zimbabwe,2000,5.510007331,0.058482279,12.405597853,2.174172462
Zimbabwe,2010,14.865407338,0.037470887,17.160838809,3.189655568
Zimbabwe,2015,47.776984865,0.045492354,19.45662611,4.798442329
Zimbabwe,2016,48.624358303,0.042414099,21.093043235,4.913570373
Zimbabwe,2017,64.49432087,0.039638991,26.786930644,5.517541792
Zimbabwe,2018,66.392244926,0.037679774,21.245329004,5.11830921
Zimbabwe,2019,73.71944014,0.040465265,20.555566098,4.174240807
Zimbabwe,2020,71.96773585,0.034236067,19.999285903,3.450828528
Zimbabwe,2021,67.376578172,0.03671253,22.534399643,3.659397636
