Y_var,Key_X_var,coeff,std_err,t_value,pvalue,significant_level,mean,n_obs,r2,GID_0,sample
total_burned_days_human,L1_total_burned_days_human,0.0637260532141587,0.024331771689453,2.61904698217195,0.0090304655853884,***,27.154090742326,8177,0.677160137638636,UKR,full
average_burned_days_human,L1_average_burned_days_human,-0.0755022047123543,0.0154873834501395,-4.87507815348074,1.37938762124553e-06,***,1.21382348042882,8177,0.299944619235619,UKR,full
total_ba_ha_human,L1_total_ba_ha_human,-0.0815753430831858,0.0203826647611457,-4.00219225695593,7.02493435021468e-05,***,1800.4108583881,8177,0.609969394514938,UKR,full
average_ba_ha_human,L1_average_ba_ha_human,-0.0903393665958231,0.014583175507066,-6.19476646578457,1.05589885392486e-09,***,87.7491516565705,8177,0.267464608141747,UKR,full
total_counts_human,L1_total_counts_human,0.143895007686013,0.0237567006354017,6.05702828412056,2.38866862240609e-09,***,15.2581631405161,8177,0.717786953311037,UKR,full
average_counts_human,L1_average_counts_human,0.143895007686013,0.0237567006354017,6.05702828412056,2.38866862240609e-09,***,15.2581631405161,8177,0.717786953311037,UKR,full
total_burned_days_nature,L1_total_burned_days_nature,0.224427714319428,0.0341849644532478,6.56510012249275,1.09004113741703e-10,***,18.8423627247157,8177,0.667259019761339,UKR,full
average_burned_days_nature,L1_average_burned_days_nature,-0.0538452900065702,0.0177300419931034,-3.03695219828102,0.00248890829189414,***,0.986400375460964,8177,0.340892305819373,UKR,full
total_ba_ha_nature,L1_total_ba_ha_nature,0.0726980016015425,0.0459441363856248,1.58231294177266,0.114081608057958,"",1250.37902066022,8177,0.55054642249718,UKR,full
average_ba_ha_nature,L1_average_ba_ha_nature,-0.0862435790941334,0.00785383933362057,-10.981072495963,8.78113699709402e-26,***,71.3778697311019,8177,0.207540125641807,UKR,full
total_counts_nature,L1_total_counts_nature,0.223119428344334,0.0368293754417299,6.05819201841599,2.37240358669111e-09,***,11.1363580775346,8177,0.688297167344079,UKR,full
average_counts_nature,L1_average_counts_nature,0.223119428344334,0.0368293754417299,6.05819201841599,2.37240358669111e-09,***,11.1363580775346,8177,0.688297167344079,UKR,full
total_burned_days_allfire,L1_total_burned_days_allfire,0.129731690592702,0.0236139223872449,5.49386452895166,5.71917393294182e-08,***,45.9964534670417,8177,0.702771966392271,UKR,full
average_burned_days_allfire,L1_average_burned_days_allfire,-0.0838200114688422,0.0154363066859545,-5.43005611213402,8.06081593958732e-08,***,1.4540827438779,8177,0.272134710872926,UKR,full
total_burned_areas_ha,L1_total_burned_areas_ha,-0.0176253336533348,0.0240115548408386,-0.734035499581969,0.463201061314862,"",3050.78987904832,8177,0.618875856980812,UKR,full
average_burned_areas_ha,L1_average_burned_areas_ha,-0.0923752091223651,0.0138365887644019,-6.6761548453347,5.40070970768794e-11,***,107.068050676684,8177,0.259076074704181,UKR,full
total_counts_total,L1_total_counts_total,0.179961801439886,0.0232298187332224,7.74701703472663,3.79182764867698e-14,***,26.3945212180506,8177,0.73699967216925,UKR,full
average_counts_total,L1_average_counts_total,0.179961801439886,0.0232298187332224,7.74701703472663,3.79182764867698e-14,***,26.3945212180506,8177,0.73699967216925,UKR,full
total_burned_days_allfire,L1_total_burned_days_human,0.0819035715842062,0.0257872866887564,3.17612211679165,0.00156571368167716,***,45.9964534670417,8177,0.698931305217843,UKR,full
total_burned_days_allfire,L1_total_burned_days_nature,0.223584896880868,0.0379037967715184,5.89874671998225,5.98779544048153e-09,***,45.9964534670417,8177,0.703186695637043,UKR,full
average_burned_days_allfire,L1_average_burned_days_human,-0.0483651585959043,0.0151506798828876,-3.19227645028207,0.00148205297775015,***,1.4540827438779,8177,0.268711775485005,UKR,full
average_burned_days_allfire,L1_average_burned_days_nature,-0.0194484837263167,0.015519510018893,-1.25316351499762,0.21061257956406,"",1.4540827438779,8177,0.267158058133463,UKR,full
total_burned_areas_ha,L1_total_ba_ha_human,-0.0762021556802545,0.0214434493659636,-3.55363329750517,0.000408461678540958,***,3050.78987904832,8177,0.620009208432819,UKR,full
total_burned_areas_ha,L1_total_ba_ha_nature,0.0692315943933636,0.045926603849941,1.50743988428948,0.132200803652103,"",3050.78987904832,8177,0.619435167266383,UKR,full
average_burned_areas_ha,L1_average_ba_ha_human,-0.0779666274299477,0.0152397497944076,-5.1160044280096,4.15184038217934e-07,***,107.068050676684,8177,0.25643109938339,UKR,full
average_burned_areas_ha,L1_average_ba_ha_nature,-0.0287821865018139,0.00988789783549593,-2.91084990770137,0.00373223069136752,***,107.068050676684,8177,0.252506162795698,UKR,full
total_counts_total,L1_total_counts_human,0.160806005460341,0.0252150051283894,6.37739332756634,3.49354283198304e-10,***,26.3945212180506,8177,0.732262742597152,UKR,full
total_counts_total,L1_total_counts_nature,0.230949795419275,0.0414073433394597,5.57750816143735,3.62839057511283e-08,***,26.3945212180506,8177,0.7339652099385,UKR,full
average_counts_total,L1_average_counts_human,0.160806005460341,0.0252150051283894,6.37739332756634,3.49354283198304e-10,***,26.3945212180506,8177,0.732262742597152,UKR,full
average_counts_total,L1_average_counts_nature,0.230949795419275,0.0414073433394597,5.57750816143735,3.62839057511283e-08,***,26.3945212180506,8177,0.7339652099385,UKR,full
total_burned_days_human,L1_total_burned_days_human,-0.0545553438218148,0.0267734272282772,-2.03766754837406,0.0423877935030766,**,0.00984990619136961,4264,0.200952682237514,AFG,full
average_burned_days_human,L1_average_burned_days_human,-0.0551910944002457,0.0304757841309263,-1.81098193119955,0.0710611940729187,*,0.00695747342088806,4264,0.193220731489793,AFG,full
total_ba_ha_human,L1_total_ba_ha_human,0.0641639404958052,0.066693547721348,0.962071185115061,0.336724717717336,"",0.297068575015737,4264,0.239589382111204,AFG,full
average_ba_ha_human,L1_average_ba_ha_human,0.107060593680538,0.11265548333043,0.950336286486106,0.342643258390831,"",0.200566924825752,4264,0.260534985907228,AFG,full
total_counts_human,L1_total_counts_human,-0.0287655099677163,0.0525415370924649,-0.54748131782086,0.584421570941585,"",0.00234521575984991,4264,0.222458384030442,AFG,full
average_counts_human,L1_average_counts_human,-0.0287655099677163,0.0525415370924649,-0.54748131782086,0.584421570941585,"",0.00234521575984991,4264,0.222458384030442,AFG,full
total_burned_days_nature,L1_total_burned_days_nature,0.125462050873109,0.0625565755041233,2.00557734917633,0.0457248894436996,**,0.284943714821764,4264,0.459493853775928,AFG,full
average_burned_days_nature,L1_average_burned_days_nature,0.00610745712570196,0.0440377652465056,0.138686808731435,0.88978301061521,"",0.0947595595461449,4264,0.362760746705988,AFG,full
total_ba_ha_nature,L1_total_ba_ha_nature,-0.0173376589193126,0.00884385081629798,-1.96041964970301,0.0507954956858993,*,59.9615944850826,4264,0.305786018172391,AFG,full
average_ba_ha_nature,L1_average_ba_ha_nature,-0.0525462419558114,0.0181817431211085,-2.89005523869747,0.00410911739487071,***,25.1981194286615,4264,0.234688951958999,AFG,full
total_counts_nature,L1_total_counts_nature,0.116242612793366,0.0370928267688996,3.13382998598611,0.00188164425209811,***,0.11608818011257,4264,0.386342850585563,AFG,full
average_counts_nature,L1_average_counts_nature,0.116242612793366,0.0370928267688996,3.13382998598611,0.00188164425209811,***,0.11608818011257,4264,0.386342850585563,AFG,full
total_burned_days_allfire,L1_total_burned_days_allfire,0.123986001513392,0.0626276435788773,1.97973282129379,0.0485717296822907,**,0.294793621013133,4264,0.457782308592519,AFG,full
average_burned_days_allfire,L1_average_burned_days_allfire,-0.0026161965008387,0.0442164840485629,-0.0591678998711281,0.952854518754892,"",0.1001535557938,4264,0.354424175190406,AFG,full
total_burned_areas_ha,L1_total_burned_areas_ha,-0.0173303872187777,0.00884380647355078,-1.95960724271928,0.0508908857976722,*,60.2586630600983,4264,0.30577095844461,AFG,full
average_burned_areas_ha,L1_average_burned_areas_ha,-0.0525180709063794,0.0181797599513692,-2.88882092210596,0.00412487125595853,***,25.3466437089937,4264,0.234655703861719,AFG,full
total_counts_total,L1_total_counts_total,0.115958875254415,0.03697712180358,3.13596271419882,0.00186841537689664,***,0.11843339587242,4264,0.385733597659364,AFG,full
average_counts_total,L1_average_counts_total,0.115958875254415,0.03697712180358,3.13596271419882,0.00186841537689664,***,0.11843339587242,4264,0.385733597659364,AFG,full
total_burned_days_allfire,L1_total_burned_days_human,-0.0380710129383896,0.094584481292536,-0.402508026878548,0.687573176848528,"",0.294793621013133,4264,0.441806437244252,AFG,full
total_burned_days_allfire,L1_total_burned_days_nature,0.125004451187801,0.0626594278233444,1.99498232796229,0.0468744066033233,**,0.294793621013133,4264,0.45794917260415,AFG,full
average_burned_days_allfire,L1_average_burned_days_human,-0.114850869236225,0.0767347417493381,-1.49672581959547,0.135429169724068,"",0.1001535557938,4264,0.35528240023705,AFG,full
average_burned_days_allfire,L1_average_burned_days_nature,0.00269193971892367,0.0454987056076152,0.0591651934483409,0.952856672732531,"",0.1001535557938,4264,0.354424105492359,AFG,full
total_burned_areas_ha,L1_total_ba_ha_human,0.260090533629972,0.249528394912835,1.04232840403124,0.298029436277078,"",60.2586630600983,4264,0.304164530797616,AFG,full
total_burned_areas_ha,L1_total_ba_ha_nature,-0.0173355721079175,0.00884334908931099,-1.96029489878118,0.0508101337368658,*,60.2586630600983,4264,0.305771905104347,AFG,full
average_burned_areas_ha,L1_average_ba_ha_human,0.0280450950656613,0.229530828963998,0.122184436801996,0.902828005708196,"",25.3466437089937,4264,0.230480961249628,AFG,full
average_burned_areas_ha,L1_average_ba_ha_nature,-0.0525377623790789,0.0181813963607056,-2.88964397105526,0.00411436039281295,***,25.3466437089937,4264,0.234658470310678,AFG,full
total_counts_total,L1_total_counts_human,0.172293084954707,0.273075787288792,0.630935047978086,0.528523724283149,"",0.11843339587242,4264,0.371821887436403,AFG,full
total_counts_total,L1_total_counts_nature,0.115877010398038,0.0371781631441857,3.11680299934776,0.00199039966357978,***,0.11843339587242,4264,0.385656740904153,AFG,full
average_counts_total,L1_average_counts_human,0.172293084954707,0.273075787288792,0.630935047978086,0.528523724283149,"",0.11843339587242,4264,0.371821887436403,AFG,full
average_counts_total,L1_average_counts_nature,0.115877010398038,0.0371781631441857,3.11680299934776,0.00199039966357978,***,0.11843339587242,4264,0.385656740904153,AFG,full
total_burned_days_allfire,L1_total_burned_days_allfire,0.119093554659495,0.0675240699298214,1.76372003025396,0.0789626829285066,*,0.298782298782299,3367,0.473936802840922,AFG,nature_subsample
average_burned_days_allfire,L1_average_burned_days_allfire,0.0506267433251448,0.0396965879031308,1.27534244123667,0.203335230147077,"",0.0942313585170728,3367,0.421230556568824,AFG,nature_subsample
total_burned_areas_ha,L1_total_burned_areas_ha,-0.0177023283509148,0.00902646090243471,-1.96115936713801,0.0509359820508493,*,66.9157481991758,3367,0.309150891814306,AFG,nature_subsample
average_burned_areas_ha,L1_average_burned_areas_ha,-0.0532614350219272,0.0186367448689406,-2.85787219798726,0.00461285327059795,***,28.343675918451,3367,0.238884355696913,AFG,nature_subsample
total_counts_total,L1_total_counts_total,0.102456137815083,0.0432034139447149,2.3714824468777,0.0184515949779431,**,0.122364122364122,3367,0.378656258210264,AFG,nature_subsample
average_counts_total,L1_average_counts_total,0.102456137815083,0.0432034139447149,2.3714824468777,0.0184515949779431,**,0.122364122364122,3367,0.378656258210264,AFG,nature_subsample
total_burned_days_human,L1_total_burned_days_human,-0.2426392444128,0.105163804511757,-2.30725053681064,0.0223065714358744,**,1.45965077866918,2119,0.768484426458923,AGO,full
average_burned_days_human,L1_average_burned_days_human,-0.0391559244837039,0.0379173611403794,-1.03266480857513,0.303299962195403,"",0.15883505781844,2119,0.427378120205329,AGO,full
total_ba_ha_human,L1_total_ba_ha_human,-0.200114824941343,0.0664587723541069,-3.01111227085399,0.00302041386068469,***,81.4491963273904,2119,0.765215236040034,AGO,full
average_ba_ha_human,L1_average_ba_ha_human,-0.0483146218359031,0.0440761503337398,-1.09616247040792,0.274634532103407,"",8.21577229160493,2119,0.527862782128457,AGO,full
total_counts_human,L1_total_counts_human,-0.254241499809756,0.0661162090196366,-3.84537322359554,0.000172681631711159,***,1.13780084945729,2119,0.835048914184504,AGO,full
average_counts_human,L1_average_counts_human,-0.254241499809756,0.0661162090196366,-3.84537322359554,0.000172681631711159,***,1.13780084945729,2119,0.835048914184504,AGO,full
total_burned_days_nature,L1_total_burned_days_nature,-0.191912639559557,0.0509928425617876,-3.76352111234077,0.000233878971111674,***,1538.26852288816,2119,0.98384218684433,AGO,full
average_burned_days_nature,L1_average_burned_days_nature,-0.0160099375434797,0.0598166967573569,-0.267649977537595,0.789309218795018,"",2.39515238287572,2119,0.841624141095462,AGO,full
total_ba_ha_nature,L1_total_ba_ha_nature,-0.110230431863994,0.0473153079684056,-2.32969913114799,0.0210559699509663,**,334187.33175447,2119,0.90503670667037,AGO,full
average_ba_ha_nature,L1_average_ba_ha_nature,-0.0475049478971454,0.100496225299185,-0.47270380311021,0.637060739160574,"",481.926261852856,2119,0.775441953835254,AGO,full
total_counts_nature,L1_total_counts_nature,-0.0774320813972383,0.0440490187120106,-1.75786166551141,0.0806597200445056,*,546.824917413874,2119,0.982615808020042,AGO,full
average_counts_nature,L1_average_counts_nature,-0.0774320813972383,0.0440490187120106,-1.75786166551141,0.0806597200445056,*,546.824917413874,2119,0.982615808020042,AGO,full
total_burned_days_allfire,L1_total_burned_days_allfire,-0.19495726881446,0.0511473843614572,-3.81167622251613,0.000195764537098332,***,1544.2043416706,2119,0.98401038098787,AGO,full
average_burned_days_allfire,L1_average_burned_days_allfire,-0.0508033928512131,0.0396058894953441,-1.28272318835776,0.201421324935525,"",2.41930285754546,2119,0.809764003013865,AGO,full
total_burned_areas_ha,L1_total_burned_areas_ha,0.00128339666472076,0.0359848304183073,0.0356649357465871,0.971593438035752,"",381575.160505022,2119,0.924615881335161,AGO,full
average_burned_areas_ha,L1_average_burned_areas_ha,0.124240255311912,0.0541902649266661,2.2926674279973,0.0231534983398473,**,548.775603907814,2119,0.856146493293823,AGO,full
total_counts_total,L1_total_counts_total,-0.078553756425816,0.0436089534064208,-1.80132175367112,0.0735119399247783,*,548.080226521944,2119,0.982530413961399,AGO,full
average_counts_total,L1_average_counts_total,-0.078553756425816,0.0436089534064208,-1.80132175367112,0.0735119399247783,*,548.080226521944,2119,0.982530413961399,AGO,full
total_burned_days_allfire,L1_total_burned_days_human,-1.04460602207715,0.702158673495742,-1.48770649926819,0.13877219805938,"",1544.2043416706,2119,0.98333079014166,AGO,full
total_burned_days_allfire,L1_total_burned_days_nature,-0.191296774577975,0.0510519487519134,-3.74710034101892,0.000248411147829074,***,1544.2043416706,2119,0.983988495597482,AGO,full
average_burned_days_allfire,L1_average_burned_days_human,0.0181617866083307,0.0214586276107475,0.846362914617821,0.398598799931873,"",2.41930285754546,2119,0.809337678467803,AGO,full
average_burned_days_allfire,L1_average_burned_days_nature,-0.0642330713982764,0.0337188576252767,-1.90495989253578,0.0585571485030033,*,2.41930285754546,2119,0.810057916215228,AGO,full
total_burned_areas_ha,L1_total_ba_ha_human,-4.82206740594252,6.28577137671224,-0.767140119637105,0.444114788309505,"",381575.160505022,2119,0.924619541571163,AGO,full
total_burned_areas_ha,L1_total_ba_ha_nature,-0.0292690789832479,0.0313808262403354,-0.932705810837666,0.35235989666104,"",381575.160505022,2119,0.924686293957216,AGO,full
average_burned_areas_ha,L1_average_ba_ha_human,0.379529610023795,0.226659742417543,1.67444648959603,0.0959723512501363,*,548.775603907814,2119,0.853637770418061,AGO,full
average_burned_areas_ha,L1_average_ba_ha_nature,0.0180241787595712,0.0797825266301254,0.22591636942174,0.821551238436712,"",548.775603907814,2119,0.853593766079945,AGO,full
total_counts_total,L1_total_counts_human,-0.347646291186194,0.476523602625646,-0.729546845677029,0.466720746992885,"",548.080226521944,2119,0.982418382771757,AGO,full
total_counts_total,L1_total_counts_nature,-0.0785791075545761,0.04385751378187,-1.79169088210056,0.0750490915655282,*,548.080226521944,2119,0.982529870223909,AGO,full
average_counts_total,L1_average_counts_human,-0.347646291186194,0.476523602625646,-0.729546845677029,0.466720746992885,"",548.080226521944,2119,0.982418382771757,AGO,full
average_counts_total,L1_average_counts_nature,-0.0785791075545761,0.04385751378187,-1.79169088210056,0.0750490915655282,*,548.080226521944,2119,0.982529870223909,AGO,full
total_burned_days_allfire,L1_total_burned_days_allfire,-0.195560406780777,0.0533136695723804,-3.66811004287143,0.000362274217872394,***,1908.44106699752,1612,0.983115122631101,AGO,nature_subsample
total_burned_days_allfire,L1_total_burned_days_allfire,0.019706169975457,0.0763634283420444,0.258057690746803,0.802876933441118,"",4.76923076923077,117,0.708965999577997,AGO,human_subsample
average_burned_days_allfire,L1_average_burned_days_allfire,-0.118796144683103,0.0437702261247033,-2.71408569708203,0.00760065626677231,***,2.63168776650274,1612,0.809891230998952,AGO,nature_subsample
average_burned_days_allfire,L1_average_burned_days_allfire,-0.0178868362355067,0.0537780111178205,-0.332605015762279,0.747980435048602,"",0.509876340844634,117,0.607268214312563,AGO,human_subsample
total_burned_areas_ha,L1_total_burned_areas_ha,0.00483823933363996,0.036769602769472,0.131582583689398,0.895529451501915,"",487191.692279739,1612,0.923744124867432,AGO,nature_subsample
total_burned_areas_ha,L1_total_burned_areas_ha,0.0895809077519816,0.0701518544041335,1.27695708848865,0.237431796672514,"",288.132969056115,117,0.725383770549922,AGO,human_subsample
average_burned_areas_ha,L1_average_burned_areas_ha,0.150579602304575,0.0510446171570174,2.94996045991255,0.00380564354612928,***,657.180755686831,1612,0.867064264554727,AGO,nature_subsample
average_burned_areas_ha,L1_average_burned_areas_ha,-0.0288092960811228,0.111115300214498,-0.259273889603944,0.801970928413588,"",31.7331660570329,117,0.606436672078683,AGO,human_subsample
total_counts_total,L1_total_counts_total,-0.0816294041407733,0.0468276794163934,-1.74318704574108,0.0837998283711137,*,667.043424317618,1612,0.982340389752043,AGO,nature_subsample
total_counts_total,L1_total_counts_total,0.151153560259587,0.0863750038003315,1.74996878273951,0.118238400173753,"",2.29059829059829,117,0.750033230598548,AGO,human_subsample
average_counts_total,L1_average_counts_total,-0.0816294041407733,0.0468276794163934,-1.74318704574108,0.0837998283711137,*,667.043424317618,1612,0.982340389752043,AGO,nature_subsample
average_counts_total,L1_average_counts_total,0.151153560259587,0.0863750038003315,1.74996878273951,0.118238400173753,"",2.29059829059829,117,0.750033230598548,AGO,human_subsample
total_burned_days_nature,L1_total_burned_days_nature,-0.0853247589262239,0.0310825897571485,-2.74509812705039,0.0177628360945724,**,0.0473372781065089,169,0.448827164010457,ALA,full
average_burned_days_nature,L1_average_burned_days_nature,-0.0853247589262239,0.0310825897571485,-2.74509812705039,0.0177628360945724,**,0.0236686390532544,169,0.448827164010457,ALA,full
total_ba_ha_nature,L1_total_ba_ha_nature,-0.0965218141973683,0.025448824446758,-3.79278085710023,0.00256325332159581,***,1.02192415437374,169,0.499164573754706,ALA,full
average_ba_ha_nature,L1_average_ba_ha_nature,-0.105728209239384,0.0218106200703707,-4.84755632339923,0.000399894708803517,***,0.574826722953306,169,0.540332743968132,ALA,full
total_counts_nature,L1_total_counts_nature,-0.112980838578087,0.020817075481425,-5.4273156034285,0.000153167738496392,***,0.0177514792899408,169,0.579270971989995,ALA,full
average_counts_nature,L1_average_counts_nature,-0.112980838578087,0.020817075481425,-5.4273156034285,0.000153167738496392,***,0.0177514792899408,169,0.579270971989995,ALA,full
total_burned_days_allfire,L1_total_burned_days_allfire,-0.0853247589262239,0.0310825897571485,-2.74509812705039,0.0177628360945724,**,0.0473372781065089,169,0.448827164010457,ALA,full
average_burned_days_allfire,L1_average_burned_days_allfire,-0.0853247589262239,0.0310825897571485,-2.74509812705039,0.0177628360945724,**,0.0236686390532544,169,0.448827164010457,ALA,full
total_burned_areas_ha,L1_total_burned_areas_ha,-0.0965218141973683,0.025448824446758,-3.79278085710023,0.00256325332159581,***,1.02192415437374,169,0.499164573754706,ALA,full
average_burned_areas_ha,L1_average_burned_areas_ha,-0.105728209239384,0.0218106200703707,-4.84755632339923,0.000399894708803517,***,0.574826722953306,169,0.540332743968132,ALA,full
total_counts_total,L1_total_counts_total,-0.112980838578087,0.020817075481425,-5.4273156034285,0.000153167738496392,***,0.0177514792899408,169,0.579270971989995,ALA,full
average_counts_total,L1_average_counts_total,-0.112980838578087,0.020817075481425,-5.4273156034285,0.000153167738496392,***,0.0177514792899408,169,0.579270971989995,ALA,full
total_burned_days_allfire,L1_total_burned_days_nature,-0.0853247589262239,0.0310825897571485,-2.74509812705039,0.0177628360945724,**,0.0473372781065089,169,0.448827164010457,ALA,full
average_burned_days_allfire,L1_average_burned_days_nature,-0.0853247589262239,0.0310825897571485,-2.74509812705039,0.0177628360945724,**,0.0236686390532544,169,0.448827164010457,ALA,full
total_burned_areas_ha,L1_total_ba_ha_nature,-0.0965218141973683,0.025448824446758,-3.79278085710023,0.00256325332159581,***,1.02192415437374,169,0.499164573754706,ALA,full
average_burned_areas_ha,L1_average_ba_ha_nature,-0.105728209239384,0.0218106200703707,-4.84755632339923,0.000399894708803517,***,0.574826722953306,169,0.540332743968132,ALA,full
total_counts_total,L1_total_counts_nature,-0.112980838578087,0.020817075481425,-5.4273156034285,0.000153167738496392,***,0.0177514792899408,169,0.579270971989995,ALA,full
average_counts_total,L1_average_counts_nature,-0.112980838578087,0.020817075481425,-5.4273156034285,0.000153167738496392,***,0.0177514792899408,169,0.579270971989995,ALA,full
total_burned_days_human,L1_total_burned_days_human,-0.0871399663992117,0.0713954025257102,-1.22052629884441,0.230199992594027,"",0.261954261954262,481,0.495011689246259,ALB,full
average_burned_days_human,L1_average_burned_days_human,-0.0821966135599065,0.0440511696723324,-1.86593487009114,0.0702147711898977,*,0.170790020790021,481,0.472230560057238,ALB,full
total_ba_ha_human,L1_total_ba_ha_human,-0.108172445963322,0.0576583883464424,-1.87609208417974,0.0687689560326,*,16.4892863142302,481,0.462567425941964,ALB,full
average_ba_ha_human,L1_average_ba_ha_human,-0.113642384588827,0.0446105231621118,-2.54743447360746,0.0152672522301576,**,10.9637131887614,481,0.491151988927749,ALB,full
total_counts_human,L1_total_counts_human,-0.0958807676781,0.0388027625490262,-2.47097787321089,0.0183420834073602,**,0.14968814968815,481,0.513482029174641,ALB,full
average_counts_human,L1_average_counts_human,-0.0958807676781,0.0388027625490262,-2.47097787321089,0.0183420834073602,**,0.14968814968815,481,0.513482029174641,ALB,full
total_burned_days_nature,L1_total_burned_days_nature,-0.0438517393602937,0.0894512727498479,-0.490230468636549,0.626945441459528,"",5.11850311850312,481,0.745478492952217,ALB,full
average_burned_days_nature,L1_average_burned_days_nature,-0.148464075559009,0.0510008855067076,-2.91100976157529,0.0061467080817031,***,1.10413411790382,481,0.552809932968156,ALB,full
total_ba_ha_nature,L1_total_ba_ha_nature,-0.0492931216849856,0.0791279962990404,-0.622954251219722,0.537241286538235,"",486.239702254023,481,0.663187895094918,ALB,full
average_ba_ha_nature,L1_average_ba_ha_nature,-0.139768507693522,0.0440741334444902,-3.17121396997075,0.00309790231676732,***,110.81057599521,481,0.488039024967054,ALB,full
total_counts_nature,L1_total_counts_nature,0.0111139074285318,0.100462956954835,0.110626919268644,0.91252665310558,"",1.39501039501039,481,0.840077834981075,ALB,full
average_counts_nature,L1_average_counts_nature,0.0111139074285318,0.100462956954835,0.110626919268644,0.91252665310558,"",1.39501039501039,481,0.840077834981075,ALB,full
total_burned_days_allfire,L1_total_burned_days_allfire,-0.0561173993605976,0.0887195363347703,-0.632525841307903,0.531040595965687,"",5.38045738045738,481,0.740016375123356,ALB,full
average_burned_days_allfire,L1_average_burned_days_allfire,-0.125182068670058,0.0527525959932446,-2.37300300228047,0.0231050324154406,**,1.15343136682529,481,0.538713400265546,ALB,full
total_burned_areas_ha,L1_total_burned_areas_ha,-0.0563211633227768,0.0787846064348442,-0.714875225902856,0.479296693219926,"",502.728988568253,481,0.659273375971087,ALB,full
average_burned_areas_ha,L1_average_burned_areas_ha,-0.123823989359724,0.0439567898865557,-2.81694795455471,0.00782175014450747,***,110.040203529265,481,0.49379415369262,ALB,full
total_counts_total,L1_total_counts_total,-0.016020952218137,0.0887931475202062,-0.180430051930428,0.857826854279275,"",1.54469854469854,481,0.830871325738727,ALB,full
average_counts_total,L1_average_counts_total,-0.016020952218137,0.0887931475202062,-0.180430051930428,0.857826854279275,"",1.54469854469854,481,0.830871325738727,ALB,full
total_burned_days_allfire,L1_total_burned_days_human,-0.827398151524458,1.10447219126656,-0.749134435495051,0.458643482034652,"",5.38045738045738,481,0.740925054519807,ALB,full
total_burned_days_allfire,L1_total_burned_days_nature,-0.0499172694887236,0.0858633888124712,-0.581356852776271,0.564622533383481,"",5.38045738045738,481,0.739804039211994,ALB,full
average_burned_days_allfire,L1_average_burned_days_human,-0.0396888984822478,0.148224004204591,-0.267762962518986,0.790410007593762,"",1.15343136682529,481,0.53156097785261,ALB,full
average_burned_days_allfire,L1_average_burned_days_nature,-0.133946787930083,0.0554534663964377,-2.41548088215974,0.0209170007476606,**,1.15343136682529,481,0.539746914753831,ALB,full
total_burned_areas_ha,L1_total_ba_ha_human,-1.82250029170233,1.82017131663098,-1.00127953618984,0.323374697937529,"",502.728988568253,481,0.662358989620009,ALB,full
total_burned_areas_ha,L1_total_ba_ha_nature,-0.0513104468150888,0.0767083058362477,-0.668903403037258,0.507824156442893,"",502.728988568253,481,0.659045957995683,ALB,full
average_burned_areas_ha,L1_average_ba_ha_human,-0.116681722051675,0.395637858598331,-0.294920517629573,0.769748751248825,"",110.040203529265,481,0.486107706542518,ALB,full
average_burned_areas_ha,L1_average_ba_ha_nature,-0.127219426196252,0.0432436650589416,-2.94192053385972,0.00567412185934073,***,110.040203529265,481,0.49520580937655,ALB,full
total_counts_total,L1_total_counts_human,-0.0780610917342158,0.209793918336247,-0.372084626443287,0.712011230244024,"",1.54469854469855,481,0.830872828360351,ALB,full
total_counts_total,L1_total_counts_nature,-0.0139734307484211,0.0916802876382089,-0.15241477866609,0.879710836031998,"",1.54469854469854,481,0.830854667628234,ALB,full
average_counts_total,L1_average_counts_human,-0.0780610917342158,0.209793918336247,-0.372084626443287,0.712011230244024,"",1.54469854469855,481,0.830872828360351,ALB,full
average_counts_total,L1_average_counts_nature,-0.0139734307484211,0.0916802876382089,-0.15241477866609,0.879710836031998,"",1.54469854469854,481,0.830854667628234,ALB,full
total_burned_days_human,L1_total_burned_days_human,-0.15638503878474,0.0745113888711351,-2.09880719114232,0.0371693537574145,**,0.00773300773300772,2457,0.698455998844073,ARE,full
average_burned_days_human,L1_average_burned_days_human,-0.150225228043728,0.056928297917683,-2.63884980824388,0.00901649641092773,***,0.00508750508750508,2457,0.701935148420508,ARE,full
total_ba_ha_human,L1_total_ba_ha_human,-0.258637510787006,0.0780575165454539,-3.31342223316058,0.00110550956892801,***,0.584019009022966,2457,0.720282978124878,ARE,full
average_ba_ha_human,L1_average_ba_ha_human,-0.236737944249438,0.0614725701228705,-3.85111511973958,0.000161130543861246,***,0.357386148038758,2457,0.725397305467037,ARE,full
total_counts_human,L1_total_counts_human,-0.0466963117700545,0.0372040720490397,-1.25513980589283,0.210985943140795,"",0.00366300366300366,2457,0.794023346836279,ARE,full
average_counts_human,L1_average_counts_human,-0.0466963117700545,0.0372040720490397,-1.25513980589283,0.210985943140795,"",0.00366300366300366,2457,0.794023346836279,ARE,full
total_burned_days_nature,L1_total_burned_days_nature,0.822125024091182,0.58926985306048,1.39515880512354,0.164613905619425,"",0.0170940170940171,2457,0.511309510085782,ARE,full
average_burned_days_nature,L1_average_burned_days_nature,0.219041848842657,0.238678578976994,0.917727304148945,0.359937488883289,"",0.00375990852181329,2457,0.505800512733954,ARE,full
total_ba_ha_nature,L1_total_ba_ha_nature,0.943973792780014,0.0580377652672904,16.2648197847141,1.04218340573034e-37,***,0.66250924701902,2457,0.694176079456619,ARE,full
average_ba_ha_nature,L1_average_ba_ha_nature,0.29426662533946,0.0298739299328286,9.85028170050331,1.01241746651985e-18,***,0.18223238218549,2457,0.535409001361467,ARE,full
total_counts_nature,L1_total_counts_nature,1.20298579318715,0.286802573517454,4.19447349594283,4.21052838584389e-05,***,0.00691900691900692,2457,0.65856154993259,ARE,full
average_counts_nature,L1_average_counts_nature,1.20298579318715,0.286802573517454,4.19447349594283,4.21052838584389e-05,***,0.00691900691900692,2457,0.65856154993259,ARE,full
total_burned_days_allfire,L1_total_burned_days_allfire,0.308326522009865,0.174396295112792,1.76796486307495,0.0786887922782005,*,0.0248270248270248,2457,0.562944096707286,ARE,full
average_burned_days_allfire,L1_average_burned_days_allfire,0.0129872347339245,0.0635422774728102,0.204387303232588,0.838271946377627,"",0.00884741360931838,2457,0.711635955983909,ARE,full
total_burned_areas_ha,L1_total_burned_areas_ha,0.367410331465299,0.168771584480449,2.17696795699551,0.0307290604641077,**,1.24652825604199,2457,0.670482557780602,ARE,full
average_burned_areas_ha,L1_average_burned_areas_ha,-0.132003538424107,0.07978076457063,-1.65457850817215,0.0996785641233384,*,0.529448652117828,2457,0.72283420720031,ARE,full
total_counts_total,L1_total_counts_total,0.615195044808511,0.310888427658766,1.97882902699664,0.0492953728491393,**,0.0105820105820106,2457,0.636549927816152,ARE,full
average_counts_total,L1_average_counts_total,0.615195044808511,0.310888427658766,1.97882902699664,0.0492953728491393,**,0.0105820105820106,2457,0.636549927816152,ARE,full
total_burned_days_allfire,L1_total_burned_days_human,-0.421262418318879,0.092744393380398,-4.54218743542846,9.9322264447366e-06,***,0.0248270248270248,2457,0.565226971582557,ARE,full
total_burned_days_allfire,L1_total_burned_days_nature,1.17160041590211,0.514539789369781,2.27698700879306,0.0239132560771646,**,0.0248270248270248,2457,0.628668253500937,ARE,full
average_burned_days_allfire,L1_average_burned_days_human,-0.284126672548014,0.0323516117369922,-8.78245803819201,9.8277845104528e-16,***,0.00884741360931835,2457,0.734430712634685,ARE,full
average_burned_days_allfire,L1_average_burned_days_nature,1.33494560305631,0.0566676960785991,23.5574356367818,5.33764252753394e-58,***,0.00884741360931836,2457,0.824392140158895,ARE,full
total_burned_areas_ha,L1_total_ba_ha_human,-0.382115179007512,0.0555925322228499,-6.87349835901976,8.95617525400067e-11,***,1.24652825604199,2457,0.659279399458399,ARE,full
total_burned_areas_ha,L1_total_ba_ha_nature,0.952238339072762,0.0251583029430053,37.8498637698259,7.10823501304119e-90,***,1.24652825604199,2457,0.756500324611078,ARE,full
average_burned_areas_ha,L1_average_ba_ha_human,-0.300290686030265,0.0515769405104262,-5.82218881264509,2.47083470078398e-08,***,0.529448652117828,2457,0.740067918069611,ARE,full
average_burned_areas_ha,L1_average_ba_ha_nature,0.472767282510846,0.131164308871324,3.60438968938297,0.000400636982590724,***,0.529448652117828,2457,0.735643460685908,ARE,full
total_counts_total,L1_total_counts_human,0.0669177345663837,0.166637374667397,0.401576985354872,0.68845148347574,"",0.0105820105820106,2457,0.570303324365543,ARE,full
total_counts_total,L1_total_counts_nature,1.18037417709619,0.286030840833312,4.12673743033208,5.52384854139331e-05,***,0.0105820105820106,2457,0.68792332823909,ARE,full
average_counts_total,L1_average_counts_human,0.0669177345663837,0.166637374667397,0.401576985354872,0.68845148347574,"",0.0105820105820106,2457,0.570303324365543,ARE,full
average_counts_total,L1_average_counts_nature,1.18037417709619,0.286030840833312,4.12673743033208,5.52384854139331e-05,***,0.0105820105820106,2457,0.68792332823909,ARE,full
total_burned_days_human,L1_total_burned_days_human,0.253831580666605,0.0825088438351873,3.07641664660382,0.00220960979656679,***,14.2583512105424,6526,0.867070813075345,ARG,full
average_burned_days_human,L1_average_burned_days_human,-0.0755443516674865,0.0203454084935782,-3.71309092620733,0.000227731249598816,***,0.458578835111041,6526,0.413318861120016,ARG,full
total_ba_ha_human,L1_total_ba_ha_human,0.15467415543038,0.0658511969903177,2.34884349107766,0.0192194039875904,**,963.61719906649,6526,0.826201614955407,ARG,full
average_ba_ha_human,L1_average_ba_ha_human,-0.0933767695879995,0.0167687314109496,-5.56850529116512,4.19609142916931e-08,***,29.7970434167274,6526,0.346969806218636,ARG,full
total_counts_human,L1_total_counts_human,0.256478417170203,0.094521557274863,2.71343833686932,0.00688821942814397,***,8.90943916641128,6526,0.902313894035518,ARG,full
average_counts_human,L1_average_counts_human,0.256478417170203,0.094521557274863,2.71343833686932,0.00688821942814397,***,8.90943916641128,6526,0.902313894035518,ARG,full
total_burned_days_nature,L1_total_burned_days_nature,-0.24365083483008,0.0650500145099986,-3.74559232100753,0.000200878274261968,***,56.780570027582,6526,0.8658031357634,ARG,full
average_burned_days_nature,L1_average_burned_days_nature,-0.0436241537169809,0.0231405967146259,-1.885178427115,0.0599841932983845,*,1.29446251980167,6526,0.341057777851279,ARG,full
total_ba_ha_nature,L1_total_ba_ha_nature,-0.0662990647335873,0.0124094609669142,-5.34262244833617,1.39298217976754e-07,***,8038.83953656914,6526,0.516137140949367,ARG,full
average_ba_ha_nature,L1_average_ba_ha_nature,-0.0731866120244635,0.0194700190527123,-3.75893890120606,0.000190740032551287,***,305.566859304512,6526,0.290538022393502,ARG,full
total_counts_nature,L1_total_counts_nature,-0.215174426413653,0.0827718348367437,-2.59960923710409,0.0096083293509478,***,30.8288384921851,6526,0.889477674080406,ARG,full
average_counts_nature,L1_average_counts_nature,-0.215174426413653,0.0827718348367437,-2.59960923710409,0.0096083293509478,***,30.8288384921851,6526,0.889477674080406,ARG,full
total_burned_days_allfire,L1_total_burned_days_allfire,-0.188023369042667,0.0773251078325125,-2.43159530342885,0.0153819881582789,**,71.1037388905915,6526,0.867888125427411,ARG,full
average_burned_days_allfire,L1_average_burned_days_allfire,-0.0345581026573371,0.0223092413660235,-1.54904875922712,0.122001429525659,"",1.39333400684525,6526,0.307300530669174,ARG,full
total_burned_areas_ha,L1_total_burned_areas_ha,-0.0526218684568577,0.0117593947049717,-4.47487900330532,9.47131015037246e-06,***,9539.20616892205,6526,0.489332093937736,ARG,full
average_burned_areas_ha,L1_average_burned_areas_ha,-0.0746090237143457,0.0211492646956411,-3.52773606023866,0.000457683710244278,***,310.545575150824,6526,0.297223861823569,ARG,full
total_counts_total,L1_total_counts_total,-0.152571027290596,0.083182562879567,-1.83417079263945,0.0672215517870245,*,39.7459393196445,6526,0.893824771075419,ARG,full
average_counts_total,L1_average_counts_total,-0.152571027290596,0.083182562879567,-1.83417079263945,0.0672215517870245,*,39.7459393196445,6526,0.893824771075419,ARG,full
total_burned_days_allfire,L1_total_burned_days_human,0.344528639402644,0.0955324731025146,3.6064034376346,0.000341578465971103,***,71.1037388905915,6526,0.864382965409164,ARG,full
total_burned_days_allfire,L1_total_burned_days_nature,-0.249298237964247,0.0635990562149278,-3.91984178384289,0.00010093187607992,***,71.1037388905915,6526,0.870441554267023,ARG,full
average_burned_days_allfire,L1_average_burned_days_human,-0.0343957174554899,0.0214802951158258,-1.60126838435049,0.109947803956366,"",1.39333400684525,6526,0.306750625729306,ARG,full
average_burned_days_allfire,L1_average_burned_days_nature,-0.0360501621693303,0.0224409862464166,-1.60644286189012,0.108806691838265,"",1.39333400684525,6526,0.307353357892211,ARG,full
total_burned_areas_ha,L1_total_ba_ha_human,0.31704296072729,0.244904590119054,1.29455703779651,0.196069414360854,"",9539.20616892205,6526,0.488130043903137,ARG,full
total_burned_areas_ha,L1_total_ba_ha_nature,-0.0596085378442724,0.0139210622677929,-4.28189578479077,2.22161574129915e-05,***,9539.20616892205,6526,0.489367622113924,ARG,full
average_burned_areas_ha,L1_average_ba_ha_human,-0.0560160062416663,0.337739532958984,-0.165855639554251,0.868337465737989,"",310.545575150824,6526,0.293310461269982,ARG,full
average_burned_areas_ha,L1_average_ba_ha_nature,-0.0602366327411108,0.0191234537657481,-3.14988252012302,0.00173093436282128,***,310.545575150824,6526,0.29606969807205,ARG,full
total_counts_total,L1_total_counts_human,0.332414189613528,0.107335684629269,3.09695876782884,0.00206477713292555,***,39.7459393196445,6526,0.892450594775313,ARG,full
total_counts_total,L1_total_counts_nature,-0.219937485985478,0.0822589338072854,-2.6737215741301,0.00774637180892381,***,39.7459393196445,6526,0.895623012243221,ARG,full
average_counts_total,L1_average_counts_human,0.332414189613528,0.107335684629269,3.09695876782884,0.00206477713292555,***,39.7459393196445,6526,0.892450594775313,ARG,full
average_counts_total,L1_average_counts_nature,-0.219937485985478,0.0822589338072854,-2.6737215741301,0.00774637180892381,***,39.7459393196445,6526,0.895623012243221,ARG,full
total_burned_days_allfire,L1_total_burned_days_allfire,0.0834940232581957,0.055439852719387,1.5060289514261,0.133852396880421,"",55.6179921773142,2301,0.908591307727335,ARG,nature_subsample
total_burned_days_allfire,L1_total_burned_days_allfire,0.345855941153506,0.0363729787162665,9.50859548379068,6.11428142790286e-16,***,24.3959068454481,1417,0.908134605569397,ARG,human_subsample
average_burned_days_allfire,L1_average_burned_days_allfire,0.0121756324034658,0.0436678858898222,0.278823491345242,0.780707626949582,"",1.5883266427291,2301,0.375444547765979,ARG,nature_subsample
average_burned_days_allfire,L1_average_burned_days_allfire,-0.0653094866706273,0.0424174733102452,-1.53968356844237,0.126562379548992,"",0.885772997739891,1417,0.37338262583304,ARG,human_subsample
total_burned_areas_ha,L1_total_burned_areas_ha,-0.0326790420732274,0.0175276615941501,-1.86442680318144,0.0639269545484007,*,10766.9978116962,2301,0.547524272856808,ARG,nature_subsample
total_burned_areas_ha,L1_total_burned_areas_ha,-0.0778859255293896,0.0101497398343522,-7.67368689252324,7.90211895906041e-12,***,2511.20257117591,1417,0.339579077106819,ARG,human_subsample
average_burned_areas_ha,L1_average_burned_areas_ha,-0.0791628289096681,0.0289922515125364,-2.73048227646058,0.00696760476349134,***,537.752995629817,2301,0.334949308246442,ARG,nature_subsample
average_burned_areas_ha,L1_average_burned_areas_ha,-0.20126956678087,0.0423755217398818,-4.7496658098122,6.3024044078219e-06,***,103.229678896571,1417,0.411813007115948,ARG,human_subsample
total_counts_total,L1_total_counts_total,0.166937486888773,0.0641139512432726,2.6037622647113,0.0100081277082839,**,28.1694915254237,2301,0.91420343966958,ARG,nature_subsample
total_counts_total,L1_total_counts_total,0.319906837313698,0.0725939774332956,4.40679583382314,2.48350042964028e-05,***,15.0345800988003,1417,0.944319540642316,ARG,human_subsample
average_counts_total,L1_average_counts_total,0.166937486888773,0.0641139512432726,2.6037622647113,0.0100081277082839,**,28.1694915254237,2301,0.91420343966958,ARG,nature_subsample
average_counts_total,L1_average_counts_total,0.319906837313698,0.0725939774332956,4.40679583382314,2.48350042964028e-05,***,15.0345800988003,1417,0.944319540642316,ARG,human_subsample
total_burned_days_human,L1_total_burned_days_human,-0.0548031009796682,0.0428248521458408,-1.27970321515729,0.201175686915216,"",9.94894486044929,7345,0.524791052993294,AUS,full
average_burned_days_human,L1_average_burned_days_human,-0.0802202399061157,0.016018340738217,-5.0080243151979,7.36571689265136e-07,***,0.499902601801422,7345,0.36695892264879,AUS,full
total_ba_ha_human,L1_total_ba_ha_human,-0.134421057954536,0.032618123999161,-4.12105423224197,4.33762349368594e-05,***,744.585509110185,7345,0.505815657923762,AUS,full
average_ba_ha_human,L1_average_ba_ha_human,-0.0989428772964639,0.0174045931514749,-5.68487159885604,2.10192537157356e-08,***,59.2205141580411,7345,0.156537247257837,AUS,full
total_counts_human,L1_total_counts_human,-0.0214811953725962,0.0467874597974598,-0.459122924509837,0.646322788631891,"",4.66004084411164,7345,0.554441034009017,AUS,full
average_counts_human,L1_average_counts_human,-0.0214811953725962,0.0467874597974598,-0.459122924509837,0.646322788631891,"",4.66004084411164,7345,0.554441034009017,AUS,full
total_burned_days_nature,L1_total_burned_days_nature,0.150174331911809,0.0474339755637383,3.1659655368759,0.00162914136801267,***,152.934649421375,7345,0.953892141385473,AUS,full
average_burned_days_nature,L1_average_burned_days_nature,-0.079294745792323,0.0140669122030089,-5.63696884205773,2.73736433729904e-08,***,1.53066655732128,7345,0.359461058614902,AUS,full
total_ba_ha_nature,L1_total_ba_ha_nature,-0.000417953019439252,0.0443948619782258,-0.00941444574474055,0.992491799087922,"",117293.617202013,7345,0.608033904938615,AUS,full
average_ba_ha_nature,L1_average_ba_ha_nature,-0.0821340521426956,0.00151436867599255,-54.2364969936155,6.33659256793093e-226,***,987.887408873122,7345,0.134380809538726,AUS,full
total_counts_nature,L1_total_counts_nature,0.254997800376998,0.057373420797774,4.44452843897521,1.06084009066968e-05,***,52.3609257998639,7345,0.953601614384161,AUS,full
average_counts_nature,L1_average_counts_nature,0.254997800376998,0.057373420797774,4.44452843897521,1.06084009066968e-05,***,52.3609257998639,7345,0.953601614384161,AUS,full
total_burned_days_allfire,L1_total_burned_days_allfire,0.136374681961851,0.0464904947517487,2.93338848489501,0.00348911904166989,***,165.241116405718,7345,0.950649165069098,AUS,full
average_burned_days_allfire,L1_average_burned_days_allfire,-0.0710384662840427,0.0128819724974211,-5.51456434938547,5.3303554319358e-08,***,1.66553293970529,7345,0.337084315098452,AUS,full
total_burned_areas_ha,L1_total_burned_areas_ha,0.000515018105328636,0.0455501275056829,0.0113066226930842,0.990982810735512,"",133684.026296711,7345,0.617132924584631,AUS,full
average_burned_areas_ha,L1_average_burned_areas_ha,-0.0800031827753898,0.00248377696010648,-32.2102926552472,6.36567788452171e-130,***,1181.34465330968,7345,0.152796548389962,AUS,full
total_counts_total,L1_total_counts_total,0.227638463501943,0.0548516922460147,4.15007184246867,3.83700402351879e-05,***,57.1447243022464,7345,0.948562021774412,AUS,full
average_counts_total,L1_average_counts_total,0.227638463501943,0.0548516922460147,4.15007184246867,3.83700402351879e-05,***,57.1447243022464,7345,0.948562021774412,AUS,full
total_burned_days_allfire,L1_total_burned_days_human,-0.0563886809947272,0.0546671503011856,-1.03149113652453,0.302752677549143,"",165.241116405718,7345,0.949702932826124,AUS,full
total_burned_days_allfire,L1_total_burned_days_nature,0.153322535329189,0.0495629162039552,3.09349302002841,0.0020760832293431,***,165.241116405718,7345,0.950801011817692,AUS,full
average_burned_days_allfire,L1_average_burned_days_human,-0.0340524475996376,0.0262740635125948,-1.29604800503409,0.195489050502777,"",1.66553293970529,7345,0.333943749663849,AUS,full
average_burned_days_allfire,L1_average_burned_days_nature,-0.047266824098958,0.0186191402951592,-2.53861474534606,0.0113969379999801,**,1.66553293970529,7345,0.335040763307376,AUS,full
total_burned_areas_ha,L1_total_ba_ha_human,-0.242746568693328,0.688030586117966,-0.352813630078515,0.724359978475302,"",133684.026296711,7345,0.617133125839517,AUS,full
total_burned_areas_ha,L1_total_ba_ha_nature,0.0116710217601456,0.0536141677773417,0.217685403765197,0.827752968417348,"",133684.026296711,7345,0.617171969198494,AUS,full
average_burned_areas_ha,L1_average_ba_ha_human,-0.0919447545855249,0.0357132041749411,-2.57453109318149,0.010291492951844,**,1181.34465330968,7345,0.147342171284806,AUS,full
average_burned_areas_ha,L1_average_ba_ha_nature,-0.0538934654518363,0.0168879084075644,-3.19124572156587,0.00149540803022423,***,1181.34465330968,7345,0.14973045438096,AUS,full
total_counts_total,L1_total_counts_human,-0.0318103822090253,0.0692798871599997,-0.459157534935937,0.646297951288072,"",57.1447243022464,7345,0.945813627478618,AUS,full
total_counts_total,L1_total_counts_nature,0.255470206688456,0.0573592609137745,4.4538615494452,1.01723640754282e-05,***,57.1447243022464,7345,0.948920761614104,AUS,full
average_counts_total,L1_average_counts_human,-0.0318103822090253,0.0692798871599997,-0.459157534935937,0.646297951288072,"",57.1447243022464,7345,0.945813627478618,AUS,full
average_counts_total,L1_average_counts_nature,0.255470206688456,0.0573592609137745,4.4538615494452,1.01723640754282e-05,***,57.1447243022464,7345,0.948920761614104,AUS,full
total_burned_days_allfire,L1_total_burned_days_allfire,0.153962786585788,0.0513026206450111,3.00107060126879,0.00309801204971409,***,477.295022624434,2210,0.954764611928709,AUS,nature_subsample
total_burned_days_allfire,L1_total_burned_days_allfire,-0.138705180655882,0.0472030525989742,-2.93847903935976,0.00371826778088591,***,16.3403639371381,2418,0.579544521524095,AUS,human_subsample
average_burned_days_allfire,L1_average_burned_days_allfire,-0.0663156852083295,0.0391343588776896,-1.69456424252643,0.0920000215751747,*,2.51828979933502,2210,0.393851290663755,AUS,nature_subsample
average_burned_days_allfire,L1_average_burned_days_allfire,-0.0848351504170513,0.0175586159765506,-4.83153971419775,2.83445518805611e-06,***,0.744576236029608,2418,0.266987431838522,AUS,human_subsample
total_burned_areas_ha,L1_total_burned_areas_ha,-0.00253923025262403,0.0466930234138691,-0.0543813629311872,0.95669556028091,"",431165.476785375,2210,0.642018581186432,AUS,nature_subsample
total_burned_areas_ha,L1_total_burned_areas_ha,-0.0776331658175608,0.00737703879399824,-10.5236217384028,1.35073306794842e-20,***,1832.42791476212,2418,0.13885627059323,AUS,human_subsample
average_burned_areas_ha,L1_average_burned_areas_ha,-0.0753530165137873,0.00755180287482633,-9.97814929266413,1.00133315900789e-18,***,2061.37437457013,2210,0.370148373941019,AUS,nature_subsample
average_burned_areas_ha,L1_average_burned_areas_ha,-0.0771381636217383,0.00480444508091005,-16.0555823456571,6.67457596519278e-37,***,522.735556967673,2418,0.121751993288892,AUS,human_subsample
total_counts_total,L1_total_counts_total,0.270710628883027,0.0595052444348955,4.5493574802337,1.0235123456295e-05,***,156.18371040724,2210,0.9559561569352,AUS,nature_subsample
total_counts_total,L1_total_counts_total,-0.100567449431649,0.0501365127945078,-2.005872443579,0.0463268190768657,**,7.54425144747725,2418,0.62554070587712,AUS,human_subsample
average_counts_total,L1_average_counts_total,0.270710628883027,0.0595052444348955,4.5493574802337,1.0235123456295e-05,***,156.18371040724,2210,0.9559561569352,AUS,nature_subsample
average_counts_total,L1_average_counts_total,-0.100567449431649,0.0501365127945078,-2.005872443579,0.0463268190768657,**,7.54425144747725,2418,0.62554070587712,AUS,human_subsample
total_burned_days_human,L1_total_burned_days_human,-0.0838586902052853,0.00807402649881658,-10.3862292522296,3.13476816253921e-17,***,0.0769230769230769,1222,0.222738201725135,AUT,full
average_burned_days_human,L1_average_burned_days_human,-0.0865143800113298,0.00330557117393647,-26.1722938212531,1.1162202020652e-44,***,0.0286043743490552,1222,0.171577002398906,AUT,full
total_ba_ha_human,L1_total_ba_ha_human,-0.0843512677198998,0.00555569591572729,-15.1828445975804,6.492819073324e-27,***,5.67339704103589,1222,0.214326658412945,AUT,full
average_ba_ha_human,L1_average_ba_ha_human,-0.0876687297079355,0.00330969245642406,-26.4884821965171,4.16385576169698e-45,***,2.20307200164598,1222,0.166264306549016,AUT,full
total_counts_human,L1_total_counts_human,-0.0978409066960741,0.0171475745528731,-5.70581608462408,1.36734426777076e-07,***,0.0450081833060556,1222,0.231873863992013,AUT,full
average_counts_human,L1_average_counts_human,-0.0978409066960741,0.0171475745528731,-5.70581608462408,1.36734426777076e-07,***,0.0450081833060556,1222,0.231873863992013,AUT,full
total_burned_days_nature,L1_total_burned_days_nature,-0.115005165797534,0.0176271824455372,-6.5243079064318,3.53142227150151e-09,***,0.0327332242225859,1222,0.258007429096545,AUT,full
average_burned_days_nature,L1_average_burned_days_nature,-0.0720169008689108,0.0128397239641079,-5.60891348367196,2.08036292100606e-07,***,0.0154118930714675,1222,0.214184505745316,AUT,full
total_ba_ha_nature,L1_total_ba_ha_nature,-0.144808225972533,0.0319198508442617,-4.5366197567482,1.70425049318452e-05,***,1.70861252217332,1222,0.278333556222177,AUT,full
average_ba_ha_nature,L1_average_ba_ha_nature,-0.110923423761734,0.0182837014731871,-6.06679254331527,2.78992114771827e-08,***,1.00521063266271,1222,0.245591708610425,AUT,full
total_counts_nature,L1_total_counts_nature,-0.151338830968363,0.0317842251671539,-4.76144471581323,7.04315797807219e-06,***,0.0466448445171849,1222,0.312745199348504,AUT,full
average_counts_nature,L1_average_counts_nature,-0.151338830968363,0.0317842251671539,-4.76144471581323,7.04315797807219e-06,***,0.0466448445171849,1222,0.312745199348504,AUT,full
total_burned_days_allfire,L1_total_burned_days_allfire,-0.0882116236247192,0.012800728993026,-6.89114062744223,6.49795744315517e-10,***,0.109656301145663,1222,0.221743427328965,AUT,full
average_burned_days_allfire,L1_average_burned_days_allfire,-0.101763461560746,0.01761824003945,-5.77602878226663,1.00689025893459e-07,***,0.0414969781991059,1222,0.180716934152512,AUT,full
total_burned_areas_ha,L1_total_burned_areas_ha,-0.0828029002469349,0.00588446742711216,-14.071434887281,9.14298580669658e-25,***,7.38200956320921,1222,0.212213913411431,AUT,full
average_burned_areas_ha,L1_average_burned_areas_ha,-0.0864665440420105,0.00359720593560617,-24.0371403777971,1.1131794360788e-41,***,3.06715515490815,1222,0.164468485333971,AUT,full
total_counts_total,L1_total_counts_total,-0.105115858558687,0.0181739489338673,-5.78387553201514,9.72943243758834e-08,***,0.0916530278232406,1222,0.254557018149404,AUT,full
average_counts_total,L1_average_counts_total,-0.105115858558687,0.0181739489338673,-5.78387553201514,9.72943243758834e-08,***,0.0916530278232406,1222,0.254557018149404,AUT,full
total_burned_days_allfire,L1_total_burned_days_human,-0.0885906252430868,0.0131370089889372,-6.74359173520318,1.28814085119936e-09,***,0.109656301145663,1222,0.220990202146616,AUT,full
total_burned_days_allfire,L1_total_burned_days_nature,-0.0943623154982557,0.0241179024166386,-3.91254238731626,0.000173687960899933,***,0.109656301145663,1222,0.216663693877041,AUT,full
average_burned_days_allfire,L1_average_burned_days_human,-0.0981734756438985,0.0149385266252441,-6.57183121915107,2.84068346895936e-09,***,0.0414969781991058,1222,0.179350662952936,AUT,full
average_burned_days_allfire,L1_average_burned_days_nature,-0.0871102289373148,0.0362203852463038,-2.40500558856436,0.0181524535794056,**,0.0414969781991059,1222,0.173127154396485,AUT,full
total_burned_areas_ha,L1_total_ba_ha_human,-0.0839121157595813,0.00551079092454955,-15.2268734031931,5.35400019186044e-27,***,7.38200956320921,1222,0.212182373362823,AUT,full
total_burned_areas_ha,L1_total_ba_ha_nature,-0.0622520031251123,0.0697806364105697,-0.892109993936412,0.374636438529581,"",7.38200956320921,1222,0.207025930848922,AUT,full
average_burned_areas_ha,L1_average_ba_ha_human,-0.0869927984875474,0.00353107926277489,-24.6363199502875,1.53349196127229e-42,***,3.06715515490814,1222,0.164379528909376,AUT,full
average_burned_areas_ha,L1_average_ba_ha_nature,-0.0489135959031659,0.0472970076156651,-1.03417950456057,0.303734034336586,"",3.06715515490814,1222,0.158336845757787,AUT,full
total_counts_total,L1_total_counts_human,-0.101597881718938,0.0176789147782068,-5.74683927116275,1.14370647181156e-07,***,0.0916530278232406,1222,0.251375428642187,AUT,full
total_counts_total,L1_total_counts_nature,-0.138080236262117,0.0325852363608771,-4.23750912017015,5.31767294512048e-05,***,0.0916530278232406,1222,0.250417841120799,AUT,full
average_counts_total,L1_average_counts_human,-0.101597881718938,0.0176789147782068,-5.74683927116275,1.14370647181156e-07,***,0.0916530278232406,1222,0.251375428642187,AUT,full
average_counts_total,L1_average_counts_nature,-0.138080236262117,0.0325852363608771,-4.23750912017015,5.31767294512048e-05,***,0.0916530278232406,1222,0.250417841120799,AUT,full
total_burned_days_human,L1_total_burned_days_human,0.0955944376674442,0.0247049308870276,3.86944768656043,0.000224950518693205,***,0.656280428432327,1027,0.491506511464142,AZE,full
average_burned_days_human,L1_average_burned_days_human,-0.207421861228603,0.0312381686336429,-6.64001349314743,3.78209806760365e-09,***,0.122431259551513,1027,0.433409389420881,AZE,full
total_ba_ha_human,L1_total_ba_ha_human,0.0545901575119089,0.0192264140026985,2.83933121924074,0.00576216260845394,***,64.1861402296481,1027,0.458897954425586,AZE,full
average_ba_ha_human,L1_average_ba_ha_human,-0.0967143079996285,0.095146244899008,-1.01648055687626,0.312543252003835,"",12.2810717404365,1027,0.362922953388109,AZE,full
total_counts_human,L1_total_counts_human,0.000355974158741736,0.0107388895733058,0.0331481347593515,0.973641136639589,"",0.326192794547225,1027,0.512989322387451,AZE,full
average_counts_human,L1_average_counts_human,0.000355974158741736,0.0107388895733058,0.0331481347593515,0.973641136639589,"",0.326192794547225,1027,0.512989322387451,AZE,full
total_burned_days_nature,L1_total_burned_days_nature,-0.0314381118247358,0.084116883395363,-0.373743183957156,0.709609355345591,"",14.8539435248296,1027,0.759596813115367,AZE,full
average_burned_days_nature,L1_average_burned_days_nature,-0.130806251636319,0.0429185737749451,-3.04777722396453,0.00314630702879572,***,1.17191230987612,1027,0.448888544066486,AZE,full
total_ba_ha_nature,L1_total_ba_ha_nature,-0.233805145585881,0.0404175355704169,-5.78474521729651,1.43704258971811e-07,***,3353.89702677237,1027,0.735767362959011,AZE,full
average_ba_ha_nature,L1_average_ba_ha_nature,0.00397697069890787,0.0591471329148014,0.0672386048641868,0.946563809157873,"",184.200696391425,1027,0.450073666504768,AZE,full
total_counts_nature,L1_total_counts_nature,0.058323263269664,0.077097661884854,0.756485499609188,0.45163702753737,"",5.58227848101266,1027,0.756685504652583,AZE,full
average_counts_nature,L1_average_counts_nature,0.058323263269664,0.077097661884854,0.756485499609188,0.45163702753737,"",5.58227848101266,1027,0.756685504652583,AZE,full
total_burned_days_allfire,L1_total_burned_days_allfire,-0.00349690989062528,0.0771094263697921,-0.0453499663433524,0.963944265280633,"",15.5296981499513,1027,0.753362169421359,AZE,full
average_burned_days_allfire,L1_average_burned_days_allfire,-0.12863620080834,0.0424774271648413,-3.02834256672711,0.00333279228105019,***,1.1730436718357,1027,0.449793221981067,AZE,full
total_burned_areas_ha,L1_total_burned_areas_ha,-0.227292577790032,0.0407533811311699,-5.57726921009235,3.3876844836546e-07,***,3429.94615208798,1027,0.734070083563115,AZE,full
average_burned_areas_ha,L1_average_burned_areas_ha,-0.00493759567916878,0.0602906591377531,-0.0818965284139169,0.934938786098517,"",184.876524506294,1027,0.441778892240871,AZE,full
total_counts_total,L1_total_counts_total,0.0606258682653446,0.071679797795265,0.845787378453645,0.400258574692411,"",5.90944498539435,1027,0.748979797774729,AZE,full
average_counts_total,L1_average_counts_total,0.0606258682653446,0.071679797795265,0.845787378453645,0.400258574692411,"",5.90944498539435,1027,0.748979797774729,AZE,full
total_burned_days_allfire,L1_total_burned_days_human,0.778808736245452,0.318505954950266,2.44519364282235,0.0167316014640426,**,15.5296981499513,1027,0.757427566603144,AZE,full
total_burned_days_allfire,L1_total_burned_days_nature,-0.0260953786275859,0.083948598382405,-0.310849485642578,0.756744232505948,"",15.5296981499513,1027,0.753511063124889,AZE,full
average_burned_days_allfire,L1_average_burned_days_human,-0.107543634538979,0.0586440225899676,-1.83383795635767,0.0704922777714316,*,1.1730436718357,1027,0.441326500281929,AZE,full
average_burned_days_allfire,L1_average_burned_days_nature,-0.127077292292431,0.0423440555470724,-3.00106569034617,0.00361187323942667,***,1.1730436718357,1027,0.449781170811634,AZE,full
total_burned_areas_ha,L1_total_ba_ha_human,0.426923255737865,0.309976842626446,1.37727467678078,0.172366914721263,"",3429.94615208798,1027,0.719990590027896,AZE,full
total_burned_areas_ha,L1_total_ba_ha_nature,-0.233694905088903,0.0405314528914454,-5.76576679140527,1.55503039266859e-07,***,3429.94615208798,1027,0.734545624666455,AZE,full
average_burned_areas_ha,L1_average_ba_ha_human,-0.150723968093137,0.126967580406295,-1.18710593374168,0.238788646622831,"",184.876524506294,1027,0.442484086992483,AZE,full
average_burned_areas_ha,L1_average_ba_ha_nature,-0.00470428070185265,0.0607915668985099,-0.0773837711685626,0.938516411479819,"",184.876524506294,1027,0.441777366736937,AZE,full
total_counts_total,L1_total_counts_human,0.443585824099906,0.18794175095138,2.3602303471923,0.0207630819999437,**,5.90944498539435,1027,0.749750310424659,AZE,full
total_counts_total,L1_total_counts_nature,0.052255472815341,0.0804550021946954,0.649499364736656,0.517923776134504,"",5.90944498539435,1027,0.74865916037173,AZE,full
average_counts_total,L1_average_counts_human,0.443585824099906,0.18794175095138,2.3602303471923,0.0207630819999437,**,5.90944498539435,1027,0.749750310424659,AZE,full
average_counts_total,L1_average_counts_nature,0.052255472815341,0.0804550021946954,0.649499364736656,0.517923776134504,"",5.90944498539435,1027,0.74865916037173,AZE,full
total_burned_days_allfire,L1_total_burned_days_allfire,0.0783945234354979,0.145566483730092,0.53854789527551,0.598658021569086,"",7.46153846153846,195,0.803546261200938,AZE,nature_subsample
total_burned_days_allfire,L1_total_burned_days_allfire,-0.0395709372858187,0.145735964932787,-0.271524858699558,0.791015614404484,"",0.166666666666667,156,0.841950938325524,AZE,human_subsample
average_burned_days_allfire,L1_average_burned_days_allfire,0.0146031804937583,0.0782626128254611,0.186592038861849,0.854657356067249,"",0.794460763856936,195,0.689880250170739,AZE,nature_subsample
average_burned_days_allfire,L1_average_burned_days_allfire,-0.0270233063375404,0.128016644100066,-0.211092132023217,0.836675141761291,"",0.0854700854700856,156,0.849063247050663,AZE,human_subsample
total_burned_areas_ha,L1_total_burned_areas_ha,0.0849065768751125,0.121176570708464,0.700684764213926,0.494981134416663,"",947.870313065382,195,0.749790868940323,AZE,nature_subsample
total_burned_areas_ha,L1_total_burned_areas_ha,-0.0933147814191025,0.10015657810144,-0.931688993254065,0.371494969463147,"",9.78014174608481,156,0.977144331938985,AZE,human_subsample
average_burned_areas_ha,L1_average_burned_areas_ha,-0.0669822354948458,0.138468317174673,-0.483736907196974,0.636051352778082,"",84.3763715171217,195,0.835086030843745,AZE,nature_subsample
average_burned_areas_ha,L1_average_burned_areas_ha,-0.124645179232284,0.0532138613867776,-2.34234419348593,0.039010663981776,**,5.18853167569655,156,0.976695562216618,AZE,human_subsample
total_counts_total,L1_total_counts_total,-0.0587038267755933,0.123912518004901,-0.473752190019022,0.642979757062729,"",3.47179487179487,195,0.810923606097623,AZE,nature_subsample
total_counts_total,L1_total_counts_total,-0.182087144059027,0.157527300131292,-1.15590849273279,0.272207758060949,"",0.0705128205128205,156,0.673122930193961,AZE,human_subsample
average_counts_total,L1_average_counts_total,-0.0587038267755933,0.123912518004901,-0.473752190019022,0.642979757062729,"",3.47179487179487,195,0.810923606097623,AZE,nature_subsample
average_counts_total,L1_average_counts_total,-0.182087144059027,0.157527300131292,-1.15590849273279,0.272207758060949,"",0.0705128205128205,156,0.673122930193961,AZE,human_subsample
total_burned_days_human,L1_total_burned_days_human,0.634999199708301,0.0890662271112405,7.12951721773518,5.93594777244334e-11,***,0.221515326778485,1729,0.764999708421103,BDI,full
average_burned_days_human,L1_average_burned_days_human,0.206615560117906,0.100905950502259,2.04760531058356,0.0425821187655031,**,0.0542595832134334,1729,0.419297989961409,BDI,full
total_ba_ha_human,L1_total_ba_ha_human,0.63279170119585,0.0647622405825624,9.77099766011235,2.66421049780024e-17,***,14.844596925367,1729,0.7963569486983,BDI,full
average_ba_ha_human,L1_average_ba_ha_human,0.118604038066486,0.0835506944797552,1.41954580754831,0.158097220605345,"",3.21806000096287,1729,0.383656223607751,BDI,full
total_counts_human,L1_total_counts_human,1.07346227419607,0.174396107082409,6.15531098804185,8.3787739464071e-09,***,0.0873337189126663,1729,0.871553080683559,BDI,full
average_counts_human,L1_average_counts_human,1.07346227419607,0.174396107082409,6.15531098804185,8.3787739464071e-09,***,0.0873337189126663,1729,0.871553080683559,BDI,full
total_burned_days_nature,L1_total_burned_days_nature,0.0285910066049066,0.0696556384720356,0.410462199932098,0.682132413538514,"",4.51937536148063,1729,0.916809998750665,BDI,full
average_burned_days_nature,L1_average_burned_days_nature,-0.0500395556191181,0.0346060924255144,-1.44597532145019,0.150554304900124,"",0.481741465704053,1729,0.614347578406351,BDI,full
total_ba_ha_nature,L1_total_ba_ha_nature,0.0214182629178003,0.0689874582703506,0.310466039114901,0.756696255595863,"",382.16517495789,1729,0.885763518087589,BDI,full
average_ba_ha_nature,L1_average_ba_ha_nature,-0.0964750656091674,0.0380095834492385,-2.53817739776099,0.0123050150618067,**,37.1514214375789,1729,0.62461329102351,BDI,full
total_counts_nature,L1_total_counts_nature,-0.0772317714939355,0.0389284247490654,-1.98394288984914,0.0493366977464456,**,1.49103528050896,1729,0.882583139010083,BDI,full
average_counts_nature,L1_average_counts_nature,-0.0772317714939355,0.0389284247490654,-1.98394288984914,0.0493366977464456,**,1.49103528050896,1729,0.882583139010083,BDI,full
total_burned_days_allfire,L1_total_burned_days_allfire,0.0955207096749184,0.0788373963162555,1.21161674710486,0.227823618485742,"",4.74089068825911,1729,0.911120761824734,BDI,full
average_burned_days_allfire,L1_average_burned_days_allfire,0.00752011384327679,0.0483038366000533,0.155683572415622,0.876520275225838,"",0.506429847898758,1729,0.598909693658361,BDI,full
total_burned_areas_ha,L1_total_burned_areas_ha,0.0454567772860453,0.068688760203938,0.661778974479717,0.509266499790536,"",397.009771883257,1729,0.883307392853397,BDI,full
average_burned_areas_ha,L1_average_burned_areas_ha,-0.074385777912193,0.0552918172162065,-1.34533067743684,0.180825054600279,"",37.8925662294969,1729,0.671551708633865,BDI,full
total_counts_total,L1_total_counts_total,0.0248581290700301,0.0893876310194493,0.278093610788515,0.781375626254503,"",1.57836899942163,1729,0.869877702070801,BDI,full
average_counts_total,L1_average_counts_total,0.0248581290700301,0.0893876310194493,0.278093610788515,0.781375626254503,"",1.57836899942163,1729,0.869877702070801,BDI,full
total_burned_days_allfire,L1_total_burned_days_human,0.758406003360823,0.0948673155971898,7.99438667139106,5.75079791712724e-13,***,4.74089068825911,1729,0.914130127403528,BDI,full
total_burned_days_allfire,L1_total_burned_days_nature,0.0414175557018292,0.0704401790503022,0.587981976483228,0.55754899591751,"",4.74089068825911,1729,0.910462686540057,BDI,full
average_burned_days_allfire,L1_average_burned_days_human,0.230354216911595,0.104449283657027,2.20541691475829,0.0291557740497734,**,0.506429847898758,1729,0.604123591485376,BDI,full
average_burned_days_allfire,L1_average_burned_days_nature,-0.00929628592214621,0.0482126625042924,-0.192818347696905,0.847397586207656,"",0.506429847898758,1729,0.598920163410534,BDI,full
total_burned_areas_ha,L1_total_ba_ha_human,0.692807388915263,0.0698966469909261,9.91188302645193,1.18792936874205e-17,***,397.009771883257,1729,0.884824622951808,BDI,full
total_burned_areas_ha,L1_total_ba_ha_nature,0.0252196081582187,0.068933379004657,0.365854808256461,0.715059077116344,"",397.009771883257,1729,0.88313173721165,BDI,full
average_burned_areas_ha,L1_average_ba_ha_human,0.110627130440285,0.086580107398953,1.27774304934187,0.203582598668321,"",37.8925662294969,1729,0.670207879959898,BDI,full
average_burned_areas_ha,L1_average_ba_ha_nature,-0.0535840299484318,0.0467881817730594,-1.14524710980082,0.254178985713608,"",37.8925662294969,1729,0.670920346686063,BDI,full
total_counts_total,L1_total_counts_human,1.31535602131873,0.200925083815554,6.54649980151911,1.19548909362874e-09,***,1.57836899942163,1729,0.882968629119301,BDI,full
total_counts_total,L1_total_counts_nature,-0.0640721493477409,0.0424305152643146,-1.51004881624965,0.133421049456893,"",1.57836899942163,1729,0.870254707440028,BDI,full
average_counts_total,L1_average_counts_human,1.31535602131873,0.200925083815554,6.54649980151911,1.19548909362874e-09,***,1.57836899942163,1729,0.882968629119301,BDI,full
average_counts_total,L1_average_counts_nature,-0.0640721493477409,0.0424305152643146,-1.51004881624965,0.133421049456893,"",1.57836899942163,1729,0.870254707440028,BDI,full
total_burned_days_allfire,L1_total_burned_days_allfire,0.796488174117148,0.0382402426465823,20.8285334765869,6.1962710481353e-21,***,1.18681318681319,455,0.898868749138622,BDI,human_subsample
average_burned_days_allfire,L1_average_burned_days_allfire,0.21384660213543,0.0563403188445528,3.79562285981108,0.000579299040293406,***,0.232533801057829,455,0.593730384948131,BDI,human_subsample
total_burned_areas_ha,L1_total_burned_areas_ha,0.653321239099626,0.0398265491901603,16.4041638651696,1.01296848582072e-17,***,80.0817717496738,455,0.880369617599362,BDI,human_subsample
average_burned_areas_ha,L1_average_burned_areas_ha,0.0501657730637665,0.0922202817052874,0.54397766018633,0.590006544711611,"",13.9467915219671,455,0.531034250814801,BDI,human_subsample
total_counts_total,L1_total_counts_total,1.00828349019232,0.0430351343531691,23.4293096872386,1.46198701204023e-22,***,0.441758241758242,455,0.905706875530796,BDI,human_subsample
average_counts_total,L1_average_counts_total,1.00828349019232,0.0430351343531691,23.4293096872386,1.46198701204023e-22,***,0.441758241758242,455,0.905706875530796,BDI,human_subsample
total_burned_days_human,L1_total_burned_days_human,-0.0544624152625538,0.0932236717789561,-0.584212295260053,0.572020217203914,"",0.230769230769231,143,0.422375922661486,BEL,full
average_burned_days_human,L1_average_burned_days_human,-0.116165621404582,0.0704496786991906,-1.64891626973334,0.130180912473808,"",0.146853146853147,143,0.387401943115021,BEL,full
total_ba_ha_human,L1_total_ba_ha_human,-0.00247379069297375,0.0754823583136346,-0.0327730975587034,0.974500447096709,"",12.6553381683118,143,0.413731001042705,BEL,full
average_ba_ha_human,L1_average_ba_ha_human,-0.0594215971730191,0.118795230736162,-0.500201875149275,0.627756461159314,"",6.51593330032212,143,0.419403833018238,BEL,full
total_counts_human,L1_total_counts_human,0.239389490530142,0.144978203796895,1.65121021133294,0.129706129235399,"",0.111888111888112,143,0.587218549999021,BEL,full
average_counts_human,L1_average_counts_human,0.239389490530142,0.144978203796895,1.65121021133294,0.129706129235399,"",0.111888111888112,143,0.587218549999021,BEL,full
total_burned_days_nature,L1_total_burned_days_nature,-0.118036310083542,0.030727928559199,-3.84133638738903,0.0032579690848486,***,0.0489510489510486,143,0.449319435794902,BEL,full
average_burned_days_nature,L1_average_burned_days_nature,-0.118036310083542,0.030727928559199,-3.84133638738903,0.0032579690848486,***,0.0489510489510486,143,0.449319435794902,BEL,full
total_ba_ha_nature,L1_total_ba_ha_nature,-0.118036310083147,0.0307279283961718,-3.84133640775641,0.00325796897650426,***,4.8204575308566,143,0.449319435794901,BEL,full
average_ba_ha_nature,L1_average_ba_ha_nature,-0.118036310083147,0.0307279283961718,-3.84133640775641,0.00325796897650426,***,4.8204575308566,143,0.449319435794901,BEL,full
total_counts_nature,L1_total_counts_nature,-0.118036310083156,0.0307279284136063,-3.84133640557719,0.00325796898809662,***,0.0069930069930069,143,0.449319435794902,BEL,full
average_counts_nature,L1_average_counts_nature,-0.118036310083156,0.0307279284136063,-3.84133640557719,0.00325796898809662,***,0.0069930069930069,143,0.449319435794902,BEL,full
total_burned_days_allfire,L1_total_burned_days_allfire,-0.071197250777275,0.0973385218923539,-0.731439612941849,0.481299103330247,"",0.27972027972028,143,0.395945770284439,BEL,full
average_burned_days_allfire,L1_average_burned_days_allfire,-0.138135515915612,0.0742943557195962,-1.85930027358965,0.0926213075583618,*,0.195804195804196,143,0.385833723286625,BEL,full
total_burned_areas_ha,L1_total_burned_areas_ha,-0.0400880093800045,0.0866813328372075,-0.462475691915029,0.653639428067395,"",17.4757956991683,143,0.396779028544859,BEL,full
average_burned_areas_ha,L1_average_burned_areas_ha,-0.113753716996167,0.0533605269945252,-2.13179523147959,0.0588430309942544,*,11.3363908311787,143,0.435072171558716,BEL,full
total_counts_total,L1_total_counts_total,0.230859637543031,0.14674085775554,1.5732471587949,0.146737480789017,"",0.118881118881119,143,0.579927122702597,BEL,full
average_counts_total,L1_average_counts_total,0.230859637543031,0.14674085775554,1.5732471587949,0.146737480789017,"",0.118881118881119,143,0.579927122702597,BEL,full
total_burned_days_allfire,L1_total_burned_days_human,-0.0568352620949925,0.105250484693218,-0.540000003426633,0.601014813817321,"",0.27972027972028,143,0.394480185715483,BEL,full
total_burned_days_allfire,L1_total_burned_days_nature,-0.123410314655067,0.110767572079823,-1.11413757959895,0.291281442086456,"",0.27972027972028,143,0.394742338134042,BEL,full
average_burned_days_allfire,L1_average_burned_days_human,-0.101853832834659,0.100153840696346,-1.01697380875753,0.333139189899359,"",0.195804195804196,143,0.377188126535018,BEL,full
average_burned_days_allfire,L1_average_burned_days_nature,-0.175632162711732,0.101437643527741,-1.73142983811232,0.11405161580854,"",0.195804195804196,143,0.382854248848138,BEL,full
total_burned_areas_ha,L1_total_ba_ha_human,-0.0128646601764822,0.0910466205510291,-0.141297503395767,0.890440833323486,"",17.4757956991683,143,0.395890802482104,BEL,full
total_burned_areas_ha,L1_total_ba_ha_nature,-0.0871245242975541,0.0552428393028762,-1.57711887001105,0.14584706317279,"",17.4757956991684,143,0.397448253836533,BEL,full
average_burned_areas_ha,L1_average_ba_ha_human,-0.0487937537179074,0.142301820098175,-0.34288917516476,0.738780534559649,"",11.3363908311787,143,0.427465044788228,BEL,full
average_burned_areas_ha,L1_average_ba_ha_nature,-0.122161951551298,0.0431035570359765,-2.83415012476431,0.0177253080315088,**,11.3363908311787,143,0.434881808714287,BEL,full
total_counts_total,L1_total_counts_human,0.240515013283748,0.136914498613981,1.75668037876588,0.109490745343156,"",0.118881118881119,143,0.581998731527789,BEL,full
total_counts_total,L1_total_counts_nature,-0.224363334020495,0.321186005085501,-0.69854642004333,0.500757543406129,"",0.118881118881119,143,0.556626385003015,BEL,full
average_counts_total,L1_average_counts_human,0.240515013283748,0.136914498613981,1.75668037876588,0.109490745343156,"",0.118881118881119,143,0.581998731527789,BEL,full
average_counts_total,L1_average_counts_nature,-0.224363334020495,0.321186005085501,-0.69854642004333,0.500757543406129,"",0.118881118881119,143,0.556626385003015,BEL,full
total_burned_days_human,L1_total_burned_days_human,-0.0882987376896896,0.0617320338222721,-1.4303552341059,0.156660632936752,"",4.54437869822485,1014,0.694977219822038,BEN,full
average_burned_days_human,L1_average_burned_days_human,-0.0722502546410127,0.0304932321115088,-2.36938657000364,0.0203233348653898,**,0.474887513367319,1014,0.395332186039954,BEN,full
total_ba_ha_human,L1_total_ba_ha_human,-0.0990932844392154,0.0476238351640676,-2.08074977787555,0.0407822194996765,**,595.652218007729,1014,0.575703629103408,BEN,full
average_ba_ha_human,L1_average_ba_ha_human,-0.0790839005938781,0.003095015441281,-25.5520213369746,2.37119635162916e-39,***,86.4144066677045,1014,0.225556382715193,BEN,full
total_counts_human,L1_total_counts_human,0.0189312806906898,0.0659469127343808,0.287068490483257,0.774830975401357,"",2.57199211045365,1014,0.772879722766672,BEN,full
average_counts_human,L1_average_counts_human,0.0189312806906898,0.0659469127343808,0.287068490483257,0.774830975401357,"",2.57199211045365,1014,0.772879722766672,BEN,full
total_burned_days_nature,L1_total_burned_days_nature,0.284023550120312,0.0580366201294555,4.8938678628558,5.31252291552806e-06,***,141.312623274162,1014,0.932195911101897,BEN,full
average_burned_days_nature,L1_average_burned_days_nature,-0.219488736193985,0.0487594212453344,-4.50146311396153,2.35998944379301e-05,***,1.47169357825378,1014,0.55430199042542,BEN,full
total_ba_ha_nature,L1_total_ba_ha_nature,-0.15643555287475,0.0439429549632513,-3.55996889616491,0.00063947387508039,***,30745.5127861192,1014,0.811879062604025,BEN,full
average_ba_ha_nature,L1_average_ba_ha_nature,-0.107563264056033,0.00190257875836777,-56.5355119113767,1.84265533738845e-64,***,701.794679852691,1014,0.326474198726292,BEN,full
total_counts_nature,L1_total_counts_nature,0.314136892740457,0.0773233557065065,4.06263915824883,0.000115857372595286,***,65.2662721893491,1014,0.908664601210678,BEN,full
average_counts_nature,L1_average_counts_nature,0.314136892740457,0.0773233557065065,4.06263915824883,0.000115857372595286,***,65.2662721893491,1014,0.908664601210678,BEN,full
total_burned_days_allfire,L1_total_burned_days_allfire,0.265312434700204,0.0639889905369607,4.14622003681957,8.61474741156381e-05,***,148.295857988166,1014,0.932631256541302,BEN,full
average_burned_days_allfire,L1_average_burned_days_allfire,-0.20912826957734,0.0563953935549291,-3.70825091190558,0.000391668929073841,***,1.5580170976014,1014,0.542111947739942,BEN,full
total_burned_areas_ha,L1_total_burned_areas_ha,0.0587203863835102,0.0572896709211779,1.02497335801249,0.308585059469369,"",52450.0871102023,1014,0.80610240094341,BEN,full
average_burned_areas_ha,L1_average_burned_areas_ha,-0.104238008449298,0.00236390609794239,-44.0956637575534,2.12595142250124e-56,***,836.086248817022,1014,0.326361458893031,BEN,full
total_counts_total,L1_total_counts_total,0.302381127069197,0.0771005286726976,3.92190731081555,0.000189358360946065,***,67.8767258382643,1014,0.904546387828625,BEN,full
average_counts_total,L1_average_counts_total,0.302381127069197,0.0771005286726976,3.92190731081555,0.000189358360946065,***,67.8767258382643,1014,0.904546387828625,BEN,full
total_burned_days_allfire,L1_total_burned_days_human,-0.180433737186982,0.18177823044399,-0.992603661870158,0.324012189433305,"",148.295857988166,1014,0.927580768502684,BEN,full
total_burned_days_allfire,L1_total_burned_days_nature,0.280580931979016,0.0623150257486844,4.50262081428956,2.3498417151164e-05,***,148.295857988166,1014,0.933149476513769,BEN,full
average_burned_days_allfire,L1_average_burned_days_human,0.0270467176737073,0.0284247767036849,0.951519090392752,0.344318217790446,"",1.5580170976014,1014,0.523115386740609,BEN,full
average_burned_days_allfire,L1_average_burned_days_nature,-0.216171188394428,0.0571680705607271,-3.78132734364017,0.000306279261970256,***,1.5580170976014,1014,0.545435364043289,BEN,full
total_burned_areas_ha,L1_total_ba_ha_human,-0.823987944640819,0.636096628282329,-1.29538172033054,0.199058776423772,"",52450.0871102023,1014,0.805565572161487,BEN,full
total_burned_areas_ha,L1_total_ba_ha_nature,0.492405675826837,0.134286402305235,3.66683199023823,0.000449684231456046,***,52450.0871102023,1014,0.822190074853885,BEN,full
average_burned_areas_ha,L1_average_ba_ha_human,-0.00839361095381746,0.0294498084604463,-0.285014110196704,0.776398530203128,"",836.086248817022,1014,0.318967797695932,BEN,full
average_burned_areas_ha,L1_average_ba_ha_nature,-0.105690794608385,0.00228080378547545,-46.3392753385636,5.33915721983573e-58,***,836.086248817022,1014,0.326536063856642,BEN,full
total_counts_total,L1_total_counts_human,-0.0678408699316073,0.270080698946479,-0.251187405083882,0.802338347892213,"",67.8767258382643,1014,0.895617830018647,BEN,full
total_counts_total,L1_total_counts_nature,0.311508510263736,0.0776114515293081,4.01369262042602,0.000137596647730742,***,67.8767258382643,1014,0.904850581336879,BEN,full
average_counts_total,L1_average_counts_human,-0.0678408699316073,0.270080698946479,-0.251187405083882,0.802338347892213,"",67.8767258382643,1014,0.895617830018647,BEN,full
average_counts_total,L1_average_counts_nature,0.311508510263736,0.0776114515293081,4.01369262042602,0.000137596647730742,***,67.8767258382643,1014,0.904850581336879,BEN,full
total_burned_days_allfire,L1_total_burned_days_allfire,0.440507648245787,Inf,0,1,"",638.184615384615,65,0.992560663989614,BEN,nature_subsample
total_burned_days_allfire,L1_total_burned_days_allfire,-0.0621608041823816,0.0634383553222868,-0.979861534344408,0.335853398622608,"",16.4752747252747,364,0.797580595401378,BEN,human_subsample
average_burned_days_allfire,L1_average_burned_days_allfire,0.0246063620774333,Inf,0,1,"",2.67469039202746,65,0.934745525557505,BEN,nature_subsample
average_burned_days_allfire,L1_average_burned_days_allfire,-0.273299837091367,0.0596672431395825,-4.58039994326574,9.40491402500546e-05,***,1.08393157027278,364,0.548687239184919,BEN,human_subsample
total_burned_areas_ha,L1_total_burned_areas_ha,0.116636582803906,Inf,0,1,"",367831.699548723,65,0.929948310332732,BEN,nature_subsample
total_burned_areas_ha,L1_total_burned_areas_ha,-0.179502202186455,0.00804806571170446,-22.3037694542431,6.31277566005301e-19,***,3541.50104106634,364,0.418876972445436,BEN,human_subsample
average_burned_areas_ha,L1_average_burned_areas_ha,0.0672102701758703,Inf,0,1,"",1587.70795840858,65,0.886219376726337,BEN,nature_subsample
average_burned_areas_ha,L1_average_burned_areas_ha,-0.104336573132478,0.00710463124926203,-14.6857126671164,2.14626991016983e-14,***,1116.07309386574,364,0.333271594448512,BEN,human_subsample
total_counts_total,L1_total_counts_total,0.533843557815888,Inf,0,1,"",239.138461538462,65,0.995886477664963,BEN,nature_subsample
total_counts_total,L1_total_counts_total,-0.0452275087789313,0.0338319618440668,-1.33682784898455,0.192434585174668,"",8.36538461538462,364,0.821690498783009,BEN,human_subsample
average_counts_total,L1_average_counts_total,0.533843557815888,Inf,0,1,"",239.138461538462,65,0.995886477664963,BEN,nature_subsample
average_counts_total,L1_average_counts_total,-0.0452275087789313,0.0338319618440668,-1.33682784898455,0.192434585174668,"",8.36538461538462,364,0.821690498783009,BEN,human_subsample
total_burned_days_human,L1_total_burned_days_human,0.498503152285969,0.0345033524237982,14.4479627997578,2.59600257246302e-18,***,2.95897435897436,585,0.845065365236402,BFA,full
average_burned_days_human,L1_average_burned_days_human,-0.0134271381422366,0.0608875350967089,-0.220523595197441,0.826483471281875,"",0.499855429442591,585,0.619822485310113,BFA,full
total_ba_ha_human,L1_total_ba_ha_human,0.362093719029376,0.0889106013912366,4.07255955266844,0.000190806774739398,***,380.275035310233,585,0.881226904757076,BFA,full
average_ba_ha_human,L1_average_ba_ha_human,0.0501860005981691,0.0868907032070394,0.57757618186825,0.566494351554681,"",63.4785427327045,585,0.814237266592116,BFA,full
total_counts_human,L1_total_counts_human,0.448831445552394,0.0588378118885748,7.62828241135779,1.38693396676588e-09,***,1.81880341880342,585,0.844809711717133,BFA,full
average_counts_human,L1_average_counts_human,0.448831445552394,0.0588378118885748,7.62828241135779,1.38693396676588e-09,***,1.81880341880342,585,0.844809711717133,BFA,full
total_burned_days_nature,L1_total_burned_days_nature,0.566175207307701,0.0549406403583949,10.3052167505578,2.62161686262471e-13,***,285.237606837607,585,0.951740654463932,BFA,full
average_burned_days_nature,L1_average_burned_days_nature,-0.00627550729054057,0.098778584237635,-0.063531051178496,0.949631382128919,"",1.93742660461166,585,0.664034069448239,BFA,full
total_ba_ha_nature,L1_total_ba_ha_nature,-0.0702007573217897,0.0891800066279169,-0.787180445216676,0.435396071586598,"",63598.6853618723,585,0.878679821571506,BFA,full
average_ba_ha_nature,L1_average_ba_ha_nature,-0.0856419431979728,0.0375282367280045,-2.28206680262344,0.0273768375446555,**,538.704111117853,585,0.526732190090034,BFA,full
total_counts_nature,L1_total_counts_nature,0.531719037462359,0.0868421007456621,6.12282559837683,2.22663849899349e-07,***,124.020512820513,585,0.951421509093227,BFA,full
average_counts_nature,L1_average_counts_nature,0.531719037462359,0.0868421007456621,6.12282559837683,2.22663849899349e-07,***,124.020512820513,585,0.951421509093227,BFA,full
total_burned_days_allfire,L1_total_burned_days_allfire,0.570054100379746,0.0529584625379333,10.7641739027342,6.56699483141471e-14,***,290.659829059829,585,0.954263942192151,BFA,full
average_burned_days_allfire,L1_average_burned_days_allfire,0.0456639194751376,0.0937482476933993,0.487090912082751,0.628611800501341,"",1.96133631697838,585,0.695288673687451,BFA,full
total_burned_areas_ha,L1_total_burned_areas_ha,0.00836103422024441,0.0181216587421595,0.461383493597785,0.646796351209457,"",83825.9448905075,585,0.88576478453293,BFA,full
average_burned_areas_ha,L1_average_burned_areas_ha,0.245604052248679,0.0140088021866133,17.5321236588932,1.79657790426671e-21,***,649.188415807075,585,0.642112977621163,BFA,full
total_counts_total,L1_total_counts_total,0.535848616353064,0.0845629922094429,6.33667993944551,1.07888477695692e-07,***,125.878632478633,585,0.95148310723113,BFA,full
average_counts_total,L1_average_counts_total,0.535848616353064,0.0845629922094429,6.33667993944551,1.07888477695692e-07,***,125.878632478633,585,0.95148310723113,BFA,full
total_burned_days_allfire,L1_total_burned_days_human,6.06609671369075,2.02615214794772,2.99389990027899,0.00450689093115414,***,290.659829059829,585,0.926761379863074,BFA,full
total_burned_days_allfire,L1_total_burned_days_nature,0.571244174712175,0.0561329236345059,10.1766332078421,3.88243421849403e-13,***,290.659829059829,585,0.953358998381754,BFA,full
average_burned_days_allfire,L1_average_burned_days_human,0.00231431618581153,0.0229936906382324,0.100650053191698,0.92028549760628,"",1.96133631697838,585,0.69466834322494,BFA,full
average_burned_days_allfire,L1_average_burned_days_nature,0.0357435425137946,0.0960942433428037,0.371963410818317,0.711705549268554,"",1.96133631697838,585,0.695100190198841,BFA,full
total_burned_areas_ha,L1_total_ba_ha_human,-10.7178762114411,16.0520923004653,-0.667693407863744,0.507816506348376,"",83825.9448905075,585,0.886228709108355,BFA,full
total_burned_areas_ha,L1_total_ba_ha_nature,0.453412429123029,0.129360970514541,3.50501721902327,0.00106286788280274,***,83825.9448905075,585,0.897457797253669,BFA,full
average_burned_areas_ha,L1_average_ba_ha_human,0.90866143523505,0.68426619048499,1.32793560148137,0.1910473345734,"",649.188415807075,585,0.619675263224232,BFA,full
average_burned_areas_ha,L1_average_ba_ha_nature,0.400507366257082,0.00956121109075217,41.88876936777,4.26500289116015e-37,***,649.188415807075,585,0.674070905101514,BFA,full
total_counts_total,L1_total_counts_human,3.25422334253894,1.05174203157663,3.09412692926293,0.00342517380396277,***,125.878632478632,585,0.928911430479399,BFA,full
total_counts_total,L1_total_counts_nature,0.540514254838953,0.0856414027953929,6.31136619901362,1.17552241045549e-07,***,125.878632478632,585,0.951378360526029,BFA,full
average_counts_total,L1_average_counts_human,3.25422334253894,1.05174203157663,3.09412692926293,0.00342517380396277,***,125.878632478632,585,0.928911430479399,BFA,full
average_counts_total,L1_average_counts_nature,0.540514254838953,0.0856414027953929,6.31136619901362,1.17552241045549e-07,***,125.878632478632,585,0.951378360526029,BFA,full
total_burned_days_human,L1_total_burned_days_human,-0.0645480918808318,0.0380301018875686,-1.69728948062407,0.0945773602410945,*,0.748798076923077,832,0.350665152181546,BGD,full
average_burned_days_human,L1_average_burned_days_human,-0.0564570715610155,0.0246338606849272,-2.29184829301076,0.0252676534667224,**,0.231210998203186,832,0.281281259801143,BGD,full
total_ba_ha_human,L1_total_ba_ha_human,-0.0520902044263712,0.0265321595804224,-1.9632855089869,0.0540307335520011,*,51.2776795800784,832,0.297750198606109,BGD,full
average_ba_ha_human,L1_average_ba_ha_human,-0.0398810635491858,0.0359667652029637,-1.10883098116089,0.271718120219273,"",14.2015437213203,832,0.290994406868927,BGD,full
total_counts_human,L1_total_counts_human,-0.121494985104957,0.0433768316381493,-2.80091884346169,0.00675902034194194,***,0.394230769230769,832,0.382565685149722,BGD,full
average_counts_human,L1_average_counts_human,-0.121494985104957,0.0433768316381493,-2.80091884346169,0.00675902034194194,***,0.394230769230769,832,0.382565685149722,BGD,full
total_burned_days_nature,L1_total_burned_days_nature,0.179786656308437,0.0401172305336189,4.48153209772973,3.1940914675352e-05,***,9.11298076923077,832,0.701899837253098,BGD,full
average_burned_days_nature,L1_average_burned_days_nature,-0.0116933341098589,0.0771573890861202,-0.151551708117122,0.880024788116137,"",0.18996819095689,832,0.47191974059612,BGD,full
total_ba_ha_nature,L1_total_ba_ha_nature,0.250888939844371,0.0496457566454065,5.05358275907322,3.97977938268471e-06,***,1139.89012607177,832,0.668960353459406,BGD,full
average_ba_ha_nature,L1_average_ba_ha_nature,-0.0116764774535526,0.0326363753371895,-0.357774946908616,0.721707636304203,"",16.3194009370013,832,0.563959228885777,BGD,full
total_counts_nature,L1_total_counts_nature,0.18300112645428,0.0574861303581681,3.18339615684844,0.00226214936759527,***,4.27403846153846,832,0.754954765092457,BGD,full
average_counts_nature,L1_average_counts_nature,0.18300112645428,0.0574861303581681,3.18339615684844,0.00226214936759527,***,4.27403846153846,832,0.754954765092457,BGD,full
total_burned_days_allfire,L1_total_burned_days_allfire,0.18006215349024,0.0390632819130233,4.60949886113405,2.02238935125096e-05,***,9.86177884615385,832,0.701267915160194,BGD,full
average_burned_days_allfire,L1_average_burned_days_allfire,-0.00934139494896028,0.0261951969674323,-0.356607165831742,0.722577521675343,"",0.377844030395229,832,0.34936037564378,BGD,full
total_burned_areas_ha,L1_total_burned_areas_ha,0.249152367506603,0.0497033046160642,5.01279279981871,4.63159760462964e-06,***,1191.16780565185,832,0.667315210813403,BGD,full
average_burned_areas_ha,L1_average_burned_areas_ha,-0.00896941892528555,0.0264413372559856,-0.339219565124496,0.735572502889911,"",28.0618433702532,832,0.458454338882177,BGD,full
total_counts_total,L1_total_counts_total,0.181902469200942,0.0557729466162109,3.26148213851176,0.00179092948149346,***,4.66826923076923,832,0.753955490595029,BGD,full
average_counts_total,L1_average_counts_total,0.181902469200942,0.0557729466162109,3.26148213851176,0.00179092948149346,***,4.66826923076923,832,0.753955490595029,BGD,full
total_burned_days_allfire,L1_total_burned_days_human,-0.15889403072354,0.308437915812558,-0.515157257190462,0.6082460623491,"",9.86177884615385,832,0.691112688837325,BGD,full
total_burned_days_allfire,L1_total_burned_days_nature,0.182121172521575,0.0402137458529494,4.52882885338617,2.6994012610964e-05,***,9.86177884615384,832,0.701447531792839,BGD,full
average_burned_days_allfire,L1_average_burned_days_human,-0.0272179210151934,0.0305870849984763,-0.889850112115925,0.3769318489616,"",0.377844030395229,832,0.349771525029378,BGD,full
average_burned_days_allfire,L1_average_burned_days_nature,0.0639401595955137,0.078069612062298,0.819014696070102,0.415865505899122,"",0.377844030395229,832,0.350402607917198,BGD,full
total_burned_areas_ha,L1_total_ba_ha_human,-0.17380687622452,0.329035100398008,-0.528232021490351,0.599194164471155,"",1191.16780565185,832,0.645604505394025,BGD,full
total_burned_areas_ha,L1_total_ba_ha_nature,0.251113982848703,0.0500739954422281,5.01485812408201,4.59621325971589e-06,***,1191.16780565185,832,0.667533993463962,BGD,full
average_burned_areas_ha,L1_average_ba_ha_human,-0.0497138058351577,0.0384494990172688,-1.29296368238322,0.200745116907687,"",28.0618433702532,832,0.459421926852154,BGD,full
average_burned_areas_ha,L1_average_ba_ha_nature,0.0235207886671732,0.0364819318259321,0.644724319408276,0.521446676065897,"",28.0618433702532,832,0.45858224449106,BGD,full
total_counts_total,L1_total_counts_human,-0.0770202337974012,0.154653531974796,-0.49801794251911,0.620205478672553,"",4.66826923076923,832,0.745114110972722,BGD,full
total_counts_total,L1_total_counts_nature,0.185331884142875,0.0571537798455986,3.24268814142391,0.00189506819402164,***,4.66826923076923,832,0.754166473261353,BGD,full
average_counts_total,L1_average_counts_human,-0.0770202337974012,0.154653531974796,-0.49801794251911,0.620205478672553,"",4.66826923076923,832,0.745114110972722,BGD,full
average_counts_total,L1_average_counts_nature,0.185331884142875,0.0571537798455986,3.24268814142391,0.00189506819402164,***,4.66826923076923,832,0.754166473261353,BGD,full
total_burned_days_human,L1_total_burned_days_human,0.011736125146103,0.0415454227967963,0.282489004950217,0.777791611789434,"",2.21585258847616,3419,0.634665495231154,BGR,full
average_burned_days_human,L1_average_burned_days_human,-0.0659182521449797,0.032203552835749,-2.04692483718145,0.0416631264741714,**,0.393249202517719,3419,0.46094314402236,BGR,full
total_ba_ha_human,L1_total_ba_ha_human,0.0288062767818819,0.0725428681878739,0.397093160243932,0.69162204720305,"",191.849619249927,3419,0.562378624018448,BGR,full
average_ba_ha_human,L1_average_ba_ha_human,-0.083139822653088,0.0265065782163594,-3.13657319230196,0.00190434784737065,***,36.9242523979049,3419,0.428112890105907,BGR,full
total_counts_human,L1_total_counts_human,0.030290428451474,0.041325198213206,0.732977209091627,0.464227608199536,"",0.879496928926587,3419,0.666712525072349,BGR,full
average_counts_human,L1_average_counts_human,0.030290428451474,0.041325198213206,0.732977209091627,0.464227608199536,"",0.879496928926587,3419,0.666712525072349,BGR,full
total_burned_days_nature,L1_total_burned_days_nature,0.0787710538516874,0.0549414517935414,1.43372720014194,0.152842453711647,"",2.79964902018134,3419,0.659041393266999,BGR,full
average_burned_days_nature,L1_average_burned_days_nature,-0.0904107984022659,0.0180040178201592,-5.02170122832428,9.47974655856982e-07,***,0.560729020495423,3419,0.401953634773962,BGR,full
total_ba_ha_nature,L1_total_ba_ha_nature,-0.0535392194966109,0.029834426272223,-1.79454496654618,0.0738789395922377,*,216.662762206689,3419,0.603698624029243,BGR,full
average_ba_ha_nature,L1_average_ba_ha_nature,-0.133361847257362,0.0206643846227407,-6.45370523691279,5.25369700037829e-10,***,45.8143099041165,3419,0.336320849321976,BGR,full
total_counts_nature,L1_total_counts_nature,0.212002651456984,0.0797889793912854,2.65704177537254,0.00836705862583234,***,1.18250950570342,3419,0.699118408050524,BGR,full
average_counts_nature,L1_average_counts_nature,0.212002651456984,0.0797889793912854,2.65704177537254,0.00836705862583234,***,1.18250950570342,3419,0.699118408050524,BGR,full
total_burned_days_allfire,L1_total_burned_days_allfire,0.068668335042624,0.0429566156322719,1.59855086421277,0.111125678787954,"",5.0155016086575,3419,0.705236236100181,BGR,full
average_burned_days_allfire,L1_average_burned_days_allfire,-0.115687738416415,0.0194042119038018,-5.96199108677786,8.02387795035704e-09,***,0.717814989472715,3419,0.415131132954921,BGR,full
total_burned_areas_ha,L1_total_burned_areas_ha,-0.0271938463220847,0.0394028327679746,-0.690149525091685,0.490711044598956,"",408.512381456616,3419,0.654478696980463,BGR,full
average_burned_areas_ha,L1_average_burned_areas_ha,-0.161600660931317,0.0213622817719688,-7.56476591107261,6.5924988379661e-13,***,63.8841898929242,3419,0.394295740036793,BGR,full
total_counts_total,L1_total_counts_total,0.177129097428071,0.0545135933698719,3.24926475175208,0.00130822867732691,***,2.06200643463001,3419,0.72669906943039,BGR,full
average_counts_total,L1_average_counts_total,0.177129097428071,0.0545135933698719,3.24926475175208,0.00130822867732691,***,2.06200643463001,3419,0.72669906943039,BGR,full
total_burned_days_allfire,L1_total_burned_days_human,0.0428902382713582,0.0551816368033098,0.777255637128647,0.437709184761738,"",5.0155016086575,3419,0.704066031720572,BGR,full
total_burned_days_allfire,L1_total_burned_days_nature,0.119259220697995,0.0689242319333248,1.73029451838307,0.0847551912747176,*,5.0155016086575,3419,0.705693368128146,BGR,full
average_burned_days_allfire,L1_average_burned_days_human,-0.0879376186373674,0.0327769299216912,-2.68291200083299,0.00776274988032134,***,0.717814989472715,3419,0.409882122764738,BGR,full
average_burned_days_allfire,L1_average_burned_days_nature,-0.0919654193465563,0.0171849041472368,-5.35152355570999,1.90453022560046e-07,***,0.717814989472715,3419,0.411816634420224,BGR,full
total_burned_areas_ha,L1_total_ba_ha_human,-0.00180541173729747,0.0804504022929652,-0.0224413015453043,0.982113016340193,"",408.512381456616,3419,0.654231308978636,BGR,full
total_burned_areas_ha,L1_total_ba_ha_nature,-0.0685963821162235,0.0444489596602373,-1.54326181401244,0.12397421233962,"",408.512381456616,3419,0.654836637590667,BGR,full
average_burned_areas_ha,L1_average_ba_ha_human,-0.12020110497585,0.0293573924031561,-4.09440672813052,5.64298630640009e-05,***,63.8841898929242,3419,0.389033116236574,BGR,full
average_burned_areas_ha,L1_average_ba_ha_nature,-0.168973862017797,0.0245624632467791,-6.87935327658778,4.40928421939969e-11,***,63.8841898929242,3419,0.393462080518673,BGR,full
total_counts_total,L1_total_counts_human,0.121648067182355,0.0781372032671803,1.55685207680642,0.120712699442825,"",2.06200643463001,3419,0.718936386448574,BGR,full
total_counts_total,L1_total_counts_nature,0.298326049240539,0.0889959884082132,3.35212917544278,0.000920220341542013,***,2.06200643463001,3419,0.729973506040038,BGR,full
average_counts_total,L1_average_counts_human,0.121648067182355,0.0781372032671803,1.55685207680642,0.120712699442825,"",2.06200643463001,3419,0.718936386448574,BGR,full
average_counts_total,L1_average_counts_nature,0.298326049240539,0.0889959884082132,3.35212917544278,0.000920220341542013,***,2.06200643463001,3419,0.729973506040038,BGR,full
total_burned_days_allfire,L1_total_burned_days_allfire,0.0322466308345841,0.0604092823405814,0.533802581079855,0.597546417312943,"",0.282051282051282,390,0.531068154191584,BGR,nature_subsample
total_burned_days_allfire,L1_total_burned_days_allfire,-0.0524120184121078,0.0528511317079468,-0.991691506280971,0.325397833181606,"",8.5948717948718,780,0.782784469781752,BGR,human_subsample
average_burned_days_allfire,L1_average_burned_days_allfire,-0.013327869016331,0.0364805130642504,-0.36534214836446,0.717507262118669,"",0.152930402930403,390,0.502448039822344,BGR,nature_subsample
average_burned_days_allfire,L1_average_burned_days_allfire,-0.149499905950816,0.0502554750024608,-2.97479838651403,0.00424321112678744,***,1.18326652362678,780,0.611310207826601,BGR,human_subsample
total_burned_areas_ha,L1_total_burned_areas_ha,-0.0592848805006599,0.0238731393661185,-2.48332988768116,0.0190438529904456,**,33.411071532245,390,0.454043362366778,BGR,nature_subsample
total_burned_areas_ha,L1_total_burned_areas_ha,-0.0771264680880272,0.105868036306444,-0.728515147525528,0.469180120811003,"",724.833729414575,780,0.74238766759049,BGR,human_subsample
average_burned_areas_ha,L1_average_burned_areas_ha,-0.0762401199862315,0.01950261808072,-3.9092248882011,0.000511607720603075,***,17.0347425589513,390,0.369080886683451,BGR,nature_subsample
average_burned_areas_ha,L1_average_burned_areas_ha,-0.228390672362638,0.0605055700617838,-3.77470490947234,0.000374148632510907,***,119.807494609987,780,0.629321986283817,BGR,human_subsample
total_counts_total,L1_total_counts_total,-0.00638566630747956,0.0762716261401771,-0.083722697818761,0.933852180711215,"",0.148717948717949,390,0.573878362214667,BGR,nature_subsample
total_counts_total,L1_total_counts_total,0.01540618431517,0.0640660783718636,0.240473347310986,0.810796952008177,"",3.27564102564103,780,0.801360379337969,BGR,human_subsample
average_counts_total,L1_average_counts_total,-0.00638566630747956,0.0762716261401771,-0.083722697818761,0.933852180711215,"",0.148717948717949,390,0.573878362214667,BGR,nature_subsample
average_counts_total,L1_average_counts_total,0.01540618431517,0.0640660783718636,0.240473347310986,0.810796952008177,"",3.27564102564103,780,0.801360379337969,BGR,human_subsample
total_burned_days_human,L1_total_burned_days_human,-0.10759375591526,0.0292666542598877,-3.67632579248138,0.0018716119289165,***,0.213675213675214,234,0.660410143736869,BIH,full
average_burned_days_human,L1_average_burned_days_human,-0.0995038213034031,0.0189790846954034,-5.24281454560884,6.61423798981387e-05,***,0.109045584045584,234,0.705227595352625,BIH,full
total_ba_ha_human,L1_total_ba_ha_human,-0.168669887016407,0.0735957208467282,-2.29184367074387,0.0349511814306114,**,17.1914541798997,234,0.571786583161342,BIH,full
average_ba_ha_human,L1_average_ba_ha_human,-0.163460998498095,0.0495580053022457,-3.29837727529941,0.00424494158408827,***,7.02050146402092,234,0.539719017532738,BIH,full
total_counts_human,L1_total_counts_human,-0.119165912361317,0.0452901717753431,-2.63116494572876,0.0175122772275264,**,0.106837606837607,234,0.479290369576297,BIH,full
average_counts_human,L1_average_counts_human,-0.119165912361317,0.0452901717753431,-2.63116494572876,0.0175122772275264,**,0.106837606837607,234,0.479290369576297,BIH,full
total_burned_days_nature,L1_total_burned_days_nature,-0.119503680132321,0.0236681569236184,-5.04913333632109,9.88856812634323e-05,***,12.1923076923077,234,0.654496876584186,BIH,full
average_burned_days_nature,L1_average_burned_days_nature,-0.0920638794381158,0.0352577402771863,-2.61116789432152,0.0182533031768978,**,1.16136627743727,234,0.43367989732335,BIH,full
total_ba_ha_nature,L1_total_ba_ha_nature,-0.156200604701129,0.0402189148693679,-3.88375979830566,0.00119299788549582,***,1507.28770229475,234,0.608923698359976,BIH,full
average_ba_ha_nature,L1_average_ba_ha_nature,-0.139793653157616,0.031075567572254,-4.49850683604028,0.000316760688989587,***,108.68161854635,234,0.550292166604896,BIH,full
total_counts_nature,L1_total_counts_nature,-0.135185479528415,0.0262098880620639,-5.15780453576535,7.88703346648798e-05,***,4.75641025641026,234,0.661801414821234,BIH,full
average_counts_nature,L1_average_counts_nature,-0.135185479528415,0.0262098880620639,-5.15780453576535,7.88703346648798e-05,***,4.75641025641026,234,0.661801414821234,BIH,full
total_burned_days_allfire,L1_total_burned_days_allfire,-0.122844535993751,0.0251536294658761,-4.88376980190491,0.000139844682770395,***,12.4059829059829,234,0.653104911853404,BIH,full
average_burned_days_allfire,L1_average_burned_days_allfire,-0.106905685376752,0.0366927721445232,-2.91353525854297,0.0096807375683178,***,1.18662646381021,234,0.441700997845214,BIH,full
total_burned_areas_ha,L1_total_burned_areas_ha,-0.15734188224073,0.040469154462168,-3.88794587709558,0.00118221142573375,***,1524.47915647465,234,0.607887979445231,BIH,full
average_burned_areas_ha,L1_average_burned_areas_ha,-0.140461972492908,0.0306262730664203,-4.58632273630822,0.000262602939446739,***,111.457482967317,234,0.542663586584602,BIH,full
total_counts_total,L1_total_counts_total,-0.138106859644082,0.0275297216953838,-5.01664568833037,0.000105829084745618,***,4.86324786324786,234,0.657541128846076,BIH,full
average_counts_total,L1_average_counts_total,-0.138106859644082,0.0275297216953838,-5.01664568833037,0.000105829084745618,***,4.86324786324786,234,0.657541128846076,BIH,full
total_burned_days_allfire,L1_total_burned_days_human,-1.19176305197156,1.7788900292591,-0.669947569759511,0.511889500238434,"",12.4059829059829,234,0.64866573871188,BIH,full
total_burned_days_allfire,L1_total_burned_days_nature,-0.1216406144861,0.0239916165392663,-5.07012998840719,9.46481800714075e-05,***,12.4059829059829,234,0.652957155770227,BIH,full
average_burned_days_allfire,L1_average_burned_days_human,-0.205663360328985,0.180092036864077,-1.14199030623552,0.269288568892407,"",1.18662646381021,234,0.436263119581943,BIH,full
average_burned_days_allfire,L1_average_burned_days_nature,-0.0901432685384146,0.0362900604819748,-2.48396578405232,0.0237126777882969,**,1.18662646381021,234,0.439690046461893,BIH,full
total_burned_areas_ha,L1_total_ba_ha_human,-2.24336838074478,1.68228692541936,-1.33352304345203,0.199953862819148,"",1524.47915647465,234,0.598911880315292,BIH,full
total_burned_areas_ha,L1_total_ba_ha_nature,-0.156745027572181,0.0402760539507748,-3.89176724620923,0.00117245026796472,***,1524.47915647465,234,0.607753215503345,BIH,full
average_burned_areas_ha,L1_average_ba_ha_human,-0.247853840094686,0.238708558488255,-1.03831149441959,0.313668805112293,"",111.457482967317,234,0.534064867479595,BIH,full
average_burned_areas_ha,L1_average_ba_ha_nature,-0.134855109031342,0.028998483608925,-4.65041934088709,0.000229106182823488,***,111.457482967317,234,0.541658231975547,BIH,full
total_counts_total,L1_total_counts_human,-0.791641517048424,0.856758927189239,-0.923995644428888,0.368418833778694,"",4.86324786324786,234,0.650784501074074,BIH,full
total_counts_total,L1_total_counts_nature,-0.139482813478566,0.0272061043296103,-5.12689401572122,8.40995604353194e-05,***,4.86324786324786,234,0.65745566487198,BIH,full
average_counts_total,L1_average_counts_human,-0.791641517048424,0.856758927189239,-0.923995644428888,0.368418833778694,"",4.86324786324786,234,0.650784501074074,BIH,full
average_counts_total,L1_average_counts_nature,-0.139482813478566,0.0272061043296103,-5.12689401572122,8.40995604353194e-05,***,4.86324786324786,234,0.65745566487198,BIH,full
total_burned_days_human,L1_total_burned_days_human,-0.0624316081716405,0.0316143476846234,-1.97478716924487,0.0506476676814819,*,0.661668839634941,1534,0.255827763590681,BLR,full
average_burned_days_human,L1_average_burned_days_human,-0.0589346651040982,0.0304434896080464,-1.93587088283471,0.0552959320841245,*,0.282825756828748,1534,0.240868153889939,BLR,full
total_ba_ha_human,L1_total_ba_ha_human,-0.073126023811764,0.029438721938123,-2.48400810216785,0.0144070808956475,**,41.721115857781,1534,0.277016860602374,BLR,full
average_ba_ha_human,L1_average_ba_ha_human,-0.0688965533675281,0.0213268162104319,-3.23051282890634,0.00160466233718506,***,17.2098614612314,1534,0.239725780200862,BLR,full
total_counts_human,L1_total_counts_human,-0.0449495736389697,0.0464597481231027,-0.967494992006164,0.33529231666593,"",0.464146023468057,1534,0.309902643136098,BLR,full
average_counts_human,L1_average_counts_human,-0.0449495736389697,0.0464597481231027,-0.967494992006164,0.33529231666593,"",0.464146023468057,1534,0.309902643136098,BLR,full
total_burned_days_nature,L1_total_burned_days_nature,-0.00260955259526152,0.04558529203697,-0.0572454947342479,0.954447288526085,"",3.04563233376793,1534,0.445737937256032,BLR,full
average_burned_days_nature,L1_average_burned_days_nature,-0.0343605064149031,0.0244008085489626,-1.40817081310873,0.16173214472189,"",0.58816188333889,1534,0.291777545279495,BLR,full
total_ba_ha_nature,L1_total_ba_ha_nature,-0.0874880282253715,0.00483742279097922,-18.0856691684089,1.10601961348735e-35,***,458.314490474731,1534,0.148415297814175,BLR,full
average_ba_ha_nature,L1_average_ba_ha_nature,-0.0880311862304136,0.00399238748355687,-22.0497600979315,1.75830562630819e-43,***,80.972810464811,1534,0.142288462790613,BLR,full
total_counts_nature,L1_total_counts_nature,-0.0205492190603735,0.042381382012546,-0.48486429853303,0.628679162289296,"",1.83050847457627,1534,0.504500516753927,BLR,full
average_counts_nature,L1_average_counts_nature,-0.0205492190603735,0.042381382012546,-0.48486429853303,0.628679162289296,"",1.83050847457627,1534,0.504500516753927,BLR,full
total_burned_days_allfire,L1_total_burned_days_allfire,-0.0173326774975031,0.0476192486625803,-0.363984690735436,0.716526373186143,"",3.70730117340287,1534,0.440288332274801,BLR,full
average_burned_days_allfire,L1_average_burned_days_allfire,-0.0502564604739567,0.0229390728217241,-2.19086712285782,0.0304436869798633,**,0.737738444589756,1534,0.281574212586951,BLR,full
total_burned_areas_ha,L1_total_burned_areas_ha,-0.0876814135601725,0.00488819252598061,-17.9373895553721,2.24970321402817e-35,***,500.035606332512,1534,0.152206529448133,BLR,full
average_burned_areas_ha,L1_average_burned_areas_ha,-0.0881474547288046,0.0040960593617744,-21.5200628075418,1.73099621593455e-42,***,88.1643639263658,1534,0.144898966606906,BLR,full
total_counts_total,L1_total_counts_total,-0.0247695357837395,0.0447683921835977,-0.553281781533682,0.581126178860678,"",2.29465449804433,1534,0.514588732986809,BLR,full
average_counts_total,L1_average_counts_total,-0.0247695357837395,0.0447683921835977,-0.553281781533682,0.581126178860678,"",2.29465449804433,1534,0.514588732986809,BLR,full
total_burned_days_allfire,L1_total_burned_days_human,-0.173303419596734,0.104921027196719,-1.65175107628143,0.101266762238596,"",3.70730117340287,1534,0.441478080840457,BLR,full
total_burned_days_allfire,L1_total_burned_days_nature,-0.0040790861385582,0.0499479866577693,-0.081666677908502,0.935051319485216,"",3.70730117340287,1534,0.44012543441096,BLR,full
average_burned_days_allfire,L1_average_burned_days_human,-0.00463531045035721,0.0341576177466884,-0.135703563542765,0.892288834757573,"",0.737738444589756,1534,0.279676373073069,BLR,full
average_burned_days_allfire,L1_average_burned_days_nature,-0.057720516892634,0.0261118622084881,-2.21050940112081,0.0290149417632427,**,0.737738444589756,1534,0.281714902200574,BLR,full
total_burned_areas_ha,L1_total_ba_ha_human,0.0722405968045615,0.403154427626626,0.179188399913757,0.858099711689189,"",500.035606332512,1534,0.145727052872371,BLR,full
total_burned_areas_ha,L1_total_ba_ha_nature,-0.0874899817816401,0.00499252465201924,-17.5241962493374,1.65107078593004e-34,***,500.035606332512,1534,0.152196165050949,BLR,full
average_burned_areas_ha,L1_average_ba_ha_human,0.0754898633019165,0.143055481197516,0.527696406107558,0.598709390400769,"",88.1643639263658,1534,0.138359460113975,BLR,full
average_burned_areas_ha,L1_average_ba_ha_nature,-0.0879237324621434,0.00420003472676453,-20.9340489262752,2.26120737822838e-41,***,88.1643639263658,1534,0.144902634424836,BLR,full
total_counts_total,L1_total_counts_human,-0.0778284602257801,0.101771237986021,-0.764739250164867,0.445966539921288,"",2.29465449804433,1534,0.514573290424998,BLR,full
total_counts_total,L1_total_counts_nature,-0.0195495377162467,0.0448492247223085,-0.435894663448274,0.663716345231924,"",2.29465449804433,1534,0.514455311714669,BLR,full
average_counts_total,L1_average_counts_human,-0.0778284602257801,0.101771237986021,-0.764739250164867,0.445966539921288,"",2.29465449804433,1534,0.514573290424998,BLR,full
average_counts_total,L1_average_counts_nature,-0.0195495377162467,0.0448492247223085,-0.435894663448274,0.663716345231924,"",2.29465449804433,1534,0.514455311714669,BLR,full
total_burned_days_human,L1_total_burned_days_human,0.17420307529276,0.0749952271621921,2.32285549207033,0.0220095093296587,**,19.3976648351648,1456,0.856055794312293,BOL,full
average_burned_days_human,L1_average_burned_days_human,0.030400909124639,0.0914758451357106,0.332338106081854,0.740260746330523,"",0.241718716439647,1456,0.685757419445808,BOL,full
total_ba_ha_human,L1_total_ba_ha_human,0.228248438905291,0.120836003233422,1.88891086098219,0.06151360521843,*,1252.07516063443,1456,0.795454815073409,BOL,full
average_ba_ha_human,L1_average_ba_ha_human,-0.206759498378341,0.0484079032560531,-4.27119301748496,4.11986564900443e-05,***,14.1638099509268,1456,0.723459851136574,BOL,full
total_counts_human,L1_total_counts_human,0.29313083181859,0.106203456852056,2.76008748215163,0.00676205489075009,***,10.2177197802198,1456,0.883792167088562,BOL,full
average_counts_human,L1_average_counts_human,0.29313083181859,0.106203456852056,2.76008748215163,0.00676205489075009,***,10.2177197802198,1456,0.883792167088562,BOL,full
total_burned_days_nature,L1_total_burned_days_nature,0.022664657114141,0.0575623348622768,0.393741101162215,0.694527523441806,"",171.447802197802,1456,0.930791366732312,BOL,full
average_burned_days_nature,L1_average_burned_days_nature,-0.0752390916352373,0.0369734961494434,-2.0349466366699,0.0442389758899132,**,1.15407710179142,1456,0.547608408699734,BOL,full
total_ba_ha_nature,L1_total_ba_ha_nature,-0.0614251525116858,0.0790289110698845,-0.777249131743296,0.438665143478916,"",37273.840189263,1456,0.64302889173664,BOL,full
average_ba_ha_nature,L1_average_ba_ha_nature,-0.107296951918823,0.0404209064088087,-2.65449148600587,0.00910984955794267,***,190.562655525946,1456,0.472046792447202,BOL,full
total_counts_nature,L1_total_counts_nature,0.108129815918528,0.0660338253765344,1.63749132057633,0.104359794838535,"",64.0199175824176,1456,0.914267565743843,BOL,full
average_counts_nature,L1_average_counts_nature,0.108129815918528,0.0660338253765344,1.63749132057633,0.104359794838535,"",64.0199175824176,1456,0.914267565743843,BOL,full
total_burned_days_allfire,L1_total_burned_days_allfire,0.0182646452968432,0.0512227684596577,0.356572786791643,0.72208856018078,"",191.847527472527,1456,0.92772174045812,BOL,full
average_burned_days_allfire,L1_average_burned_days_allfire,-0.0767782457523921,0.0371504927179613,-2.06668176207719,0.041090694776005,**,1.15354885299227,1456,0.542904426756066,BOL,full
total_burned_areas_ha,L1_total_burned_areas_ha,-0.0475839873919653,0.0883959012381814,-0.538305359473071,0.591444065075183,"",40210.0318930837,1456,0.6665464363037,BOL,full
average_burned_areas_ha,L1_average_burned_areas_ha,-0.0755063257672652,0.0452586317891982,-1.66832983637137,0.0980688257203078,*,191.529483422307,1456,0.493854278848438,BOL,full
total_counts_total,L1_total_counts_total,0.109215818290487,0.0702297015532695,1.55512291630125,0.122763469567263,"",74.2884615384615,1456,0.91376926684944,BOL,full
average_counts_total,L1_average_counts_total,0.109215818290487,0.0702297015532695,1.55512291630125,0.122763469567263,"",74.2884615384615,1456,0.91376926684944,BOL,full
total_burned_days_allfire,L1_total_burned_days_human,0.273226593253829,0.074712081388025,3.65706038672377,0.000391662596742114,***,191.847527472527,1456,0.92810097628352,BOL,full
total_burned_days_allfire,L1_total_burned_days_nature,0.00673409535991018,0.0583491987242075,0.115410245678599,0.908328482469007,"",191.847527472527,1456,0.927690292101099,BOL,full
average_burned_days_allfire,L1_average_burned_days_human,0.0134474618673761,0.0388283223017534,0.346331262084141,0.729749403550948,"",1.15354885299227,1456,0.540131323828763,BOL,full
average_burned_days_allfire,L1_average_burned_days_nature,-0.0772375913191804,0.0371600681047602,-2.07851048877078,0.0399674611318534,**,1.15354885299227,1456,0.542923344987806,BOL,full
total_burned_areas_ha,L1_total_ba_ha_human,1.2725169854621,1.0693623136526,1.18997739981653,0.236594234792,"",40210.0318930837,1456,0.666259679725482,BOL,full
total_burned_areas_ha,L1_total_ba_ha_nature,-0.0434038017026177,0.0933330225638928,-0.465042280966577,0.642812191262279,"",40210.0318930837,1456,0.666385852084718,BOL,full
average_burned_areas_ha,L1_average_ba_ha_human,-0.128614347916459,0.793517962446778,-0.162081205471244,0.871536581252336,"",191.529483422307,1456,0.491002983610185,BOL,full
average_burned_areas_ha,L1_average_ba_ha_nature,-0.0752094294918884,0.0491126634599293,-1.53136531789304,0.128524236215504,"",191.529483422307,1456,0.493985935100105,BOL,full
total_counts_total,L1_total_counts_human,0.406850965148067,0.202154304833396,2.01257631136458,0.0465802775299604,**,74.2884615384615,1456,0.913817945700138,BOL,full
total_counts_total,L1_total_counts_nature,0.0965923773581077,0.0666066351241145,1.45019151887973,0.149824952165911,"",74.2884615384615,1456,0.913280555215488,BOL,full
average_counts_total,L1_average_counts_human,0.406850965148067,0.202154304833396,2.01257631136458,0.0465802775299604,**,74.2884615384615,1456,0.913817945700138,BOL,full
average_counts_total,L1_average_counts_nature,0.0965923773581077,0.0666066351241145,1.45019151887973,0.149824952165911,"",74.2884615384615,1456,0.913280555215488,BOL,full
total_burned_days_allfire,L1_total_burned_days_allfire,0.00499119414222451,0.060578531753241,0.08239212799933,0.934519915514497,"",162.700854700855,1170,0.939551258536806,BOL,nature_subsample
total_burned_days_allfire,L1_total_burned_days_allfire,0.13262413739466,0.095005749775473,1.39595906256296,0.22154409633017,"",218.397435897436,78,0.930856976327057,BOL,human_subsample
average_burned_days_allfire,L1_average_burned_days_allfire,-0.0562668605689197,0.0397571986357637,-1.4152622040705,0.160481278060502,"",1.08476253643397,1170,0.551588847106907,BOL,nature_subsample
average_burned_days_allfire,L1_average_burned_days_allfire,-0.459654526448305,0.117827358357088,-3.90108488264054,0.0113968277594337,**,1.42367852354738,78,0.748944937348092,BOL,human_subsample
total_burned_areas_ha,L1_total_burned_areas_ha,0.0227026840356442,0.0591413821220016,0.383871381105219,0.701989325965213,"",39436.264670169,1170,0.743513377358432,BOL,nature_subsample
total_burned_areas_ha,L1_total_burned_areas_ha,-0.0802157414965697,0.118669193708646,-0.675960954900507,0.529062426342488,"",16453.4521834412,78,0.845357402915258,BOL,human_subsample
average_burned_areas_ha,L1_average_burned_areas_ha,-0.100877259962998,0.0426124587894035,-2.36731845166568,0.0200844931098376,**,192.649072110514,1170,0.559030643227963,BOL,nature_subsample
average_burned_areas_ha,L1_average_burned_areas_ha,-0.413694356507603,0.157423602994271,-2.62790552775404,0.0466508781077362,**,92.6237619031079,78,0.772363661104441,BOL,human_subsample
total_counts_total,L1_total_counts_total,0.0634674661737452,0.0460072256311316,1.37951083342002,0.171193658767178,"",58.2307692307692,1170,0.922321557580494,BOL,nature_subsample
total_counts_total,L1_total_counts_total,0.0320531510313809,0.175822464946919,0.182304070421591,0.862505019694945,"",109.089743589744,78,0.941996012594302,BOL,human_subsample
average_counts_total,L1_average_counts_total,0.0634674661737452,0.0460072256311316,1.37951083342002,0.171193658767178,"",58.2307692307692,1170,0.922321557580494,BOL,nature_subsample
average_counts_total,L1_average_counts_total,0.0320531510313809,0.175822464946919,0.182304070421591,0.862505019694945,"",109.089743589744,78,0.941996012594302,BOL,human_subsample
total_burned_days_human,L1_total_burned_days_human,-0.00495510843986093,0.0678742546819801,-0.0730042409022055,0.941805364051942,"",3.02403932452398,72423,0.590568126618313,BRA,full
average_burned_days_human,L1_average_burned_days_human,-0.029046288471129,0.0094670393033923,-3.06814913726205,0.00216424110482335,***,0.340726724583726,72423,0.412382661023535,BRA,full
total_ba_ha_human,L1_total_ba_ha_human,-0.120282499403038,0.0242716284025943,-4.95568312961569,7.42090999704293e-07,***,245.021711122061,72423,0.374290014617794,BRA,full
average_ba_ha_human,L1_average_ba_ha_human,-0.119347980843689,0.00974405947435932,-12.2482812381989,4.69067755881703e-34,***,29.0198639612777,72423,0.210211952051638,BRA,full
total_counts_human,L1_total_counts_human,-0.0399001552755904,0.0621062828455603,-0.642449579132117,0.520607758735174,"",1.19252171271557,72423,0.595295770750359,BRA,full
average_counts_human,L1_average_counts_human,-0.0399001552755904,0.0621062828455603,-0.642449579132117,0.520607758735174,"",1.19252171271557,72423,0.595295770750359,BRA,full
total_burned_days_nature,L1_total_burned_days_nature,0.0257804501896451,0.0575153850664472,0.448235722665529,0.654000518415578,"",24.9559532192812,72423,0.830335449190017,BRA,full
average_burned_days_nature,L1_average_burned_days_nature,-0.058488918225068,0.00624585446531655,-9.36443821255506,1.08424772596797e-20,***,1.11448442580675,72423,0.418510705761256,BRA,full
total_ba_ha_nature,L1_total_ba_ha_nature,-0.0362599974600227,0.0328190886900393,-1.10484473845332,0.269274593756391,"",4062.5717391074,72423,0.536285299968356,BRA,full
average_ba_ha_nature,L1_average_ba_ha_nature,-0.0631910492759216,0.00978867633359178,-6.45552545843905,1.16972404549761e-10,***,143.683563947974,72423,0.185838906448125,BRA,full
total_counts_nature,L1_total_counts_nature,0.0533722112533261,0.072038476408619,0.740884787048888,0.458794531740209,"",9.0446681302901,72423,0.824099576517846,BRA,full
average_counts_nature,L1_average_counts_nature,0.0533722112533261,0.072038476408619,0.740884787048888,0.458794531740209,"",9.0446681302901,72423,0.824099576517846,BRA,full
total_burned_days_allfire,L1_total_burned_days_allfire,-0.0229712268428332,0.0711153768384108,-0.323013500934245,0.746697142377957,"",28.0226585476989,72423,0.820072346498265,BRA,full
average_burned_days_allfire,L1_average_burned_days_allfire,-0.0529540068625706,0.00630748066168139,-8.39542912660387,5.8269571256732e-17,***,1.22975335759338,72423,0.409391909373546,BRA,full
total_burned_areas_ha,L1_total_burned_areas_ha,-0.046744220795105,0.0303474073119659,-1.54030360203699,0.123543170920953,"",4402.97185243708,72423,0.565036799901835,BRA,full
average_burned_areas_ha,L1_average_burned_areas_ha,-0.056041908121839,0.0113891112052205,-4.92065685478166,8.87365471027005e-07,***,153.172655030268,72423,0.188455432674658,BRA,full
total_counts_total,L1_total_counts_total,-0.0116179059211043,0.0833670854844218,-0.139358427292931,0.889171960255029,"",10.239191969402,72423,0.807979965457678,BRA,full
average_counts_total,L1_average_counts_total,-0.0116179059211043,0.0833670854844218,-0.139358427292931,0.889171960255029,"",10.239191969402,72423,0.807979965457678,BRA,full
total_burned_days_allfire,L1_total_burned_days_human,-0.275875349923537,0.258662061164468,-1.06654740429105,0.286222487615154,"",28.0226585476989,72423,0.821038887586056,BRA,full
total_burned_days_allfire,L1_total_burned_days_nature,-0.00501298709525994,0.0695361322739531,-0.0720918309852231,0.942531415595566,"",28.0226585476989,72423,0.819967548211091,BRA,full
average_burned_days_allfire,L1_average_burned_days_human,-0.00966218195536048,0.00855890303366957,-1.12890424361052,0.25898684819998,"",1.22975335759338,72423,0.407745326192223,BRA,full
average_burned_days_allfire,L1_average_burned_days_nature,-0.0513243446999354,0.00621033208216229,-8.26434786754037,1.73930521609962e-16,***,1.22975335759338,72423,0.409227083879776,BRA,full
total_burned_areas_ha,L1_total_ba_ha_human,-0.119264812929099,0.0573482457477881,-2.07965930559784,0.0376024210513714,**,4402.97185243708,72423,0.563369506148699,BRA,full
total_burned_areas_ha,L1_total_ba_ha_nature,-0.0446008701658131,0.0316492333294268,-1.40922434681361,0.158824665640164,"",4402.97185243708,72423,0.564848811923512,BRA,full
average_burned_areas_ha,L1_average_ba_ha_human,-0.015295805017149,0.0368743764736361,-0.414808506066129,0.678298067518773,"",153.172655030268,72423,0.185225847014738,BRA,full
average_burned_areas_ha,L1_average_ba_ha_nature,-0.0541541652420737,0.0132446050802363,-4.08877161032781,4.39772266791754e-05,***,153.172655030268,72423,0.188178814458102,BRA,full
total_counts_total,L1_total_counts_human,-0.28541785705938,0.251837300881073,-1.13334226526739,0.257119328077388,"",10.239191969402,72423,0.809402791010683,BRA,full
total_counts_total,L1_total_counts_nature,0.0176463429208423,0.0871634273370553,0.202451228226778,0.839571377116512,"",10.239191969402,72423,0.807999498672391,BRA,full
average_counts_total,L1_average_counts_human,-0.28541785705938,0.251837300881073,-1.13334226526739,0.257119328077388,"",10.239191969402,72423,0.809402791010683,BRA,full
average_counts_total,L1_average_counts_nature,0.0176463429208423,0.0871634273370553,0.202451228226778,0.839571377116512,"",10.239191969402,72423,0.807999498672391,BRA,full
total_burned_days_allfire,L1_total_burned_days_allfire,0.11657289131394,0.0917389543387939,1.2707022022884,0.204274333229472,"",53.6733340953252,8749,0.88370041357035,BRA,nature_subsample
total_burned_days_allfire,L1_total_burned_days_allfire,0.335644479937073,0.0254452714516099,13.1908390356684,1.03633199910063e-36,***,10.7570071628776,12844,0.722291673217645,BRA,human_subsample
average_burned_days_allfire,L1_average_burned_days_allfire,-0.0525109535051819,0.0205917866229428,-2.55009215405698,0.010990224972291,**,1.28503645576432,8749,0.445922213058969,BRA,nature_subsample
average_burned_days_allfire,L1_average_burned_days_allfire,-0.047570571500856,0.0146759584412201,-3.24139453592656,0.00122927177436552,***,1.20984649185703,12844,0.37226051563499,BRA,human_subsample
total_burned_areas_ha,L1_total_burned_areas_ha,-0.138425175886107,0.0331150812285939,-4.18012490836294,3.29890010315587e-05,***,10998.6844625981,8749,0.809882304932299,BRA,nature_subsample
total_burned_areas_ha,L1_total_burned_areas_ha,-0.0495004192113037,0.0232895544653821,-2.12543435662893,0.0337982151677027,**,723.316443814803,12844,0.480272864467386,BRA,human_subsample
average_burned_areas_ha,L1_average_burned_areas_ha,-0.101015842475157,0.0189402844554142,-5.33338571091424,1.31855264493365e-07,***,198.640314617181,8749,0.305627368130275,BRA,nature_subsample
average_burned_areas_ha,L1_average_burned_areas_ha,-0.109623534622653,0.035089908615043,-3.12407580838378,0.00183567819544628,***,81.3408682351692,12844,0.31635714735838,BRA,human_subsample
total_counts_total,L1_total_counts_total,0.14813129471443,0.0904323999478664,1.63803343491743,0.101882830268923,"",19.4478226082981,8749,0.859942039644098,BRA,nature_subsample
total_counts_total,L1_total_counts_total,0.320978761920022,0.0271061770397834,11.8415356562058,2.41593234010092e-30,***,3.79640298972283,12844,0.763834826225593,BRA,human_subsample
average_counts_total,L1_average_counts_total,0.14813129471443,0.0904323999478664,1.63803343491743,0.101882830268923,"",19.4478226082981,8749,0.859942039644098,BRA,nature_subsample
average_counts_total,L1_average_counts_total,0.320978761920022,0.0271061770397834,11.8415356562058,2.41593234010092e-30,***,3.79640298972283,12844,0.763834826225593,BRA,human_subsample
total_burned_days_human,L1_total_burned_days_human,-0.0905241806448498,0.0221728702186792,-4.08265505331777,0.000220802036588096,***,0.0650887573964496,507,0.30118888098143,BRN,full
average_burned_days_human,L1_average_burned_days_human,-0.0904567602847072,0.0271865899691953,-3.32725657712873,0.00195493822569791,***,0.0499671268902036,507,0.305437931712879,BRN,full
total_ba_ha_human,L1_total_ba_ha_human,-0.0761076005129278,0.0508653146813233,-1.49625734136808,0.142846713851974,"",2.99290776936695,507,0.385948781583476,BRN,full
average_ba_ha_human,L1_average_ba_ha_human,-0.0989464579312083,0.0399285316020804,-2.47808907468195,0.0177669987956553,**,2.22009102896001,507,0.383261058475085,BRN,full
total_counts_human,L1_total_counts_human,0.0857577178905992,0.123687644648717,0.693341021523677,0.492311982996849,"",0.0256410256410256,507,0.388089429760474,BRN,full
average_counts_human,L1_average_counts_human,0.0857577178905992,0.123687644648717,0.693341021523677,0.492311982996849,"",0.0256410256410256,507,0.388089429760474,BRN,full
total_burned_days_nature,L1_total_burned_days_nature,-0.0968239423215923,0.0224761514238124,-4.30785237631974,0.000112129000027977,***,0.0769230769230769,507,0.353738281285156,BRN,full
average_burned_days_nature,L1_average_burned_days_nature,-0.089816536491642,0.0269213924941987,-3.33625151488715,0.00190677882176232,***,0.067061143984221,507,0.317318213475385,BRN,full
total_ba_ha_nature,L1_total_ba_ha_nature,-0.107738319946287,0.0248548101000355,-4.33470702502503,0.000103357160051295,***,3.4143935672582,507,0.358737147447772,BRN,full
average_ba_ha_nature,L1_average_ba_ha_nature,-0.100925313950927,0.0302480685949476,-3.33658704965329,0.0019050044401405,***,2.950715823941,507,0.316448597359207,BRN,full
total_counts_nature,L1_total_counts_nature,-0.0265927711932681,0.0568570944328973,-0.467712454505618,0.642661573588411,"",0.0315581854043392,507,0.332692109949414,BRN,full
average_counts_nature,L1_average_counts_nature,-0.0265927711932681,0.0568570944328973,-0.467712454505618,0.642661573588411,"",0.0315581854043392,507,0.332692109949414,BRN,full
total_burned_days_allfire,L1_total_burned_days_allfire,0.00546762791417215,0.0699743898739821,0.0781375575266733,0.938128638285752,"",0.142011834319527,507,0.395022132114009,BRN,full
average_burned_days_allfire,L1_average_burned_days_allfire,-0.031366038207843,0.0603335611872828,-0.519877122957802,0.60616474996873,"",0.116863905325444,507,0.347366341971815,BRN,full
total_burned_areas_ha,L1_total_burned_areas_ha,0.0785493244144769,0.0862789236299831,0.910411501554475,0.368344538799321,"",6.40730133662515,507,0.468620564488478,BRN,full
average_burned_areas_ha,L1_average_burned_areas_ha,0.00354059435210116,0.0784487640648778,0.0451325702107055,0.964237986634993,"",5.12162793752473,507,0.394541282547815,BRN,full
total_counts_total,L1_total_counts_total,0.112280910056691,0.0626000864507516,1.79362228429228,0.0808344845749932,*,0.0571992110453649,507,0.455586471689312,BRN,full
average_counts_total,L1_average_counts_total,0.112280910056691,0.0626000864507516,1.79362228429228,0.0808344845749932,*,0.0571992110453649,507,0.455586471689312,BRN,full
total_burned_days_allfire,L1_total_burned_days_human,-0.043805701181386,0.0711025253254209,-0.616092058346687,0.541506952041228,"",0.142011834319527,507,0.395523237131724,BRN,full
total_burned_days_allfire,L1_total_burned_days_nature,0.0309984625661051,0.0645134689801892,0.480495981011719,0.633629541590538,"",0.142011834319527,507,0.395494743655351,BRN,full
average_burned_days_allfire,L1_average_burned_days_human,-0.0682232627094264,0.0514296197411035,-1.3265364016468,0.192579484420523,"",0.116863905325444,507,0.347762894747188,BRN,full
average_burned_days_allfire,L1_average_burned_days_nature,-0.0130048607344118,0.0632709147028216,-0.205542480229575,0.838245483561433,"",0.116863905325444,507,0.346715268754012,BRN,full
total_burned_areas_ha,L1_total_ba_ha_human,0.0436343234623635,0.111123014875411,0.392666843239319,0.696759637511287,"",6.40730133662514,507,0.465413690570512,BRN,full
total_burned_areas_ha,L1_total_ba_ha_nature,0.0858884056311174,0.0709029857707234,1.21135104110921,0.233240379949668,"",6.40730133662515,507,0.467948288447227,BRN,full
average_burned_areas_ha,L1_average_ba_ha_human,-0.0286167862250865,0.0909761766143634,-0.314552526716851,0.754822072452786,"",5.12162793752472,507,0.394736395085081,BRN,full
average_burned_areas_ha,L1_average_ba_ha_nature,0.0179095795551994,0.0705002177054212,0.254035804967766,0.800837489961987,"",5.12162793752471,507,0.394673697524328,BRN,full
total_counts_total,L1_total_counts_human,0.162657137913247,0.119849795487608,1.35717493093316,0.182732508738642,"",0.0571992110453649,507,0.456297609411974,BRN,full
total_counts_total,L1_total_counts_nature,0.0563214161053152,0.0659846901696296,0.853552785661756,0.398701477693798,"",0.0571992110453648,507,0.448809768438872,BRN,full
average_counts_total,L1_average_counts_human,0.162657137913247,0.119849795487608,1.35717493093316,0.182732508738642,"",0.0571992110453649,507,0.456297609411974,BRN,full
average_counts_total,L1_average_counts_nature,0.0563214161053152,0.0659846901696296,0.853552785661756,0.398701477693798,"",0.0571992110453648,507,0.448809768438872,BRN,full
total_burned_days_allfire,L1_total_burned_days_allfire,-0.475987433196691,Inf,0,1,"",0.0576923076923077,52,0.947744030826793,BRN,nature_subsample
total_burned_days_allfire,L1_total_burned_days_allfire,-0.0666107533210051,0.0173866871759471,-3.83113543407826,0.000972142003747571,***,0.136363636363637,286,0.708511318840234,BRN,human_subsample
average_burned_days_allfire,L1_average_burned_days_allfire,-0.475987433196691,Inf,0,1,"",0.0576923076923077,52,0.947744030826793,BRN,nature_subsample
average_burned_days_allfire,L1_average_burned_days_allfire,-0.0614535056350061,0.0275844947859411,-2.22782784719795,0.0369566116149738,**,0.0996503496503504,286,0.68818681780008,BRN,human_subsample
total_burned_areas_ha,L1_total_burned_areas_ha,-0.475987322151321,Inf,0,1,"",2.87692516320049,52,0.943813410896385,BRN,nature_subsample
total_burned_areas_ha,L1_total_burned_areas_ha,-0.0669064897701144,0.0167375016633029,-3.9974000371159,0.000653763514205258,***,5.60447086361857,286,0.819420403343095,BRN,human_subsample
average_burned_areas_ha,L1_average_burned_areas_ha,-0.475987322151321,Inf,0,1,"",2.87692516320049,52,0.943813410896385,BRN,nature_subsample
average_burned_areas_ha,L1_average_burned_areas_ha,-0.0618150122746065,0.0270273400390869,-2.28712896589934,0.0326702074984432,**,4.14731324013754,286,0.827106943507446,BRN,human_subsample
total_counts_total,L1_total_counts_total,-0.475987433195781,Inf,0,1,"",0.0384615384615369,52,0.967209379343652,BRN,nature_subsample
total_counts_total,L1_total_counts_total,-0.0688787929186307,0.014174434888409,-4.85936783095005,8.36002231242366e-05,***,0.0314685314685315,286,0.749789133473443,BRN,human_subsample
average_counts_total,L1_average_counts_total,-0.475987433195781,Inf,0,1,"",0.0384615384615369,52,0.967209379343652,BRN,nature_subsample
average_counts_total,L1_average_counts_total,-0.0688787929186307,0.014174434888409,-4.85936783095005,8.36002231242366e-05,***,0.0314685314685315,286,0.749789133473443,BRN,human_subsample
total_ba_ha_human,L1_total_ba_ha_human,-0.0863079525751361,0.00262359481327768,-32.8968300052823,1.64610361162987e-83,***,0.0160827061650633,2665,0.21635373502708,BTN,full
average_ba_ha_human,L1_average_ba_ha_human,-0.0863079525751361,0.00262359481327768,-32.8968300052823,1.64610361162987e-83,***,0.0160827061650633,2665,0.21635373502708,BTN,full
total_counts_human,L1_total_counts_human,-0.086307952575135,0.00262359481330277,-32.8968300049673,1.64610361433787e-83,***,0.000750469043151972,2665,0.21635373502708,BTN,full
average_counts_human,L1_average_counts_human,-0.086307952575135,0.00262359481330277,-32.8968300049673,1.64610361433787e-83,***,0.000750469043151972,2665,0.21635373502708,BTN,full
total_burned_days_nature,L1_total_burned_days_nature,-0.183179732529766,0.0435785261212798,-4.20344029121071,3.93177804112855e-05,***,0.770356472795497,2665,0.496957066478911,BTN,full
average_burned_days_nature,L1_average_burned_days_nature,-0.13969436519313,0.0418608452236064,-3.3371128663774,0.00100596222082499,***,0.415329521427082,2665,0.408988774725792,BTN,full
total_ba_ha_nature,L1_total_ba_ha_nature,-0.107331407765569,0.0257638729828386,-4.16596556880492,4.57659024188944e-05,***,94.0430215649472,2665,0.464125485975858,BTN,full
average_ba_ha_nature,L1_average_ba_ha_nature,-0.0931756838409059,0.0372565741644688,-2.50091925869466,0.013174038327846,**,51.1716215775879,2665,0.361831779216352,BTN,full
total_counts_nature,L1_total_counts_nature,-0.125293538609781,0.0439518294579907,-2.85070132813327,0.0048104233112141,***,0.220262664165103,2665,0.403003869768602,BTN,full
average_counts_nature,L1_average_counts_nature,-0.125293538609781,0.0439518294579907,-2.85070132813327,0.0048104233112141,***,0.220262664165103,2665,0.403003869768602,BTN,full
total_burned_days_allfire,L1_total_burned_days_allfire,-0.183179732529766,0.0435785261212798,-4.20344029121071,3.93177804112855e-05,***,0.770356472795497,2665,0.496957066478911,BTN,full
average_burned_days_allfire,L1_average_burned_days_allfire,-0.14062970853165,0.0418752538869784,-3.35830103648351,0.000935677736512228,***,0.414779177462104,2665,0.408006754308551,BTN,full
total_burned_areas_ha,L1_total_burned_areas_ha,-0.10722036281006,0.0257872399763493,-4.15788439974176,4.72831179236149e-05,***,94.0591042711123,2665,0.464191891512228,BTN,full
average_burned_areas_ha,L1_average_burned_areas_ha,-0.0937386614935891,0.0372862519280705,-2.51402746713244,0.0127087780232082,**,51.0820947545752,2665,0.361210638085765,BTN,full
total_counts_total,L1_total_counts_total,-0.122159374680603,0.0448526788115157,-2.72356920294445,0.00701796402859084,***,0.221013133208255,2665,0.404045646575962,BTN,full
average_counts_total,L1_average_counts_total,-0.122159374680603,0.0448526788115157,-2.72356920294445,0.00701796402859084,***,0.221013133208255,2665,0.404045646575962,BTN,full
total_burned_days_allfire,L1_total_burned_days_nature,-0.183179732529766,0.0435785261212798,-4.20344029121071,3.93177804112855e-05,***,0.770356472795497,2665,0.496957066478911,BTN,full
average_burned_days_allfire,L1_average_burned_days_nature,-0.140420396610909,0.0419387340954311,-3.34822687521717,0.000968503481854622,***,0.414779177462104,2665,0.407960825268328,BTN,full
total_burned_areas_ha,L1_total_ba_ha_human,33.1766709663792,23.1311683551158,1.43428427207144,0.153022269342253,"",94.0591042711123,2665,0.457437791168307,BTN,full
total_burned_areas_ha,L1_total_ba_ha_nature,-0.10728016085552,0.0257777059378413,-4.16174197634999,4.65529720900161e-05,***,94.0591042711123,2665,0.464200639301625,BTN,full
average_burned_areas_ha,L1_average_ba_ha_human,1.22115118169606,4.27831253191244,0.285428231945972,0.775605671994891,"",51.0820947545752,2665,0.35571137679532,BTN,full
average_burned_areas_ha,L1_average_ba_ha_nature,-0.0937689995209415,0.0372956254176521,-2.51420906529591,0.0127024366200001,**,51.0820947545752,2665,0.361213426311,BTN,full
total_counts_total,L1_total_counts_human,2.65635874624588,2.56849543532166,1.03420808529224,0.302263340019972,"",0.221013133208255,2665,0.398901150864456,BTN,full
total_counts_total,L1_total_counts_nature,-0.125368772622748,0.0439679730907769,-2.85136575124602,0.00480077241275152,***,0.221013133208255,2665,0.404565639302046,BTN,full
average_counts_total,L1_average_counts_human,2.65635874624588,2.56849543532166,1.03420808529224,0.302263340019972,"",0.221013133208255,2665,0.398901150864456,BTN,full
average_counts_total,L1_average_counts_nature,-0.125368772622748,0.0439679730907769,-2.85136575124602,0.00480077241275152,***,0.221013133208255,2665,0.404565639302046,BTN,full
total_burned_days_human,L1_total_burned_days_human,-0.0741650912230307,0.0181799628307365,-4.07949630665039,0.000322255980955548,***,0.058974358974359,390,0.906659541189661,BWA,full
average_burned_days_human,L1_average_burned_days_human,-0.0741650912230308,0.018179962830738,-4.07949630665005,0.000322255980955846,***,0.0538461538461538,390,0.889452130741346,BWA,full
total_ba_ha_human,L1_total_ba_ha_human,-0.0593995522541079,0.0301368068882221,-1.97099687682314,0.0583348968578225,*,5.32594978105014,390,0.990464906076751,BWA,full
average_ba_ha_human,L1_average_ba_ha_human,-0.059399552254107,0.0301368068882292,-1.97099687682265,0.0583348968578819,*,4.58450798530652,390,0.984673145043584,BWA,full
total_counts_human,L1_total_counts_human,-0.0559260667291021,0.0448792678705415,-1.24614480990256,0.222684373576704,"",0.0282051282051282,390,0.848245147294233,BWA,full
average_counts_human,L1_average_counts_human,-0.0559260667291021,0.0448792678705415,-1.24614480990256,0.222684373576704,"",0.0282051282051282,390,0.848245147294233,BWA,full
total_burned_days_nature,L1_total_burned_days_nature,0.32285942878365,0.19359877048105,1.66767292985082,0.106145266819102,"",135.092307692308,390,0.958963417791705,BWA,full
average_burned_days_nature,L1_average_burned_days_nature,0.0355231005846366,0.204559559857628,0.173656516514605,0.863341929262687,"",2.31114033185085,390,0.723550313496352,BWA,full
total_ba_ha_nature,L1_total_ba_ha_nature,0.162012678712062,0.123458727485309,1.31228210440887,0.199717334593518,"",327300.586519353,390,0.871810880310812,BWA,full
average_ba_ha_nature,L1_average_ba_ha_nature,-0.117616642706812,0.167313560378587,-0.702971369688603,0.487678975527964,"",4806.56807210934,390,0.619606679205579,BWA,full
total_counts_nature,L1_total_counts_nature,0.294385888391295,0.197395845603568,1.49134794347452,0.146668816483486,"",40.0435897435897,390,0.957972796055967,BWA,full
average_counts_nature,L1_average_counts_nature,0.294385888391295,0.197395845603568,1.49134794347452,0.146668816483486,"",40.0435897435897,390,0.957972796055967,BWA,full
total_burned_days_allfire,L1_total_burned_days_allfire,0.301624569647079,0.199946633577904,1.50852537124392,0.142238640743873,"",138.251282051282,390,0.959280410442792,BWA,full
average_burned_days_allfire,L1_average_burned_days_allfire,0.0466783865501854,0.20173181889031,0.231388319437929,0.818638015330757,"",2.36056998309224,390,0.724640870157429,BWA,full
total_burned_areas_ha,L1_total_burned_areas_ha,0.150199877174593,0.125205725927557,1.19962466621932,0.239994679899691,"",353666.660347822,390,0.882155238170654,BWA,full
average_burned_areas_ha,L1_average_burned_areas_ha,-0.132044109758024,0.154817762004056,-0.852900261887034,0.400704259382166,"",5176.65205792661,390,0.658946828782364,BWA,full
total_counts_total,L1_total_counts_total,0.291675643120479,0.197196542221069,1.47911134665583,0.149891952420086,"",40.2589743589744,390,0.958068111018475,BWA,full
average_counts_total,L1_average_counts_total,0.291675643120479,0.197196542221069,1.47911134665583,0.149891952420086,"",40.2589743589744,390,0.958068111018475,BWA,full
total_burned_days_allfire,L1_total_burned_days_human,3.97790153285302,7.48435411105801,0.531495633935297,0.59912334522701,"",138.251282051282,390,0.955717947569642,BWA,full
total_burned_days_allfire,L1_total_burned_days_nature,0.318849688808467,0.195914444393633,1.62749454127962,0.114450135583371,"",138.251282051282,390,0.959602104296128,BWA,full
average_burned_days_allfire,L1_average_burned_days_human,0.808783887135396,0.292061557891888,2.7692240395252,0.00969480379025579,***,2.36056998309224,390,0.726667841077283,BWA,full
average_burned_days_allfire,L1_average_burned_days_nature,0.0410615368056309,0.203064260668923,0.202209569869008,0.841164777352843,"",2.36056998309224,390,0.724499411597633,BWA,full
total_burned_areas_ha,L1_total_ba_ha_human,-2424.25128193014,5274.7395975374,-0.459596390893295,0.649232903055649,"",353666.660347822,390,0.879203715675257,BWA,full
total_burned_areas_ha,L1_total_ba_ha_nature,0.166640501949422,0.126604719404031,1.31622662041235,0.198407241050435,"",353666.660347822,390,0.882733690118947,BWA,full
average_burned_areas_ha,L1_average_ba_ha_human,41.8017736485096,82.1625822841013,0.508768985667559,0.614763282532898,"",5176.65205792661,390,0.650457483943009,BWA,full
average_burned_areas_ha,L1_average_ba_ha_nature,-0.126937097425012,0.15678152878562,-0.809643192078979,0.424739034272368,"",5176.65205792661,390,0.658339291715597,BWA,full
total_counts_total,L1_total_counts_human,-21.6017722218499,18.541969265567,-1.16502038766535,0.253504696618043,"",40.2589743589744,390,0.954648410072574,BWA,full
total_counts_total,L1_total_counts_nature,0.294609399122697,0.197191523995954,1.49402668610007,0.145970726569108,"",40.2589743589744,390,0.958128725232239,BWA,full
average_counts_total,L1_average_counts_human,-21.6017722218499,18.541969265567,-1.16502038766535,0.253504696618043,"",40.2589743589744,390,0.954648410072574,BWA,full
average_counts_total,L1_average_counts_nature,0.294609399122697,0.197191523995954,1.49402668610007,0.145970726569108,"",40.2589743589744,390,0.958128725232239,BWA,full
total_burned_days_allfire,L1_total_burned_days_allfire,0.301624569734447,0.175929382520635,1.7144638684733,0.100498858694531,"",179.384615384615,299,0.956350142896005,BWA,nature_subsample
average_burned_days_allfire,L1_average_burned_days_allfire,0.046678386379292,0.177500133897874,0.26297662629454,0.795015744020263,"",2.84942955271945,299,0.606174121316624,BWA,nature_subsample
total_burned_areas_ha,L1_total_burned_areas_ha,0.150199877284787,0.110166225810198,1.36339314685757,0.186549326517644,"",461062.050296873,299,0.876943327674512,BWA,nature_subsample
average_burned_areas_ha,L1_average_burned_areas_ha,-0.132044110218251,0.136221314168214,-0.969335166266236,0.342914897708631,"",6685.01112255226,299,0.639199709253489,BWA,nature_subsample
total_counts_total,L1_total_counts_total,0.291675643135333,0.173509627488704,1.68103434579918,0.106900356322624,"",52.2107023411371,299,0.954604731573366,BWA,nature_subsample
average_counts_total,L1_average_counts_total,0.291675643135333,0.173509627488704,1.68103434579918,0.106900356322624,"",52.2107023411371,299,0.954604731573366,BWA,nature_subsample
total_burned_days_human,L1_total_burned_days_human,-0.207367610725328,0.0170819106892206,-12.1396027937429,1.59644170456766e-16,***,1.34690799396682,663,0.859416217516424,CAF,full
average_burned_days_human,L1_average_burned_days_human,-0.0749231382226912,0.0246727227745442,-3.03667896353913,0.00379371549061439,***,0.0677276662352247,663,0.749050138705932,CAF,full
total_ba_ha_human,L1_total_ba_ha_human,-0.236148798574861,0.0162906173111621,-14.4960006158302,1.54521482217052e-19,***,79.4908449008046,663,0.879342407846363,CAF,full
average_ba_ha_human,L1_average_ba_ha_human,-0.00473576253867896,0.0301092726439706,-0.157285849933253,0.875653015688996,"",5.40302668226194,663,0.962693509032086,CAF,full
total_counts_human,L1_total_counts_human,-0.23736645829296,0.0202875631111573,-11.7000970985233,6.30021778738074e-16,***,0.823529411764706,663,0.889122470733286,CAF,full
average_counts_human,L1_average_counts_human,-0.23736645829296,0.0202875631111573,-11.7000970985233,6.30021778738074e-16,***,0.823529411764706,663,0.889122470733286,CAF,full
total_burned_days_nature,L1_total_burned_days_nature,0.0942785664266334,0.0804491543067307,1.1719025170504,0.24679012649682,"",1670.03318250377,663,0.958643302514306,CAF,full
average_burned_days_nature,L1_average_burned_days_nature,0.0353061293396692,0.0325299786494352,1.08534130071685,0.282975844777176,"",2.10002279422132,663,0.890629007424945,CAF,full
total_ba_ha_nature,L1_total_ba_ha_nature,0.0228059789881662,0.0489368620654194,0.466028634154738,0.643218906010546,"",379639.492483098,663,0.928814182453919,CAF,full
average_ba_ha_nature,L1_average_ba_ha_nature,0.0143420319657409,0.0942054342385178,0.152242087536356,0.879608676624743,"",426.676390313385,663,0.77629321621734,CAF,full
total_counts_nature,L1_total_counts_nature,-0.102893595047504,0.0939087241610931,-1.09567663672012,0.278469970828644,"",762.297134238311,663,0.942093064720172,CAF,full
average_counts_nature,L1_average_counts_nature,-0.102893595047504,0.0939087241610931,-1.09567663672012,0.278469970828644,"",762.297134238311,663,0.942093064720172,CAF,full
total_burned_days_allfire,L1_total_burned_days_allfire,0.0897305901593261,0.0811836712178415,1.10527879330008,0.274329030826352,"",1697.60030165913,663,0.959710193526373,CAF,full
average_burned_days_allfire,L1_average_burned_days_allfire,0.0284267678398876,0.0331852802073702,0.856607738800235,0.395748664130265,"",2.09004794969737,663,0.840474671164096,CAF,full
total_burned_areas_ha,L1_total_burned_areas_ha,0.243774027751245,0.107160136149423,2.27485739110417,0.0272368374734654,**,1307122.35955353,663,0.88012748818076,CAF,full
average_burned_areas_ha,L1_average_burned_areas_ha,0.329444910005227,0.09153094144604,3.59927369696556,0.000731571815933554,***,1456.64166039213,663,0.823596836307069,CAF,full
total_counts_total,L1_total_counts_total,-0.100813732254774,0.0933716022090085,-1.07970442693172,0.285454679206664,"",763.589743589744,663,0.942241732123812,CAF,full
average_counts_total,L1_average_counts_total,-0.100813732254774,0.0933716022090085,-1.07970442693172,0.285454679206664,"",763.589743589744,663,0.942241732123812,CAF,full
total_burned_days_allfire,L1_total_burned_days_human,9.43217670951191,3.31916640548749,2.84173059052355,0.00647744921464666,***,1697.60030165913,663,0.959896875276748,CAF,full
total_burned_days_allfire,L1_total_burned_days_nature,0.0876529723025056,0.0805291838470098,1.08846219612792,0.28160990159763,"",1697.60030165913,663,0.959697369115337,CAF,full
average_burned_days_allfire,L1_average_burned_days_human,0.0326345572981287,0.0250590671736762,1.30230535206875,0.198779188746167,"",2.09004794969737,663,0.840447917115971,CAF,full
average_burned_days_allfire,L1_average_burned_days_nature,0.0350509417585062,0.032527662104644,1.0775733480551,0.286395756658107,"",2.09004794969737,663,0.840535457432746,CAF,full
total_burned_areas_ha,L1_total_ba_ha_human,86.6244735584761,76.9760206739439,1.12534361740264,0.265816441320821,"",1307122.35955353,663,0.8730970531632,CAF,full
total_burned_areas_ha,L1_total_ba_ha_nature,-1.35880515220833,0.547927359373739,-2.47990017100331,0.0165549518799263,**,1307122.35955353,663,0.878301961580723,CAF,full
average_burned_areas_ha,L1_average_ba_ha_human,0.426076402553781,2.17737192752502,0.195683795298167,0.845650764823458,"",1456.64166039213,663,0.799543806008534,CAF,full
average_burned_areas_ha,L1_average_ba_ha_nature,1.2280877092481,0.70808135519539,1.73438786410244,0.0890111656981104,*,1456.64166039213,663,0.808807340740941,CAF,full
total_counts_total,L1_total_counts_human,7.71812808973192,1.69999090758986,4.54009962951756,3.5603592233681e-05,***,763.589743589744,663,0.942206482351323,CAF,full
total_counts_total,L1_total_counts_nature,-0.101776013593391,0.0933976768552549,-1.08970605073101,0.281066781950899,"",763.589743589744,663,0.94225331822376,CAF,full
average_counts_total,L1_average_counts_human,7.71812808973192,1.69999090758986,4.54009962951756,3.5603592233681e-05,***,763.589743589744,663,0.942206482351323,CAF,full
average_counts_total,L1_average_counts_nature,-0.101776013593391,0.0933976768552549,-1.08970605073101,0.281066781950899,"",763.589743589744,663,0.94225331822376,CAF,full
total_burned_days_human,L1_total_burned_days_human,-0.136246744528104,0.0447237180004252,-3.04640916765481,0.00252748596639516,***,2.75347860330796,3809,0.574121654009584,CAN,full
average_burned_days_human,L1_average_burned_days_human,-0.146811959276345,0.0345485645113047,-4.24943731680392,2.88589739592074e-05,***,0.255819951233161,3809,0.470902562532952,CAN,full
total_ba_ha_human,L1_total_ba_ha_human,-0.158803454945031,0.0266175686427333,-5.96611422615359,7.01821810638138e-09,***,176.36932363472,3809,0.516423295428002,CAN,full
average_ba_ha_human,L1_average_ba_ha_human,-0.0674100070896025,0.035316339863726,-1.90874839662647,0.0572748228407444,*,16.4388489063543,3809,0.425602203105799,CAN,full
total_counts_human,L1_total_counts_human,-0.126639413650179,0.0447045451869367,-2.83280845651428,0.00493528713943761,***,1.31976896823313,3809,0.594076348587477,CAN,full
average_counts_human,L1_average_counts_human,-0.126639413650179,0.0447045451869367,-2.83280845651428,0.00493528713943761,***,1.31976896823313,3809,0.594076348587477,CAN,full
total_burned_days_nature,L1_total_burned_days_nature,-0.012208769772632,0.10986297963653,-0.111127240613931,0.911591792213137,"",27.9850354423733,3809,0.743023516570726,CAN,full
average_burned_days_nature,L1_average_burned_days_nature,-0.0412983764202592,0.0220732235463241,-1.87097169262967,0.0623490044175462,*,0.541304838964468,3809,0.445265631126381,CAN,full
total_ba_ha_nature,L1_total_ba_ha_nature,0.00156240404417597,0.052251582494163,0.0299015641172304,0.976165985124971,"",9502.69039152602,3809,0.552819802793127,CAN,full
average_ba_ha_nature,L1_average_ba_ha_nature,-0.0950589591246919,0.0053797620963227,-17.669732866007,5.03897626873984e-48,***,139.661028853208,3809,0.156141075429907,CAN,full
total_counts_nature,L1_total_counts_nature,0.0206632541578742,0.110980972786643,0.186187358418623,0.852427116309775,"",11.9537936466264,3809,0.743478231468398,CAN,full
average_counts_nature,L1_average_counts_nature,0.0206632541578742,0.110980972786643,0.186187358418623,0.852427116309775,"",11.9537936466264,3809,0.743478231468398,CAN,full
total_burned_days_allfire,L1_total_burned_days_allfire,-0.0196921924997959,0.104301933226041,-0.188799880220048,0.850380818713397,"",31.6860068259386,3809,0.739091753427598,CAN,full
average_burned_days_allfire,L1_average_burned_days_allfire,-0.0755077415409301,0.02764191516794,-2.73163929062725,0.00668569287749735,***,0.654397639730195,3809,0.467264935017639,CAN,full
total_burned_areas_ha,L1_total_burned_areas_ha,-0.0603029078184,0.0437503089216427,-1.37834244613914,0.169152738765767,"",11833.5834007487,3809,0.511725898970626,CAN,full
average_burned_areas_ha,L1_average_burned_areas_ha,-0.0967761283569198,0.00567487918117308,-17.0534253271829,9.91523279388893e-46,***,149.765549938,3809,0.159518197815139,CAN,full
total_counts_total,L1_total_counts_total,0.0148340231273453,0.107617188424532,0.137840649291334,0.890461359700684,"",13.3066421632975,3809,0.740655090397867,CAN,full
average_counts_total,L1_average_counts_total,0.0148340231273453,0.107617188424532,0.137840649291334,0.890461359700684,"",13.3066421632975,3809,0.740655090397867,CAN,full
total_burned_days_allfire,L1_total_burned_days_human,-0.23237745931334,0.100451565289032,-2.31332840503496,0.0213992362715308,**,31.6860068259386,3809,0.739219160989699,CAN,full
total_burned_days_allfire,L1_total_burned_days_nature,-0.0130252258614165,0.116089505321602,-0.112199856699646,0.910742033255991,"",31.6860068259386,3809,0.739046523440422,CAN,full
average_burned_days_allfire,L1_average_burned_days_human,-0.144085570924781,0.0381606357137176,-3.77576442923318,0.000193251970694832,***,0.654397639730195,3809,0.469498748145529,CAN,full
average_burned_days_allfire,L1_average_burned_days_nature,-0.0279259737681143,0.0225157432030486,-1.24028656377344,0.215865112174193,"",0.654397639730195,3809,0.464727538409697,CAN,full
total_burned_areas_ha,L1_total_ba_ha_human,-1.18891519818184,0.886577746883564,-1.34101628690888,0.180957355308793,"",11833.5834007487,3809,0.51107144139267,CAN,full
total_burned_areas_ha,L1_total_ba_ha_nature,-0.0575611061304446,0.069711377812388,-0.825706045939258,0.409644961484359,"",11833.5834007487,3809,0.511445605478654,CAN,full
average_burned_areas_ha,L1_average_ba_ha_human,-0.352864252007014,0.264580214492656,-1.3336758860962,0.183349462815335,"",149.765549938,3809,0.151853076782349,CAN,full
average_burned_areas_ha,L1_average_ba_ha_nature,-0.0956596081092771,0.00558496734941954,-17.1280514503311,5.22948703932189e-46,***,149.765549938,3809,0.159293188657337,CAN,full
total_counts_total,L1_total_counts_human,-0.286024521699776,0.0885662742548026,-3.22949705298534,0.00138157669948378,***,13.3066421632975,3809,0.740946367470901,CAN,full
total_counts_total,L1_total_counts_nature,0.0222824108218611,0.111103705362525,0.200555064740235,0.841186111764752,"",13.3066421632975,3809,0.740698094074365,CAN,full
average_counts_total,L1_average_counts_human,-0.286024521699776,0.0885662742548026,-3.22949705298534,0.00138157669948378,***,13.3066421632975,3809,0.740946367470901,CAN,full
average_counts_total,L1_average_counts_nature,0.0222824108218611,0.111103705362525,0.200555064740235,0.841186111764752,"",13.3066421632975,3809,0.740698094074365,CAN,full
total_burned_days_allfire,L1_total_burned_days_allfire,0.146965238104238,0.0674268372668894,2.17962526586438,0.031955813835697,**,88.0077787381158,1157,0.821254744550725,CAN,nature_subsample
total_burned_days_allfire,L1_total_burned_days_allfire,-0.120986621165228,0.0554328466093538,-2.1825799785792,0.0314556663966119,**,6.99222999222999,1287,0.685025788107036,CAN,human_subsample
average_burned_days_allfire,L1_average_burned_days_allfire,-0.0268602472456335,0.0332819356398966,-0.807051835453791,0.421812560001948,"",0.971080234078208,1157,0.457160535424469,CAN,nature_subsample
average_burned_days_allfire,L1_average_burned_days_allfire,-0.151690025099762,0.0547458096034731,-2.77080613472448,0.00669099272295749,***,0.489335116170235,1287,0.546917825753473,CAN,human_subsample
total_burned_areas_ha,L1_total_burned_areas_ha,-0.0633353332773535,0.0621971653840232,-1.01829935313455,0.311327167219399,"",35873.7626887856,1157,0.581213019147543,CAN,nature_subsample
total_burned_areas_ha,L1_total_burned_areas_ha,-0.17057324886814,0.0379523995435594,-4.49439958789342,1.91307253785566e-05,***,481.497613713288,1287,0.600294995794003,CAN,human_subsample
average_burned_areas_ha,L1_average_burned_areas_ha,-0.0904799917010772,0.00709607814947389,-12.7507039515603,1.05533671346061e-21,***,317.486866889465,1157,0.1917386355263,CAN,nature_subsample
average_burned_areas_ha,L1_average_burned_areas_ha,-0.164998428012239,0.039416155399258,-4.18606092707217,6.20055693949057e-05,***,35.8062237957547,1287,0.475858561274805,CAN,human_subsample
total_counts_total,L1_total_counts_total,0.15891069679113,0.0647240425533385,2.45520351514158,0.016047314263436,**,36.5038893690579,1157,0.797482141720612,CAN,nature_subsample
total_counts_total,L1_total_counts_total,-0.121266087328513,0.058538520936304,-2.07156049365276,0.0409335621939659,**,3.23154623154623,1287,0.709395314915737,CAN,human_subsample
average_counts_total,L1_average_counts_total,0.15891069679113,0.0647240425533385,2.45520351514158,0.016047314263436,**,36.5038893690579,1157,0.797482141720612,CAN,nature_subsample
average_counts_total,L1_average_counts_total,-0.121266087328513,0.058538520936304,-2.07156049365276,0.0409335621939659,**,3.23154623154623,1287,0.709395314915737,CAN,human_subsample
total_burned_days_human,L1_total_burned_days_human,-0.0814810155851846,0.00151661687683087,-53.7255102656168,9.83138206013746e-108,***,0.00455166135639508,2197,0.205034056801366,CHE,full
average_burned_days_human,L1_average_burned_days_human,-0.082308980235374,0.00137138098412801,-60.0190473602855,2.03683827068944e-115,***,0.00402063419814899,2197,0.194253976052374,CHE,full
total_ba_ha_human,L1_total_ba_ha_human,-0.00545607778644995,0.0816857760391432,-0.0667934865898249,0.94682553113167,"",0.303695139588511,2197,0.325426591080475,CHE,full
average_ba_ha_human,L1_average_ba_ha_human,-0.0337078791605565,0.0494555478026031,-0.681579330494897,0.496443486579723,"",0.226956308886863,2197,0.427462978839486,CHE,full
total_counts_human,L1_total_counts_human,0.113022472570486,0.204957256140904,0.551444114243925,0.582061966148661,"",0.00819299044151115,2197,0.366204200108795,CHE,full
average_counts_human,L1_average_counts_human,0.113022472570486,0.204957256140904,0.551444114243925,0.582061966148661,"",0.00819299044151115,2197,0.366204200108795,CHE,full
total_burned_days_nature,L1_total_burned_days_nature,-0.0816964041414412,0.00474809052524801,-17.2061597619127,6.59457662160064e-39,***,0.00227583067819754,2197,0.162221633221571,CHE,full
average_burned_days_nature,L1_average_burned_days_nature,-0.0814457681594986,0.00410491739047576,-19.8410249006397,6.83171135532623e-46,***,0.00204824761037779,2197,0.16627517588454,CHE,full
total_ba_ha_nature,L1_total_ba_ha_nature,-0.0861590084156145,0.0073414038894063,-11.7360398247456,1.30544189748653e-23,***,0.36245303899983,2197,0.22146322246682,CHE,full
average_ba_ha_nature,L1_average_ba_ha_nature,-0.0871723225229164,0.00770709591228227,-11.3106575440427,2.05796223609171e-22,***,0.33306516007051,2197,0.222608177639968,CHE,full
total_counts_nature,L1_total_counts_nature,-0.0930497585583398,0.0117664547437031,-7.90805391982119,3.31926752439091e-13,***,0.00955848884842968,2197,0.222947319946326,CHE,full
average_counts_nature,L1_average_counts_nature,-0.0930497585583398,0.0117664547437031,-7.90805391982119,3.31926752439091e-13,***,0.00955848884842968,2197,0.222947319946326,CHE,full
total_burned_days_allfire,L1_total_burned_days_allfire,-0.081551426787319,0.00148162950346835,-55.0417135973704,2.09450192060077e-109,***,0.00682749203459263,2197,0.200987071270175,CHE,full
average_burned_days_allfire,L1_average_burned_days_allfire,-0.0820566765930754,0.00155314981215203,-52.8324286241122,1.40509665581884e-106,***,0.00424821726596875,2197,0.193818261449609,CHE,full
total_burned_areas_ha,L1_total_burned_areas_ha,-0.0572749383185553,0.0309407700917019,-1.85111547478633,0.0659085433619939,*,0.666148178588342,2197,0.280114231273835,CHE,full
average_burned_areas_ha,L1_average_burned_areas_ha,-0.0716278351946681,0.0170694019552795,-4.19627092866684,4.38658049379642e-05,***,0.524102954176418,2197,0.302928228033089,CHE,full
total_counts_total,L1_total_counts_total,-0.0309270613349497,0.0690519654318726,-0.447880971113887,0.654816117364138,"",0.0177514792899408,2197,0.300770364456414,CHE,full
average_counts_total,L1_average_counts_total,-0.0309270613349497,0.0690519654318726,-0.447880971113887,0.654816117364138,"",0.0177514792899408,2197,0.300770364456414,CHE,full
total_burned_days_allfire,L1_total_burned_days_human,-0.0811303778527065,0.00148836592006273,-54.5096986964651,9.82599337850676e-109,***,0.00682749203459263,2197,0.200437246359549,CHE,full
total_burned_days_allfire,L1_total_burned_days_nature,-0.0811556133229261,0.00953888094631388,-8.50787569104604,9.40696704926783e-15,***,0.00682749203459263,2197,0.196273423140592,CHE,full
average_burned_days_allfire,L1_average_burned_days_human,-0.0405599679101195,0.000813522915138283,-49.8571916726219,1.33214211845106e-102,***,0.00424821726596875,2197,0.192244664932738,CHE,full
average_burned_days_allfire,L1_average_burned_days_nature,-0.0824006067612629,0.00685166389087218,-12.0263644092404,1.97745686524848e-24,***,0.00424821726596875,2197,0.189995890078391,CHE,full
total_burned_areas_ha,L1_total_ba_ha_human,-0.018903529445893,0.0810448184987518,-0.233247847253606,0.815852904390754,"",0.666148178588342,2197,0.278168486981827,CHE,full
total_burned_areas_ha,L1_total_ba_ha_nature,-0.0901417912231859,0.0137698129598439,-6.54633374367984,6.86361359767026e-10,***,0.666148178588342,2197,0.280879409683636,CHE,full
average_burned_areas_ha,L1_average_ba_ha_human,-0.035906721001998,0.0511640544661279,-0.701795848211546,0.483777578423222,"",0.524102954176418,2197,0.299744372990499,CHE,full
average_burned_areas_ha,L1_average_ba_ha_nature,-0.0882373723714886,0.00944437973517797,-9.34284461718817,5.65208583594281e-17,***,0.524102954176418,2197,0.303528687201999,CHE,full
total_counts_total,L1_total_counts_human,0.0901176036032853,0.208222368541343,0.432795017339322,0.665718783885349,"",0.0177514792899408,2197,0.30177159775245,CHE,full
total_counts_total,L1_total_counts_nature,-0.106470320511507,0.0183712364007516,-5.79549019940492,3.28715280940156e-08,***,0.0177514792899408,2197,0.303939892510473,CHE,full
average_counts_total,L1_average_counts_human,0.0901176036032853,0.208222368541343,0.432795017339322,0.665718783885349,"",0.0177514792899408,2197,0.30177159775245,CHE,full
average_counts_total,L1_average_counts_nature,-0.106470320511507,0.0183712364007516,-5.79549019940492,3.28715280940156e-08,***,0.0177514792899408,2197,0.303939892510473,CHE,full
total_burned_days_allfire,L1_total_burned_days_allfire,-0.0752387207699754,0.00527019611941088,-14.2762658286777,2.98956756945471e-28,***,0.00596302921884317,1677,0.222220741276511,CHE,human_subsample
average_burned_days_allfire,L1_average_burned_days_allfire,-0.0759434691452169,0.00518104301239267,-14.657949946288,3.64189533772698e-29,***,0.00288213078910754,1677,0.221801260945716,CHE,human_subsample
total_burned_areas_ha,L1_total_burned_areas_ha,-0.122677963700734,0.0696954452843633,-1.76020058699959,0.112226780121381,"",1.48999832856023,130,0.693596932010147,CHE,nature_subsample
total_burned_areas_ha,L1_total_burned_areas_ha,-0.0198883751981175,0.0658262076694603,-0.302134604168373,0.763039828025118,"",0.410691748928265,1677,0.27669663858731,CHE,human_subsample
average_burned_areas_ha,L1_average_burned_areas_ha,-0.122677963700737,0.0696954453750778,-1.76020058470858,0.11222678052644,"",1.15888600879307,130,0.518968977107814,CHE,nature_subsample
average_burned_areas_ha,L1_average_burned_areas_ha,-0.0451172718871891,0.0471074140185483,-0.957753101654538,0.339992781151313,"",0.263101893218498,1677,0.274450862999993,CHE,human_subsample
total_counts_total,L1_total_counts_total,-0.122677963700699,0.069695445388361,-1.76020058437256,0.11222678058585,"",0.0307692307692308,130,0.894500753877823,CHE,nature_subsample
total_counts_total,L1_total_counts_total,0.0335075010796105,0.147731318190536,0.226813796086179,0.820930370314752,"",0.0107334525939177,1677,0.305680503738124,CHE,human_subsample
average_counts_total,L1_average_counts_total,-0.122677963700699,0.069695445388361,-1.76020058437256,0.11222678058585,"",0.0307692307692308,130,0.894500753877823,CHE,nature_subsample
average_counts_total,L1_average_counts_total,0.0335075010796105,0.147731318190536,0.226813796086179,0.820930370314752,"",0.0107334525939177,1677,0.305680503738124,CHE,human_subsample
total_burned_days_human,L1_total_burned_days_human,-0.198409371895243,0.0581002319950466,-3.41494973569398,0.00121779722951135,***,0.513286713286713,715,0.453237460099849,CHL,full
average_burned_days_human,L1_average_burned_days_human,-0.158900680561788,0.0703890155865207,-2.25746416877319,0.028045519873693,**,0.292354312354312,715,0.443470982348202,CHL,full
total_ba_ha_human,L1_total_ba_ha_human,-0.232852147191197,0.0473328206648085,-4.91946484322496,8.51935087993435e-06,***,48.7508127233945,715,0.432527937357615,CHL,full
average_ba_ha_human,L1_average_ba_ha_human,-0.14749627422426,0.0392770770374956,-3.75527624123999,0.000425655714707278,***,30.290796119361,715,0.410207398975665,CHL,full
total_counts_human,L1_total_counts_human,-0.154874279467485,0.0483239636851867,-3.2049167257147,0.00226946042761755,***,0.281118881118881,715,0.530392780125061,CHL,full
average_counts_human,L1_average_counts_human,-0.154874279467485,0.0483239636851867,-3.2049167257147,0.00226946042761755,***,0.281118881118881,715,0.530392780125061,CHL,full
total_burned_days_nature,L1_total_burned_days_nature,0.0765174953136418,0.0926886423606984,0.825532593474328,0.412701584826934,"",20.9944055944056,715,0.941714993975755,CHL,full
average_burned_days_nature,L1_average_burned_days_nature,-0.0202120612321158,0.042473934861643,-0.475869761018273,0.636086776440475,"",1.33961857040656,715,0.515041096567297,CHL,full
total_ba_ha_nature,L1_total_ba_ha_nature,-0.00534421459169259,0.0797098860370848,-0.0670458189992419,0.946792853434755,"",4937.05588825544,715,0.869741567388209,CHL,full
average_ba_ha_nature,L1_average_ba_ha_nature,-0.107496201830166,0.0247166331152419,-4.34914421106476,6.10080747374362e-05,***,456.60380643938,715,0.761546112840836,CHL,full
total_counts_nature,L1_total_counts_nature,0.0106581154871612,0.0637194719837229,0.167266224206688,0.867785397293166,"",9.0951048951049,715,0.945808370282242,CHL,full
average_counts_nature,L1_average_counts_nature,0.0106581154871612,0.0637194719837229,0.167266224206688,0.867785397293166,"",9.0951048951049,715,0.945808370282242,CHL,full
total_burned_days_allfire,L1_total_burned_days_allfire,0.0517548935208859,0.0882793743113391,0.58626257746639,0.560141807179122,"",21.5076923076923,715,0.94093093127886,CHL,full
average_burned_days_allfire,L1_average_burned_days_allfire,-0.0141762967137898,0.0407428236127095,-0.347945857865571,0.729233574029892,"",1.37339133573126,715,0.522115924705461,CHL,full
total_burned_areas_ha,L1_total_burned_areas_ha,-0.008051848541318,0.078413083963977,-0.102685012937599,0.918593352751275,"",4985.80670097883,715,0.869882834882819,CHL,full
average_burned_areas_ha,L1_average_burned_areas_ha,-0.11323074751123,0.0235233774554087,-4.8135412410855,1.23578369654373e-05,***,445.29622184175,715,0.762358887323535,CHL,full
total_counts_total,L1_total_counts_total,-0.00379004505520748,0.0676973938265998,-0.0559850954516108,0.955560316400392,"",9.37622377622378,715,0.94345592767537,CHL,full
average_counts_total,L1_average_counts_total,-0.00379004505520748,0.0676973938265998,-0.0559850954516108,0.955560316400392,"",9.37622377622378,715,0.94345592767537,CHL,full
total_burned_days_allfire,L1_total_burned_days_human,-1.3492909726446,0.541311890681986,-2.49263132007807,0.0157792151031306,**,21.5076923076923,715,0.942006931222515,CHL,full
total_burned_days_allfire,L1_total_burned_days_nature,0.0709405295767807,0.0934487695654695,0.759138187764798,0.451071045686289,"",21.5076923076923,715,0.941046042496438,CHL,full
average_burned_days_allfire,L1_average_burned_days_human,0.00792519232235664,0.114915873660798,0.0689651661679895,0.945272095055405,"",1.37339133573126,715,0.522033552393563,CHL,full
average_burned_days_allfire,L1_average_burned_days_nature,-0.0337461651939855,0.0474579160256308,-0.711075580642017,0.480097706213045,"",1.37339133573126,715,0.52256688841674,CHL,full
total_burned_areas_ha,L1_total_ba_ha_human,-2.02996818434426,1.41167991038344,-1.43798050068792,0.156209906291399,"",4985.80670097883,715,0.870254308868281,CHL,full
total_burned_areas_ha,L1_total_ba_ha_nature,-0.00580295627337538,0.0796025439282004,-0.0728991309449797,0.942155739452195,"",4985.80670097883,715,0.869880260309362,CHL,full
average_burned_areas_ha,L1_average_ba_ha_human,-0.113976634031413,0.127689519800283,-0.892607586039024,0.376027956021789,"",445.29622184175,715,0.759675074266297,CHL,full
average_burned_areas_ha,L1_average_ba_ha_nature,-0.107512255790819,0.0237762673326754,-4.52183070986364,3.39274918343164e-05,***,445.29622184175,715,0.762174687073456,CHL,full
total_counts_total,L1_total_counts_human,-0.709933765432057,0.334260462767803,-2.12389392258222,0.0382756356996295,**,9.37622377622378,715,0.943735554463527,CHL,full
total_counts_total,L1_total_counts_nature,0.00408481278443576,0.0691447277866131,0.0590762725546026,0.953109440792337,"",9.37622377622378,715,0.943455993010625,CHL,full
average_counts_total,L1_average_counts_human,-0.709933765432057,0.334260462767803,-2.12389392258222,0.0382756356996295,**,9.37622377622378,715,0.943735554463527,CHL,full
average_counts_total,L1_average_counts_nature,0.00408481278443576,0.0691447277866131,0.0590762725546026,0.953109440792337,"",9.37622377622378,715,0.943455993010625,CHL,full
total_burned_days_human,L1_total_burned_days_human,0.30320423788518,0.0382656744242141,7.92366115186816,2.85654839021644e-14,***,32.230135249366,4732,0.75947125485332,CHN,full
average_burned_days_human,L1_average_burned_days_human,-0.0585234062091408,0.017378750461046,-3.36752670108932,0.000839694773145443,***,0.968603964186703,4732,0.468880206714596,CHN,full
total_ba_ha_human,L1_total_ba_ha_human,0.187544724498407,0.0432449529586329,4.33680028922236,1.87554987578709e-05,***,8649.78966990733,4732,0.598106343318435,CHN,full
average_ba_ha_human,L1_average_ba_ha_human,0.0711238472231288,0.0263960771426613,2.69448550399099,0.00737732221445661,***,139.264081477329,4732,0.440111397223428,CHN,full
total_counts_human,L1_total_counts_human,0.19344251992135,0.0530906819062851,3.64362469976957,0.000308001347751227,***,16.6367286559594,4732,0.750281304955947,CHN,full
average_counts_human,L1_average_counts_human,0.19344251992135,0.0530906819062851,3.64362469976957,0.000308001347751227,***,16.6367286559594,4732,0.750281304955947,CHN,full
total_burned_days_nature,L1_total_burned_days_nature,0.170659058183964,0.118181172997413,1.44404606804588,0.149588533645641,"",25.4892223161454,4732,0.731015669515042,CHN,full
average_burned_days_nature,L1_average_burned_days_nature,0.00214210443812473,0.0385744027888709,0.0555317589710745,0.955745380443662,"",0.878961439237693,4732,0.38315868997221,CHN,full
total_ba_ha_nature,L1_total_ba_ha_nature,-0.0590716812761,0.0207994445495267,-2.84006051870477,0.00476463756270507,***,10781.5505642086,4732,0.353190438846883,CHN,full
average_ba_ha_nature,L1_average_ba_ha_nature,0.000662581086388701,0.0237076912217239,0.0279479380843953,0.977719032574664,"",4619.92279762165,4732,0.367899301451338,CHN,full
total_counts_nature,L1_total_counts_nature,0.191503817773195,0.163128191328062,1.17394679738751,0.241185959228444,"",15.0718512256974,4732,0.728526725902321,CHN,full
average_counts_nature,L1_average_counts_nature,0.191503817773195,0.163128191328062,1.17394679738751,0.241185959228444,"",15.0718512256974,4732,0.728526725902321,CHN,full
total_burned_days_allfire,L1_total_burned_days_allfire,0.258985522391021,0.0532673006809025,4.86199824433516,1.73351320762832e-06,***,57.7271766694844,4732,0.775331873527187,CHN,full
average_burned_days_allfire,L1_average_burned_days_allfire,-0.0792844745551112,0.016107972834985,-4.92206408387484,1.30189222026871e-06,***,1.29628137751493,4732,0.417538882743965,CHN,full
total_burned_areas_ha,L1_total_burned_areas_ha,0.0276988482310681,0.0523581134039599,0.529026858117719,0.597110153947815,"",19592.7516636797,4732,0.409303241594854,CHN,full
average_burned_areas_ha,L1_average_burned_areas_ha,-0.0244328977198565,0.0436866699147423,-0.559275810391112,0.576318388546108,"",212.922271604761,4732,0.314226072071083,CHN,full
total_counts_total,L1_total_counts_total,0.192638017592641,0.066188147934023,2.91046091491583,0.00383158039242299,***,31.7096365173288,4732,0.76541781252305,CHN,full
average_counts_total,L1_average_counts_total,0.192638017592641,0.066188147934023,2.91046091491583,0.00383158039242299,***,31.7096365173288,4732,0.76541781252305,CHN,full
total_burned_days_allfire,L1_total_burned_days_human,0.365139862011478,0.0504469233102023,7.23809973040778,2.73318373946907e-12,***,57.7271766694844,4732,0.773514186630741,CHN,full
total_burned_days_allfire,L1_total_burned_days_nature,0.257487422083673,0.145223528552719,1.77304204525095,0.0770602319496096,*,57.7271766694844,4732,0.763140341685604,CHN,full
average_burned_days_allfire,L1_average_burned_days_human,-0.0447057564399374,0.0177496532804777,-2.5186833643172,0.0122085522126707,**,1.29628137751493,4732,0.414877547419675,CHN,full
average_burned_days_allfire,L1_average_burned_days_nature,-0.054421521211018,0.0105698100269904,-5.14877004147198,4.30729669051905e-07,***,1.29628137751493,4732,0.417168414157355,CHN,full
total_burned_areas_ha,L1_total_ba_ha_human,0.254703011752079,0.0633786380588216,4.0187517364398,7.11607647639244e-05,***,19592.7516636797,4732,0.41532133201322,CHN,full
total_burned_areas_ha,L1_total_ba_ha_nature,-0.0191867141301797,0.0391735475814181,-0.489787504956046,0.624580135461807,"",19592.7516636797,4732,0.409013557120359,CHN,full
average_burned_areas_ha,L1_average_ba_ha_human,0.0528722908920097,0.0767889874580459,0.688540019112724,0.491552577515333,"",212.922271604761,4732,0.314415532172129,CHN,full
average_burned_areas_ha,L1_average_ba_ha_nature,-4.23521469092968e-05,0.00032715185184069,-0.12945715168967,0.897067628800939,"",212.922271604761,4732,0.313797010476543,CHN,full
total_counts_total,L1_total_counts_human,0.24065857332473,0.0635622358088307,3.78618798194156,0.000178952279760182,***,31.7096365173288,4732,0.762467309191189,CHN,full
total_counts_total,L1_total_counts_nature,0.240846922820867,0.179070553154039,1.34498340781741,0.179470282015747,"",31.7096365173288,4732,0.760972620674328,CHN,full
average_counts_total,L1_average_counts_human,0.24065857332473,0.0635622358088307,3.78618798194156,0.000178952279760182,***,31.7096365173288,4732,0.762467309191189,CHN,full
average_counts_total,L1_average_counts_nature,0.240846922820867,0.179070553154039,1.34498340781741,0.179470282015747,"",31.7096365173288,4732,0.760972620674328,CHN,full
total_burned_days_allfire,L1_total_burned_days_allfire,0.117444334831512,0.0444413630547769,2.64268075411535,0.0110741598342797,**,48.7378335949765,637,0.865847486212531,CHN,nature_subsample
total_burned_days_allfire,L1_total_burned_days_allfire,0.346729105031951,0.0607727129526125,5.70534189089622,5.78069240998304e-08,***,49.1473945409429,2015,0.94167630915817,CHN,human_subsample
average_burned_days_allfire,L1_average_burned_days_allfire,-0.15834733164591,0.0568357585893638,-2.78605116877147,0.00761755266567533,***,0.860894267262641,637,0.565475197977882,CHN,nature_subsample
average_burned_days_allfire,L1_average_burned_days_allfire,-0.0694393247135468,0.0259351884946229,-2.6774173909684,0.0082237166176851,***,1.4970030473032,2015,0.488990698180611,CHN,human_subsample
total_burned_areas_ha,L1_total_burned_areas_ha,-0.121602058586916,0.0218530789194272,-5.56452749908907,1.15146766905264e-06,***,26402.6196294669,637,0.478352000627878,CHN,nature_subsample
total_burned_areas_ha,L1_total_burned_areas_ha,0.0642223392223411,0.0379413460151286,1.69267424505006,0.0925395876149631,*,26867.6228694889,2015,0.483968424975067,CHN,human_subsample
average_burned_areas_ha,L1_average_burned_areas_ha,-0.0805563133524688,0.0224790167043577,-3.58362264737551,0.0007900320381621,***,220.960397706635,637,0.384356521466418,CHN,nature_subsample
average_burned_areas_ha,L1_average_burned_areas_ha,-0.0180098134333232,0.0653228118445622,-0.275704810077347,0.783144406846323,"",310.295580220826,2015,0.34058978261426,CHN,human_subsample
total_counts_total,L1_total_counts_total,-0.0614468701926,0.0805552875806147,-0.762791270915741,0.449320478356144,"",25.2464678178964,637,0.895302636873168,CHN,nature_subsample
total_counts_total,L1_total_counts_total,0.236029666696,0.0692399063337164,3.4088675042165,0.000832767195046089,***,24.0213399503722,2015,0.922796368280776,CHN,human_subsample
average_counts_total,L1_average_counts_total,-0.0614468701926,0.0805552875806147,-0.762791270915741,0.449320478356144,"",25.2464678178964,637,0.895302636873168,CHN,nature_subsample
average_counts_total,L1_average_counts_total,0.236029666696,0.0692399063337164,3.4088675042165,0.000832767195046089,***,24.0213399503722,2015,0.922796368280776,CHN,human_subsample
total_burned_days_human,L1_total_burned_days_human,-0.145767114541448,0.031024670604131,-4.69842585603595,4.76429907923468e-05,***,3.72960372960373,429,0.736684384377296,CIV,full
average_burned_days_human,L1_average_burned_days_human,0.0271696766814219,0.0468807288699324,0.579548939113178,0.566277001875545,"",0.454774621328365,429,0.621146279151449,CIV,full
total_ba_ha_human,L1_total_ba_ha_human,-0.00333273087904666,0.0365744823356219,-0.091121751183358,0.927963871909945,"",236.310466314471,429,0.741214812414124,CIV,full
average_ba_ha_human,L1_average_ba_ha_human,-0.118628144788785,0.03439501399395,-3.44899248506344,0.00159818693219577,***,28.6358781178487,429,0.589993151818867,CIV,full
total_counts_human,L1_total_counts_human,-0.1878480511053,0.0478432704789966,-3.92632128248352,0.000430591961556282,***,3.9020979020979,429,0.764426271322233,CIV,full
average_counts_human,L1_average_counts_human,-0.1878480511053,0.0478432704789966,-3.92632128248352,0.000430591961556282,***,3.9020979020979,429,0.764426271322233,CIV,full
total_burned_days_nature,L1_total_burned_days_nature,0.0866034823886125,0.141522670841765,0.611940700903272,0.544900761963429,"",417.412587412587,429,0.949161348725782,CIV,full
average_burned_days_nature,L1_average_burned_days_nature,-0.0362210828289112,0.112589051657561,-0.321710524208673,0.749764134640027,"",1.50390277051382,429,0.606349134368613,CIV,full
total_ba_ha_nature,L1_total_ba_ha_nature,0.211774424134108,0.0729624003290073,2.90251448936931,0.00665121031930506,***,54737.1640076561,429,0.844615363931019,CIV,full
average_ba_ha_nature,L1_average_ba_ha_nature,0.0269703048262704,0.0975235949332446,0.276551585744267,0.783902893921468,"",167.369292363107,429,0.682322805890406,CIV,full
total_counts_nature,L1_total_counts_nature,0.0437748495228335,0.156074213168337,0.280474580868905,0.78091877706046,"",230.151515151515,429,0.95621756997857,CIV,full
average_counts_nature,L1_average_counts_nature,0.0437748495228335,0.156074213168337,0.280474580868905,0.78091877706046,"",230.151515151515,429,0.95621756997857,CIV,full
total_burned_days_allfire,L1_total_burned_days_allfire,0.0765906550590315,0.142521196399737,0.537398344904525,0.594710133715157,"",426.158508158508,429,0.949648683099954,CIV,full
average_burned_days_allfire,L1_average_burned_days_allfire,0.0091991767501419,0.0987648582780382,0.0931422057453351,0.926371310674011,"",1.51840343164076,429,0.603982189391487,CIV,full
total_burned_areas_ha,L1_total_burned_areas_ha,0.0492871016807162,0.0369740621057865,1.33301830725823,0.191939157829121,"",108715.993485973,429,0.945789611079688,CIV,full
average_burned_areas_ha,L1_average_burned_areas_ha,0.35543630672498,0.090052230873661,3.94700168198654,0.000406376123332998,***,262.643565750272,429,0.85554204267668,CIV,full
total_counts_total,L1_total_counts_total,0.0266704603775426,0.156478767384483,0.170441401241428,0.865736100018723,"",234.167832167832,429,0.956033853061807,CIV,full
average_counts_total,L1_average_counts_total,0.0266704603775426,0.156478767384483,0.170441401241428,0.865736100018723,"",234.167832167832,429,0.956033853061807,CIV,full
total_burned_days_allfire,L1_total_burned_days_human,-1.7256037458554,1.23935370689822,-1.39234161825694,0.173419761368022,"",426.158508158508,429,0.949608098611086,CIV,full
total_burned_days_allfire,L1_total_burned_days_nature,0.0826697959927823,0.142614161005312,0.579674524675732,0.566193316553532,"",426.158508158508,429,0.949696530397489,CIV,full
average_burned_days_allfire,L1_average_burned_days_human,-0.0347609980846647,0.0388308729661116,-0.895189714508898,0.377370191262456,"",1.51840343164076,429,0.604426459504313,CIV,full
average_burned_days_allfire,L1_average_burned_days_nature,-0.0103137600625411,0.0981990323351403,-0.105029141502552,0.917008273148158,"",1.51840343164076,429,0.603989675152599,CIV,full
total_burned_areas_ha,L1_total_ba_ha_human,11.160026390177,8.06867677702718,1.38312968762752,0.17620027923683,"",108715.993485973,429,0.94585598825075,CIV,full
total_burned_areas_ha,L1_total_ba_ha_nature,-0.0363640035669127,0.0826640403004657,-0.439901115826634,0.662965630098601,"",108715.993485973,429,0.9457105934138,CIV,full
average_burned_areas_ha,L1_average_ba_ha_human,0.233868823012449,0.110837998928879,2.11000582176258,0.0427683742176109,**,262.643565750272,429,0.833780002396081,CIV,full
average_burned_areas_ha,L1_average_ba_ha_nature,0.00673785291439615,0.150573753090858,0.0447478579505849,0.964586365890131,"",262.643565750273,429,0.833408158806472,CIV,full
total_counts_total,L1_total_counts_human,-1.7512940897616,1.06951257840053,-1.63746937168395,0.111330434100801,"",234.167832167832,429,0.956704712924852,CIV,full
total_counts_total,L1_total_counts_nature,0.0355159477658065,0.157193563863351,0.225937671320186,0.82268680424766,"",234.167832167832,429,0.95605993179204,CIV,full
average_counts_total,L1_average_counts_human,-1.7512940897616,1.06951257840053,-1.63746937168395,0.111330434100801,"",234.167832167832,429,0.956704712924852,CIV,full
average_counts_total,L1_average_counts_nature,0.0355159477658065,0.157193563863351,0.225937671320186,0.82268680424766,"",234.167832167832,429,0.95605993179204,CIV,full
total_burned_days_human,L1_total_burned_days_human,-0.0813992829340459,0.0265246982454722,-3.06881089393508,0.00328721883786712,***,2.72811671087533,754,0.686083421580704,CMR,full
average_burned_days_human,L1_average_burned_days_human,-0.0703713035687498,0.0288483829569679,-2.43935002089095,0.0178493856870462,**,0.269759103583599,754,0.572631207522274,CMR,full
total_ba_ha_human,L1_total_ba_ha_human,-0.146961772248756,0.0209730086290848,-7.0071859907097,3.09533740358307e-09,***,239.157577633085,754,0.752519741989509,CMR,full
average_ba_ha_human,L1_average_ba_ha_human,0.152772073242657,0.0830843497697218,1.83875872731848,0.071162123262673,*,24.7623030046219,754,0.618858490417065,CMR,full
total_counts_human,L1_total_counts_human,-0.0513587605973431,0.0459091887031766,-1.11870329335159,0.267959214747803,"",2.1631299734748,754,0.605281629245708,CMR,full
average_counts_human,L1_average_counts_human,-0.0513587605973431,0.0459091887031766,-1.11870329335159,0.267959214747803,"",2.1631299734748,754,0.605281629245708,CMR,full
total_burned_days_nature,L1_total_burned_days_nature,0.168254604649421,0.125883126749481,1.33659378340882,0.186666110113882,"",418.67374005305,754,0.957217900393838,CMR,full
average_burned_days_nature,L1_average_burned_days_nature,-0.0340924611374723,0.0357991144990603,-0.952326939214299,0.344952233354414,"",1.41272330827135,754,0.617843565132707,CMR,full
total_ba_ha_nature,L1_total_ba_ha_nature,0.0833893808624988,0.106794255719246,0.780841444147735,0.438126726527869,"",52097.8391647752,754,0.957655098472009,CMR,full
average_ba_ha_nature,L1_average_ba_ha_nature,0.0847266464492725,0.0573900403123171,1.47633014349161,0.145358816605867,"",149.337823262752,754,0.735096555892496,CMR,full
total_counts_nature,L1_total_counts_nature,-0.119802143821678,0.227630551328471,-0.526300811215815,0.600721209064511,"",232.989389920424,754,0.94492908329698,CMR,full
average_counts_nature,L1_average_counts_nature,-0.119802143821678,0.227630551328471,-0.526300811215815,0.600721209064511,"",232.989389920424,754,0.94492908329698,CMR,full
total_burned_days_allfire,L1_total_burned_days_allfire,0.170307317042691,0.124305619579309,1.3700693308884,0.17603785093863,"",423.033156498674,754,0.957291176850609,CMR,full
average_burned_days_allfire,L1_average_burned_days_allfire,-0.0412008857991834,0.03733278717243,-1.103611300407,0.274399228911197,"",1.4173930667564,754,0.614387103934745,CMR,full
total_burned_areas_ha,L1_total_burned_areas_ha,0.106412873363282,0.0808570481427237,1.31606181288548,0.193421557935008,"",54058.0420653757,754,0.958018350420964,CMR,full
average_burned_areas_ha,L1_average_burned_areas_ha,0.11065935201379,0.0610215033863113,1.8134484709961,0.0750283781523429,*,153.818587932623,754,0.734113280796408,CMR,full
total_counts_total,L1_total_counts_total,-0.117990922201918,0.226494477239787,-0.520943926049919,0.604423840878971,"",235.208222811671,754,0.945200916164499,CMR,full
average_counts_total,L1_average_counts_total,-0.117990922201918,0.226494477239787,-0.520943926049919,0.604423840878971,"",235.208222811671,754,0.945200916164499,CMR,full
total_burned_days_allfire,L1_total_burned_days_human,0.528800130805181,1.22362147258541,0.432159898018028,0.667255725693772,"",423.033156498674,754,0.956036586381129,CMR,full
total_burned_days_allfire,L1_total_burned_days_nature,0.168448141963389,0.126146849519604,1.33533372101545,0.187075476449668,"",423.033156498674,754,0.957250618185944,CMR,full
average_burned_days_allfire,L1_average_burned_days_human,0.013285310715786,0.035536523813234,0.373849473449017,0.709903325463765,"",1.4173930667564,754,0.613730584577574,CMR,full
average_burned_days_allfire,L1_average_burned_days_nature,-0.0356790677306547,0.0364984041505401,-0.977551445358926,0.33242701523293,"",1.4173930667564,754,0.614216569740576,CMR,full
total_burned_areas_ha,L1_total_ba_ha_human,-1.01719410123222,2.7712719705424,-0.367049539722053,0.714941268136931,"",54058.0420653757,754,0.957514153016669,CMR,full
total_burned_areas_ha,L1_total_ba_ha_nature,0.0866795198038718,0.106143979245469,0.816622105370825,0.417544396029598,"",54058.0420653757,754,0.95781284047942,CMR,full
average_burned_areas_ha,L1_average_ba_ha_human,0.0611849702679688,0.0402310303729621,1.52084024944807,0.133828292237489,"",153.818587932623,754,0.730825714678359,CMR,full
average_burned_areas_ha,L1_average_ba_ha_nature,0.0965130788865021,0.0587799105527328,1.64193987331638,0.106109009406178,"",153.818587932623,754,0.733092392125939,CMR,full
total_counts_total,L1_total_counts_human,1.13083396598349,1.38706806951777,0.815269265319215,0.418311807742515,"",235.208222811671,754,0.944644823833451,CMR,full
total_counts_total,L1_total_counts_nature,-0.119847161300575,0.227436228183317,-0.526948420917256,0.600274300618668,"",235.208222811671,754,0.945222686262036,CMR,full
average_counts_total,L1_average_counts_human,1.13083396598349,1.38706806951777,0.815269265319215,0.418311807742515,"",235.208222811671,754,0.944644823833451,CMR,full
average_counts_total,L1_average_counts_nature,-0.119847161300575,0.227436228183317,-0.526948420917256,0.600274300618668,"",235.208222811671,754,0.945222686262036,CMR,full
total_burned_days_allfire,L1_total_burned_days_allfire,0.176178961322813,0.131870477515433,1.33600002549619,0.192306973167839,"",707.140583554377,377,0.967072984068339,CMR,nature_subsample
total_burned_days_allfire,L1_total_burned_days_allfire,1.23237949306789,1e-05,123237.949306789,1.1782497516764e-15,***,6.61538461538447,52,1,CMR,human_subsample
average_burned_days_allfire,L1_average_burned_days_allfire,-0.229057462856985,0.0371051874842609,-6.17319243984807,1.14984918283108e-06,***,1.40095819524687,377,0.788958829065368,CMR,nature_subsample
average_burned_days_allfire,L1_average_burned_days_allfire,1.63632844015956,1e-05,163632.844015956,5.03337525657455e-16,***,0.433997091216055,52,0.99994116390382,CMR,human_subsample
total_burned_areas_ha,L1_total_burned_areas_ha,0.177448821988652,0.100020667051958,1.77412156126165,0.0869193134368158,*,92280.5680006278,377,0.976438799609524,CMR,nature_subsample
total_burned_areas_ha,L1_total_burned_areas_ha,1.23970309753029,1e-05,123970.309753029,1.15749117059721e-15,***,582.797564231268,52,1,CMR,human_subsample
average_burned_areas_ha,L1_average_burned_areas_ha,-0.0702108444390485,0.0724361930899731,-0.969278497999468,0.340705014507704,"",153.386852685898,377,0.891702481524066,CMR,nature_subsample
average_burned_areas_ha,L1_average_burned_areas_ha,1.18422140319355,1e-05,118422.140319355,1.3279203536381e-15,***,39.1626969178945,52,1,CMR,human_subsample
total_counts_total,L1_total_counts_total,-0.13510901744766,0.212662816400646,-0.635320361755775,0.530377806851323,"",395.636604774536,377,0.952156731042999,CMR,nature_subsample
total_counts_total,L1_total_counts_total,1.13905391284626,1e-05,113905.391284626,1.49223734689712e-15,***,5.17307692307685,52,1,CMR,human_subsample
average_counts_total,L1_average_counts_total,-0.13510901744766,0.212662816400646,-0.635320361755775,0.530377806851323,"",395.636604774536,377,0.952156731042999,CMR,nature_subsample
average_counts_total,L1_average_counts_total,1.13905391284626,1e-05,113905.391284626,1.49223734689712e-15,***,5.17307692307685,52,1,CMR,human_subsample
total_burned_days_human,L1_total_burned_days_human,0.269562955969576,0.18856557383996,1.42954490833178,0.154153503224238,"",4.67403846153846,3120,0.949011936232882,COD,full
average_burned_days_human,L1_average_burned_days_human,-0.106938016884591,0.0312139554189986,-3.42596814306662,0.00072100575444237,***,0.199928285989245,3120,0.501742268445603,COD,full
total_ba_ha_human,L1_total_ba_ha_human,0.408899945854338,0.0840195925055104,4.86672136415706,2.0616126966478e-06,***,310.130132225447,3120,0.935782991043125,COD,full
average_ba_ha_human,L1_average_ba_ha_human,-0.0282376305125365,0.0445015657170507,-0.634531168904856,0.526341144587221,"",12.1375420203065,3120,0.610306759435936,COD,full
total_counts_human,L1_total_counts_human,0.174099980685102,0.128543555266623,1.3544045854651,0.176886409421462,"",2.125,3120,0.926669167279303,COD,full
average_counts_human,L1_average_counts_human,0.174099980685102,0.128543555266623,1.3544045854651,0.176886409421462,"",2.125,3120,0.926669167279303,COD,full
total_burned_days_nature,L1_total_burned_days_nature,-0.0565833336784623,0.0413224617667032,-1.36931178006573,0.17218717222677,"",1267.61666666667,3120,0.98790500788147,COD,full
average_burned_days_nature,L1_average_burned_days_nature,-0.0662943780272873,0.0999310360595156,-0.663401287942262,0.507712951711412,"",1.5991484821219,3120,0.611050824475075,COD,full
total_ba_ha_nature,L1_total_ba_ha_nature,-0.0959348933994954,0.0244378843632929,-3.92566279360889,0.000113164404525598,***,184211.0298603,3120,0.949467293410857,COD,full
average_ba_ha_nature,L1_average_ba_ha_nature,-0.0131366598746856,0.0911587196541877,-0.144107551362281,0.885536979771872,"",221.913001355635,3120,0.471344126766394,COD,full
total_counts_nature,L1_total_counts_nature,-0.045654288737957,0.040583546262645,-1.12494577094115,0.261740495726071,"",548.717307692308,3120,0.979419098760182,COD,full
average_counts_nature,L1_average_counts_nature,-0.045654288737957,0.040583546262645,-1.12494577094115,0.261740495726071,"",548.717307692308,3120,0.979419098760182,COD,full
total_burned_days_allfire,L1_total_burned_days_allfire,-0.060220651222568,0.0415807329067658,-1.44828258216606,0.14884864184886,"",1279.51314102564,3120,0.987957467806541,COD,full
average_burned_days_allfire,L1_average_burned_days_allfire,-0.126440737955245,0.0369124646293394,-3.42542117479593,0.000722390343662099,***,1.59034861826628,3120,0.499231718087881,COD,full
total_burned_areas_ha,L1_total_burned_areas_ha,-0.142586661297028,0.0289239063764427,-4.92971659641241,1.54076784689419e-06,***,246961.297354386,3120,0.925818181728434,COD,full
average_burned_areas_ha,L1_average_burned_areas_ha,-0.0928685095115162,0.0101428708450414,-9.15603786445899,2.48745928319936e-17,***,1213.64788839474,3120,0.215279928598017,COD,full
total_counts_total,L1_total_counts_total,-0.0447804383637265,0.0404145805568042,-1.10802679990173,0.268964064351076,"",551.04391025641,3120,0.979360052798272,COD,full
average_counts_total,L1_average_counts_total,-0.0447804383637265,0.0404145805568042,-1.10802679990173,0.268964064351076,"",551.04391025641,3120,0.979360052798272,COD,full
total_burned_days_allfire,L1_total_burned_days_human,-0.475392517696645,0.91764399181022,-0.51805768025446,0.604897257351881,"",1279.51314102564,3120,0.987920957520839,COD,full
total_burned_days_allfire,L1_total_burned_days_nature,-0.0573132544036852,0.0417120858758109,-1.37402033967622,0.1707225835811,"",1279.51314102564,3120,0.987953638368992,COD,full
average_burned_days_allfire,L1_average_burned_days_human,-0.0153082214249811,0.0239031949913895,-0.64042574352489,0.522509370680223,"",1.59034861826628,3120,0.491213339899574,COD,full
average_burned_days_allfire,L1_average_burned_days_nature,-0.0979988503221671,0.0845235283410415,-1.15942687492593,0.247439247771011,"",1.59034861826628,3120,0.493943669108827,COD,full
total_burned_areas_ha,L1_total_ba_ha_human,2.35068480777792,7.9618878694098,0.295242139343538,0.768065234769122,"",246961.297354386,3120,0.924362640669764,COD,full
total_burned_areas_ha,L1_total_ba_ha_nature,0.0608297003578718,0.0556756592963917,1.09257260940625,0.275681570088243,"",246961.297354386,3120,0.924488803692129,COD,full
average_burned_areas_ha,L1_average_ba_ha_human,9.36190412059893,7.00203590511907,1.337026008929,0.182485337829748,"",1213.64788839474,3120,0.208512656061759,COD,full
average_burned_areas_ha,L1_average_ba_ha_nature,-2.57543359840691,1.0585119267857,-2.43306998554803,0.0157058776751597,**,1213.64788839474,3120,0.209596386864867,COD,full
total_counts_total,L1_total_counts_human,1.21565963967866,0.697869293312302,1.7419589188525,0.0828021117864785,*,551.04391025641,3120,0.979337381498419,COD,full
total_counts_total,L1_total_counts_nature,-0.0458645032883495,0.0405872988778452,-1.13002107941174,0.25960013839541,"",551.04391025641,3120,0.97936172368156,COD,full
average_counts_total,L1_average_counts_human,1.21565963967866,0.697869293312302,1.7419589188525,0.0828021117864785,*,551.04391025641,3120,0.979337381498419,COD,full
average_counts_total,L1_average_counts_nature,-0.0458645032883495,0.0405872988778452,-1.13002107941174,0.25960013839541,"",551.04391025641,3120,0.97936172368156,COD,full
total_burned_days_allfire,L1_total_burned_days_allfire,-0.0735169851033311,0.0486688595148766,-1.51055491819896,0.133621181655753,"",2398.57001972387,1521,0.987684429567271,COD,nature_subsample
total_burned_days_allfire,L1_total_burned_days_allfire,0.483468220787264,0.096899905209469,4.98935700444855,0.000409346087929886,***,33.3782051282051,156,0.971840527065763,COD,human_subsample
average_burned_days_allfire,L1_average_burned_days_allfire,-0.0859021240534286,0.0176876408338512,-4.85661852026224,3.76637057303224e-06,***,1.8340225075477,1521,0.441485798692011,COD,nature_subsample
average_burned_days_allfire,L1_average_burned_days_allfire,-0.0570731243131441,0.0946034017475144,-0.603288288358443,0.558551107505465,"",1.39170407485945,156,0.781363112112326,COD,human_subsample
total_burned_areas_ha,L1_total_burned_areas_ha,-0.14264742554872,0.0334031960022852,-4.27047236854104,4.01154518814468e-05,***,454373.658071391,1521,0.927972878953867,COD,nature_subsample
total_burned_areas_ha,L1_total_burned_areas_ha,0.218693824304422,0.105416138039663,2.0745763255161,0.0622789031142898,*,2655.84049070715,156,0.910902095397136,COD,human_subsample
average_burned_areas_ha,L1_average_burned_areas_ha,-0.106973484331766,0.0217114118418018,-4.92706255637441,2.79967495140301e-06,***,1871.2007582476,1521,0.261664323584257,COD,nature_subsample
average_burned_areas_ha,L1_average_burned_areas_ha,-0.100001278719969,0.100895662239763,-0.991135560241744,0.342920956731994,"",124.488513058043,156,0.744857367017222,COD,human_subsample
total_counts_total,L1_total_counts_total,-0.0583289326609391,0.0510089420388856,-1.14350406672762,0.255183744728812,"",1004.31558185404,1521,0.979446822082655,COD,nature_subsample
total_counts_total,L1_total_counts_total,0.556073275514282,0.140125476998494,3.96839523707926,0.00220214418225452,***,10.4871794871795,156,0.973116975547478,COD,human_subsample
average_counts_total,L1_average_counts_total,-0.0583289326609391,0.0510089420388856,-1.14350406672762,0.255183744728812,"",1004.31558185404,1521,0.979446822082655,COD,nature_subsample
average_counts_total,L1_average_counts_total,0.556073275514282,0.140125476998494,3.96839523707926,0.00220214418225452,***,10.4871794871795,156,0.973116975547478,COD,human_subsample
total_burned_days_human,L1_total_burned_days_human,-0.22850442412541,0.0329196394903328,-6.94127966354288,1.00341014018618e-08,***,1.40705128205128,624,0.563391373929954,COG,full
average_burned_days_human,L1_average_burned_days_human,-0.0424639103479011,0.0712797370589532,-0.595736068902451,0.554209698997566,"",0.108723018828823,624,0.420071079183141,COG,full
total_ba_ha_human,L1_total_ba_ha_human,-0.117847364924403,0.059585874672486,-1.9777735171658,0.0538343354276335,*,82.5751932879977,624,0.509468339491311,COG,full
average_ba_ha_human,L1_average_ba_ha_human,0.0898446213866419,0.0572822050118133,1.56845605660804,0.123483503584795,"",5.68971670613607,624,0.570669776467297,COG,full
total_counts_human,L1_total_counts_human,-0.234027291007365,0.0259221847496497,-9.02806971200714,7.79955159546998e-12,***,1.16346153846154,624,0.634881104841247,COG,full
average_counts_human,L1_average_counts_human,-0.234027291007365,0.0259221847496497,-9.02806971200714,7.79955159546998e-12,***,1.16346153846154,624,0.634881104841247,COG,full
total_burned_days_nature,L1_total_burned_days_nature,-0.264905668204097,0.0645204313043422,-4.10576406339473,0.000159455133807872,***,833.341346153846,624,0.984980521634236,COG,full
average_burned_days_nature,L1_average_burned_days_nature,-0.158931346248105,0.0437675232809752,-3.6312620485242,0.000695084326810707,***,1.40225039034868,624,0.755220094112985,COG,full
total_ba_ha_nature,L1_total_ba_ha_nature,0.0118818593417939,0.0624703405252614,0.190200009186587,0.849971536375334,"",90243.3448029462,624,0.966631848301497,COG,full
average_ba_ha_nature,L1_average_ba_ha_nature,0.0431910810896547,0.0361525824492485,1.19468868234481,0.238202848087854,"",152.770983589788,624,0.572167784317282,COG,full
total_counts_nature,L1_total_counts_nature,-0.251060999772175,0.0630779579187459,-3.98017006345671,0.000237138121389613,***,441.634615384615,624,0.973407142274467,COG,full
average_counts_nature,L1_average_counts_nature,-0.251060999772175,0.0630779579187459,-3.98017006345671,0.000237138121389613,***,441.634615384615,624,0.973407142274467,COG,full
total_burned_days_allfire,L1_total_burned_days_allfire,-0.270578079437233,0.0641712133217789,-4.21650246942428,0.000111939248015441,***,838.065705128205,624,0.985077224292615,COG,full
average_burned_days_allfire,L1_average_burned_days_allfire,-0.144373151803907,0.0452589355365089,-3.18993697250007,0.00253486155282038,***,1.40005399309033,624,0.792188723633442,COG,full
total_burned_areas_ha,L1_total_burned_areas_ha,-0.198427105978496,0.0807458606417696,-2.45742759320904,0.0177383733898194,**,97883.1575293679,624,0.954489119153184,COG,full
average_burned_areas_ha,L1_average_burned_areas_ha,0.00192639460921071,0.0254572168960587,0.0756718464974445,0.9400013645026,"",170.699223523348,624,0.497030897459115,COG,full
total_counts_total,L1_total_counts_total,-0.251333326688372,0.0632382631704035,-3.97438693107561,0.000241483275956013,***,442.966346153846,624,0.973328982479655,COG,full
average_counts_total,L1_average_counts_total,-0.251333326688372,0.0632382631704035,-3.97438693107561,0.000241483275956013,***,442.966346153846,624,0.973328982479655,COG,full
total_burned_days_allfire,L1_total_burned_days_human,-0.866662392893408,0.865148570877265,-1.00174978271606,0.321594209724541,"",838.065705128205,624,0.983827487664242,COG,full
total_burned_days_allfire,L1_total_burned_days_nature,-0.267769502292057,0.0639136786732409,-4.18954921466859,0.000122045311391329,***,838.065705128205,624,0.985045642505722,COG,full
average_burned_days_allfire,L1_average_burned_days_human,0.0408436243261757,0.0334881522723488,1.21964401003696,0.228685034608635,"",1.40005399309033,624,0.788187107595254,COG,full
average_burned_days_allfire,L1_average_burned_days_nature,-0.112975932237209,0.0511678370889586,-2.20794816948765,0.0321635479175219,**,1.40005399309033,624,0.791027774242357,COG,full
total_burned_areas_ha,L1_total_ba_ha_human,-0.901815336536988,1.63265712399669,-0.552360519108491,0.583318767841738,"",97883.1575293679,624,0.952744228296243,COG,full
total_burned_areas_ha,L1_total_ba_ha_nature,0.0377413382731879,0.0852503166044616,0.442712001273819,0.660004940576812,"",97883.1575293679,624,0.952776162680686,COG,full
average_burned_areas_ha,L1_average_ba_ha_human,-0.138291000461949,0.281173860181723,-0.491834484089566,0.62512571544299,"",170.699223523348,624,0.497063541729079,COG,full
average_burned_areas_ha,L1_average_ba_ha_nature,0.162981944817438,0.148778507762602,1.09546699498761,0.278893998596234,"",170.699223523348,624,0.501533416613482,COG,full
total_counts_total,L1_total_counts_human,-0.504257715525609,0.619283500688594,-0.814259890607315,0.419602642123884,"",442.966346153846,624,0.97144796549385,COG,full
total_counts_total,L1_total_counts_nature,-0.251407802668887,0.0631760857525023,-3.97947735562153,0.000237654569982936,***,442.966346153846,624,0.97332405389227,COG,full
average_counts_total,L1_average_counts_human,-0.504257715525609,0.619283500688594,-0.814259890607315,0.419602642123884,"",442.966346153846,624,0.97144796549385,COG,full
average_counts_total,L1_average_counts_nature,-0.251407802668887,0.0631760857525023,-3.97947735562153,0.000237654569982936,***,442.966346153846,624,0.97332405389227,COG,full
total_burned_days_human,L1_total_burned_days_human,-0.0585065565387587,0.0673846804382604,-0.868247146951509,0.385445549194019,"",0.38454658043209,14534,0.555663129942845,COL,full
average_burned_days_human,L1_average_burned_days_human,-0.0989100540979437,0.016207843267117,-6.10260430507837,1.43694575232276e-09,***,0.0446172733452911,14534,0.253672944084948,COL,full
total_ba_ha_human,L1_total_ba_ha_human,-0.160908849680178,0.04146605719052,-3.88049553254765,0.000110341773102646,***,32.2324024656939,14534,0.305878458942818,COL,full
average_ba_ha_human,L1_average_ba_ha_human,-0.0992461251485608,0.0291872204446221,-3.40032807635327,0.000696840033348127,***,2.51371819764186,14534,0.255174275055218,COL,full
total_counts_human,L1_total_counts_human,-0.0889731801427099,0.0757745521263989,-1.17418285751521,0.240572065418678,"",0.236961607265722,14534,0.55300737546953,COL,full
average_counts_human,L1_average_counts_human,-0.0889731801427099,0.0757745521263989,-1.17418285751521,0.240572065418678,"",0.236961607265722,14534,0.55300737546953,COL,full
total_burned_days_nature,L1_total_burned_days_nature,-0.0618235362203539,0.0791279568602794,-0.781310913025584,0.434785214917729,"",14.9392459061511,14534,0.970465631513741,COL,full
average_burned_days_nature,L1_average_burned_days_nature,-0.0749708449626342,0.0118024007671752,-6.35216905793802,3.08403446903355e-10,***,0.354424359410886,14534,0.359691860168215,COL,full
total_ba_ha_nature,L1_total_ba_ha_nature,-0.244756126409646,0.0773431347742404,-3.16454882678435,0.00159519404899386,***,1785.16954924779,14534,0.963001070197093,COL,full
average_ba_ha_nature,L1_average_ba_ha_nature,-0.0538585695566723,0.0184949269715159,-2.91207257209613,0.00366177293282698,***,23.7858536919169,14534,0.498291743112597,COL,full
total_counts_nature,L1_total_counts_nature,-0.0662458373143913,0.124750286635436,-0.53102753589645,0.595505266059789,"",6.51107747351039,14534,0.96092921818422,COL,full
average_counts_nature,L1_average_counts_nature,-0.0662458373143913,0.124750286635436,-0.53102753589645,0.595505266059789,"",6.51107747351039,14534,0.96092921818422,COL,full
total_burned_days_allfire,L1_total_burned_days_allfire,-0.107326919148215,0.084638824823997,-1.26805776629576,0.20504156231611,"",15.3510389431677,14534,0.965892988539351,COL,full
average_burned_days_allfire,L1_average_burned_days_allfire,-0.0729512734783853,0.0112704877384014,-6.47276987222315,1.4376773814811e-10,***,0.373849080336269,14534,0.359527203430123,COL,full
total_burned_areas_ha,L1_total_burned_areas_ha,-0.268788742658458,0.0583488115235674,-4.60658470395567,4.56374401880966e-06,***,1835.38355100576,14534,0.958712393422356,COL,full
average_burned_areas_ha,L1_average_burned_areas_ha,-0.0561854504485537,0.0181654106805816,-3.09299092855713,0.00203067622900829,***,24.8024146765161,14534,0.496463678865732,COL,full
total_counts_total,L1_total_counts_total,-0.153157734621568,0.124224889144984,-1.23290699372503,0.217869875955953,"",6.75086005229118,14534,0.95305479963368,COL,full
average_counts_total,L1_average_counts_total,-0.153157734621568,0.124224889144984,-1.23290699372503,0.217869875955953,"",6.75086005229118,14534,0.95305479963368,COL,full
total_burned_days_allfire,L1_total_burned_days_human,-0.804467678578786,0.285228797116678,-2.82042937708602,0.00488079815697893,***,15.3510389431677,14534,0.966269681069239,COL,full
total_burned_days_allfire,L1_total_burned_days_nature,-0.0915098893088974,0.0900331590032759,-1.01640207143646,0.309658058687808,"",15.3510389431677,14534,0.965733137391306,COL,full
average_burned_days_allfire,L1_average_burned_days_human,-0.0796843541122538,0.0206031846378963,-3.86757462560846,0.000116271039407663,***,0.373849080336269,14534,0.356813257787865,COL,full
average_burned_days_allfire,L1_average_burned_days_nature,-0.0624397766988256,0.0136425143121198,-4.57685257059653,5.24873514237572e-06,***,0.373849080336269,14534,0.358516047756183,COL,full
total_burned_areas_ha,L1_total_ba_ha_human,-0.454045197267739,0.0439191383553259,-10.3382082224452,5.48426194167824e-24,***,1835.38355100576,14534,0.955684464459223,COL,full
total_burned_areas_ha,L1_total_ba_ha_nature,-0.257234684393027,0.0701444080242953,-3.6672158428357,0.000256749568889385,***,1835.38355100576,14534,0.958016461092453,COL,full
average_burned_areas_ha,L1_average_ba_ha_human,-0.075549862758789,0.0311132233567062,-2.428223584957,0.0153300822546646,**,24.8024146765161,14534,0.495154508576825,COL,full
average_burned_areas_ha,L1_average_ba_ha_nature,-0.0510314815934034,0.0187211975945675,-2.72586629865024,0.00651358253900264,***,24.8024146765161,14534,0.496128793117723,COL,full
total_counts_total,L1_total_counts_human,-0.776733483123921,0.310253474100727,-2.50354483660591,0.0124374223033831,**,6.75086005229118,14534,0.953805004254594,COL,full
total_counts_total,L1_total_counts_nature,-0.128855307872285,0.14303874726143,-0.900841977011855,0.367866527249824,"",6.75086005229118,14534,0.952543371815401,COL,full
average_counts_total,L1_average_counts_human,-0.776733483123921,0.310253474100727,-2.50354483660591,0.0124374223033831,**,6.75086005229118,14534,0.953805004254594,COL,full
average_counts_total,L1_average_counts_nature,-0.128855307872285,0.14303874726143,-0.900841977011855,0.367866527249824,"",6.75086005229118,14534,0.952543371815401,COL,full
total_burned_days_allfire,L1_total_burned_days_allfire,0.0583908422872831,0.0589324770495376,0.99080923135474,0.322485410244613,"",41.2819004524887,4420,0.981160435501107,COL,nature_subsample
total_burned_days_allfire,L1_total_burned_days_allfire,0.0892197762813764,0.0864554523482746,1.03197396876678,0.304389760009205,"",1.37261820748059,1417,0.782470632412334,COL,human_subsample
average_burned_days_allfire,L1_average_burned_days_allfire,-0.0581923644656088,0.0178925082419274,-3.25233129300715,0.00125969172824691,***,0.37274630548635,4420,0.519591801989204,COL,nature_subsample
average_burned_days_allfire,L1_average_burned_days_allfire,-0.1247167358608,0.0619445971184227,-2.01335938342408,0.0465640786149266,**,0.187325363000318,1417,0.508095915797468,COL,human_subsample
total_burned_areas_ha,L1_total_burned_areas_ha,-0.259437748850036,0.0744540690248326,-3.48453418662055,0.000557717055874521,***,5385.93775254646,4420,0.968669971751711,COL,nature_subsample
total_burned_areas_ha,L1_total_burned_areas_ha,-0.0399141935691373,0.0923633053604938,-0.432143408178738,0.666498772835846,"",74.8382525424473,1417,0.745575013145893,COL,human_subsample
average_burned_areas_ha,L1_average_burned_areas_ha,-7.91738992184338e-05,0.0431179458211548,-0.00183621686308602,0.998535991789097,"",31.3143894297555,4420,0.730398405945477,COL,nature_subsample
average_burned_areas_ha,L1_average_burned_areas_ha,-0.15328586105718,0.0412565639804294,-3.71542964968903,0.000323112129167695,***,11.2185332038193,1417,0.745040046099413,COL,human_subsample
total_counts_total,L1_total_counts_total,0.144363200571899,0.0849309990377421,1.6997704278475,0.0900913848840166,*,17.1052036199095,4420,0.979127655091465,COL,nature_subsample
total_counts_total,L1_total_counts_total,0.196575201686954,0.0676433746200179,2.90605255564498,0.00444145801937866,***,0.689484827099506,1417,0.850578120626299,COL,human_subsample
average_counts_total,L1_average_counts_total,0.144363200571899,0.0849309990377421,1.6997704278475,0.0900913848840166,*,17.1052036199095,4420,0.979127655091465,COL,nature_subsample
average_counts_total,L1_average_counts_total,0.196575201686954,0.0676433746200179,2.90605255564498,0.00444145801937866,***,0.689484827099506,1417,0.850578120626299,COL,human_subsample
total_burned_days_human,L1_total_burned_days_human,0.204440531606259,0.070529724977802,2.89864353888525,0.00482060623844732,***,2.62476547842401,1066,0.884981025784694,CRI,full
average_burned_days_human,L1_average_burned_days_human,-0.104611760072113,0.0349650082135349,-2.99189862714282,0.00367316400681403,***,0.296406181766648,1066,0.676084695411244,CRI,full
total_ba_ha_human,L1_total_ba_ha_human,0.267652479323353,0.066081147174169,4.05036066668009,0.000116498416849555,***,126.229154813591,1066,0.880587390136733,CRI,full
average_ba_ha_human,L1_average_ba_ha_human,-0.160578212195985,0.0277658282459937,-5.78330351874715,1.32382822607901e-07,***,16.5439984494652,1066,0.459187723771791,CRI,full
total_counts_human,L1_total_counts_human,0.173280261757861,0.121596137220741,1.42504742106483,0.157985407101896,"",0.682926829268293,1066,0.896089858317684,CRI,full
average_counts_human,L1_average_counts_human,0.173280261757861,0.121596137220741,1.42504742106483,0.157985407101896,"",0.682926829268293,1066,0.896089858317684,CRI,full
total_burned_days_nature,L1_total_burned_days_nature,-0.0570211761163914,0.0941631312266228,-0.605557348970886,0.546501772391401,"",8.15290806754221,1066,0.902167552906391,CRI,full
average_burned_days_nature,L1_average_burned_days_nature,-0.0555345223863218,0.0536215705418142,-1.03567504318091,0.303435869206891,"",0.476435915500269,1066,0.702600635410138,CRI,full
total_ba_ha_nature,L1_total_ba_ha_nature,-0.134234650686754,0.0978550455628087,-1.37177035598634,0.173922632839332,"",511.238058453582,1066,0.797128751353882,CRI,full
average_ba_ha_nature,L1_average_ba_ha_nature,-0.0522004542601542,0.0468302274566299,-1.11467436942299,0.268286426067007,"",31.9469060353375,1066,0.599612084997038,CRI,full
total_counts_nature,L1_total_counts_nature,0.00189807590327871,0.0574303605607232,0.0330500433002125,0.973715986613803,"",2.37711069418386,1066,0.923044675088614,CRI,full
average_counts_nature,L1_average_counts_nature,0.00189807590327871,0.0574303605607232,0.0330500433002125,0.973715986613803,"",2.37711069418386,1066,0.923044675088614,CRI,full
total_burned_days_allfire,L1_total_burned_days_allfire,0.0171939690846741,0.0667900677820128,0.257433023436825,0.797497375421778,"",10.7776735459662,1066,0.92030686774994,CRI,full
average_burned_days_allfire,L1_average_burned_days_allfire,-0.0343258356230262,0.0402315407756951,-0.853207084819463,0.396060495554198,"",0.532634891769873,1066,0.645936715035716,CRI,full
total_burned_areas_ha,L1_total_burned_areas_ha,-0.0974664106434346,0.105800539094545,-0.92122792074185,0.359667131578109,"",637.467213267174,1066,0.84160443770624,CRI,full
average_burned_areas_ha,L1_average_burned_areas_ha,-0.0127296512971765,0.0355139297719552,-0.358441078723675,0.720945767868281,"",36.5428616555826,1066,0.494359830983216,CRI,full
total_counts_total,L1_total_counts_total,0.0675202923931722,0.049625658864072,1.36059236166747,0.177416632953323,"",3.06003752345216,1066,0.931004312038989,CRI,full
average_counts_total,L1_average_counts_total,0.0675202923931722,0.049625658864072,1.36059236166747,0.177416632953323,"",3.06003752345216,1066,0.931004312038989,CRI,full
total_burned_days_allfire,L1_total_burned_days_human,0.371736788117432,0.153897886029943,2.41547689644747,0.0179655856640355,**,10.7776735459662,1066,0.921816525891468,CRI,full
total_burned_days_allfire,L1_total_burned_days_nature,-0.0465481631321189,0.0753880869711337,-0.617447198918077,0.538671764250817,"",10.7776735459662,1066,0.920411374039296,CRI,full
average_burned_days_allfire,L1_average_burned_days_human,-0.0172136512139597,0.0497065587717865,-0.346305430094071,0.730011144534067,"",0.532634891769873,1066,0.645617206674055,CRI,full
average_burned_days_allfire,L1_average_burned_days_nature,-0.0362182809230474,0.0674687627044617,-0.536815549466898,0.592866497245342,"",0.532634891769873,1066,0.645851116731188,CRI,full
total_burned_areas_ha,L1_total_ba_ha_human,0.21800827593807,0.391977201344052,0.556175908166447,0.579623820768499,"",637.467213267174,1066,0.84047071967462,CRI,full
total_burned_areas_ha,L1_total_ba_ha_nature,-0.124245625740237,0.0951108927493257,-1.30632383051748,0.195139750128946,"",637.467213267174,1066,0.842249165876673,CRI,full
average_burned_areas_ha,L1_average_ba_ha_human,0.0301944648232047,0.0650630318838156,0.464080199599729,0.643835136413867,"",36.5428616555826,1066,0.494544833749843,CRI,full
average_burned_areas_ha,L1_average_ba_ha_nature,-0.0738076114097127,0.0594191608877082,-1.24215169495908,0.217765018804013,"",36.5428616555826,1066,0.495857806603878,CRI,full
total_counts_total,L1_total_counts_human,0.197025119511433,0.192560123679192,1.02318754136074,0.309265326040196,"",3.06003752345216,1066,0.931043398173775,CRI,full
total_counts_total,L1_total_counts_nature,0.056263312248277,0.0573244806014089,0.981488391312074,0.329274497268506,"",3.06003752345216,1066,0.930850786868556,CRI,full
average_counts_total,L1_average_counts_human,0.197025119511433,0.192560123679192,1.02318754136074,0.309265326040196,"",3.06003752345216,1066,0.931043398173775,CRI,full
average_counts_total,L1_average_counts_nature,0.056263312248277,0.0573244806014089,0.981488391312074,0.329274497268506,"",3.06003752345216,1066,0.930850786868556,CRI,full
total_burned_days_human,L1_total_burned_days_human,0.0295827516785366,0.0521167451973888,0.567624696563338,0.571052133572735,"",3.60027472527473,2184,0.655239936838357,CUB,full
average_burned_days_human,L1_average_burned_days_human,-0.102278945810468,0.0241065276386395,-4.24279047333755,3.65056652466113e-05,***,0.689538337219813,2184,0.424679644579576,CUB,full
total_ba_ha_human,L1_total_ba_ha_human,0.0310254996318049,0.0621824944387927,0.498942667254108,0.618476366609448,"",177.280028410655,2184,0.637205540749676,CUB,full
average_ba_ha_human,L1_average_ba_ha_human,-0.115296096750711,0.0295649664608145,-3.89975401810536,0.000139286050921314,***,31.4909623000451,2184,0.469326966519478,CUB,full
total_counts_human,L1_total_counts_human,-0.0803095494367815,0.0508152837680742,-1.58042115445664,0.115902611933469,"",1.6771978021978,2184,0.692102935731216,CUB,full
average_counts_human,L1_average_counts_human,-0.0803095494367815,0.0508152837680742,-1.58042115445664,0.115902611933469,"",1.6771978021978,2184,0.692102935731216,CUB,full
total_burned_days_nature,L1_total_burned_days_nature,0.0244184403285312,0.0621610576446889,0.392825367742396,0.694949431456918,"",18.0233516483517,2184,0.827948340140539,CUB,full
average_burned_days_nature,L1_average_burned_days_nature,-0.0824695227516826,0.0273031448674647,-3.02051368631735,0.00292036009790789,***,1.35579447015074,2184,0.414200101142281,CUB,full
total_ba_ha_nature,L1_total_ba_ha_nature,-0.103178010060344,0.0748066667068468,-1.37926223159601,0.169658192023906,"",1087.70464434364,2184,0.741847220745489,CUB,full
average_ba_ha_nature,L1_average_ba_ha_nature,-0.140740639310235,0.0207846542087799,-6.77137266256677,2.0739941490198e-10,***,81.2782569100363,2184,0.382083518346098,CUB,full
total_counts_nature,L1_total_counts_nature,0.0166508075180575,0.0521148552654734,0.319502134914088,0.749745100947872,"",7.46657509157509,2184,0.858256334944362,CUB,full
average_counts_nature,L1_average_counts_nature,0.0166508075180575,0.0521148552654734,0.319502134914088,0.749745100947872,"",7.46657509157509,2184,0.858256334944362,CUB,full
total_burned_days_allfire,L1_total_burned_days_allfire,0.0206989719724986,0.0548766802030914,0.377190673632122,0.70651079788459,"",21.6236263736264,2184,0.816248657619576,CUB,full
average_burned_days_allfire,L1_average_burned_days_allfire,-0.0803034431764663,0.021080966011446,-3.80928668699838,0.000195564108364691,***,1.53582337449335,2184,0.390717822174258,CUB,full
total_burned_areas_ha,L1_total_burned_areas_ha,-0.0997713577225285,0.0806918275288461,-1.23644935029959,0.218027705006851,"",1264.98467275429,2184,0.73953592907825,CUB,full
average_burned_areas_ha,L1_average_burned_areas_ha,-0.127359412820829,0.0171303616985223,-7.43471825418693,5.20136412789015e-12,***,87.5939855810977,2184,0.375366212880237,CUB,full
total_counts_total,L1_total_counts_total,-0.0208158265316395,0.0495279068543662,-0.420284802118676,0.674817686680695,"",9.14377289377289,2184,0.844163323403025,CUB,full
average_counts_total,L1_average_counts_total,-0.0208158265316395,0.0495279068543662,-0.420284802118676,0.674817686680695,"",9.14377289377289,2184,0.844163323403025,CUB,full
total_burned_days_allfire,L1_total_burned_days_human,-0.023054558795984,0.0942440100872897,-0.244626250247953,0.807046147565708,"",21.6236263736264,2184,0.816185547955221,CUB,full
total_burned_days_allfire,L1_total_burned_days_nature,0.0290595761959436,0.0652720073344139,0.445207331330566,0.656746472643521,"",21.6236263736264,2184,0.816292177455895,CUB,full
average_burned_days_allfire,L1_average_burned_days_human,-0.0464153083438213,0.0226929646219701,-2.04536115562814,0.042388249786717,**,1.53582337449335,2184,0.387726672111813,CUB,full
average_burned_days_allfire,L1_average_burned_days_nature,-0.0478158452182356,0.020648570990814,-2.31569754824717,0.0217906765225026,**,1.53582337449335,2184,0.388159301426898,CUB,full
total_burned_areas_ha,L1_total_ba_ha_human,0.0401957317407795,0.128511885618749,0.312778320442878,0.754839333623553,"",1264.98467275429,2184,0.737705332819264,CUB,full
total_burned_areas_ha,L1_total_ba_ha_nature,-0.11498330122613,0.0918680800961373,-1.25161319476584,0.212461155958323,"",1264.98467275429,2184,0.739872682877282,CUB,full
average_burned_areas_ha,L1_average_ba_ha_human,-0.0823879669742286,0.034169499778499,-2.41115519712908,0.0169868803541401,**,87.5939855810977,2184,0.367624827769767,CUB,full
average_burned_areas_ha,L1_average_ba_ha_nature,-0.108594485556387,0.019526186877089,-5.56147937331306,1.04272833529816e-07,***,87.5939855810977,2184,0.373347207093232,CUB,full
total_counts_total,L1_total_counts_human,-0.157673955236142,0.105523479775559,-1.49420731359034,0.137008523279587,"",9.14377289377289,2184,0.844627309948705,CUB,full
total_counts_total,L1_total_counts_nature,0.00177833388533452,0.0558421302899043,0.0318457386224756,0.97463309928576,"",9.14377289377289,2184,0.844098236423175,CUB,full
average_counts_total,L1_average_counts_human,-0.157673955236142,0.105523479775559,-1.49420731359034,0.137008523279587,"",9.14377289377289,2184,0.844627309948705,CUB,full
average_counts_total,L1_average_counts_nature,0.00177833388533452,0.0558421302899043,0.0318457386224756,0.97463309928576,"",9.14377289377289,2184,0.844098236423175,CUB,full
total_burned_days_allfire,L1_total_burned_days_allfire,-0.205075670232494,Inf,0,1,"",30.2478632478632,117,0.960263436067245,CUB,nature_subsample
total_burned_days_allfire,L1_total_burned_days_allfire,0.019915167640524,0.0648184040779056,0.3072455720537,0.759838263168214,"",11.0321678321678,715,0.843848354346745,CUB,human_subsample
average_burned_days_allfire,L1_average_burned_days_allfire,0.313393536905676,Inf,0,1,"",1.93809267762292,117,0.907861566756284,CUB,nature_subsample
average_burned_days_allfire,L1_average_burned_days_allfire,-0.14584712169965,0.0451129787229852,-3.23293042995941,0.0020912167499139,***,1.21370374616242,715,0.498266129639255,CUB,human_subsample
total_burned_areas_ha,L1_total_burned_areas_ha,-0.377043932870187,Inf,0,1,"",2767.14041110398,117,0.969406252406085,CUB,nature_subsample
total_burned_areas_ha,L1_total_burned_areas_ha,0.111190617263096,0.0930602166361582,1.19482439738802,0.23737713973726,"",707.806350184766,715,0.912521337810286,CUB,human_subsample
average_burned_areas_ha,L1_average_burned_areas_ha,-0.00918219667564502,Inf,0,1,"",177.40291382166,117,0.954216945531039,CUB,nature_subsample
average_burned_areas_ha,L1_average_burned_areas_ha,-0.0847600674410775,0.0517904089485617,-1.63659776321252,0.107530221842693,"",64.2104120896408,715,0.655793747204545,CUB,human_subsample
total_counts_total,L1_total_counts_total,-0.413073601779603,Inf,0,1,"",9.79487179487182,117,0.972971514861697,CUB,nature_subsample
total_counts_total,L1_total_counts_total,-0.0460361209426788,0.0486461237618289,-0.946347157444063,0.348187160251471,"",5.00699300699301,715,0.859389720185268,CUB,human_subsample
average_counts_total,L1_average_counts_total,-0.413073601779603,Inf,0,1,"",9.79487179487182,117,0.972971514861697,CUB,nature_subsample
average_counts_total,L1_average_counts_total,-0.0460361209426788,0.0486461237618289,-0.946347157444063,0.348187160251471,"",5.00699300699301,715,0.859389720185268,CUB,human_subsample
total_burned_days_human,L1_total_burned_days_human,-0.0868597692768885,0.0283656698501663,-3.06214412477128,0.00284376426770865,***,0.287284144427002,1274,0.342849434070394,CZE,full
average_burned_days_human,L1_average_burned_days_human,-0.0595621438631835,0.0289052862939154,-2.06059691841632,0.0420183942815192,**,0.0816896359995178,1274,0.302328299797881,CZE,full
total_ba_ha_human,L1_total_ba_ha_human,-0.0970379007171928,0.0209433060477438,-4.6333611558738,1.11976890472031e-05,***,14.5044149331142,1274,0.380159610321093,CZE,full
average_ba_ha_human,L1_average_ba_ha_human,-0.0784001309146672,0.0183404023896179,-4.27472250876283,4.47888007922479e-05,***,4.80052587346541,1274,0.350151709742374,CZE,full
total_counts_human,L1_total_counts_human,-0.123043781718188,0.0272105307966576,-4.52191773242813,1.73459561091613e-05,***,0.295133437990581,1274,0.496386857668366,CZE,full
average_counts_human,L1_average_counts_human,-0.123043781718188,0.0272105307966576,-4.52191773242813,1.73459561091613e-05,***,0.295133437990581,1274,0.496386857668366,CZE,full
total_burned_days_nature,L1_total_burned_days_nature,-0.0968962963052646,0.015377750348582,-6.30107096999396,8.6874256593723e-09,***,0.021193092621664,1274,0.284418635161161,CZE,full
average_burned_days_nature,L1_average_burned_days_nature,-0.0763464909967631,0.0166859997334372,-4.57548197389527,1.4066004557467e-05,***,0.01138147566719,1274,0.301784616350295,CZE,full
total_ba_ha_nature,L1_total_ba_ha_nature,-0.106594214806286,0.0224430083493003,-4.74955109169264,7.05034614306433e-06,***,1.92706751465004,1274,0.292886274848114,CZE,full
average_ba_ha_nature,L1_average_ba_ha_nature,-0.0866331468456384,0.0161369001181947,-5.36863624432785,5.41927930962473e-07,***,1.03842131523034,1274,0.299635947646331,CZE,full
total_counts_nature,L1_total_counts_nature,-0.0979042374646414,0.029638153482496,-3.30331771587803,0.00133903840263173,***,0.0274725274725275,1274,0.293632772449997,CZE,full
average_counts_nature,L1_average_counts_nature,-0.0979042374646414,0.029638153482496,-3.30331771587803,0.00133903840263173,***,0.0274725274725275,1274,0.293632772449997,CZE,full
total_burned_days_allfire,L1_total_burned_days_allfire,-0.0808610104191458,0.02830658898746,-2.85661442482412,0.00523880467984518,***,0.308477237048666,1274,0.337433570177256,CZE,full
average_burned_days_allfire,L1_average_burned_days_allfire,-0.0663266027857055,0.0346617299515772,-1.91353988616161,0.0586274338069393,*,0.0880534285387421,1274,0.318089248021106,CZE,full
total_burned_areas_ha,L1_total_burned_areas_ha,-0.0799295922892701,0.0204019556784024,-3.91774168855213,0.000166427734687058,***,16.4314824477642,1274,0.361485970153893,CZE,full
average_burned_areas_ha,L1_average_burned_areas_ha,-0.0686142024512984,0.0279732508829177,-2.45285050130512,0.0159588593225649,**,5.51954281103329,1274,0.352385826825794,CZE,full
total_counts_total,L1_total_counts_total,-0.100439228553656,0.0288071011281889,-3.48661353000121,0.000736569086647591,***,0.322605965463108,1274,0.481790663836156,CZE,full
average_counts_total,L1_average_counts_total,-0.100439228553656,0.0288071011281889,-3.48661353000121,0.000736569086647591,***,0.322605965463108,1274,0.481790663836156,CZE,full
total_burned_days_allfire,L1_total_burned_days_human,-0.0842962159580257,0.0287056637633394,-2.93657086813934,0.00414480679024872,***,0.308477237048666,1274,0.337595253000862,CZE,full
total_burned_days_allfire,L1_total_burned_days_nature,-0.0112131792899515,0.108167178290699,-0.103665265814886,0.917649024102189,"",0.308477237048666,1274,0.333066499144216,CZE,full
average_burned_days_allfire,L1_average_burned_days_human,-0.0445939664168132,0.0318078789147595,-1.40197862725517,0.164113615175554,"",0.0880534285387421,1274,0.316351337272408,CZE,full
average_burned_days_allfire,L1_average_burned_days_nature,-0.163600642103315,0.0555264775107113,-2.94635369354658,0.0040264855182411,***,0.0880534285387421,1274,0.318432371274129,CZE,full
total_burned_areas_ha,L1_total_ba_ha_human,-0.0886942784776421,0.0213590358394204,-4.15254130122986,7.07437118557033e-05,***,16.4314824477642,1274,0.361691582890372,CZE,full
total_burned_areas_ha,L1_total_ba_ha_nature,-0.0439393286423576,0.073218807828421,-0.600109861735578,0.54983244303769,"",16.4314824477642,1274,0.357436458797959,CZE,full
average_burned_areas_ha,L1_average_ba_ha_human,-0.0513583881292907,0.0220436687680621,-2.32984757073201,0.0218873952743854,**,5.51954281103329,1274,0.350785352522799,CZE,full
average_burned_areas_ha,L1_average_ba_ha_nature,-0.0811891918501706,0.0410297054277723,-1.97879051296369,0.0506752290959033,*,5.5195428110333,1274,0.350704349314102,CZE,full
total_counts_total,L1_total_counts_human,-0.112132797985974,0.0276622029324596,-4.0536467128001,0.000101812232092408,***,0.322605965463108,1274,0.482320878350693,CZE,full
total_counts_total,L1_total_counts_nature,-0.0244578802926493,0.136592968792958,-0.179056656493948,0.858266690716381,"",0.322605965463108,1274,0.476500022546254,CZE,full
average_counts_total,L1_average_counts_human,-0.112132797985974,0.0276622029324596,-4.0536467128001,0.000101812232092408,***,0.322605965463108,1274,0.482320878350693,CZE,full
average_counts_total,L1_average_counts_nature,-0.0244578802926493,0.136592968792958,-0.179056656493948,0.858266690716381,"",0.322605965463108,1274,0.476500022546254,CZE,full
total_burned_days_human,L1_total_burned_days_human,-0.0887335903864896,0.0171174262431735,-5.18381613718808,3.45013062734755e-07,***,0.0872303874785264,5239,0.182720066522859,DEU,full
average_burned_days_human,L1_average_burned_days_human,-0.0774431117386555,0.00587591560707368,-13.1797522151996,3.20923431319673e-33,***,0.0340999571148455,5239,0.149777327343846,DEU,full
total_ba_ha_human,L1_total_ba_ha_human,-0.0874450321470147,0.0131150142881375,-6.66755142052025,8.61245019230562e-11,***,4.8860813740856,5239,0.205819552514231,DEU,full
average_ba_ha_human,L1_average_ba_ha_human,-0.0823849971596377,0.00248491871138868,-33.1540008862492,4.49618426467097e-117,***,2.04008901227601,5239,0.141098646667223,DEU,full
total_counts_human,L1_total_counts_human,-0.0801694923664404,0.0316284304556802,-2.53472876179484,0.0116318585502455,**,0.0530635617484253,5239,0.265384414777019,DEU,full
average_counts_human,L1_average_counts_human,-0.0801694923664404,0.0316284304556802,-2.53472876179484,0.0116318585502455,**,0.0530635617484253,5239,0.265384414777019,DEU,full
total_burned_days_nature,L1_total_burned_days_nature,-0.0872874607890045,0.0106319592981397,-8.20991299357944,3.04494445726897e-15,***,0.0146974613475854,5239,0.266603944407608,DEU,full
average_burned_days_nature,L1_average_burned_days_nature,-0.0873004008503085,0.0222670631288802,-3.92060687774674,0.000103823179811196,***,0.00569447095501686,5239,0.228087967337597,DEU,full
total_ba_ha_nature,L1_total_ba_ha_nature,-0.0872656345615111,0.00710119988115688,-12.2888576609527,1.09082282249106e-29,***,0.736289643381077,5239,0.206798893474318,DEU,full
average_ba_ha_nature,L1_average_ba_ha_nature,-0.0892092252199154,0.0170633602507569,-5.22811591087154,2.75913506387186e-07,***,0.293058317167833,5239,0.19366685880861,DEU,full
total_counts_nature,L1_total_counts_nature,-0.0907275950977692,0.012516411921767,-7.2486904126243,2.17262344419812e-12,***,0.00878030158427181,5239,0.211794162163594,DEU,full
average_counts_nature,L1_average_counts_nature,-0.0907275950977692,0.012516411921767,-7.2486904126243,2.17262344419812e-12,***,0.00878030158427181,5239,0.211794162163594,DEU,full
total_burned_days_allfire,L1_total_burned_days_allfire,-0.0897782950730698,0.023327240812033,-3.84864612992546,0.000138114367034212,***,0.101927848826112,5239,0.203926643595716,DEU,full
average_burned_days_allfire,L1_average_burned_days_allfire,-0.0813134055626834,0.00699954288741835,-11.6169594029982,4.2502252126802e-27,***,0.036248532278309,5239,0.141160098324423,DEU,full
total_burned_areas_ha,L1_total_burned_areas_ha,-0.0932361277422575,0.0193985490692557,-4.80634543384613,2.1751255290208e-06,***,5.62237101746668,5239,0.212227063432194,DEU,full
average_burned_areas_ha,L1_average_burned_areas_ha,-0.0846723797023764,0.00289931207871966,-29.2042999868327,2.05365801860197e-101,***,2.16831938674921,5239,0.133663804831883,DEU,full
total_counts_total,L1_total_counts_total,-0.0673514244779827,0.0430460558138977,-1.56463636922196,0.118455020013987,"",0.0618438633326971,5239,0.281016026267713,DEU,full
average_counts_total,L1_average_counts_total,-0.0673514244779827,0.0430460558138977,-1.56463636922196,0.118455020013987,"",0.0618438633326971,5239,0.281016026267713,DEU,full
total_burned_days_allfire,L1_total_burned_days_human,-0.0924192196506313,0.0176990387431191,-5.22170842111758,2.85005634108826e-07,***,0.101927848826112,5239,0.203616974421344,DEU,full
total_burned_days_allfire,L1_total_burned_days_nature,-0.108675735733252,0.21408247933079,-0.507634889473282,0.611987808328914,"",0.101927848826112,5239,0.198112901271444,DEU,full
average_burned_days_allfire,L1_average_burned_days_human,-0.0761350811511985,0.00931307512415049,-8.17507430534588,3.9023932497993e-15,***,0.036248532278309,5239,0.140842874865057,DEU,full
average_burned_days_allfire,L1_average_burned_days_nature,-0.0529679580844757,0.0577897676686838,-0.916562917991777,0.359921236866544,"",0.036248532278309,5239,0.135802627099248,DEU,full
total_burned_areas_ha,L1_total_ba_ha_human,-0.0879194971677861,0.013143725696098,-6.68908490641183,7.54579551633786e-11,***,5.62237101746668,5239,0.21091232901163,DEU,full
total_burned_areas_ha,L1_total_ba_ha_nature,-0.18606201230106,0.173374955575661,-1.07317698616431,0.283835493201365,"",5.62237101746668,5239,0.20734468300933,DEU,full
average_burned_areas_ha,L1_average_ba_ha_human,-0.0798083170369674,0.00545235096280505,-14.6374137654391,3.42548173394948e-39,***,2.16831938674921,5239,0.133271189797142,DEU,full
average_burned_areas_ha,L1_average_ba_ha_nature,-0.0921426620049299,0.0434354829832836,-2.12136842222732,0.0345021793741592,**,2.16831938674921,5239,0.127767140639874,DEU,full
total_counts_total,L1_total_counts_human,-0.0868705504047373,0.0310353153539108,-2.79908708560265,0.00537159151829577,***,0.0618438633326971,5239,0.282564461615641,DEU,full
total_counts_total,L1_total_counts_nature,0.135120733488941,0.332755182568331,0.406066503445649,0.684909797552904,"",0.0618438633326971,5239,0.278675893935973,DEU,full
average_counts_total,L1_average_counts_human,-0.0868705504047373,0.0310353153539108,-2.79908708560265,0.00537159151829577,***,0.0618438633326971,5239,0.282564461615641,DEU,full
average_counts_total,L1_average_counts_nature,0.135120733488941,0.332755182568331,0.406066503445649,0.684909797552904,"",0.0618438633326971,5239,0.278675893935973,DEU,full
total_burned_days_nature,L1_total_burned_days_nature,-0.186121183209141,0.108569217727556,-1.71430896440826,0.101928404119291,"",0.293040293040293,273,0.57758800517599,DJI,full
average_burned_days_nature,L1_average_burned_days_nature,-0.0121399881354218,0.0529567298350361,-0.229243538512267,0.821007662481597,"",0.151404151404151,273,0.485671779490383,DJI,full
total_ba_ha_nature,L1_total_ba_ha_nature,-0.115936144751971,0.0418569828309285,-2.7698160954474,0.0118191018016916,**,15.0373415597966,273,0.520113125877725,DJI,full
average_ba_ha_nature,L1_average_ba_ha_nature,-0.0195439177437806,0.0726486498066282,-0.26901969679824,0.790670211559342,"",7.35552775065142,273,0.499592078654706,DJI,full
total_counts_nature,L1_total_counts_nature,-0.177282412224358,0.103197739767169,-1.71789045597642,0.101261338371513,"",0.172161172161172,273,0.570387873596791,DJI,full
average_counts_nature,L1_average_counts_nature,-0.177282412224358,0.103197739767169,-1.71789045597642,0.101261338371513,"",0.172161172161172,273,0.570387873596791,DJI,full
total_burned_days_allfire,L1_total_burned_days_allfire,-0.186121183209141,0.108569217727556,-1.71430896440826,0.101928404119291,"",0.293040293040293,273,0.57758800517599,DJI,full
average_burned_days_allfire,L1_average_burned_days_allfire,-0.0121399881354218,0.0529567298350361,-0.229243538512267,0.821007662481597,"",0.151404151404151,273,0.485671779490383,DJI,full
total_burned_areas_ha,L1_total_burned_areas_ha,-0.115936144751971,0.0418569828309285,-2.7698160954474,0.0118191018016916,**,15.0373415597966,273,0.520113125877725,DJI,full
average_burned_areas_ha,L1_average_burned_areas_ha,-0.0195439177437806,0.0726486498066282,-0.26901969679824,0.790670211559342,"",7.35552775065142,273,0.499592078654706,DJI,full
total_counts_total,L1_total_counts_total,-0.177282412224358,0.103197739767169,-1.71789045597642,0.101261338371513,"",0.172161172161172,273,0.570387873596791,DJI,full
average_counts_total,L1_average_counts_total,-0.177282412224358,0.103197739767169,-1.71789045597642,0.101261338371513,"",0.172161172161172,273,0.570387873596791,DJI,full
total_burned_days_allfire,L1_total_burned_days_nature,-0.186121183209141,0.108569217727556,-1.71430896440826,0.101928404119291,"",0.293040293040293,273,0.57758800517599,DJI,full
average_burned_days_allfire,L1_average_burned_days_nature,-0.0121399881354218,0.0529567298350361,-0.229243538512267,0.821007662481597,"",0.151404151404151,273,0.485671779490383,DJI,full
total_burned_areas_ha,L1_total_ba_ha_nature,-0.115936144751971,0.0418569828309285,-2.7698160954474,0.0118191018016916,**,15.0373415597966,273,0.520113125877725,DJI,full
average_burned_areas_ha,L1_average_ba_ha_nature,-0.0195439177437806,0.0726486498066282,-0.26901969679824,0.790670211559342,"",7.35552775065142,273,0.499592078654706,DJI,full
total_counts_total,L1_total_counts_nature,-0.177282412224358,0.103197739767169,-1.71789045597642,0.101261338371513,"",0.172161172161172,273,0.570387873596791,DJI,full
average_counts_total,L1_average_counts_nature,-0.177282412224358,0.103197739767169,-1.71789045597642,0.101261338371513,"",0.172161172161172,273,0.570387873596791,DJI,full
total_burned_days_human,L1_total_burned_days_human,-0.105307029838147,0.0133785499530091,-7.87133360551243,5.03099952590084e-12,***,0.0832025117739403,1274,0.216370475483522,DNK,full
average_burned_days_human,L1_average_burned_days_human,-0.118655780197438,0.0186723852837736,-6.35461288925684,6.79678105200329e-09,***,0.0459641548927263,1274,0.202339362505465,DNK,full
total_ba_ha_human,L1_total_ba_ha_human,-0.0894578427541628,0.00844050508206942,-10.5986362053383,6.86885290352767e-18,***,4.77356744577296,1274,0.229245002824088,DNK,full
average_ba_ha_human,L1_average_ba_ha_human,-0.0991057047886728,0.00973350388875019,-10.1819145419172,5.42899406671947e-17,***,2.6863359420242,1274,0.214580452206592,DNK,full
total_counts_human,L1_total_counts_human,-0.107871343186737,0.0126666600708855,-8.51616310716988,2.12183005425127e-13,***,0.0423861852433281,1274,0.225808007727252,DNK,full
average_counts_human,L1_average_counts_human,-0.107871343186737,0.0126666600708855,-8.51616310716988,2.12183005425127e-13,***,0.0423861852433281,1274,0.225808007727252,DNK,full
total_burned_days_nature,L1_total_burned_days_nature,-0.110778305416861,0.0248200223461596,-4.4632637260297,2.17855598983334e-05,***,0.0196232339089482,1274,0.225475297856313,DNK,full
average_burned_days_nature,L1_average_burned_days_nature,-0.108332734209237,0.00536084796287807,-20.2081340413684,1.53497835295849e-36,***,0.00994243851386709,1274,0.214535587717383,DNK,full
total_ba_ha_nature,L1_total_ba_ha_nature,-0.0964974915051182,0.0197310678301666,-4.89063705703674,3.98649129575755e-06,***,0.88010738113767,1274,0.213452847927435,DNK,full
average_ba_ha_nature,L1_average_ba_ha_nature,-0.0960798769019791,0.00487824441418808,-19.6955848752753,1.14395637211418e-35,***,0.46684369214856,1274,0.203284179717245,DNK,full
total_counts_nature,L1_total_counts_nature,-0.0781537300113626,0.0119884627541761,-6.51907851856471,3.18313176213717e-09,***,0.010989010989011,1274,0.19029029488048,DNK,full
average_counts_nature,L1_average_counts_nature,-0.0781537300113626,0.0119884627541761,-6.51907851856471,3.18313176213717e-09,***,0.010989010989011,1274,0.19029029488048,DNK,full
total_burned_days_allfire,L1_total_burned_days_allfire,-0.11585439286836,0.0139362084260632,-8.31319318184791,5.77091072124538e-13,***,0.102825745682888,1274,0.229475294823601,DNK,full
average_burned_days_allfire,L1_average_burned_days_allfire,-0.121016639094021,0.0192892711381388,-6.27377977256731,9.84216660221526e-09,***,0.0479249208841046,1274,0.208716293747611,DNK,full
total_burned_areas_ha,L1_total_burned_areas_ha,-0.101733243911366,0.0135644820637007,-7.49997260740311,3.05049286765385e-11,***,5.65367482691063,1274,0.243177490852613,DNK,full
average_burned_areas_ha,L1_average_burned_areas_ha,-0.100009816942579,0.0102328670022362,-9.77339165267407,4.13730675740298e-16,***,2.79578034981898,1274,0.218750922060708,DNK,full
total_counts_total,L1_total_counts_total,-0.121641006584395,0.0189306184255192,-6.42562244138934,4.90266145863762e-09,***,0.0533751962323391,1274,0.243561957721304,DNK,full
average_counts_total,L1_average_counts_total,-0.121641006584395,0.0189306184255192,-6.42562244138934,4.90266145863762e-09,***,0.0533751962323391,1274,0.243561957721304,DNK,full
total_burned_days_allfire,L1_total_burned_days_human,-0.139932871066789,0.0194097641843942,-7.20940603592174,1.23198822099312e-10,***,0.102825745682889,1274,0.228459856114496,DNK,full
total_burned_days_allfire,L1_total_burned_days_nature,-0.282920862133651,0.0929286957507946,-3.04449405910479,0.00300034455650744,***,0.102825745682889,1274,0.225447960794145,DNK,full
average_burned_days_allfire,L1_average_burned_days_human,-0.121486755312249,0.0196926163634555,-6.16915259354251,1.58505197433342e-08,***,0.0479249208841046,1274,0.208591194700394,DNK,full
average_burned_days_allfire,L1_average_burned_days_nature,-0.0323171172336806,0.0162690660010831,-1.98641503031145,0.0498088515668973,**,0.0479249208841046,1274,0.197765589470174,DNK,full
total_burned_areas_ha,L1_total_ba_ha_human,-0.108489088581239,0.0136854373090626,-7.92733809897307,3.82782902584911e-12,***,5.65367482691064,1274,0.24205856955046,DNK,full
total_burned_areas_ha,L1_total_ba_ha_nature,-0.245686723932249,0.0521974604751385,-4.70687120974534,8.36246628677996e-06,***,5.65367482691063,1274,0.238962747573776,DNK,full
average_burned_areas_ha,L1_average_ba_ha_human,-0.100004188882518,0.0102598458972897,-9.7471433668351,4.71430549933696e-16,***,2.79578034981898,1274,0.218708049029728,DNK,full
average_burned_areas_ha,L1_average_ba_ha_nature,-0.000130761958702819,0.0312752425108225,-0.00418100542809764,0.996672636726564,"",2.79578034981898,1274,0.210816961270944,DNK,full
total_counts_total,L1_total_counts_human,-0.138395376776079,0.0172548732798474,-8.02065448592524,2.42564326320536e-12,***,0.0533751962323391,1274,0.241860791766372,DNK,full
total_counts_total,L1_total_counts_nature,-0.185359176218666,0.0509222758661972,-3.64004108350761,0.000439435965572276,***,0.0533751962323391,1274,0.236565516614658,DNK,full
average_counts_total,L1_average_counts_human,-0.138395376776079,0.0172548732798474,-8.02065448592524,2.42564326320536e-12,***,0.0533751962323391,1274,0.241860791766372,DNK,full
average_counts_total,L1_average_counts_nature,-0.185359176218666,0.0509222758661972,-3.64004108350761,0.000439435965572276,***,0.0533751962323391,1274,0.236565516614658,DNK,full
total_burned_days_human,L1_total_burned_days_human,0.204626432796898,0.064176660484582,3.18848676842663,0.00173263140626813,***,0.979652605459057,2015,0.65604250984157,DOM,full
average_burned_days_human,L1_average_burned_days_human,-0.0382012048070763,0.0310163678746309,-1.2316466248236,0.219958529692829,"",0.203032333158932,2015,0.483288952942229,DOM,full
total_ba_ha_human,L1_total_ba_ha_human,0.125646777915308,0.0677144297588454,1.85553918659258,0.0654306825285754,*,46.1867797959188,2015,0.623931533198481,DOM,full
average_ba_ha_human,L1_average_ba_ha_human,-0.0556647943205527,0.0354827154129239,-1.56878620119017,0.118750207753959,"",9.67540664520743,2015,0.42589746676851,DOM,full
total_counts_human,L1_total_counts_human,0.312648833887625,0.0774591442703187,4.03630632422863,8.53214174824572e-05,***,0.39106699751861,2015,0.747994036537189,DOM,full
average_counts_human,L1_average_counts_human,0.312648833887625,0.0774591442703187,4.03630632422863,8.53214174824572e-05,***,0.39106699751861,2015,0.747994036537189,DOM,full
total_burned_days_nature,L1_total_burned_days_nature,-0.0359121242257063,0.0309251571650646,-1.16125923092398,0.24733328615046,"",1.57468982630273,2015,0.613885024724957,DOM,full
average_burned_days_nature,L1_average_burned_days_nature,0.024065920871267,0.0509940374442543,0.471935976781116,0.637640491271511,"",0.433487440170947,2015,0.423566400753899,DOM,full
total_ba_ha_nature,L1_total_ba_ha_nature,-0.0491863270083848,0.0620385529330849,-0.792834853215185,0.429093784377044,"",89.0600472689582,2015,0.536774631860825,DOM,full
average_ba_ha_nature,L1_average_ba_ha_nature,-0.0404924016409535,0.0559616889486266,-0.723573616195286,0.47042518879148,"",23.22798582738,2015,0.331571790291445,DOM,full
total_counts_nature,L1_total_counts_nature,0.0648606755264551,0.0473938073019218,1.36854747948948,0.173133909091794,"",0.690322580645161,2015,0.641017184653732,DOM,full
average_counts_nature,L1_average_counts_nature,0.0648606755264551,0.0473938073019218,1.36854747948948,0.173133909091794,"",0.690322580645161,2015,0.641017184653732,DOM,full
total_burned_days_allfire,L1_total_burned_days_allfire,0.100423988868047,0.0546102598130836,1.83892164607478,0.0678527234819388,*,2.55434243176179,2015,0.652049639470151,DOM,full
average_burned_days_allfire,L1_average_burned_days_allfire,-0.00596014740291353,0.0410996928666374,-0.145016835582041,0.884887201541608,"",0.569337570755532,2015,0.421991968059774,DOM,full
total_burned_areas_ha,L1_total_burned_areas_ha,0.0387211952314394,0.0610426376882085,0.634330309073768,0.526806440533444,"",135.246827064877,2015,0.583698967685665,DOM,full
average_burned_areas_ha,L1_average_burned_areas_ha,-0.0508071013323072,0.0496449144530545,-1.02340998855687,0.30771896435861,"",29.9906380185776,2015,0.336119141462198,DOM,full
total_counts_total,L1_total_counts_total,0.182672304999119,0.0706039800137046,2.5872805607228,0.0105983379254333,**,1.08138957816377,2015,0.699431249666473,DOM,full
average_counts_total,L1_average_counts_total,0.182672304999119,0.0706039800137046,2.5872805607228,0.0105983379254333,**,1.08138957816377,2015,0.699431249666473,DOM,full
total_burned_days_allfire,L1_total_burned_days_human,0.294623239947967,0.121195006633352,2.43098497316216,0.016206052860347,**,2.55434243176179,2015,0.663626428152776,DOM,full
total_burned_days_allfire,L1_total_burned_days_nature,-0.0556501526408222,0.0376685603818731,-1.47736340536131,0.141620394851807,"",2.55434243176179,2015,0.648304213788135,DOM,full
average_burned_days_allfire,L1_average_burned_days_human,-0.0703830697101935,0.0264941406407635,-2.65655227940865,0.008726031862856,***,0.569337570755532,2015,0.422923701805954,DOM,full
average_burned_days_allfire,L1_average_burned_days_nature,0.0139242350427018,0.0507030308662758,0.274623327339653,0.783973704733252,"",0.569337570755532,2015,0.422060162056035,DOM,full
total_burned_areas_ha,L1_total_ba_ha_human,0.199096009171931,0.0951353479481639,2.09276586953161,0.0380098381558105,**,135.246827064877,2015,0.589292414874145,DOM,full
total_burned_areas_ha,L1_total_ba_ha_nature,-0.0570125162586768,0.0623522898293196,-0.9143612273862,0.36195646816794,"",135.246827064877,2015,0.583854587057222,DOM,full
average_burned_areas_ha,L1_average_ba_ha_human,-0.0805499736251267,0.0326181832886203,-2.46948068543194,0.0146227436078549,**,29.9906380185776,2015,0.33511555598077,DOM,full
average_burned_areas_ha,L1_average_ba_ha_nature,-0.0423063153191552,0.0549792007543637,-0.769496732194625,0.442777142143696,"",29.9906380185776,2015,0.335583832872633,DOM,full
total_counts_total,L1_total_counts_human,0.428943846682826,0.122113875108992,3.51265444897212,0.00058248766196586,***,1.08138957816377,2015,0.710680653521781,DOM,full
total_counts_total,L1_total_counts_nature,0.0755259094207749,0.0553973899576527,1.3633477945172,0.174762740061964,"",1.08138957816377,2015,0.687153688765814,DOM,full
average_counts_total,L1_average_counts_human,0.428943846682826,0.122113875108992,3.51265444897212,0.00058248766196586,***,1.08138957816377,2015,0.710680653521781,DOM,full
average_counts_total,L1_average_counts_nature,0.0755259094207749,0.0553973899576527,1.3633477945172,0.174762740061964,"",1.08138957816377,2015,0.687153688765814,DOM,full
total_burned_days_human,L1_total_burned_days_human,-0.121679857442362,0.0135618049893706,-8.97224650684269,8.44332020210702e-19,***,0.181618248772504,19552,0.35984720837418,DZA,full
average_burned_days_human,L1_average_burned_days_human,-0.0888519463824422,0.0137634922735754,-6.45562511434901,1.45071026226652e-10,***,0.116687339954781,19552,0.345794592046632,DZA,full
total_ba_ha_human,L1_total_ba_ha_human,-0.0900621110230461,0.00250234449220697,-35.9910920752621,4.14087095878762e-205,***,67.433312026241,19552,0.495954472923633,DZA,full
average_ba_ha_human,L1_average_ba_ha_human,-0.0889964821394266,0.00228924241169583,-38.8759537586497,2.16146749605005e-229,***,55.1583962935406,19552,0.479845460837853,DZA,full
total_counts_human,L1_total_counts_human,-0.119123403229037,0.0209970933743782,-5.6733282604914,1.67729891757227e-08,***,0.0597892798690671,19552,0.364907277998894,DZA,full
average_counts_human,L1_average_counts_human,-0.119123403229037,0.0209970933743782,-5.6733282604914,1.67729891757227e-08,***,0.0597892798690671,19552,0.364907277998894,DZA,full
total_burned_days_nature,L1_total_burned_days_nature,-0.133947736065549,0.0209886292140844,-6.38191921441268,2.32381194343087e-10,***,0.768617021276596,19552,0.425078777791342,DZA,full
average_burned_days_nature,L1_average_burned_days_nature,-0.0827543641122417,0.0127605824290376,-6.48515571859232,1.19950882676094e-10,***,0.350539203420978,19552,0.349735070997883,DZA,full
total_ba_ha_nature,L1_total_ba_ha_nature,-0.0916970572142518,0.0108364991163122,-8.46187096312496,6.15467916575308e-17,***,126.137547262921,19552,0.308227975280231,DZA,full
average_ba_ha_nature,L1_average_ba_ha_nature,-0.101346948469131,0.0135006705950754,-7.50680847706185,1.03305320970471e-13,***,66.4105717010724,19552,0.253380212714004,DZA,full
total_counts_nature,L1_total_counts_nature,-0.163712465714852,0.0453082354321749,-3.61330482534295,0.000312278607764948,***,0.231331833060556,19552,0.475770934338726,DZA,full
average_counts_nature,L1_average_counts_nature,-0.163712465714852,0.0453082354321749,-3.61330482534295,0.000312278607764948,***,0.231331833060556,19552,0.475770934338726,DZA,full
total_burned_days_allfire,L1_total_burned_days_allfire,-0.13783586230299,0.0181536190146294,-7.59274843169908,5.47057802402719e-14,***,0.9502352700491,19552,0.441741134943116,DZA,full
average_burned_days_allfire,L1_average_burned_days_allfire,-0.0879294928449624,0.0116305622808298,-7.56020996421586,6.96460569588225e-14,***,0.431448841802392,19552,0.374515545804296,DZA,full
total_burned_areas_ha,L1_total_burned_areas_ha,-0.0907840511830022,0.00454669999676916,-19.9670203108876,7.31349937412632e-79,***,193.570859289161,19552,0.44229520992375,DZA,full
average_burned_areas_ha,L1_average_burned_areas_ha,-0.0926985529528385,0.00361048407373777,-25.674826715652,7.61377176654131e-121,***,116.838289549765,19552,0.45207539237039,DZA,full
total_counts_total,L1_total_counts_total,-0.154771016965895,0.0388486871377947,-3.98394459037776,7.10248333901805e-05,***,0.291121112929624,19552,0.475681618375949,DZA,full
average_counts_total,L1_average_counts_total,-0.154771016965895,0.0388486871377947,-3.98394459037776,7.10248333901805e-05,***,0.291121112929624,19552,0.475681618375949,DZA,full
total_burned_days_allfire,L1_total_burned_days_human,-0.154707135443959,0.0230264200654696,-6.71867945621114,2.59435142667599e-11,***,0.9502352700491,19552,0.432640930666102,DZA,full
total_burned_days_allfire,L1_total_burned_days_nature,-0.137218823813789,0.0209286260930794,-6.55651370536758,7.55195314087135e-11,***,0.9502352700491,19552,0.440115042959752,DZA,full
average_burned_days_allfire,L1_average_burned_days_human,-0.0858351029056601,0.0169415291712467,-5.06654989865614,4.55239941345796e-07,***,0.431448841802392,19552,0.37102605223355,DZA,full
average_burned_days_allfire,L1_average_burned_days_nature,-0.082858651378936,0.0129841350474974,-6.38153031186368,2.32956595412363e-10,***,0.431448841802392,19552,0.373605265034318,DZA,full
total_burned_areas_ha,L1_total_ba_ha_human,-0.0878076720982367,0.00295513848166877,-29.7135557751093,5.10995292891077e-153,***,193.570859289161,19552,0.440450625690089,DZA,full
total_burned_areas_ha,L1_total_ba_ha_nature,-0.0917507864917978,0.010949429742645,-8.37950364980685,1.2044843417095e-16,***,193.570859289161,19552,0.439615359519356,DZA,full
average_burned_areas_ha,L1_average_ba_ha_human,-0.087164707505696,0.00248495210969697,-35.0770170441335,1.94506954023556e-197,***,116.838289549765,19552,0.450807569163121,DZA,full
average_burned_areas_ha,L1_average_ba_ha_nature,-0.0964626746889307,0.0151460590819174,-6.36882994891364,2.52532381545732e-10,***,116.838289549765,19552,0.448649337617036,DZA,full
total_counts_total,L1_total_counts_human,-0.143873922954606,0.0310113530274754,-4.63939521849101,3.79792328646125e-06,***,0.291121112929624,19552,0.463835684072992,DZA,full
total_counts_total,L1_total_counts_nature,-0.164059112349008,0.0454746233882983,-3.60770689507732,0.000319032498484101,***,0.291121112929624,19552,0.474571440970995,DZA,full
average_counts_total,L1_average_counts_human,-0.143873922954606,0.0310113530274754,-4.63939521849101,3.79792328646125e-06,***,0.291121112929624,19552,0.463835684072992,DZA,full
average_counts_total,L1_average_counts_nature,-0.164059112349008,0.0454746233882983,-3.60770689507732,0.000319032498484101,***,0.291121112929624,19552,0.474571440970995,DZA,full
total_burned_days_allfire,L1_total_burned_days_allfire,-0.0143444384349249,0.0533762404938107,-0.268742015215331,0.788285655993166,"",0.211592939638265,4589,0.434643702456854,DZA,nature_subsample
total_burned_days_allfire,L1_total_burned_days_allfire,-0.148790942501297,0.0147010087075674,-10.1211383151353,4.62672196075373e-22,***,0.898039215686275,6630,0.421519684421948,DZA,human_subsample
average_burned_days_allfire,L1_average_burned_days_allfire,-0.104485458624119,0.026851862364552,-3.89118107360975,0.000119300122251385,***,0.102591108801612,4589,0.382349420353836,DZA,nature_subsample
average_burned_days_allfire,L1_average_burned_days_allfire,-0.125371640387687,0.015902818108445,-7.88361154185055,1.94900439321992e-14,***,0.473338743123811,6630,0.373204099891547,DZA,human_subsample
total_burned_areas_ha,L1_total_burned_areas_ha,-0.0890497299186474,0.0167150172758951,-5.32752844037241,1.78054960282168e-07,***,60.4633738040599,4589,0.381911998593268,DZA,nature_subsample
total_burned_areas_ha,L1_total_burned_areas_ha,-0.10583162898281,0.00512559179709854,-20.6476897053563,2.93380198507145e-69,***,220.345051085334,6630,0.438105544775466,DZA,human_subsample
average_burned_areas_ha,L1_average_burned_areas_ha,-0.130389290126199,0.0175644093585435,-7.42349415027589,8.66277713211227e-13,***,30.1616388548572,4589,0.33975010095581,DZA,nature_subsample
average_burned_areas_ha,L1_average_burned_areas_ha,-0.101214559765985,0.00538447562821627,-18.7974775548412,2.94931189954236e-60,***,156.100804366236,6630,0.432059231445588,DZA,human_subsample
total_counts_total,L1_total_counts_total,0.0346281470035263,0.0719844572453157,0.481050331261332,0.630779604443,"",0.0703857049466115,4589,0.451516635420249,DZA,nature_subsample
total_counts_total,L1_total_counts_total,-0.130353519751194,0.0269949690180325,-4.82880790358081,1.81951998726944e-06,***,0.26078431372549,6630,0.429928969805549,DZA,human_subsample
average_counts_total,L1_average_counts_total,0.0346281470035263,0.0719844572453157,0.481050331261332,0.630779604443,"",0.0703857049466115,4589,0.451516635420249,DZA,nature_subsample
average_counts_total,L1_average_counts_total,-0.130353519751194,0.0269949690180325,-4.82880790358081,1.81951998726944e-06,***,0.26078431372549,6630,0.429928969805549,DZA,human_subsample
total_burned_days_human,L1_total_burned_days_human,-0.10217618540509,0.026125999226275,-3.91090057532923,0.000122216621872248,***,0.176612625043118,2899,0.269774214077426,ECU,full
average_burned_days_human,L1_average_burned_days_human,-0.142405117511049,0.0263266729416951,-5.40915739054569,1.63397445014736e-07,***,0.0389241380155116,2899,0.304918727606721,ECU,full
total_ba_ha_human,L1_total_ba_ha_human,-0.123400146827239,0.033843678696645,-3.64618007201067,0.0003316060330928,***,9.70093833372733,2899,0.272712538329942,ECU,full
average_ba_ha_human,L1_average_ba_ha_human,-0.154565980100719,0.00737197138872607,-20.9667091677941,1.49602364956816e-54,***,2.11058119155642,2899,0.357414937265258,ECU,full
total_counts_human,L1_total_counts_human,-0.139446467369592,0.0314196059736006,-4.43819911321477,1.42896470948231e-05,***,0.134184201448775,2899,0.317715935642593,ECU,full
average_counts_human,L1_average_counts_human,-0.139446467369592,0.0314196059736006,-4.43819911321477,1.42896470948231e-05,***,0.134184201448775,2899,0.317715935642593,ECU,full
total_burned_days_nature,L1_total_burned_days_nature,-0.244044386159011,0.0452801344382668,-5.38965683707789,1.79870138788343e-07,***,3.15729561917903,2899,0.507645821573764,ECU,full
average_burned_days_nature,L1_average_burned_days_nature,-0.102149069658876,0.0266457705293699,-3.8335941363108,0.000164492544118043,***,0.334498961270684,2899,0.359390947865853,ECU,full
total_ba_ha_nature,L1_total_ba_ha_nature,0.13031462046195,0.0689911132450978,1.88886096096166,0.0602140953463883,*,303.459289363073,2899,0.54843484598633,ECU,full
average_ba_ha_nature,L1_average_ba_ha_nature,-0.050966511322777,0.0274673760790977,-1.85552894371887,0.0648462263062474,*,29.1539450204199,2899,0.393946656563351,ECU,full
total_counts_nature,L1_total_counts_nature,-0.2361959171705,0.0411185002381215,-5.74427364331542,3.01968686135651e-08,***,1.94480855467403,2899,0.496744604099011,ECU,full
average_counts_nature,L1_average_counts_nature,-0.2361959171705,0.0411185002381215,-5.74427364331542,3.01968686135651e-08,***,1.94480855467403,2899,0.496744604099011,ECU,full
total_burned_days_allfire,L1_total_burned_days_allfire,-0.241309392168772,0.0440906580473292,-5.47302768558678,1.19089708888095e-07,***,3.33390824422215,2899,0.512806237718471,ECU,full
average_burned_days_allfire,L1_average_burned_days_allfire,-0.100883068287053,0.0277006160084957,-3.64190703398482,0.000336842207497073,***,0.348251451343904,2899,0.360656196376982,ECU,full
total_burned_areas_ha,L1_total_burned_areas_ha,0.130117541990504,0.0684838806506712,1.89997326019271,0.058732571157038,*,313.1602276968,2899,0.548312081696954,ECU,full
average_burned_areas_ha,L1_average_burned_areas_ha,-0.0502107329081604,0.0281535574187274,-1.78345962328586,0.0758776134459869,*,29.7359588772968,2899,0.395133679672369,ECU,full
total_counts_total,L1_total_counts_total,-0.231784061578752,0.0409232465335615,-5.66387276700211,4.55708305027882e-08,***,2.0789927561228,2899,0.504220638043685,ECU,full
average_counts_total,L1_average_counts_total,-0.231784061578752,0.0409232465335615,-5.66387276700211,4.55708305027882e-08,***,2.0789927561228,2899,0.504220638043685,ECU,full
total_burned_days_allfire,L1_total_burned_days_human,-0.184318696650862,0.147470648318196,-1.2498669989784,0.212664130404891,"",3.33390824422215,2899,0.48505591106207,ECU,full
total_burned_days_allfire,L1_total_burned_days_nature,-0.241342435304334,0.0447414741471034,-5.39415475026226,1.75932885012917e-07,***,3.33390824422215,2899,0.512292183521571,ECU,full
average_burned_days_allfire,L1_average_burned_days_human,-0.101837183897744,0.0424560936159035,-2.39864705450898,0.017282425148712,**,0.348251451343904,2899,0.355184970505005,ECU,full
average_burned_days_allfire,L1_average_burned_days_nature,-0.100187465155743,0.0273701033261547,-3.66047084155523,0.000314645794666911,***,0.348251451343904,2899,0.360690963171003,ECU,full
total_burned_areas_ha,L1_total_ba_ha_human,-0.092314315692504,0.0960606470133915,-0.961000353033586,0.337597507543427,"",313.160227696801,2899,0.540727655282579,ECU,full
total_burned_areas_ha,L1_total_ba_ha_nature,0.130869137953684,0.0688441517577606,1.90094778731777,0.0586041104108581,*,313.1602276968,2899,0.54838130757792,ECU,full
average_burned_areas_ha,L1_average_ba_ha_human,0.0309338986421132,0.0723543164758592,0.427533561904827,0.669405151234582,"",29.7359588772968,2899,0.393616061476236,ECU,full
average_burned_areas_ha,L1_average_ba_ha_nature,-0.0506692864639003,0.0277419353064859,-1.82645103537727,0.0691253665515952,*,29.7359588772968,2899,0.395174699941357,ECU,full
total_counts_total,L1_total_counts_human,-0.0388736115898185,0.0865157397825883,-0.449324154049966,0.653636186202169,"",2.0789927561228,2899,0.476971946120172,ECU,full
total_counts_total,L1_total_counts_nature,-0.234524132390482,0.0407371559588201,-5.75700799112131,2.8281024245351e-08,***,2.0789927561228,2899,0.50445374822225,ECU,full
average_counts_total,L1_average_counts_human,-0.0388736115898185,0.0865157397825883,-0.449324154049966,0.653636186202169,"",2.0789927561228,2899,0.476971946120172,ECU,full
average_counts_total,L1_average_counts_nature,-0.234524132390482,0.0407371559588201,-5.75700799112131,2.8281024245351e-08,***,2.0789927561228,2899,0.50445374822225,ECU,full
total_burned_days_allfire,L1_total_burned_days_allfire,-0.005942037571624,0.0324424780150672,-0.18315609457651,0.855263717671625,"",1.16466346153846,832,0.603129701940993,ECU,nature_subsample
total_burned_days_allfire,L1_total_burned_days_allfire,-0.151104466775318,0.0718891358664938,-2.10190962728966,0.0507718013123743,*,1.07264957264957,234,0.477198637914932,ECU,human_subsample
average_burned_days_allfire,L1_average_burned_days_allfire,-0.0952913664967601,0.0525315012051244,-1.81398521478889,0.0744425329775455,*,0.242693335977591,832,0.543396770819883,ECU,nature_subsample
average_burned_days_allfire,L1_average_burned_days_allfire,-0.260234537581663,0.0860202908805856,-3.02526921169011,0.00763195740383138,***,0.181238871022985,234,0.661248885811115,ECU,human_subsample
total_burned_areas_ha,L1_total_burned_areas_ha,0.257283500733768,0.0246355187887573,10.443599866514,2.24067757203023e-15,***,186.330316150758,832,0.617203588403538,ECU,nature_subsample
total_burned_areas_ha,L1_total_burned_areas_ha,-0.147967417383845,0.0866948766032742,-1.70676080503536,0.106065069062663,"",63.6538661714811,234,0.46968040935791,ECU,human_subsample
average_burned_areas_ha,L1_average_burned_areas_ha,-0.0155069880265531,0.0860585473650601,-0.180191143138549,0.857580873843858,"",24.5338307706458,832,0.50637750176741,ECU,nature_subsample
average_burned_areas_ha,L1_average_burned_areas_ha,-0.224834878372238,0.126159263799528,-1.78215116037384,0.0925936940858736,*,9.29480669305481,234,0.499340942809435,ECU,human_subsample
total_counts_total,L1_total_counts_total,-0.12496554136357,0.03711617478164,-3.36687554950804,0.00129992305483201,***,0.550480769230769,832,0.677918191002419,ECU,nature_subsample
total_counts_total,L1_total_counts_total,-0.160467283627541,0.0748873897853382,-2.14278110223249,0.0468960001870964,**,0.948717948717949,234,0.523355199127543,ECU,human_subsample
average_counts_total,L1_average_counts_total,-0.12496554136357,0.03711617478164,-3.36687554950804,0.00129992305483201,***,0.550480769230769,832,0.677918191002419,ECU,nature_subsample
average_counts_total,L1_average_counts_total,-0.160467283627541,0.0748873897853382,-2.14278110223249,0.0468960001870964,**,0.948717948717949,234,0.523355199127543,ECU,human_subsample
total_burned_days_human,L1_total_burned_days_human,0.294514100593937,0.0669389122434801,4.39974434485411,1.45106959874807e-05,***,2.31826360773729,4446,0.712876020789074,EGY,full
average_burned_days_human,L1_average_burned_days_human,0.0110246264409933,0.0380653158792252,0.289623931559443,0.772279974601096,"",0.275125390854932,4446,0.439085310316772,EGY,full
total_ba_ha_human,L1_total_ba_ha_human,0.151123505700903,0.0524782261567003,2.87973730761493,0.00423157238091033,***,413.349951677822,4446,0.59146067807634,EGY,full
average_ba_ha_human,L1_average_ba_ha_human,-0.0118433870847185,0.0570298881414105,-0.207669828412636,0.835610744614788,"",39.6919867630925,4446,0.374305019801471,EGY,full
total_counts_human,L1_total_counts_human,0.361284256107627,0.0691847032965087,5.2220250849274,3.08485770497907e-07,***,0.785650022492128,4446,0.719388440833059,EGY,full
average_counts_human,L1_average_counts_human,0.361284256107627,0.0691847032965087,5.2220250849274,3.08485770497907e-07,***,0.785650022492128,4446,0.719388440833059,EGY,full
total_burned_days_nature,L1_total_burned_days_nature,1.16121560203972,0.10941325937862,10.6131158932153,6.30421094219817e-23,***,0.524066576698156,4446,0.88747583693784,EGY,full
average_burned_days_nature,L1_average_burned_days_nature,0.0101654838008315,0.031109325959155,0.326766443418872,0.744045017983447,"",0.0275209505833013,4446,0.416848872628333,EGY,full
total_ba_ha_nature,L1_total_ba_ha_nature,1.10285587381419,0.0612973140075929,17.9919119078787,2.32333439943441e-51,***,62.3592894368625,4446,0.885285457747677,EGY,full
average_ba_ha_nature,L1_average_ba_ha_nature,-0.0484345981626054,0.0421597254586808,-1.1488357107561,0.251428927026336,"",2.53048945259832,4446,0.399711804317708,EGY,full
total_counts_nature,L1_total_counts_nature,1.10012942890987,0.0953800067860846,11.5341722650241,3.28542208293686e-26,***,0.222672064777328,4446,0.896600078985207,EGY,full
average_counts_nature,L1_average_counts_nature,1.10012942890987,0.0953800067860846,11.5341722650241,3.28542208293686e-26,***,0.222672064777328,4446,0.896600078985207,EGY,full
total_burned_days_allfire,L1_total_burned_days_allfire,0.516620619512244,0.109241060115091,4.72917984289017,3.30517258108875e-06,***,2.84233018443545,4446,0.741153726473266,EGY,full
average_burned_days_allfire,L1_average_burned_days_allfire,0.0111093340666259,0.0372899531768325,0.297917619095534,0.765947469715745,"",0.294592837997022,4446,0.440101865805213,EGY,full
total_burned_areas_ha,L1_total_burned_areas_ha,0.229282670830427,0.0728356238039762,3.14794682678218,0.00178929698943292,***,475.709241114684,4446,0.605972286703544,EGY,full
average_burned_areas_ha,L1_average_burned_areas_ha,-0.0119626745127284,0.0567581185295743,-0.21076587495576,0.833195858113399,"",41.6719396031294,4446,0.374986895740544,EGY,full
total_counts_total,L1_total_counts_total,0.610869804545421,0.107720202024417,5.67089360273346,3.03191712165907e-08,***,1.00832208726946,4446,0.764563365561458,EGY,full
average_counts_total,L1_average_counts_total,0.610869804545421,0.107720202024417,5.67089360273346,3.03191712165907e-08,***,1.00832208726946,4446,0.764563365561458,EGY,full
total_burned_days_allfire,L1_total_burned_days_human,0.297013167470736,0.0665386619621443,4.46376826212279,1.09586568102475e-05,***,2.84233018443545,4446,0.687607638609874,EGY,full
total_burned_days_allfire,L1_total_burned_days_nature,1.1577203604573,0.108283830076911,10.6915350115987,3.3502718658685e-23,***,2.84233018443545,4446,0.761461683281607,EGY,full
average_burned_days_allfire,L1_average_burned_days_human,0.00977265731257978,0.0381136001593447,0.25640866440647,0.797789918910869,"",0.294592837997022,4446,0.44008677390145,EGY,full
average_burned_days_allfire,L1_average_burned_days_nature,-0.0519093475879323,0.050127869356593,-1.03553867846779,0.301151202556737,"",0.294592837997022,4446,0.440121659066452,EGY,full
total_burned_areas_ha,L1_total_ba_ha_human,0.149736738552633,0.0523438520820293,2.86063659048206,0.00448858038207533,***,475.709241114685,4446,0.593583023346502,EGY,full
total_burned_areas_ha,L1_total_ba_ha_nature,1.09874552236383,0.0596967209291459,18.4054585455025,5.0478096246243e-53,***,475.709241114685,4446,0.624713512006625,EGY,full
average_burned_areas_ha,L1_average_ba_ha_human,-0.0122269075926954,0.0569793540782377,-0.214584875355147,0.830219253029526,"",41.6719396031294,4446,0.37499000970599,EGY,full
average_burned_areas_ha,L1_average_ba_ha_nature,-0.0649082269981431,0.045818094055539,-1.41665052499704,0.157498010553757,"",41.6719396031294,4446,0.374932104682533,EGY,full
total_counts_total,L1_total_counts_human,0.371318878136887,0.0676293654067265,5.49049774315871,7.84193376898196e-08,***,1.00832208726946,4446,0.687935975556086,EGY,full
total_counts_total,L1_total_counts_nature,1.11223012505138,0.0992444817166453,11.2069719727786,4.97735159897383e-25,***,1.00832208726946,4446,0.773635380688133,EGY,full
average_counts_total,L1_average_counts_human,0.371318878136887,0.0676293654067265,5.49049774315871,7.84193376898196e-08,***,1.00832208726946,4446,0.687935975556086,EGY,full
average_counts_total,L1_average_counts_nature,1.11223012505138,0.0992444817166453,11.2069719727786,4.97735159897383e-25,***,1.00832208726946,4446,0.773635380688133,EGY,full
total_burned_days_allfire,L1_total_burned_days_allfire,1.22398879371612,0.146383177120281,8.36154001979601,1.46689736300168e-10,***,3.84265734265734,572,0.907568998130107,EGY,nature_subsample
total_burned_days_allfire,L1_total_burned_days_allfire,0.291155371355818,0.0673481406578416,4.32313896882494,2.15526744836345e-05,***,2.87104895104895,3575,0.716627684937496,EGY,human_subsample
average_burned_days_allfire,L1_average_burned_days_allfire,-0.0128801281658485,0.0724712480412178,-0.177727423136455,0.859771658858066,"",0.168059921891148,572,0.696583300234705,EGY,nature_subsample
average_burned_days_allfire,L1_average_burned_days_allfire,0.0103934660739867,0.0395972550026867,0.262479459075674,0.793149057403553,"",0.32843595043834,3575,0.451607975549627,EGY,human_subsample
total_burned_areas_ha,L1_total_burned_areas_ha,1.11934073048414,0.0754161310815922,14.8421924385532,1.58396260179894e-18,***,474.276205979975,572,0.893695640816574,EGY,nature_subsample
total_burned_areas_ha,L1_total_burned_areas_ha,0.140556100377237,0.0510687355803946,2.75229254806921,0.00631305599765604,***,512.71377995887,3575,0.603938211115471,EGY,human_subsample
average_burned_areas_ha,L1_average_burned_areas_ha,-0.0570464353149326,0.0972541099635079,-0.586570946321321,0.560558875279897,"",16.8124068222642,572,0.545006519354224,EGY,nature_subsample
average_burned_areas_ha,L1_average_burned_areas_ha,-0.015289222250383,0.0560906278164354,-0.272580693880254,0.785380862118338,"",48.3294053277582,3575,0.380643923022908,EGY,human_subsample
total_counts_total,L1_total_counts_total,1.14407244733826,0.126843902434645,9.01953050465104,1.79638633463296e-11,***,1.65734265734266,572,0.913142438524791,EGY,nature_subsample
total_counts_total,L1_total_counts_total,0.363012282708677,0.0672110705452362,5.40107871759538,1.43820759700625e-07,***,0.96979020979021,3575,0.724630216816864,EGY,human_subsample
average_counts_total,L1_average_counts_total,1.14407244733826,0.126843902434645,9.01953050465104,1.79638633463296e-11,***,1.65734265734266,572,0.913142438524791,EGY,nature_subsample
average_counts_total,L1_average_counts_total,0.363012282708677,0.0672110705452362,5.40107871759538,1.43820759700625e-07,***,0.96979020979021,3575,0.724630216816864,EGY,human_subsample
total_ba_ha_human,L1_total_ba_ha_human,-0.0867874343834499,0.00433817536278722,-20.005515481903,3.18574381789797e-25,***,0.131633081121445,650,0.165695415737207,ERI,full
average_ba_ha_human,L1_average_ba_ha_human,-0.0867874343834499,0.00433817536278722,-20.005515481903,3.18574381789797e-25,***,0.131633081121445,650,0.165695415737207,ERI,full
total_counts_human,L1_total_counts_human,-0.0867874343834498,0.00433817536612527,-20.0055154665095,3.18574392516588e-25,***,0.00153846153846154,650,0.165695415737208,ERI,full
average_counts_human,L1_average_counts_human,-0.0867874343834498,0.00433817536612527,-20.0055154665095,3.18574392516588e-25,***,0.00153846153846154,650,0.165695415737208,ERI,full
total_burned_days_nature,L1_total_burned_days_nature,0.542282192984928,0.126052753486976,4.30202576289583,8.05500977717777e-05,***,4.39538461538462,650,0.828821360233705,ERI,full
average_burned_days_nature,L1_average_burned_days_nature,0.0406913005487186,0.0434474035950097,0.936564608739758,0.353575824167858,"",0.386321076946688,650,0.657740091252688,ERI,full
total_ba_ha_nature,L1_total_ba_ha_nature,0.371924524630092,0.135375505249621,2.74735465580937,0.00838304725332735,***,1321.03408703743,650,0.867939889641447,ERI,full
average_ba_ha_nature,L1_average_ba_ha_nature,0.0738711607129472,0.0498346820155846,1.48232431160784,0.144657248685685,"",120.400360119281,650,0.525068784976523,ERI,full
total_counts_nature,L1_total_counts_nature,0.480551621063237,0.156370818016504,3.07315410355222,0.00345514561282523,***,1.50615384615385,650,0.691883282225498,ERI,full
average_counts_nature,L1_average_counts_nature,0.480551621063237,0.156370818016504,3.07315410355222,0.00345514561282523,***,1.50615384615385,650,0.691883282225498,ERI,full
total_burned_days_allfire,L1_total_burned_days_allfire,0.542282192984928,0.126052753486976,4.30202576289583,8.05500977717777e-05,***,4.39538461538462,650,0.828821360233705,ERI,full
average_burned_days_allfire,L1_average_burned_days_allfire,0.0401078801334508,0.0435497406904592,0.920967140046315,0.36157980025178,"",0.3859089890346,650,0.65795327883384,ERI,full
total_burned_areas_ha,L1_total_burned_areas_ha,0.372091149979651,0.13525322816594,2.75107038127873,0.00830133489621799,***,1321.16572011855,650,0.867954289073545,ERI,full
average_burned_areas_ha,L1_average_burned_areas_ha,0.0735345611782513,0.0498606791864852,1.47480063204159,0.146662860845912,"",120.322790142225,650,0.525089319584281,ERI,full
total_counts_total,L1_total_counts_total,0.483431938189832,0.154732198532334,3.12431376775669,0.00299167860535011,***,1.50769230769231,650,0.69275341066595,ERI,full
average_counts_total,L1_average_counts_total,0.483431938189832,0.154732198532334,3.12431376775669,0.00299167860535011,***,1.50769230769231,650,0.69275341066595,ERI,full
total_burned_days_allfire,L1_total_burned_days_nature,0.542282192984928,0.126052753486976,4.30202576289583,8.05500977717777e-05,***,4.39538461538462,650,0.828821360233705,ERI,full
average_burned_days_allfire,L1_average_burned_days_nature,0.0397279416587667,0.0434361238550908,0.914629072136014,0.364865438393856,"",0.3859089890346,650,0.657943367004009,ERI,full
total_burned_areas_ha,L1_total_ba_ha_human,-7.70043158692615,11.8611394290284,-0.649215164613989,0.519230943707457,"",1321.16572011855,650,0.846636543156175,ERI,full
total_burned_areas_ha,L1_total_ba_ha_nature,0.372126913262832,0.13523498947808,2.75170586176701,0.008287433833528,***,1321.16572011855,650,0.867957031454623,ERI,full
average_burned_areas_ha,L1_average_ba_ha_human,6.95369354827256,1.54999672918028,4.48626336905242,4.38833381383237e-05,***,120.322790142225,650,0.52349310958373,ERI,full
average_burned_areas_ha,L1_average_ba_ha_nature,0.073707003137423,0.0498325435392371,1.47909373880118,0.145515763669091,"",120.322790142225,650,0.52510230082731,ERI,full
total_counts_total,L1_total_counts_human,-0.415442360716141,0.625343856864146,-0.664342275303416,0.509585626436361,"",1.50769230769231,650,0.635717263178928,ERI,full
total_counts_total,L1_total_counts_nature,0.483377921961941,0.154355074071931,3.13159722716132,0.00293065856180577,***,1.50769230769231,650,0.692752182717973,ERI,full
average_counts_total,L1_average_counts_human,-0.415442360716141,0.625343856864146,-0.664342275303416,0.509585626436361,"",1.50769230769231,650,0.635717263178928,ERI,full
average_counts_total,L1_average_counts_nature,0.483377921961941,0.154355074071931,3.13159722716132,0.00293065856180577,***,1.50769230769231,650,0.692752182717973,ERI,full
total_burned_days_human,L1_total_burned_days_human,0.423507960990099,0.123684935531478,3.42408684752329,0.00122518164473352,***,4.64940828402367,676,0.6543607462087,ESP,full
average_burned_days_human,L1_average_burned_days_human,-0.157724954873585,0.0365278160915842,-4.3179410035938,7.26869169958011e-05,***,0.924626803952975,676,0.54035496052355,ESP,full
total_ba_ha_human,L1_total_ba_ha_human,0.158260049724546,0.109416088316168,1.44640566264112,0.154181712012259,"",529.888071188623,676,0.525632638188469,ESP,full
average_ba_ha_human,L1_average_ba_ha_human,-0.127434196167714,0.0165660238444397,-7.69250348571039,4.40710953761146e-10,***,132.136982452634,676,0.494877869713604,ESP,full
total_counts_human,L1_total_counts_human,0.292311959234297,0.054048217908704,5.40835517885268,1.70423538827482e-06,***,2.14349112426036,676,0.612190212195867,ESP,full
average_counts_human,L1_average_counts_human,0.292311959234297,0.054048217908704,5.40835517885268,1.70423538827482e-06,***,2.14349112426036,676,0.612190212195867,ESP,full
total_burned_days_nature,L1_total_burned_days_nature,0.133761959865552,0.122383554053137,1.09297332391144,0.279541468970307,"",9.03402366863905,676,0.750449149634303,ESP,full
average_burned_days_nature,L1_average_burned_days_nature,-0.0281059178439197,0.0585684194771221,-0.479881787742256,0.633363214989562,"",1.41149845136824,676,0.52170396018345,ESP,full
total_ba_ha_nature,L1_total_ba_ha_nature,-0.155102781652504,0.0503697248029036,-3.07928586585335,0.00333789968256581,***,1676.22168457899,676,0.558144704034124,ESP,full
average_ba_ha_nature,L1_average_ba_ha_nature,-0.0409024841916052,0.0622102330266279,-0.657488040176568,0.51382377747954,"",392.363155505789,676,0.61290115377565,ESP,full
total_counts_nature,L1_total_counts_nature,0.229365231819114,0.0576725862738015,3.97702351564744,0.000220810688094272,***,3.4792899408284,676,0.767681345317659,ESP,full
average_counts_nature,L1_average_counts_nature,0.229365231819114,0.0576725862738015,3.97702351564744,0.000220810688094272,***,3.4792899408284,676,0.767681345317659,ESP,full
total_burned_days_allfire,L1_total_burned_days_allfire,0.254448038077706,0.13921742303317,1.82770254278504,0.0734470765650125,*,13.6834319526627,676,0.713394457399212,ESP,full
average_burned_days_allfire,L1_average_burned_days_allfire,-0.154714082807939,0.0544360096824656,-2.84212754958367,0.00642822525428012,***,1.74672297809419,676,0.491336362572962,ESP,full
total_burned_areas_ha,L1_total_burned_areas_ha,-0.107458456175882,0.0642022957055189,-1.67374787762682,0.100303494366104,"",2206.10975576762,676,0.553421293381514,ESP,full
average_burned_areas_ha,L1_average_burned_areas_ha,-0.0779242557101515,0.0456389554444034,-1.70740664310509,0.093828275910431,*,428.031647962425,676,0.544641339395988,ESP,full
total_counts_total,L1_total_counts_total,0.266474912768298,0.0563617560408756,4.72793843710336,1.82733082091794e-05,***,5.62278106508876,676,0.701372113710495,ESP,full
average_counts_total,L1_average_counts_total,0.266474912768298,0.0563617560408756,4.72793843710336,1.82733082091794e-05,***,5.62278106508876,676,0.701372113710495,ESP,full
total_burned_days_allfire,L1_total_burned_days_human,0.440407322075439,0.119572959324178,3.68316820596065,0.000557215915143108,***,13.6834319526627,676,0.716250638759242,ESP,full
total_burned_days_allfire,L1_total_burned_days_nature,0.157035461826491,0.116513854967288,1.34778359080627,0.183684733125352,"",13.6834319526627,676,0.697780519279968,ESP,full
average_burned_days_allfire,L1_average_burned_days_human,-0.130545337711781,0.0521070002521514,-2.50533204905402,0.01546868817359,**,1.74672297809419,676,0.484951247650208,ESP,full
average_burned_days_allfire,L1_average_burned_days_nature,-0.0944520962672334,0.0628976537713642,-1.50167916613505,0.139346625327907,"",1.74672297809419,676,0.482593157864008,ESP,full
total_burned_areas_ha,L1_total_ba_ha_human,0.194943848754232,0.130157263030222,1.49775620826451,0.140360815825695,"",2206.10975576762,676,0.550368935439446,ESP,full
total_burned_areas_ha,L1_total_ba_ha_nature,-0.158463786428747,0.0458263962327557,-3.45791507636554,0.00110719193489561,***,2206.10975576762,676,0.5575137293059,ESP,full
average_burned_areas_ha,L1_average_ba_ha_human,-0.0528700141590797,0.0914092770470842,-0.578387838379323,0.56554780176311,"",428.031647962425,676,0.542115327954093,ESP,full
average_burned_areas_ha,L1_average_ba_ha_nature,-0.0597231297866488,0.0535787108306328,-1.11468023139711,0.270212874559038,"",428.031647962425,676,0.543336026857472,ESP,full
total_counts_total,L1_total_counts_human,0.30830786514401,0.0682743213191896,4.51572215127029,3.75465593164266e-05,***,5.62278106508876,676,0.693396238899962,ESP,full
total_counts_total,L1_total_counts_nature,0.274545655004715,0.0512526915041758,5.35670707132223,2.0461648367635e-06,***,5.62278106508876,676,0.688999013839541,ESP,full
average_counts_total,L1_average_counts_human,0.30830786514401,0.0682743213191896,4.51572215127029,3.75465593164266e-05,***,5.62278106508876,676,0.693396238899962,ESP,full
average_counts_total,L1_average_counts_nature,0.274545655004715,0.0512526915041758,5.35670707132223,2.0461648367635e-06,***,5.62278106508876,676,0.688999013839541,ESP,full
total_burned_days_human,L1_total_burned_days_human,-0.153448709430958,0.0104429366530317,-14.6940189842491,1.35162378093106e-34,***,0.00517419799931011,2899,0.214778563380443,EST,full
average_burned_days_human,L1_average_burned_days_human,-0.158281150824907,0.0258275264044921,-6.12838985607921,4.00466671327267e-09,***,0.00379441186616074,2899,0.220971308126372,EST,full
total_ba_ha_human,L1_total_ba_ha_human,-0.168182629311739,0.000518530104042527,-324.344966667444,4.25300724115325e-299,***,1.25078548287967,2899,0.21080371327204,EST,full
average_ba_ha_human,L1_average_ba_ha_human,-0.180325961575956,0.000807893641188782,-223.205075993189,3.53001862496396e-263,***,0.867359429116433,2899,0.22267372296209,EST,full
total_counts_human,L1_total_counts_human,-0.13315073657641,0.021493383379654,-6.19496401401619,2.7966909663034e-09,***,0.0017247326664367,2899,0.196770576026751,EST,full
average_counts_human,L1_average_counts_human,-0.13315073657641,0.021493383379654,-6.19496401401619,2.7966909663034e-09,***,0.0017247326664367,2899,0.196770576026751,EST,full
total_burned_days_nature,L1_total_burned_days_nature,-0.118911070417919,0.0269842312842372,-4.40668734140968,1.63392809986909e-05,***,0.0396688513280442,2899,0.219361597029773,EST,full
average_burned_days_nature,L1_average_burned_days_nature,-0.0519379013411051,0.0342448053147,-1.51666510770935,0.130773900245926,"",0.027538231574106,2899,0.21752457058835,EST,full
total_ba_ha_nature,L1_total_ba_ha_nature,-0.0945217872615842,0.0195598020511439,-4.83245111655188,2.51544366520785e-06,***,2.56823834738354,2899,0.245033852745708,EST,full
average_ba_ha_nature,L1_average_ba_ha_nature,-0.080793424983812,0.00831358287279352,-9.71824377287574,7.91733135205218e-19,***,2.09676245556025,2899,0.23491720150276,EST,full
total_counts_nature,L1_total_counts_nature,-0.0856865691519892,0.0683593987222589,-1.25347166232591,0.211352582409303,"",0.0327699206622973,2899,0.312001012521515,EST,full
average_counts_nature,L1_average_counts_nature,-0.0856865691519892,0.0683593987222589,-1.25347166232591,0.211352582409303,"",0.0327699206622973,2899,0.312001012521515,EST,full
total_burned_days_allfire,L1_total_burned_days_allfire,-0.122790322727804,0.0231090697779294,-5.31351213648055,2.61104252483515e-07,***,0.0448430493273543,2899,0.215045487582087,EST,full
average_burned_days_allfire,L1_average_burned_days_allfire,-0.06808119541145,0.0321691417690922,-2.11635100184307,0.0354285965191572,**,0.0313326434402668,2899,0.2141283538599,EST,full
total_burned_areas_ha,L1_total_burned_areas_ha,-0.14740255488434,0.0160948557826734,-9.15836444107956,3.58044363758488e-17,***,3.81902383026321,2899,0.216299324869665,EST,full
average_burned_areas_ha,L1_average_burned_areas_ha,-0.137148446369366,0.0262983367107841,-5.21509964214299,4.20299237236983e-07,***,2.96412188467669,2899,0.223275544105552,EST,full
total_counts_total,L1_total_counts_total,-0.0861325058771681,0.0629581618046078,-1.36809118005196,0.172666654562503,"",0.0344946533287341,2899,0.305330563030216,EST,full
average_counts_total,L1_average_counts_total,-0.0861325058771681,0.0629581618046078,-1.36809118005196,0.172666654562503,"",0.0344946533287341,2899,0.305330563030216,EST,full
total_burned_days_allfire,L1_total_burned_days_human,-0.141189290666555,0.018460996999753,-7.64797755334901,6.13334495383376e-13,***,0.0448430493273543,2899,0.206470666479487,EST,full
total_burned_days_allfire,L1_total_burned_days_nature,-0.120623807791167,0.0284267918154768,-4.24331414442252,3.23575265580379e-05,***,0.0448430493273543,2899,0.213366466329676,EST,full
average_burned_days_allfire,L1_average_burned_days_human,-0.149456012420154,0.0286966759386542,-5.20812977571517,4.346058674989e-07,***,0.0313326434402668,2899,0.213321536185903,EST,full
average_burned_days_allfire,L1_average_burned_days_nature,-0.0538337601388031,0.0348180354610121,-1.54614582431235,0.123493671230291,"",0.0313326434402668,2899,0.212742341858271,EST,full
total_burned_areas_ha,L1_total_ba_ha_human,-0.165705991203705,0.00213548547752106,-77.5964027608664,7.78085858191664e-163,***,3.81902383026321,2899,0.215235792394652,EST,full
total_burned_areas_ha,L1_total_ba_ha_nature,-0.0955157232361603,0.0212461647019824,-4.49566896312576,1.11699933345168e-05,***,3.81902383026321,2899,0.201169016364076,EST,full
average_burned_areas_ha,L1_average_ba_ha_human,-0.177330286849366,0.00234008466630637,-75.7794320020338,1.23798995588369e-160,***,2.96412188467669,2899,0.222956765769902,EST,full
average_burned_areas_ha,L1_average_ba_ha_nature,-0.0807576128479414,0.0086573778323725,-9.32818393878626,1.13788768274079e-17,***,2.96412188467669,2899,0.210879540915405,EST,full
total_counts_total,L1_total_counts_human,-0.0993009298620886,0.0401872390003217,-2.47095675971404,0.0142278094075213,**,0.0344946533287341,2899,0.301332241277322,EST,full
total_counts_total,L1_total_counts_nature,-0.0851133638618721,0.0684339117956167,-1.2437307999588,0.214910364001418,"",0.0344946533287341,2899,0.304962973424056,EST,full
average_counts_total,L1_average_counts_human,-0.0993009298620886,0.0401872390003217,-2.47095675971404,0.0142278094075213,**,0.0344946533287341,2899,0.301332241277322,EST,full
average_counts_total,L1_average_counts_nature,-0.0851133638618721,0.0684339117956167,-1.2437307999588,0.214910364001418,"",0.0344946533287341,2899,0.304962973424056,EST,full
total_burned_days_allfire,L1_total_burned_days_allfire,-0.154472787199993,0.00929677542506067,-16.6157382680872,1.48345489701161e-19,***,0.0262664165103189,533,0.301856345860997,EST,human_subsample
average_burned_days_allfire,L1_average_burned_days_allfire,-0.170284866952481,0.0161556056301587,-10.5402960960249,4.14339805264721e-13,***,0.0187617260787993,533,0.31913802454896,EST,human_subsample
total_burned_areas_ha,L1_total_burned_areas_ha,-0.169119389391575,0.0059000266492962,-28.6641738155114,2.77172904952085e-28,***,6.88399049318431,533,0.305389356093347,EST,human_subsample
average_burned_areas_ha,L1_average_burned_areas_ha,-0.182244743711964,0.00637151257738557,-28.6030579863886,3.00708303634874e-28,***,4.7985268349111,533,0.314587575154417,EST,human_subsample
total_counts_total,L1_total_counts_total,-0.124046961430307,0.032418726913955,-3.82639829625479,0.000446807868610705,***,0.0112570356472796,533,0.322350060559809,EST,human_subsample
average_counts_total,L1_average_counts_total,-0.124046961430307,0.032418726913955,-3.82639829625479,0.000446807868610705,***,0.0112570356472796,533,0.322350060559809,EST,human_subsample
total_burned_days_human,L1_total_burned_days_human,-0.242095210135358,0.0123078778987273,-19.6699392151423,5.72430675082325e-32,***,0.182083739045764,1027,0.620918850800266,ETH,full
average_burned_days_human,L1_average_burned_days_human,-0.15363673988898,0.0534483169110737,-2.87449163543537,0.00521323610439611,***,0.0495471476484135,1027,0.499565192158449,ETH,full
total_ba_ha_human,L1_total_ba_ha_human,-0.154098491497007,0.0961271093361214,-1.60307006588725,0.112961261669286,"",11.905900535121,1027,0.606816322790012,ETH,full
average_ba_ha_human,L1_average_ba_ha_human,-0.272100487445866,0.128861478911744,-2.11157352642386,0.0379249369967616,**,3.49291519592844,1027,0.571262770491313,ETH,full
total_counts_human,L1_total_counts_human,0.0500785384919203,0.135324892672852,0.37006154228391,0.712339573754252,"",0.158714703018501,1027,0.674787699832914,ETH,full
average_counts_human,L1_average_counts_human,0.0500785384919203,0.135324892672852,0.37006154228391,0.712339573754252,"",0.158714703018501,1027,0.674787699832914,ETH,full
total_burned_days_nature,L1_total_burned_days_nature,-0.14666506140321,0.11120805122411,-1.31883492057285,0.191083323978646,"",398.728334956183,1027,0.963143099834203,ETH,full
average_burned_days_nature,L1_average_burned_days_nature,-0.014324794667441,0.0439559370536975,-0.325889871257699,0.745380374263761,"",1.7539413793299,1027,0.656248505002999,ETH,full
total_ba_ha_nature,L1_total_ba_ha_nature,-0.0672602597037608,0.0519128247398367,-1.2956386026158,0.198921206860829,"",79475.8020082377,1027,0.962630599954935,ETH,full
average_ba_ha_nature,L1_average_ba_ha_nature,-0.0423455804666744,0.0313695620298269,-1.34989390117756,0.180954518806553,"",266.386320037005,1027,0.744546655935941,ETH,full
total_counts_nature,L1_total_counts_nature,-0.110298158687001,0.132937187274774,-0.829701311936297,0.409239804623118,"",142.744888023369,1027,0.956308071583012,ETH,full
average_counts_nature,L1_average_counts_nature,-0.110298158687001,0.132937187274774,-0.829701311936297,0.409239804623118,"",142.744888023369,1027,0.956308071583012,ETH,full
total_burned_days_allfire,L1_total_burned_days_allfire,-0.131349157229528,0.105177215334806,-1.24883661172632,0.215459967488417,"",405.730282375852,1027,0.962898864862491,ETH,full
average_burned_days_allfire,L1_average_burned_days_allfire,-0.0116685139788657,0.0446693691737592,-0.261219582785608,0.794611667049481,"",1.76020866089492,1027,0.664574201739845,ETH,full
total_burned_areas_ha,L1_total_burned_areas_ha,0.0305109826689042,0.130703911390827,0.233435880718758,0.816034498216005,"",141369.063356448,1027,0.84074975916306,ETH,full
average_burned_areas_ha,L1_average_burned_areas_ha,-0.320406247451629,0.0440653824139427,-7.27115549439212,2.39112764516618e-10,***,365.617634864656,1027,0.774145633457062,ETH,full
total_counts_total,L1_total_counts_total,-0.110000931917247,0.132585898683735,-0.829657852073988,0.409264233695778,"",143.051606621227,1027,0.956364878688381,ETH,full
average_counts_total,L1_average_counts_total,-0.110000931917247,0.132585898683735,-0.829657852073988,0.409264233695778,"",143.051606621227,1027,0.956364878688381,ETH,full
total_burned_days_allfire,L1_total_burned_days_human,-3.48179808734886,6.17964315156659,-0.563430282615299,0.574758148009054,"",405.730282375852,1027,0.962316875873062,ETH,full
total_burned_days_allfire,L1_total_burned_days_nature,-0.149674836560283,0.112466252807992,-1.33084221109256,0.187118245926449,"",405.730282375852,1027,0.963047995595007,ETH,full
average_burned_days_allfire,L1_average_burned_days_human,0.0182485793225404,0.0582490843773066,0.313285256199666,0.75490015342581,"",1.76020866089492,1027,0.664539626686339,ETH,full
average_burned_days_allfire,L1_average_burned_days_nature,-0.0108158554436478,0.0441249492882667,-0.245118818675308,0.807008180720303,"",1.76020866089492,1027,0.664568327980715,ETH,full
total_burned_areas_ha,L1_total_ba_ha_human,22.3772208065104,41.7049428741359,0.536560399424215,0.593098407123992,"",141369.063356448,1027,0.840615265286566,ETH,full
total_burned_areas_ha,L1_total_ba_ha_nature,-0.00848744327602577,0.366521297148172,-0.02315675335121,0.981584373850131,"",141369.063356448,1027,0.840609269534564,ETH,full
average_burned_areas_ha,L1_average_ba_ha_human,4.53541562259645,4.13125048613486,1.09783118642117,0.27565567855914,"",365.617634864656,1027,0.75244754779963,ETH,full
average_burned_areas_ha,L1_average_ba_ha_nature,0.12699716483446,0.170481341511396,0.74493292760704,0.458550974582252,"",365.617634864656,1027,0.749621627955311,ETH,full
total_counts_total,L1_total_counts_human,1.25787245574427,1.86328798550939,0.675082148077281,0.501619879114142,"",143.051606621227,1027,0.955887733293572,ETH,full
total_counts_total,L1_total_counts_nature,-0.110438828173621,0.132876943666809,-0.831136125846992,0.408433782983868,"",143.051606621227,1027,0.956368037205451,ETH,full
average_counts_total,L1_average_counts_human,1.25787245574427,1.86328798550939,0.675082148077281,0.501619879114142,"",143.051606621227,1027,0.955887733293572,ETH,full
average_counts_total,L1_average_counts_nature,-0.110438828173621,0.132876943666809,-0.831136125846992,0.408433782983868,"",143.051606621227,1027,0.956368037205451,ETH,full
total_burned_days_human,L1_total_burned_days_human,-0.174766475482689,0.0357272594108645,-4.89168434311935,8.82004465307335e-05,***,0.421245421245421,273,0.349154326046177,FIN,full
average_burned_days_human,L1_average_burned_days_human,-0.0834499616950329,0.0486732744831107,-1.7144924515812,0.101894137718232,"",0.1093617920541,273,0.436113479371385,FIN,full
total_ba_ha_human,L1_total_ba_ha_human,-0.174753876660061,0.0415449120656886,-4.2063845600094,0.000434188453078762,***,39.5447227348421,273,0.364918083111716,FIN,full
average_ba_ha_human,L1_average_ba_ha_human,-0.136425467771163,0.0384671955231706,-3.54654052409377,0.00202458370487246,***,11.7899355151168,273,0.466650054497239,FIN,full
total_counts_human,L1_total_counts_human,-0.235830565369466,0.074855031236623,-3.15049718734317,0.00503314202500975,***,0.274725274725275,273,0.399268226376033,FIN,full
average_counts_human,L1_average_counts_human,-0.235830565369466,0.074855031236623,-3.15049718734317,0.00503314202500975,***,0.274725274725275,273,0.399268226376033,FIN,full
total_burned_days_nature,L1_total_burned_days_nature,-0.15236376645812,0.0378673635224168,-4.02361696947619,0.000665725822915526,***,0.285714285714286,273,0.419250867724262,FIN,full
average_burned_days_nature,L1_average_burned_days_nature,-0.114138938736342,0.0523789894995524,-2.17909776089355,0.0414539600318764,**,0.0892551892551893,273,0.342047953035294,FIN,full
total_ba_ha_nature,L1_total_ba_ha_nature,-0.134712258710175,0.0232974652044898,-5.78227105514526,1.17145338656557e-05,***,29.9937376973825,273,0.907721312047106,FIN,full
average_ba_ha_nature,L1_average_ba_ha_nature,-0.0791964004494225,0.038018534350285,-2.08309977759121,0.050286350716012,*,9.3428144249161,273,0.886242492473841,FIN,full
total_counts_nature,L1_total_counts_nature,-0.0888952723604434,0.0478962739292504,-1.85599557267762,0.0782504026817054,*,0.267399267399268,273,0.490431393278511,FIN,full
average_counts_nature,L1_average_counts_nature,-0.0888952723604434,0.0478962739292504,-1.85599557267762,0.0782504026817054,*,0.267399267399268,273,0.490431393278511,FIN,full
total_burned_days_allfire,L1_total_burned_days_allfire,-0.224242949417833,0.0638788183673002,-3.51044297858559,0.00220124263154587,***,0.706959706959707,273,0.3837631326994,FIN,full
average_burned_days_allfire,L1_average_burned_days_allfire,-0.106277644556443,0.0380891450416156,-2.7902344471194,0.0112983310723327,**,0.158594305572328,273,0.418746425406545,FIN,full
total_burned_areas_ha,L1_total_burned_areas_ha,-0.221271398660164,0.0720447102999815,-3.07130666136111,0.00602398401495992,***,69.5384604322246,273,0.60696921988938,FIN,full
average_burned_areas_ha,L1_average_burned_areas_ha,-0.147065975357297,0.03294729901364,-4.46367319203958,0.000238098287642694,***,17.6040009274803,273,0.654717522758419,FIN,full
total_counts_total,L1_total_counts_total,-0.222935932807214,0.0658450325517872,-3.38576691615839,0.00293613373974484,***,0.542124542124542,273,0.437872641000057,FIN,full
average_counts_total,L1_average_counts_total,-0.222935932807214,0.0658450325517872,-3.38576691615839,0.00293613373974484,***,0.542124542124542,273,0.437872641000057,FIN,full
total_burned_days_allfire,L1_total_burned_days_human,-0.230546942943105,0.039907722691155,-5.77700072558144,1.18524540827233e-05,***,0.706959706959707,273,0.373438974503917,FIN,full
total_burned_days_allfire,L1_total_burned_days_nature,-0.477497791973875,0.127147327180976,-3.75546857775645,0.00124538551613412,***,0.706959706959707,273,0.373634952494942,FIN,full
average_burned_days_allfire,L1_average_burned_days_human,-0.100057128898952,0.0434289166523767,-2.30392873255051,0.0320850084146031,**,0.158594305572328,273,0.416948264470296,FIN,full
average_burned_days_allfire,L1_average_burned_days_nature,-0.136807303509938,0.0543123661787335,-2.51889787050939,0.0203927474893777,**,0.158594305572328,273,0.417314863320535,FIN,full
total_burned_areas_ha,L1_total_ba_ha_human,-0.199447221646994,0.0523429229030616,-3.81039518974452,0.00109562245627551,***,69.5384604322246,273,0.601177859152587,FIN,full
total_burned_areas_ha,L1_total_ba_ha_nature,-0.487145531338635,0.144044135690907,-3.38191852797092,0.00296228756302387,***,69.5384604322246,273,0.595379057326505,FIN,full
average_burned_areas_ha,L1_average_ba_ha_human,-0.142046998200682,0.0339336543436586,-4.18602125082434,0.000455360408256875,***,17.6040009274803,273,0.654636697885728,FIN,full
average_burned_areas_ha,L1_average_ba_ha_nature,-0.217224527250568,0.119048385948895,-1.82467427440652,0.0830257582830427,*,17.6040009274803,273,0.649205123815376,FIN,full
total_counts_total,L1_total_counts_human,-0.276495491505399,0.0806066103013213,-3.43018383320936,0.00265019255607111,***,0.542124542124542,273,0.43474234938732,FIN,full
total_counts_total,L1_total_counts_nature,-0.313845855686152,0.16167867731589,-1.94117035651496,0.0664617331584245,*,0.542124542124542,273,0.419842669836198,FIN,full
average_counts_total,L1_average_counts_human,-0.276495491505399,0.0806066103013213,-3.43018383320936,0.00265019255607111,***,0.542124542124542,273,0.43474234938732,FIN,full
average_counts_total,L1_average_counts_nature,-0.313845855686152,0.16167867731589,-1.94117035651496,0.0664617331584245,*,0.542124542124542,273,0.419842669836198,FIN,full
total_burned_days_human,L1_total_burned_days_human,0.000191517218473462,0.0548747376215534,0.00349007989421783,0.997264568889369,"",0.466666666666667,195,0.674612069904944,FJI,full
average_burned_days_human,L1_average_burned_days_human,-0.151642434416993,0.048408953064472,-3.13252869185236,0.007342215441736,***,0.0505898229737241,195,0.638148343370314,FJI,full
total_ba_ha_human,L1_total_ba_ha_human,0.197112234296113,0.0416811077006225,4.72905460459173,0.000322963662977847,***,20.957911981103,195,0.603973211811142,FJI,full
average_ba_ha_human,L1_average_ba_ha_human,-0.138584180945222,0.047911862660046,-2.89248159539388,0.0118162867730361,**,1.97130957902786,195,0.623247027033318,FJI,full
total_counts_human,L1_total_counts_human,0.263148247299948,0.0373976546845553,7.03649064412119,5.89788678639044e-06,***,0.256410256410257,195,0.612110665621046,FJI,full
average_counts_human,L1_average_counts_human,0.263148247299948,0.0373976546845553,7.03649064412119,5.89788678639044e-06,***,0.256410256410257,195,0.612110665621046,FJI,full
total_burned_days_nature,L1_total_burned_days_nature,-0.0764978933061582,0.129852305701406,-0.589114632142646,0.565169949540019,"",2.73333333333333,195,0.727734440796628,FJI,full
average_burned_days_nature,L1_average_burned_days_nature,-0.00536566515250594,0.0851136896999062,-0.0630411532084228,0.950624965507745,"",0.391006529702182,195,0.703040480401801,FJI,full
total_ba_ha_nature,L1_total_ba_ha_nature,-0.0888688693440902,0.154305043899795,-0.575929775839351,0.573804865827782,"",138.906260852978,195,0.689984799879871,FJI,full
average_ba_ha_nature,L1_average_ba_ha_nature,-0.0342774140192542,0.0868942501188114,-0.394472752482315,0.699175848713662,"",18.4536299963771,195,0.690704003181941,FJI,full
total_counts_nature,L1_total_counts_nature,-0.187898287696292,0.128218740539009,-1.46545104800126,0.164894261204598,"",1.32820512820513,195,0.694016011460657,FJI,full
average_counts_nature,L1_average_counts_nature,-0.187898287696292,0.128218740539009,-1.46545104800126,0.164894261204598,"",1.32820512820513,195,0.694016011460657,FJI,full
total_burned_days_allfire,L1_total_burned_days_allfire,-0.0420883803676339,0.142083326847962,-0.296223218454556,0.771408324845312,"",3.2,195,0.753953790390472,FJI,full
average_burned_days_allfire,L1_average_burned_days_allfire,-0.0135035473785648,0.0764084646394645,-0.176728421939659,0.862252866676126,"",0.387917570390384,195,0.71184529519448,FJI,full
total_burned_areas_ha,L1_total_burned_areas_ha,-0.0386846213418138,0.168453751704826,-0.22964535340002,0.821688615079913,"",159.864172834082,195,0.710023797991676,FJI,full
average_burned_areas_ha,L1_average_burned_areas_ha,-0.0480325791992855,0.0828512344823277,-0.579744882492136,0.571299181950039,"",18.2902922904185,195,0.695909857260535,FJI,full
total_counts_total,L1_total_counts_total,-0.143721730102849,0.178658409760008,-0.804449845355226,0.434585915726746,"",1.58461538461539,195,0.719107159087691,FJI,full
average_counts_total,L1_average_counts_total,-0.143721730102849,0.178658409760008,-0.804449845355226,0.434585915726746,"",1.58461538461539,195,0.719107159087691,FJI,full
total_burned_days_allfire,L1_total_burned_days_human,0.668483139911924,0.312984690886926,2.13583334704838,0.0508397212784385,*,3.2,195,0.762841412364488,FJI,full
total_burned_days_allfire,L1_total_burned_days_nature,-0.107445926783674,0.143328561155112,-0.749647703972937,0.4658782110906,"",3.2,195,0.756382873056012,FJI,full
average_burned_days_allfire,L1_average_burned_days_human,0.0862829657693818,0.183599518978926,0.46995202519722,0.64562582637111,"",0.387917570390384,195,0.712249547805292,FJI,full
average_burned_days_allfire,L1_average_burned_days_nature,-0.00526669168222614,0.0848418053488149,-0.062076610234458,0.951379366960878,"",0.387917570390384,195,0.711802185032912,FJI,full
total_burned_areas_ha,L1_total_ba_ha_human,0.991111780512222,0.131390715676547,7.54324059663471,2.69636002168067e-06,***,159.864172834081,195,0.731932152082225,FJI,full
total_burned_areas_ha,L1_total_ba_ha_nature,-0.134367491024473,0.205225684087256,-0.65473038436721,0.523253268206678,"",159.864172834082,195,0.714373683391982,FJI,full
average_burned_areas_ha,L1_average_ba_ha_human,0.344959151329681,0.16125991796136,2.1391499864978,0.0505271426931023,*,18.2902922904185,195,0.699523802934784,FJI,full
average_burned_areas_ha,L1_average_ba_ha_nature,-0.0406241539261954,0.0879250246486759,-0.462031760451798,0.651156737781172,"",18.2902922904185,195,0.695735265640042,FJI,full
total_counts_total,L1_total_counts_human,0.534731877850402,0.215218774773057,2.48459679418891,0.0262354034861804,**,1.58461538461539,195,0.720614573997621,FJI,full
total_counts_total,L1_total_counts_nature,-0.261437833139719,0.20437556654226,-1.27920297696477,0.221621548034645,"",1.58461538461539,195,0.728286674338332,FJI,full
average_counts_total,L1_average_counts_human,0.534731877850402,0.215218774773057,2.48459679418891,0.0262354034861804,**,1.58461538461539,195,0.720614573997621,FJI,full
average_counts_total,L1_average_counts_nature,-0.261437833139719,0.20437556654226,-1.27920297696477,0.221621548034645,"",1.58461538461539,195,0.728286674338332,FJI,full
total_burned_days_human,L1_total_burned_days_human,-0.150466445376792,0.0301119201406011,-4.9969063637995,2.64973252052377e-06,***,1.45913461538462,1248,0.375241735275081,FRA,full
average_burned_days_human,L1_average_burned_days_human,-0.115999140315387,0.0291851037637368,-3.97460092156735,0.000137373120324478,***,0.337169997429916,1248,0.289626366751104,FRA,full
total_ba_ha_human,L1_total_ba_ha_human,-0.086022464717825,0.0200165604978458,-4.2975647453059,4.17573846482716e-05,***,116.076916044842,1248,0.325135047700213,FRA,full
average_ba_ha_human,L1_average_ba_ha_human,-0.120876892035964,0.0344785282532994,-3.50585997023806,0.000696546374338728,***,30.2587139758856,1248,0.294997674615396,FRA,full
total_counts_human,L1_total_counts_human,-0.179816650208174,0.0251909243622411,-7.13815212266298,1.88014203716543e-10,***,0.919070512820513,1248,0.41876817896009,FRA,full
average_counts_human,L1_average_counts_human,-0.179816650208174,0.0251909243622411,-7.13815212266298,1.88014203716543e-10,***,0.919070512820513,1248,0.41876817896009,FRA,full
total_burned_days_nature,L1_total_burned_days_nature,-0.541317274304498,0.0339331091738047,-15.9524808508375,1.28344413204247e-28,***,2.40785256410256,1248,0.648229495242844,FRA,full
average_burned_days_nature,L1_average_burned_days_nature,-0.0997547669411603,0.048117565658737,-2.07314658535821,0.040865904889797,**,0.208664287592934,1248,0.466310007219224,FRA,full
total_ba_ha_nature,L1_total_ba_ha_nature,-0.413665262946537,0.0799278410592575,-5.17548400487698,1.26525924388583e-06,***,187.334120325446,1248,0.530338165766289,FRA,full
average_ba_ha_nature,L1_average_ba_ha_nature,0.0316929344346269,0.0554630514616139,0.571424283363884,0.569061541408012,"",19.8195972892299,1248,0.382915267955797,FRA,full
total_counts_nature,L1_total_counts_nature,-0.648076572924731,0.02880062925883,-22.5021671262977,7.61809518350842e-40,***,1.3661858974359,1248,0.76543114456406,FRA,full
average_counts_nature,L1_average_counts_nature,-0.648076572924731,0.02880062925883,-22.5021671262977,7.61809518350842e-40,***,1.3661858974359,1248,0.76543114456406,FRA,full
total_burned_days_allfire,L1_total_burned_days_allfire,-0.498217357518698,0.0736624065757208,-6.76352267973431,1.0924302465779e-09,***,3.86698717948718,1248,0.62223368539009,FRA,full
average_burned_days_allfire,L1_average_burned_days_allfire,-0.101058200077592,0.0284983134250896,-3.54611160913899,0.000609036462484219,***,0.464345615070674,1248,0.376374098522176,FRA,full
total_burned_areas_ha,L1_total_burned_areas_ha,-0.332130080651904,0.124398723658632,-2.66988334674009,0.00892562481073056,***,303.411036370288,1248,0.472288590995738,FRA,full
average_burned_areas_ha,L1_average_burned_areas_ha,-0.0548444925824804,0.0723284934248503,-0.758269528169615,0.450166682064582,"",41.5081308367064,1248,0.394757902501009,FRA,full
total_counts_total,L1_total_counts_total,-0.566300736588773,0.090075579088974,-6.28695082858582,9.80246891726124e-09,***,2.28525641025641,1248,0.713371560907533,FRA,full
average_counts_total,L1_average_counts_total,-0.566300736588773,0.090075579088974,-6.28695082858582,9.80246891726124e-09,***,2.28525641025641,1248,0.713371560907533,FRA,full
total_burned_days_allfire,L1_total_burned_days_human,-0.271364980366259,0.145326749275518,-1.86727482530962,0.0649466107209469,*,3.86698717948718,1248,0.49527474034613,FRA,full
total_burned_days_allfire,L1_total_burned_days_nature,-0.560876171623756,0.0322145201140027,-17.4106635653393,2.57256741235063e-31,***,3.86698717948718,1248,0.629805690474176,FRA,full
average_burned_days_allfire,L1_average_burned_days_human,-0.107847352764333,0.0275897363227195,-3.90896641790388,0.000173767504995943,***,0.464345615070674,1248,0.37711073120527,FRA,full
average_burned_days_allfire,L1_average_burned_days_nature,-0.0641872040661824,0.0451866566696352,-1.42049022425939,0.158738798355568,"",0.464345615070674,1248,0.371342538641157,FRA,full
total_burned_areas_ha,L1_total_ba_ha_human,-0.172844812040548,0.0528102556653303,-3.27294026251078,0.00148489605182996,***,303.411036370288,1248,0.407795927067477,FRA,full
total_burned_areas_ha,L1_total_ba_ha_nature,-0.429260610613859,0.0741149796595087,-5.79181985323242,8.98438431075312e-08,***,303.411036370289,1248,0.486115948175481,FRA,full
average_burned_areas_ha,L1_average_ba_ha_human,-0.104767598513922,0.0456912830480017,-2.29294498917565,0.0240569166668858,**,41.5081308367064,1248,0.399427307958845,FRA,full
average_burned_areas_ha,L1_average_ba_ha_nature,0.0123876488422067,0.0446906602936563,0.277186525345769,0.782239139471949,"",41.5081308367064,1248,0.392988804654488,FRA,full
total_counts_total,L1_total_counts_human,-0.266973723003395,0.0989137856343883,-2.69905475046928,0.00823119244710761,***,2.28525641025641,1248,0.5736198217919,FRA,full
total_counts_total,L1_total_counts_nature,-0.669620643460154,0.0282345335619524,-23.7163699549301,1.09132485062719e-41,***,2.28525641025641,1248,0.725882737050305,FRA,full
average_counts_total,L1_average_counts_human,-0.266973723003395,0.0989137856343883,-2.69905475046928,0.00823119244710761,***,2.28525641025641,1248,0.5736198217919,FRA,full
average_counts_total,L1_average_counts_nature,-0.669620643460154,0.0282345335619524,-23.7163699549301,1.09132485062719e-41,***,2.28525641025641,1248,0.725882737050305,FRA,full
total_ba_ha_human,L1_total_ba_ha_human,0.0335836530216908,0.128849926602453,0.26064161546097,0.795854060564543,"",0.533142766843279,481,0.292556797781494,GAB,full
average_ba_ha_human,L1_average_ba_ha_human,0.154138648422452,0.18714505000384,0.823631981819927,0.415571964120613,"",0.142171412086666,481,0.375593968377716,GAB,full
total_counts_human,L1_total_counts_human,0.0393676901224514,0.146800962459078,0.268170517842657,0.790098763294191,"",0.0228690228690229,481,0.304259072023566,GAB,full
average_counts_human,L1_average_counts_human,0.0393676901224514,0.146800962459078,0.268170517842657,0.790098763294191,"",0.0228690228690229,481,0.304259072023566,GAB,full
total_burned_days_nature,L1_total_burned_days_nature,-0.207984010984116,0.107537041927196,-1.93406855216386,0.0609955951496995,*,89.0561330561331,481,0.950484403983124,GAB,full
average_burned_days_nature,L1_average_burned_days_nature,-0.00630057685587577,0.0321346671166699,-0.196067904889151,0.845659610438321,"",0.765598284204198,481,0.61444898548148,GAB,full
total_ba_ha_nature,L1_total_ba_ha_nature,-0.0028607375294526,0.149047602102124,-0.0191934488653664,0.984792769443793,"",15719.1431859607,481,0.913098790898926,GAB,full
average_ba_ha_nature,L1_average_ba_ha_nature,-0.0903670641977502,0.0608999586935312,-1.48386084549757,0.14654921035526,"",72.2111988628905,481,0.803415189423779,GAB,full
total_counts_nature,L1_total_counts_nature,-0.287646627957155,0.0666658318917103,-4.31475344707913,0.000119150496988111,***,44.4802494802495,481,0.906349483189475,GAB,full
average_counts_nature,L1_average_counts_nature,-0.287646627957155,0.0666658318917103,-4.31475344707913,0.000119150496988111,***,44.4802494802495,481,0.906349483189475,GAB,full
total_burned_days_allfire,L1_total_burned_days_allfire,-0.210219589278342,0.110449107910483,-1.90331631694771,0.0650189090216088,*,90.002079002079,481,0.9520679825308,GAB,full
average_burned_days_allfire,L1_average_burned_days_allfire,-0.00739757560303217,0.0317546163858255,-0.232960635176631,0.81711146141766,"",0.768551777259825,481,0.614942119742564,GAB,full
total_burned_areas_ha,L1_total_burned_areas_ha,-0.146419502581093,0.102721627194965,-1.42540092655648,0.162654696757461,"",19012.2974883843,481,0.895812560533619,GAB,full
average_burned_areas_ha,L1_average_burned_areas_ha,0.0383598345406494,0.0365290856280249,1.05011756744384,0.300662694006906,"",83.2073179764829,481,0.727475925574466,GAB,full
total_counts_total,L1_total_counts_total,-0.286070790793958,0.0680610304728908,-4.20315103674344,0.00016594126619432,***,44.5343035343035,481,0.906157002964019,GAB,full
average_counts_total,L1_average_counts_total,-0.286070790793958,0.0680610304728908,-4.20315103674344,0.00016594126619432,***,44.5343035343035,481,0.906157002964019,GAB,full
total_burned_days_allfire,L1_total_burned_days_nature,-0.208878047778124,0.108442617139684,-1.92616199504915,0.062008943961142,*,90.002079002079,481,0.952065277519445,GAB,full
average_burned_days_allfire,L1_average_burned_days_nature,-0.00725905842886291,0.0319363509654185,-0.227297678332857,0.821478192553042,"",0.768551777259825,481,0.614941165497614,GAB,full
total_burned_areas_ha,L1_total_ba_ha_human,-433.671038880026,178.179165184531,-2.43390431440677,0.0200278850985012,**,19012.2974883843,481,0.89478038265282,GAB,full
total_burned_areas_ha,L1_total_ba_ha_nature,0.207709117724226,0.162178932752003,1.2807404402016,0.208474843713876,"",19012.2974883843,481,0.896069357867808,GAB,full
average_burned_areas_ha,L1_average_ba_ha_human,-6.99508312284467,6.95966266013141,-1.00508939361618,0.321562053822286,"",83.2073179764829,481,0.730350745136652,GAB,full
average_burned_areas_ha,L1_average_ba_ha_nature,0.160264710923761,0.137408486360556,1.16633779447385,0.251146637430826,"",83.2073179764829,481,0.730124631408523,GAB,full
total_counts_total,L1_total_counts_human,-1.37314481827464,4.36050452397621,-0.314905032370547,0.754651814288642,"",44.5343035343035,481,0.894746570740998,GAB,full
total_counts_total,L1_total_counts_nature,-0.286796813985351,0.0674982362876769,-4.24895270986082,0.000144886122426362,***,44.5343035343035,481,0.906190388874884,GAB,full
average_counts_total,L1_average_counts_human,-1.37314481827464,4.36050452397621,-0.314905032370547,0.754651814288642,"",44.5343035343035,481,0.894746570740998,GAB,full
average_counts_total,L1_average_counts_nature,-0.286796813985351,0.0674982362876769,-4.24895270986082,0.000144886122426362,***,44.5343035343035,481,0.906190388874884,GAB,full
total_burned_days_human,L1_total_burned_days_human,-0.0831796397521502,0.00858739780969295,-9.68624507627467,3.71600581036038e-18,***,0.0899537620849096,2379,0.122748539948236,GBR,full
average_burned_days_human,L1_average_burned_days_human,-0.0810464139286804,0.00879596248019352,-9.21404725306392,7.65741440501494e-17,***,0.0353182943346878,2379,0.132359600366569,GBR,full
total_ba_ha_human,L1_total_ba_ha_human,-0.0813724975062219,0.00621685391428167,-13.0890155419752,5.11612892585392e-28,***,5.98851148457374,2379,0.131184744377159,GBR,full
average_ba_ha_human,L1_average_ba_ha_human,-0.0776924140913363,0.00411933207396772,-18.8604396771789,1.11172283462016e-44,***,2.95385954207448,2379,0.137231729451142,GBR,full
total_counts_human,L1_total_counts_human,-0.0887338468195065,0.00840012706841338,-10.5633933983175,1.20303894621376e-20,***,0.042875157629256,2379,0.14833611355264,GBR,full
average_counts_human,L1_average_counts_human,-0.0887338468195065,0.00840012706841338,-10.5633933983175,1.20303894621376e-20,***,0.042875157629256,2379,0.14833611355264,GBR,full
total_burned_days_nature,L1_total_burned_days_nature,-0.270067765439961,0.0460903567198745,-5.85952864460054,2.13505575634019e-08,***,0.176124422026061,2379,0.412385407166054,GBR,full
average_burned_days_nature,L1_average_burned_days_nature,-0.0192180244655099,0.0468815122105715,-0.409927571857982,0.682341181901775,"",0.04367441462427,2379,0.251921591095869,GBR,full
total_ba_ha_nature,L1_total_ba_ha_nature,-0.156879213804744,0.0219488077859201,-7.14750501871815,2.0665923648223e-11,***,18.7516477983639,2379,0.4137803321874,GBR,full
average_ba_ha_nature,L1_average_ba_ha_nature,-0.0479373403192092,0.0344863436956793,-1.390038350897,0.166214981232005,"",3.9431702243899,2379,0.403842256810571,GBR,full
total_counts_nature,L1_total_counts_nature,-0.309662488356467,0.0709348891573096,-4.3654468490074,2.12406716052964e-05,***,0.113072719630097,2379,0.457274212773112,GBR,full
average_counts_nature,L1_average_counts_nature,-0.309662488356467,0.0709348891573096,-4.3654468490074,2.12406716052964e-05,***,0.113072719630097,2379,0.457274212773112,GBR,full
total_burned_days_allfire,L1_total_burned_days_allfire,-0.232468292207906,0.0605819856868451,-3.83725111635594,0.000171459079665035,***,0.266078184110971,2379,0.352415865896943,GBR,full
average_burned_days_allfire,L1_average_burned_days_allfire,-0.0562170178442827,0.0330518604362989,-1.70087302506406,0.090674751086881,*,0.0753917561776771,2379,0.211549566189679,GBR,full
total_burned_areas_ha,L1_total_burned_areas_ha,-0.155258123729621,0.0238809928574788,-6.50132616580049,7.42779413500395e-10,***,24.7401592829376,2379,0.395000360144117,GBR,full
average_burned_areas_ha,L1_average_burned_areas_ha,-0.0700866842615076,0.0152046258958783,-4.60956321723817,7.57629924021805e-06,***,6.66831702724706,2379,0.26125981264323,GBR,full
total_counts_total,L1_total_counts_total,-0.281850292294155,0.0814166394751795,-3.46182665006801,0.000668619125564155,***,0.155947877259353,2379,0.420992090709313,GBR,full
average_counts_total,L1_average_counts_total,-0.281850292294155,0.0814166394751795,-3.46182665006801,0.000668619125564155,***,0.155947877259353,2379,0.420992090709313,GBR,full
total_burned_days_allfire,L1_total_burned_days_human,-0.090618713197008,0.0103390015142589,-8.76474513249969,1.29784133383921e-15,***,0.266078184110971,2379,0.321738632940365,GBR,full
total_burned_days_allfire,L1_total_burned_days_nature,-0.277413734677326,0.0449883185762558,-6.16635036508658,4.40157522092997e-09,***,0.266078184110971,2379,0.354516211168801,GBR,full
average_burned_days_allfire,L1_average_burned_days_human,-0.0909664356373727,0.0123257246116666,-7.3802099676372,5.44324024133026e-12,***,0.0753917561776771,2379,0.212978259491732,GBR,full
average_burned_days_allfire,L1_average_burned_days_nature,-0.00820298992777135,0.0492387409968219,-0.16659625655946,0.867872679082925,"",0.0753917561776771,2379,0.208862323549284,GBR,full
total_burned_areas_ha,L1_total_ba_ha_human,-0.0953553087927867,0.00973590305337871,-9.79419251300936,1.84861378348252e-18,***,24.7401592829376,2379,0.383595686740496,GBR,full
total_burned_areas_ha,L1_total_ba_ha_nature,-0.160347545791031,0.0216199150345321,-7.41665938718621,4.40805528162635e-12,***,24.7401592829376,2379,0.394573283603393,GBR,full
average_burned_areas_ha,L1_average_ba_ha_human,-0.080358414859984,0.00505490429177102,-15.8971189604521,2.99900190509343e-36,***,6.66831702724706,2379,0.260956264105924,GBR,full
average_burned_areas_ha,L1_average_ba_ha_nature,-0.0407762593816047,0.0363009877822833,-1.1232823642751,0.262797113115335,"",6.66831702724706,2379,0.25816463233857,GBR,full
total_counts_total,L1_total_counts_human,-0.104613885790531,0.0124073278649973,-8.4316209685778,1.02167426281243e-14,***,0.155947877259353,2379,0.379655971597806,GBR,full
total_counts_total,L1_total_counts_nature,-0.319443273913708,0.0694679672351191,-4.59842552802115,7.94810962630094e-06,***,0.155947877259353,2379,0.423462513648027,GBR,full
average_counts_total,L1_average_counts_human,-0.104613885790531,0.0124073278649973,-8.4316209685778,1.02167426281243e-14,***,0.155947877259353,2379,0.379655971597806,GBR,full
average_counts_total,L1_average_counts_nature,-0.319443273913708,0.0694679672351191,-4.59842552802115,7.94810962630094e-06,***,0.155947877259353,2379,0.423462513648027,GBR,full
total_burned_days_allfire,L1_total_burned_days_allfire,-0.278980678420869,0.0979697435374255,-2.84762078931334,0.0359238032033814,**,3.26923076923077,78,0.65441343719588,GBR,nature_subsample
total_burned_days_allfire,L1_total_burned_days_allfire,-0.0800626445027766,0.0102581366798024,-7.80479408706016,8.49290523722333e-13,***,0.110173697270471,2015,0.132988206427531,GBR,human_subsample
average_burned_days_allfire,L1_average_burned_days_allfire,0.315361401703556,0.136528352394791,2.30986015850864,0.0689192838286096,*,0.422896874367462,78,0.721267850210732,GBR,nature_subsample
average_burned_days_allfire,L1_average_burned_days_allfire,-0.0790911809161901,0.00908854264713623,-8.70229518492841,4.65907621225385e-15,***,0.0431872070581748,2015,0.142711739874031,GBR,human_subsample
total_burned_areas_ha,L1_total_burned_areas_ha,-0.109578874748293,0.0725185861714446,-1.51104538206567,0.191171786350564,"",393.623260699649,78,0.620536428590684,GBR,nature_subsample
total_burned_areas_ha,L1_total_burned_areas_ha,-0.0793538482561625,0.00764337446447212,-10.3820437720296,1.79221101865856e-19,***,7.25233323560305,2015,0.140972571194188,GBR,human_subsample
average_burned_areas_ha,L1_average_burned_areas_ha,0.171862769716835,0.200398932397954,0.857603220038859,0.430291320586109,"",53.1119862147536,78,0.666845051914083,GBR,nature_subsample
average_burned_areas_ha,L1_average_burned_areas_ha,-0.0760915967803309,0.00448588404112414,-16.9624529039905,4.58661022828463e-37,***,3.5285261080115,2015,0.144495758077906,GBR,human_subsample
total_counts_total,L1_total_counts_total,-0.321301848358488,0.0333529699838059,-9.63338043102282,0.000204424491826084,***,1.93589743589744,78,0.6728165826888,GBR,nature_subsample
total_counts_total,L1_total_counts_total,-0.0932906810285892,0.00868004253515534,-10.7477216443064,1.87156424658397e-20,***,0.0501240694789082,2015,0.166134716820892,GBR,human_subsample
average_counts_total,L1_average_counts_total,-0.321301848358488,0.0333529699838059,-9.63338043102282,0.000204424491826084,***,1.93589743589744,78,0.6728165826888,GBR,nature_subsample
average_counts_total,L1_average_counts_total,-0.0932906810285892,0.00868004253515534,-10.7477216443064,1.87156424658397e-20,***,0.0501240694789082,2015,0.166134716820892,GBR,human_subsample
total_burned_days_human,L1_total_burned_days_human,0.214204094205111,0.137577371125239,1.5569718512074,0.124119443085275,"",0.0546265328874025,897,0.412565071496468,GEO,full
average_burned_days_human,L1_average_burned_days_human,0.00583147417990586,0.104854649909548,0.0556148362036051,0.955811730978806,"",0.0301374953548867,897,0.273424681672179,GEO,full
total_ba_ha_human,L1_total_ba_ha_human,0.0741783248380129,0.100390905292756,0.73889486922841,0.462513724405444,"",6.94987240275486,897,0.381994315420884,GEO,full
average_ba_ha_human,L1_average_ba_ha_human,-0.0454338034984338,0.0688440194449035,-0.659952801489096,0.51151333094766,"",3.46625180294665,897,0.299268057611185,GEO,full
total_counts_human,L1_total_counts_human,0.236951451213851,0.0743651512484435,3.1863237986598,0.00217682480663572,***,0.032329988851728,897,0.414695462554812,GEO,full
average_counts_human,L1_average_counts_human,0.236951451213851,0.0743651512484435,3.1863237986598,0.00217682480663572,***,0.032329988851728,897,0.414695462554812,GEO,full
total_burned_days_nature,L1_total_burned_days_nature,0.148169352562361,0.0893116402104625,1.65901501991454,0.101718589245338,"",2.09364548494983,897,0.747319181216509,GEO,full
average_burned_days_nature,L1_average_burned_days_nature,-0.0824110869578138,0.0325938780167157,-2.52842226738253,0.0137841151043373,**,0.347401984395939,897,0.46911925487161,GEO,full
total_ba_ha_nature,L1_total_ba_ha_nature,0.146866097325367,0.0715120429164766,2.05372537737317,0.0438501313029958,**,332.950597157926,897,0.578592137937461,GEO,full
average_ba_ha_nature,L1_average_ba_ha_nature,0.094803348681153,0.0961764156995361,0.98572345404644,0.327763270386898,"",44.1223018019437,897,0.471126375752301,GEO,full
total_counts_nature,L1_total_counts_nature,-0.0134256393569861,0.0823248557644049,-0.163081237523297,0.870938166514229,"",0.940914158305463,897,0.702253365934857,GEO,full
average_counts_nature,L1_average_counts_nature,-0.0134256393569861,0.0823248557644049,-0.163081237523297,0.870938166514229,"",0.940914158305463,897,0.702253365934857,GEO,full
total_burned_days_allfire,L1_total_burned_days_allfire,0.150967760114665,0.0874812714294672,1.72571520335509,0.0889404380293387,*,2.14827201783723,897,0.747246635082909,GEO,full
average_burned_days_allfire,L1_average_burned_days_allfire,-0.031744742453853,0.0355448372691003,-0.893090105140226,0.374958746773054,"",0.366391207732988,897,0.478598270686329,GEO,full
total_burned_areas_ha,L1_total_burned_areas_ha,0.145625620752502,0.0710910269048773,2.04843884091526,0.0443799175501228,**,339.900469560681,897,0.578969853504741,GEO,full
average_burned_areas_ha,L1_average_burned_areas_ha,0.117457036938951,0.089971513399559,1.30549139945363,0.196125394416644,"",45.4795306520752,897,0.486949662567636,GEO,full
total_counts_total,L1_total_counts_total,-0.0110780763341861,0.0814183830248489,-0.136063575848774,0.892173030985953,"",0.973244147157191,897,0.700408152888563,GEO,full
average_counts_total,L1_average_counts_total,-0.0110780763341861,0.0814183830248489,-0.136063575848774,0.892173030985953,"",0.973244147157191,897,0.700408152888563,GEO,full
total_burned_days_allfire,L1_total_burned_days_human,0.172434134994113,0.164817982017595,1.04620947837904,0.299169031553343,"",2.14827201783723,897,0.741437454551401,GEO,full
total_burned_days_allfire,L1_total_burned_days_nature,0.151008537740061,0.0888526377579993,1.69953916451361,0.0937882022235593,*,2.14827201783724,897,0.747170329028489,GEO,full
average_burned_days_allfire,L1_average_burned_days_human,0.0405417102719387,0.104423868580515,0.388241795894387,0.699049936326235,"",0.366391207732988,897,0.478095757005522,GEO,full
average_burned_days_allfire,L1_average_burned_days_nature,-0.0331916020474049,0.0369258700589727,-0.898871224818698,0.371893213975048,"",0.366391207732988,897,0.478651705749437,GEO,full
total_burned_areas_ha,L1_total_ba_ha_human,-0.100895161532812,0.226874148255298,-0.444718635017316,0.657935410625745,"",339.900469560681,897,0.5697299980819,GEO,full
total_burned_areas_ha,L1_total_ba_ha_nature,0.145933461704129,0.071385716752486,2.04429497024062,0.0447990435581791,**,339.900469560681,897,0.579000665816503,GEO,full
average_burned_areas_ha,L1_average_ba_ha_human,-0.0485234353714987,0.059302146688604,-0.818240790275192,0.416077836042077,"",45.4795306520752,897,0.479461660231098,GEO,full
average_burned_areas_ha,L1_average_ba_ha_nature,0.0950490946472123,0.0959614643473745,0.990492332454833,0.325445030338177,"",45.4795306520752,897,0.484771344446315,GEO,full
total_counts_total,L1_total_counts_human,0.261752486016022,0.129763508459332,2.01715019209777,0.0476298321691579,**,0.973244147157191,897,0.700652485987563,GEO,full
total_counts_total,L1_total_counts_nature,-0.0146034778518015,0.0820445784169562,-0.177994428560357,0.85925654199994,"",0.973244147157191,897,0.700436658130867,GEO,full
average_counts_total,L1_average_counts_human,0.261752486016022,0.129763508459332,2.01715019209777,0.0476298321691579,**,0.973244147157191,897,0.700652485987563,GEO,full
average_counts_total,L1_average_counts_nature,-0.0146034778518015,0.0820445784169562,-0.177994428560357,0.85925654199994,"",0.973244147157191,897,0.700436658130867,GEO,full
total_burned_days_allfire,L1_total_burned_days_allfire,-0.0852042157861117,0.0730246823237689,-1.1667865312764,0.255252169806129,"",0.576923076923077,312,0.608322087618312,GEO,nature_subsample
average_burned_days_allfire,L1_average_burned_days_allfire,-0.0367584133054611,0.0440372659459182,-0.834711522522851,0.412466696609083,"",0.202335858585859,312,0.453671268473645,GEO,nature_subsample
total_burned_areas_ha,L1_total_burned_areas_ha,-0.0836089592040018,0.0704461095460204,-1.18684991609625,0.24740142941443,"",39.6956988609238,312,0.555252852676247,GEO,nature_subsample
average_burned_areas_ha,L1_average_burned_areas_ha,-0.0902317659370819,0.0334748250924806,-2.69551119947003,0.0129097493347673,**,14.2482258367125,312,0.425246868625931,GEO,nature_subsample
total_counts_total,L1_total_counts_total,-0.0918895626268918,0.0980227697243733,-0.937430791695366,0.358277223732264,"",0.509615384615385,312,0.683192449984176,GEO,nature_subsample
average_counts_total,L1_average_counts_total,-0.0918895626268918,0.0980227697243733,-0.937430791695366,0.358277223732264,"",0.509615384615385,312,0.683192449984176,GEO,nature_subsample
total_burned_days_human,L1_total_burned_days_human,-0.205661998396338,0.0792527190429633,-2.59501504654808,0.0100001155886833,**,3.92723492723493,3367,0.72000933040309,GHA,full
average_burned_days_human,L1_average_burned_days_human,-0.0817370618402913,0.0196317421708382,-4.16351545008098,4.27540391846953e-05,***,0.609706181153307,3367,0.417434627391371,GHA,full
total_ba_ha_human,L1_total_ba_ha_human,-0.179791294937923,0.0362822660352205,-4.95534911638081,1.30822040331002e-06,***,491.210231599078,3367,0.636424221073123,GHA,full
average_ba_ha_human,L1_average_ba_ha_human,-0.119327466888572,0.0149056214553487,-8.00553450562457,4.07330750311324e-14,***,85.613516863117,3367,0.353782118985046,GHA,full
total_counts_human,L1_total_counts_human,-0.181409848390556,0.0666055957242171,-2.72364275730962,0.00689754474005464,***,2.08553608553609,3367,0.741890565857337,GHA,full
average_counts_human,L1_average_counts_human,-0.181409848390556,0.0666055957242171,-2.72364275730962,0.00689754474005464,***,2.08553608553609,3367,0.741890565857337,GHA,full
total_burned_days_nature,L1_total_burned_days_nature,-0.00772152753403517,0.0468482755244264,-0.164819888194374,0.869214810899944,"",149.405108405108,3367,0.954951231215004,GHA,full
average_burned_days_nature,L1_average_burned_days_nature,-0.278964760320529,0.149590731043604,-1.86485324574832,0.0633372853002058,*,1.48628519009431,3367,0.628718276081345,GHA,full
total_ba_ha_nature,L1_total_ba_ha_nature,-0.156809960187117,0.0325595959736543,-4.81609047956248,2.49807346691908e-06,***,47294.1473989475,3367,0.716989992897863,GHA,full
average_ba_ha_nature,L1_average_ba_ha_nature,-0.169813745772143,0.0736799433642383,-2.3047485926077,0.0219750342772615,**,604.351646922653,3367,0.355248061630134,GHA,full
total_counts_nature,L1_total_counts_nature,-0.0500229646782652,0.0560421854484366,-0.89259482438083,0.372905959996427,"",57.6438966438967,3367,0.958947308177126,GHA,full
average_counts_nature,L1_average_counts_nature,-0.0500229646782652,0.0560421854484366,-0.89259482438083,0.372905959996427,"",57.6438966438967,3367,0.958947308177126,GHA,full
total_burned_days_allfire,L1_total_burned_days_allfire,-0.0353479453430563,0.0486114474667177,-0.727152701372606,0.46779170777359,"",156.363528363528,3367,0.956165537774183,GHA,full
average_burned_days_allfire,L1_average_burned_days_allfire,-0.0148596359946092,0.0364775678881146,-0.40736367183764,0.684078692453187,"",1.47483192525429,3367,0.609795596546817,GHA,full
total_burned_areas_ha,L1_total_burned_areas_ha,0.242917060661706,0.0570007192004376,4.26164904704993,2.84730926393992e-05,***,76430.97946803,3367,0.769584100259438,GHA,full
average_burned_areas_ha,L1_average_burned_areas_ha,-0.0268869083185048,0.0305819160848661,-0.879176708349225,0.380123571053748,"",652.846772968415,3367,0.353360354154834,GHA,full
total_counts_total,L1_total_counts_total,-0.0528033682315317,0.0541929344393887,-0.974358904491301,0.330791021828809,"",59.7828927828928,3367,0.958097002568053,GHA,full
average_counts_total,L1_average_counts_total,-0.0528033682315317,0.0541929344393887,-0.974358904491301,0.330791021828809,"",59.7828927828928,3367,0.958097002568053,GHA,full
total_burned_days_allfire,L1_total_burned_days_human,-0.204541524465341,0.190279750534881,-1.07495161145823,0.283400647555875,"",156.363528363528,3367,0.956137050480923,GHA,full
total_burned_days_allfire,L1_total_burned_days_nature,-0.0232621782898156,0.0472546011170417,-0.492273296989623,0.622944777785691,"",156.363528363528,3367,0.95613710655031,GHA,full
average_burned_days_allfire,L1_average_burned_days_human,0.000711404399631672,0.0212259817475526,0.0335157359547668,0.973289231802785,"",1.47483192525429,3367,0.609711161988872,GHA,full
average_burned_days_allfire,L1_average_burned_days_nature,-0.0509205090793552,0.043203133259428,-1.17863000291173,0.239631408800866,"",1.47483192525429,3367,0.611942988104828,GHA,full
total_burned_areas_ha,L1_total_ba_ha_human,0.176195315660503,2.72819092054117,0.0645832057917534,0.948555868123238,"",76430.97946803,3367,0.751156441229346,GHA,full
total_burned_areas_ha,L1_total_ba_ha_nature,-0.0405669147996934,0.0694049956922232,-0.584495602875441,0.55939767168129,"",76430.97946803,3367,0.75132224701255,GHA,full
average_burned_areas_ha,L1_average_ba_ha_human,0.00744399256109332,0.12871688698206,0.0578322917499613,0.953926981537519,"",652.846772968415,3367,0.352774807545888,GHA,full
average_burned_areas_ha,L1_average_ba_ha_nature,-0.079229414562467,0.017959396715196,-4.4115855236623,1.50841915579473e-05,***,652.846772968415,3367,0.360362788592806,GHA,full
total_counts_total,L1_total_counts_human,-0.120473319018135,0.187059704171672,-0.644036723738061,0.520123744864766,"",59.7828927828928,3367,0.957989142081739,GHA,full
total_counts_total,L1_total_counts_nature,-0.0524338620743283,0.0562077796011098,-0.932857736890447,0.351765597260495,"",59.7828927828928,3367,0.958091252589037,GHA,full
average_counts_total,L1_average_counts_human,-0.120473319018135,0.187059704171672,-0.644036723738061,0.520123744864766,"",59.7828927828928,3367,0.957989142081739,GHA,full
average_counts_total,L1_average_counts_nature,-0.0524338620743283,0.0562077796011098,-0.932857736890447,0.351765597260495,"",59.7828927828928,3367,0.958091252589037,GHA,full
total_burned_days_allfire,L1_total_burned_days_allfire,0.0322017449949892,0.156850415617048,0.20530226119139,0.839925182480717,"",799.27149321267,221,0.94681342765811,GHA,nature_subsample
total_burned_days_allfire,L1_total_burned_days_allfire,-0.0146324081482793,0.147365623528386,-0.0992932259093705,0.921089527094084,"",22.4283697953423,1417,0.928719090912273,GHA,human_subsample
average_burned_days_allfire,L1_average_burned_days_allfire,-0.053437364152382,0.0613304675634667,-0.871302083211469,0.39647507336498,"",2.62718100481978,221,0.759613854992072,GHA,nature_subsample
average_burned_days_allfire,L1_average_burned_days_allfire,-0.0193498355747938,0.0559755166306835,-0.345683912172897,0.730252713261991,"",0.767962083612452,1417,0.576797237442301,GHA,human_subsample
total_burned_areas_ha,L1_total_burned_areas_ha,0.243753341203065,0.233355554800394,1.04455769827963,0.31175310332676,"",495243.500985854,221,0.919656691909017,GHA,nature_subsample
total_burned_areas_ha,L1_total_burned_areas_ha,0.049788781074156,0.0311490709863076,1.59840340330028,0.112874890455587,"",6141.78892299769,1417,0.675817603389149,GHA,human_subsample
average_burned_areas_ha,L1_average_burned_areas_ha,0.147095454107647,0.198769298026166,0.740031058963057,0.470001510225664,"",1560.59674625748,221,0.92024933297774,GHA,nature_subsample
average_burned_areas_ha,L1_average_burned_areas_ha,-0.102179563218919,0.00859342641585709,-11.8904332537684,2.3912287405837e-21,***,202.6218067855,1417,0.342648481734891,GHA,human_subsample
total_counts_total,L1_total_counts_total,-0.00926957094948735,0.133378006200709,-0.0694984968926462,0.94545402370252,"",307.27149321267,221,0.941721473005265,GHA,nature_subsample
total_counts_total,L1_total_counts_total,-0.0991186680512732,0.107230601869164,-0.924350570858603,0.357364514749593,"",10.1079745942131,1417,0.94072716357113,GHA,human_subsample
average_counts_total,L1_average_counts_total,-0.00926957094948735,0.133378006200709,-0.0694984968926462,0.94545402370252,"",307.27149321267,221,0.941721473005265,GHA,nature_subsample
average_counts_total,L1_average_counts_total,-0.0991186680512732,0.107230601869164,-0.924350570858603,0.357364514749593,"",10.1079745942131,1417,0.94072716357113,GHA,human_subsample
total_burned_days_human,L1_total_burned_days_human,-0.145152781328589,0.0221600735740381,-6.55019401644246,1.92838666986048e-07,***,6.70135746606335,442,0.819595702557466,GIN,full
average_burned_days_human,L1_average_burned_days_human,-0.0460645352099398,0.0480091949127973,-0.959494015544527,0.344287633710256,"",0.393024184907582,442,0.493412047928255,GIN,full
total_ba_ha_human,L1_total_ba_ha_human,-0.266904680610587,0.0301651885712972,-8.84810250662755,3.16011079996037e-10,***,389.642029735095,442,0.820425259552409,GIN,full
average_ba_ha_human,L1_average_ba_ha_human,-0.0452495177050938,0.0652738802678692,-0.693225491106091,0.493018612067922,"",23.4917447833845,442,0.550742591884612,GIN,full
total_counts_human,L1_total_counts_human,-0.0168942272601814,0.0301693160326466,-0.559980453050376,0.579274531842082,"",6.22171945701358,442,0.864743169620891,GIN,full
average_counts_human,L1_average_counts_human,-0.0168942272601814,0.0301693160326466,-0.559980453050376,0.579274531842082,"",6.22171945701358,442,0.864743169620891,GIN,full
total_burned_days_nature,L1_total_burned_days_nature,-0.150106401443728,0.0842128006302742,-1.78246537723822,0.0838764955993263,*,1359.6334841629,442,0.958301294798564,GIN,full
average_burned_days_nature,L1_average_burned_days_nature,0.00986351206440543,0.0534337010873121,0.18459346561617,0.854677671343863,"",1.8173505257328,442,0.866402808382792,GIN,full
total_ba_ha_nature,L1_total_ba_ha_nature,-0.0545269286391503,0.0817393820692816,-0.667082711647291,0.509357261954141,"",153513.093248244,442,0.898154240836884,GIN,full
average_ba_ha_nature,L1_average_ba_ha_nature,0.100498031412231,0.108489042392677,0.92634269043022,0.360993449986656,"",202.488799186374,442,0.687027938344088,GIN,full
total_counts_nature,L1_total_counts_nature,-0.0728938165073981,0.10252682467988,-0.710973120790535,0.482096196437452,"",693.9592760181,442,0.947890121710936,GIN,full
average_counts_nature,L1_average_counts_nature,-0.0728938165073981,0.10252682467988,-0.710973120790535,0.482096196437452,"",693.9592760181,442,0.947890121710936,GIN,full
total_burned_days_allfire,L1_total_burned_days_allfire,-0.150377076275177,0.0841207303932384,-1.78763398239899,0.083022432728419,*,1367.23076923077,442,0.957925050208329,GIN,full
average_burned_days_allfire,L1_average_burned_days_allfire,0.0176091743229995,0.0534542917093295,0.329424892930087,0.74391640579991,"",1.81100377378872,442,0.872094492574129,GIN,full
total_burned_areas_ha,L1_total_burned_areas_ha,-0.0539211269611495,0.0820690272390539,-0.657021641112985,0.515723406959628,"",154183.949105326,442,0.898102512623093,GIN,full
average_burned_areas_ha,L1_average_burned_areas_ha,0.103292060060607,0.108648843761122,0.950696357963156,0.348669928176392,"",202.1766771564,442,0.688399365523111,GIN,full
total_counts_total,L1_total_counts_total,-0.0657988186293004,0.102442464051059,-0.64230023397822,0.525115666405172,"",700.264705882353,442,0.94705838369216,GIN,full
average_counts_total,L1_average_counts_total,-0.0657988186293004,0.102442464051059,-0.64230023397822,0.525115666405172,"",700.264705882353,442,0.94705838369216,GIN,full
total_burned_days_allfire,L1_total_burned_days_human,0.67525951487708,0.688469397614636,0.980812679861553,0.333821514642104,"",1367.23076923077,442,0.957000337389068,GIN,full
total_burned_days_allfire,L1_total_burned_days_nature,-0.151967853511244,0.084345872462405,-1.80172246815018,0.0807317852060023,*,1367.23076923077,442,0.957942010172039,GIN,full
average_burned_days_allfire,L1_average_burned_days_human,0.0357175978356204,0.00899529484472306,3.97069784283653,0.000365611916402066,***,1.81100377378872,442,0.874436568883095,GIN,full
average_burned_days_allfire,L1_average_burned_days_nature,0.0135633624234492,0.0512849399215163,0.264470670029171,0.793062091712406,"",1.81100377378872,442,0.872079633485975,GIN,full
total_burned_areas_ha,L1_total_ba_ha_human,0.157927226023753,2.29996029601424,0.0686651966546709,0.945670509326154,"",154183.949105326,442,0.89780837905929,GIN,full
total_burned_areas_ha,L1_total_ba_ha_nature,-0.0565776146365783,0.0827365092469204,-0.683828882213618,0.498857269805056,"",154183.949105326,442,0.898131296485817,GIN,full
average_burned_areas_ha,L1_average_ba_ha_human,0.0358020963561478,0.150820266763874,0.237382529048302,0.813827646969877,"",202.1766771564,442,0.685094362248904,GIN,full
average_burned_areas_ha,L1_average_ba_ha_nature,0.100553929488354,0.108011691817015,0.93095411984385,0.358638269963616,"",202.1766771564,442,0.688243880407157,GIN,full
total_counts_total,L1_total_counts_human,1.04355929862765,0.564350804151309,1.84913229670505,0.0734138661933909,*,700.264705882353,442,0.947085394991957,GIN,full
total_counts_total,L1_total_counts_nature,-0.0708621490790707,0.102851795804723,-0.688973376931709,0.495655943754518,"",700.264705882353,442,0.947095986931619,GIN,full
average_counts_total,L1_average_counts_human,1.04355929862765,0.564350804151309,1.84913229670505,0.0734138661933909,*,700.264705882353,442,0.947085394991957,GIN,full
average_counts_total,L1_average_counts_nature,-0.0708621490790707,0.102851795804723,-0.688973376931709,0.495655943754518,"",700.264705882353,442,0.947095986931619,GIN,full
total_burned_days_human,L1_total_burned_days_human,0.198685806885612,0.0142820551405845,13.9115697936929,4.72053156918445e-16,***,0.182952182952183,481,0.573226374940296,GMB,full
average_burned_days_human,L1_average_burned_days_human,0.376393860994984,0.0897139643852937,4.19548799982229,0.000169745299286217,***,0.0674289674289674,481,0.524172642953284,GMB,full
total_ba_ha_human,L1_total_ba_ha_human,0.352198761926911,0.0146081642240317,24.1097208742707,8.2774984246967e-24,***,10.8925220457161,481,0.681283348815958,GMB,full
average_ba_ha_human,L1_average_ba_ha_human,0.219699645809429,0.117768447154721,1.86552214211327,0.0702740658598796,*,4.28064311237899,481,0.576292670247655,GMB,full
total_counts_human,L1_total_counts_human,0.10372713610986,0.0277408967289318,3.73914142442553,0.0006405906443076,***,0.0956340956340954,481,0.629550384030362,GMB,full
average_counts_human,L1_average_counts_human,0.10372713610986,0.0277408967289318,3.73914142442553,0.0006405906443076,***,0.0956340956340954,481,0.629550384030362,GMB,full
total_burned_days_nature,L1_total_burned_days_nature,-0.0282560493641558,0.0712432559158182,-0.396613672423161,0.693993740127883,"",50.3866943866944,481,0.845694657463986,GMB,full
average_burned_days_nature,L1_average_burned_days_nature,-0.125831489756454,0.069333603787095,-1.81487017670175,0.0778830960414535,*,2.89415153158236,481,0.662444771238048,GMB,full
total_ba_ha_nature,L1_total_ba_ha_nature,-0.37607823409206,0.0870053326923931,-4.32247337553069,0.000116442407850761,***,13494.1816243967,481,0.708963719368361,GMB,full
average_ba_ha_nature,L1_average_ba_ha_nature,-0.370157301968564,0.0933912013199454,-3.96351365799928,0.000335315221738335,***,954.601440590477,481,0.641685680406048,GMB,full
total_counts_nature,L1_total_counts_nature,0.00236234803754891,0.0852789542328875,0.0277014189350586,0.978053288896319,"",16.2536382536383,481,0.867503399564238,GMB,full
average_counts_nature,L1_average_counts_nature,0.00236234803754891,0.0852789542328875,0.0277014189350586,0.978053288896319,"",16.2536382536383,481,0.867503399564238,GMB,full
total_burned_days_allfire,L1_total_burned_days_allfire,-0.0277599413174275,0.0707469113738253,-0.392383791438533,0.697088265521047,"",50.5696465696466,481,0.844711368989594,GMB,full
average_burned_days_allfire,L1_average_burned_days_allfire,-0.10510795608359,0.0669144148720282,-1.57078196506098,0.12498215340234,"",2.92622848869191,481,0.649649392005733,GMB,full
total_burned_areas_ha,L1_total_burned_areas_ha,-0.376310969098165,0.0870150494434031,-4.32466534818126,0.000115684559489804,***,13505.0741464424,481,0.709022905768691,GMB,full
average_burned_areas_ha,L1_average_burned_areas_ha,-0.370446768451825,0.093533211631114,-3.96059070346939,0.000338180072190381,***,956.143213680756,481,0.641440310773263,GMB,full
total_counts_total,L1_total_counts_total,0.000897847655449253,0.0847782906930344,0.0105905373664608,0.99160860493347,"",16.3492723492724,481,0.865813864317546,GMB,full
average_counts_total,L1_average_counts_total,0.000897847655449253,0.0847782906930344,0.0105905373664608,0.99160860493347,"",16.3492723492724,481,0.865813864317546,GMB,full
total_burned_days_allfire,L1_total_burned_days_human,-0.00552522629136726,0.339564662975381,-0.0162714996400195,0.987107640714311,"",50.5696465696466,481,0.844592024689913,GMB,full
total_burned_days_allfire,L1_total_burned_days_nature,-0.0277796583847754,0.0707680141400146,-0.392545399533372,0.696969938202802,"",50.5696465696466,481,0.84471138354508,GMB,full
average_burned_days_allfire,L1_average_burned_days_human,0.314234984026109,0.154711948460203,2.03109706233801,0.0496793310373898,**,2.92622848869191,481,0.648505415815633,GMB,full
average_burned_days_allfire,L1_average_burned_days_nature,-0.120539722163171,0.0679906479362577,-1.77288679872824,0.0847093692805248,*,2.92622848869191,481,0.650934065393374,GMB,full
total_burned_areas_ha,L1_total_ba_ha_human,-25.8792242239913,11.9905352192159,-2.15830434178765,0.0376490108270073,**,13505.0741464424,481,0.664002151367196,GMB,full
total_burned_areas_ha,L1_total_ba_ha_nature,-0.376047930499026,0.0870349909110876,-4.32065226367618,0.000117075741024181,***,13505.0741464424,481,0.708960792403734,GMB,full
average_burned_areas_ha,L1_average_ba_ha_human,4.36444678620714,1.89596166526288,2.30196995338616,0.0272301054580729,**,956.143213680757,481,0.584069884311555,GMB,full
average_burned_areas_ha,L1_average_ba_ha_nature,-0.370206390721258,0.0934367014582847,-3.9621089458786,0.00033668904673084,***,956.143213680757,481,0.64139576024749,GMB,full
total_counts_total,L1_total_counts_human,-0.487848086249548,0.36479321681538,-1.337327734623,0.189504417041105,"",16.3492723492724,481,0.865932666768799,GMB,full
total_counts_total,L1_total_counts_nature,0.00274021645913933,0.084944949468355,0.0322587331711836,0.974443909687639,"",16.3492723492724,481,0.865814752997774,GMB,full
average_counts_total,L1_average_counts_human,-0.487848086249548,0.36479321681538,-1.337327734623,0.189504417041105,"",16.3492723492724,481,0.865932666768799,GMB,full
average_counts_total,L1_average_counts_nature,0.00274021645913933,0.084944949468355,0.0322587331711836,0.974443909687639,"",16.3492723492724,481,0.865814752997774,GMB,full
total_burned_days_allfire,L1_total_burned_days_allfire,0.29322068705117,1e-05,29322.068705117,8.74755986120534e-14,***,92.2307692307693,52,1,GMB,nature_subsample
total_burned_days_allfire,L1_total_burned_days_allfire,0.0700027138614732,0.169529995968437,0.412922288245122,0.700838239427633,"",2.23076923076922,65,0.882839791157047,GMB,human_subsample
average_burned_days_allfire,L1_average_burned_days_allfire,2.50788007218616,1e-05,250788.007218617,1.39813932906481e-16,***,4.74564428552774,52,1,GMB,nature_subsample
average_burned_days_allfire,L1_average_burned_days_allfire,0.612914040998442,0.405170505902029,1.51273113928645,0.204894992470833,"",0.578924110077957,65,0.807012827835578,GMB,human_subsample
total_burned_areas_ha,L1_total_burned_areas_ha,-2.09930757812815,1e-05,-209930.757812815,2.38365021262211e-16,***,45605.5451545154,52,1,GMB,nature_subsample
total_burned_areas_ha,L1_total_burned_areas_ha,0.0427796423766547,0.279030057590298,0.153315534340993,0.885572987480518,"",138.837043399066,65,0.807066308799526,GMB,human_subsample
average_burned_areas_ha,L1_average_burned_areas_ha,0.912620438524894,1e-05,91262.0438524894,2.90135034145874e-15,***,3363.87156755489,52,1,GMB,nature_subsample
average_burned_areas_ha,L1_average_burned_areas_ha,0.355448531353146,0.294900291451068,1.20531766721609,0.294507816217177,"",38.3784017036082,65,0.759991698139609,GMB,human_subsample
total_counts_total,L1_total_counts_total,62.3616492291421,1e-05,6236164.92291421,9.09322567817863e-21,***,24.4807692307688,52,0.999999999999567,GMB,nature_subsample
total_counts_total,L1_total_counts_total,-0.0529532969926459,0.309119727478182,-0.171303518622516,0.872301808468376,"",1.18461538461539,65,0.889693591139168,GMB,human_subsample
average_counts_total,L1_average_counts_total,62.3616492291421,1e-05,6236164.92291421,9.09322567817863e-21,***,24.4807692307688,52,0.999999999999567,GMB,nature_subsample
average_counts_total,L1_average_counts_total,-0.0529532969926459,0.309119727478182,-0.171303518622516,0.872301808468376,"",1.18461538461539,65,0.889693591139168,GMB,human_subsample
total_ba_ha_human,L1_total_ba_ha_human,-0.176583157810814,0.0046855302601042,-37.6869101271981,1.58793227756371e-30,***,0.177813707021178,481,0.821394437179078,GNB,full
average_ba_ha_human,L1_average_ba_ha_human,-0.176583157810814,0.00468553025995782,-37.6869101283754,1.58793227582089e-30,***,0.133360249702551,481,0.642539444552464,GNB,full
total_counts_human,L1_total_counts_human,-0.176583154473189,0.00468553594104038,-37.6868637217155,1.5880009751344e-30,***,0.00831600831600832,481,0.821394118701904,GNB,full
average_counts_human,L1_average_counts_human,-0.176583154473189,0.00468553594104038,-37.6868637217155,1.5880009751344e-30,***,0.00831600831600832,481,0.821394118701904,GNB,full
total_burned_days_nature,L1_total_burned_days_nature,0.0637764770252412,0.0696597585034528,0.915542608751365,0.365999126496637,"",111.848232848233,481,0.956644580543581,GNB,full
average_burned_days_nature,L1_average_burned_days_nature,-0.0723539444453647,0.0545777268883962,-1.32570461560846,0.193288859048244,"",1.95630853641793,481,0.708625053775927,GNB,full
total_ba_ha_nature,L1_total_ba_ha_nature,-0.112325285079668,0.0575693334392752,-1.95113054762306,0.0588574392759412,*,15773.5249144596,481,0.891200265731118,GNB,full
average_ba_ha_nature,L1_average_ba_ha_nature,-0.117814866705892,0.0278054304756939,-4.23711716345768,0.00015006156666541,***,285.703122043157,481,0.630303384096313,GNB,full
total_counts_nature,L1_total_counts_nature,-0.16268965743608,0.0647857738595298,-2.51119416723844,0.0166605130602079,**,48.7796257796258,481,0.946274649130003,GNB,full
average_counts_nature,L1_average_counts_nature,-0.16268965743608,0.0647857738595298,-2.51119416723844,0.0166605130602079,**,48.7796257796258,481,0.946274649130003,GNB,full
total_burned_days_allfire,L1_total_burned_days_allfire,0.0637764770252412,0.0696597585034528,0.915542608751365,0.365999126496637,"",111.848232848233,481,0.956644580543581,GNB,full
average_burned_days_allfire,L1_average_burned_days_allfire,-0.0705263534895982,0.0544160856953767,-1.29605708658295,0.203203665116867,"",1.95389783842712,481,0.709891130225331,GNB,full
total_burned_areas_ha,L1_total_burned_areas_ha,-0.112343802040632,0.0575774840463934,-1.95117594839868,0.0588518373875607,*,15773.7471809549,481,0.891198204319298,GNB,full
average_burned_areas_ha,L1_average_burned_areas_ha,-0.11779899249683,0.0278016361644353,-4.23712445555711,0.000150058322850314,***,285.610023171937,481,0.630362142263365,GNB,full
total_counts_total,L1_total_counts_total,-0.16252136439445,0.0647728481456487,-2.50909708384296,0.0167445910208636,**,48.7900207900208,481,0.946316873557814,GNB,full
average_counts_total,L1_average_counts_total,-0.16252136439445,0.0647728481456487,-2.50909708384296,0.0167445910208636,**,48.7900207900208,481,0.946316873557814,GNB,full
total_burned_days_allfire,L1_total_burned_days_nature,0.0637764770252412,0.0696597585034528,0.915542608751365,0.365999126496637,"",111.848232848233,481,0.956644580543581,GNB,full
average_burned_days_allfire,L1_average_burned_days_nature,-0.071390728714797,0.0544827429902171,-1.31033653587551,0.198381105213837,"",1.95389783842712,481,0.709930999401452,GNB,full
total_burned_areas_ha,L1_total_ba_ha_human,74.9564644320668,66.8186961100419,1.12178879259516,0.269379118527387,"",15773.7471809549,481,0.889729195453485,GNB,full
total_burned_areas_ha,L1_total_ba_ha_nature,-0.11234524114351,0.0575775402061153,-1.95119903944035,0.0588489884185149,*,15773.7471809549,481,0.891198236629407,GNB,full
average_burned_areas_ha,L1_average_ba_ha_human,4.01107844191896,7.59406510196384,0.528185943636655,0.600611346897225,"",285.610023171937,481,0.624835037288239,GNB,full
average_burned_areas_ha,L1_average_ba_ha_nature,-0.117780995046541,0.0277943642684026,-4.23758550147657,0.000149853370825919,***,285.610023171937,481,0.630360634629962,GNB,full
total_counts_total,L1_total_counts_human,0.718917244278794,3.14152169234393,0.228843635245568,0.820285519785964,"",48.7900207900208,481,0.945025375151838,GNB,full
total_counts_total,L1_total_counts_nature,-0.162535907164626,0.0647776062488619,-2.50913728642885,0.016742975544408,**,48.7900207900208,481,0.946317049765576,GNB,full
average_counts_total,L1_average_counts_human,0.718917244278794,3.14152169234393,0.228843635245568,0.820285519785964,"",48.7900207900208,481,0.945025375151838,GNB,full
average_counts_total,L1_average_counts_nature,-0.162535907164626,0.0647776062488619,-2.50913728642885,0.016742975544408,**,48.7900207900208,481,0.946317049765576,GNB,full
total_burned_days_nature,L1_total_burned_days_nature,-0.0679594937345485,0.0144073341715426,-4.7170068331435,5.17455141293153e-05,***,0.0397022332506204,403,0.276324242849324,GNQ,full
average_burned_days_nature,L1_average_burned_days_nature,-0.0799672537726106,0.0221522494435877,-3.60989316124545,0.00110160046120053,***,0.0244003308519438,403,0.388616260666129,GNQ,full
total_ba_ha_nature,L1_total_ba_ha_nature,-0.0724397776152512,0.0103513424643681,-6.99810462890267,8.91559454830358e-08,***,2.38626297046464,403,0.234926983290052,GNQ,full
average_ba_ha_nature,L1_average_ba_ha_nature,-0.0152818856635711,0.0394979899144556,-0.386902870162974,0.701559121554699,"",1.32570571358304,403,0.280739025755824,GNQ,full
total_counts_nature,L1_total_counts_nature,-0.0601786959853274,0.0189154048125775,-3.18146487382139,0.00339688985151873,***,0.0421836228287841,403,0.234449570868207,GNQ,full
average_counts_nature,L1_average_counts_nature,-0.0601786959853274,0.0189154048125775,-3.18146487382139,0.00339688985151873,***,0.0421836228287841,403,0.234449570868207,GNQ,full
total_burned_days_allfire,L1_total_burned_days_allfire,-0.0677169637011185,0.0143196995842906,-4.72893745448456,5.00363816612556e-05,***,0.0496277915632754,403,0.313098874577101,GNQ,full
average_burned_days_allfire,L1_average_burned_days_allfire,-0.0724319182177285,0.0179148052613469,-4.0431317650998,0.000339116647684991,***,0.0237799834574028,403,0.409020310217181,GNQ,full
total_burned_areas_ha,L1_total_burned_areas_ha,-0.07278669616289,0.010981946087611,-6.62785043581686,2.44678802179765e-07,***,2.75747153393003,403,0.265498333204566,GNQ,full
average_burned_areas_ha,L1_average_burned_areas_ha,-0.016214555857127,0.0362939819786995,-0.446756045303685,0.658259802706872,"",1.16662090705819,403,0.283596789620188,GNQ,full
total_counts_total,L1_total_counts_total,-0.0606038720070597,0.0193253676899406,-3.13597510688533,0.00381730711203433,***,0.0496277915632754,403,0.264125479050266,GNQ,full
average_counts_total,L1_average_counts_total,-0.0606038720070597,0.0193253676899406,-3.13597510688533,0.00381730711203433,***,0.0496277915632754,403,0.264125479050266,GNQ,full
total_burned_days_allfire,L1_total_burned_days_nature,-0.0677169637011185,0.0143196995842906,-4.72893745448456,5.00363816612556e-05,***,0.0496277915632754,403,0.313098874577101,GNQ,full
average_burned_days_allfire,L1_average_burned_days_nature,-0.0724319182177285,0.0179148052613469,-4.0431317650998,0.000339116647684991,***,0.0237799834574028,403,0.409020310217181,GNQ,full
total_burned_areas_ha,L1_total_ba_ha_nature,-0.07278669616289,0.010981946087611,-6.62785043581686,2.44678802179765e-07,***,2.75747153393003,403,0.265498333204566,GNQ,full
average_burned_areas_ha,L1_average_ba_ha_nature,-0.016214555857127,0.0362939819786995,-0.446756045303685,0.658259802706872,"",1.16662090705819,403,0.283596789620188,GNQ,full
total_counts_total,L1_total_counts_nature,-0.0606038720070597,0.0193253676899406,-3.13597510688533,0.00381730711203433,***,0.0496277915632754,403,0.264125479050266,GNQ,full
average_counts_total,L1_average_counts_nature,-0.0606038720070597,0.0193253676899406,-3.13597510688533,0.00381730711203433,***,0.0496277915632754,403,0.264125479050266,GNQ,full
total_burned_days_human,L1_total_burned_days_human,0.560235159342538,0.154068609961876,3.63627061658547,0.00301537764522159,***,18.0549450549451,182,0.908963463159798,GRC,full
average_burned_days_human,L1_average_burned_days_human,-0.030988512258784,0.203652379539461,-0.152163762234752,0.881393969354253,"",1.10525767124704,182,0.823857818952176,GRC,full
total_ba_ha_human,L1_total_ba_ha_human,0.516253460185671,0.259920517149552,1.98619741853096,0.0685112851162122,*,2155.50268357164,182,0.889307617703389,GRC,full
average_ba_ha_human,L1_average_ba_ha_human,-0.17335979477829,0.112322956049297,-1.54340484684364,0.146718585633012,"",266.980874313126,182,0.891894580337897,GRC,full
total_counts_human,L1_total_counts_human,0.241089215855951,0.0833212019216757,2.89349181595558,0.0125638816154222,**,8.70879120879121,182,0.863020134098326,GRC,full
average_counts_human,L1_average_counts_human,0.241089215855951,0.0833212019216757,2.89349181595558,0.0125638816154222,**,8.70879120879121,182,0.863020134098326,GRC,full
total_burned_days_nature,L1_total_burned_days_nature,-0.0604336239057824,0.0826873687990553,-0.73086887131028,0.477826006199547,"",9.57692307692308,182,0.808076819483466,GRC,full
average_burned_days_nature,L1_average_burned_days_nature,-0.307010241148401,0.0562359622798284,-5.4593222682085,0.000109466995909946,***,2.06161886150608,182,0.748840587752225,GRC,full
total_ba_ha_nature,L1_total_ba_ha_nature,-0.186630792793817,0.0860691549954381,-2.16838184136592,0.0492724630426946,**,2737.78736206567,182,0.634236462788742,GRC,full
average_ba_ha_nature,L1_average_ba_ha_nature,-0.187478484154143,0.204945476319344,-0.914772492279927,0.376966705498176,"",552.253663937079,182,0.681329672581092,GRC,full
total_counts_nature,L1_total_counts_nature,0.0681383742589715,0.0706261670367353,0.964775197605304,0.352262400450751,"",3.76373626373626,182,0.820842145464147,GRC,full
average_counts_nature,L1_average_counts_nature,0.0681383742589715,0.0706261670367353,0.964775197605304,0.352262400450751,"",3.76373626373626,182,0.820842145464147,GRC,full
total_burned_days_allfire,L1_total_burned_days_allfire,0.460657043743171,0.144630255251786,3.18506693458581,0.00717080718692974,***,27.6318681318681,182,0.896715920920608,GRC,full
average_burned_days_allfire,L1_average_burned_days_allfire,-0.184177645268829,0.08992339192544,-2.0481616776816,0.0612995035476445,*,2.16260486911634,182,0.738586064964456,GRC,full
total_burned_areas_ha,L1_total_burned_areas_ha,0.26567809073673,0.148225128345654,1.79239575436346,0.096359936775515,*,4893.29004563731,182,0.676355393789251,GRC,full
average_burned_areas_ha,L1_average_burned_areas_ha,-0.191693694426412,0.196112470397798,-0.977468154052502,0.346177514080975,"",610.21988173708,182,0.74664059300126,GRC,full
total_counts_total,L1_total_counts_total,0.25093762682529,0.0654678521775101,3.83299006273943,0.00207334185205257,***,12.4725274725275,182,0.867313084481446,GRC,full
average_counts_total,L1_average_counts_total,0.25093762682529,0.0654678521775101,3.83299006273943,0.00207334185205257,***,12.4725274725275,182,0.867313084481446,GRC,full
total_burned_days_allfire,L1_total_burned_days_human,0.590678336218955,0.198059904822392,2.98232162006056,0.0105929196520183,**,27.6318681318681,182,0.898523030301131,GRC,full
total_burned_days_allfire,L1_total_burned_days_nature,0.849312094630672,0.533792318485912,1.5910908891303,0.135603403108848,"",27.6318681318681,182,0.877104746116136,GRC,full
average_burned_days_allfire,L1_average_burned_days_human,-0.0199156567946513,0.238487554013541,-0.0835081598997004,0.934719705954434,"",2.16260486911634,182,0.7289464419977,GRC,full
average_burned_days_allfire,L1_average_burned_days_nature,-0.182065766169604,0.07165626622467,-2.54082128140417,0.0246162488862014,**,2.16260486911634,182,0.744023235492836,GRC,full
total_burned_areas_ha,L1_total_ba_ha_human,1.69756115452909,0.315077267821251,5.38776144108292,0.000123708688267143,***,4893.29004563731,182,0.738398420379913,GRC,full
total_burned_areas_ha,L1_total_ba_ha_nature,-0.0458971648935292,0.115881619779502,-0.39606941101498,0.698477877187611,"",4893.29004563731,182,0.666212963445642,GRC,full
average_burned_areas_ha,L1_average_ba_ha_human,-0.123777527256648,0.305887543513389,-0.404650434061332,0.692313629984333,"",610.21988173708,182,0.743396574611689,GRC,full
average_burned_areas_ha,L1_average_ba_ha_nature,-0.157523227961384,0.22545454396147,-0.69869174155259,0.49705458192194,"",610.21988173708,182,0.745791946913677,GRC,full
total_counts_total,L1_total_counts_human,0.293506020326282,0.0978754076711738,2.99877188059698,0.0102631074984691,**,12.4725274725275,182,0.867017777448637,GRC,full
total_counts_total,L1_total_counts_nature,0.785808755729308,0.102705907575479,7.65105702563232,3.63122997244561e-06,***,12.4725274725275,182,0.86321706914397,GRC,full
average_counts_total,L1_average_counts_human,0.293506020326282,0.0978754076711738,2.99877188059698,0.0102631074984691,**,12.4725274725275,182,0.867017777448637,GRC,full
average_counts_total,L1_average_counts_nature,0.785808755729308,0.102705907575479,7.65105702563232,3.63122997244561e-06,***,12.4725274725275,182,0.86321706914397,GRC,full
total_burned_days_human,L1_total_burned_days_human,0.117118529493401,0.02167593768335,5.4031586178329,1.20680672403591e-07,***,0.893959148196436,4602,0.673417304728888,GTM,full
average_burned_days_human,L1_average_burned_days_human,-0.0810775257487014,0.0382947612849808,-2.11719626988509,0.0349421405652743,**,0.0878439580408653,4602,0.368073882524157,GTM,full
total_ba_ha_human,L1_total_ba_ha_human,0.0588671074776845,0.0226673142948798,2.59700406990791,0.00979739423515242,***,44.8794064439222,4602,0.713936995772393,GTM,full
average_ba_ha_human,L1_average_ba_ha_human,-0.0865443901231586,0.0177456271392561,-4.87694176396331,1.63258236920583e-06,***,5.04383148167206,4602,0.223668316616372,GTM,full
total_counts_human,L1_total_counts_human,0.0998178016054927,0.00702160425565575,14.2158113689036,1.40357595565735e-36,***,0.434810951760104,4602,0.709291610460117,GTM,full
average_counts_human,L1_average_counts_human,0.0998178016054927,0.00702160425565575,14.2158113689036,1.40357595565735e-36,***,0.434810951760104,4602,0.709291610460117,GTM,full
total_burned_days_nature,L1_total_burned_days_nature,0.270258436470428,0.075477969973326,3.58062672546622,0.000390778582893423,***,19.0236853541938,4602,0.945894983876482,GTM,full
average_burned_days_nature,L1_average_burned_days_nature,-0.0632316170145875,0.02433849314235,-2.59800870352823,0.00976932350581054,***,0.691300066114896,4602,0.608269019846951,GTM,full
total_ba_ha_nature,L1_total_ba_ha_nature,0.137022556071757,0.0718192494288274,1.9078806470617,0.0572177781727752,*,876.158804454594,4602,0.897683164016737,GTM,full
average_ba_ha_nature,L1_average_ba_ha_nature,-0.112389404843371,0.0400850686672813,-2.80377229177872,0.00533007226876785,***,36.3075446304355,4602,0.453073745506915,GTM,full
total_counts_nature,L1_total_counts_nature,0.290544644332925,0.0906252053154476,3.20600260514279,0.00146880181467068,***,6.57062146892655,4602,0.892608867178208,GTM,full
average_counts_nature,L1_average_counts_nature,0.290544644332925,0.0906252053154476,3.20600260514279,0.00146880181467068,***,6.57062146892655,4602,0.892608867178208,GTM,full
total_burned_days_allfire,L1_total_burned_days_allfire,0.233787968456274,0.0570637995186765,4.09695762336605,5.19635712172975e-05,***,19.9176445023903,4602,0.927287811351362,GTM,full
average_burned_days_allfire,L1_average_burned_days_allfire,-0.0583235316630401,0.0239099267219629,-2.43930198286496,0.0152075543399723,**,0.710538654729126,4602,0.584820194511073,GTM,full
total_burned_areas_ha,L1_total_burned_areas_ha,0.113847577358304,0.0632721324791173,1.79933207397237,0.0728200735747369,*,921.038210898516,4602,0.884608457591565,GTM,full
average_burned_areas_ha,L1_average_burned_areas_ha,-0.112373699649828,0.0367157820099067,-3.06063751058081,0.00237781664076196,***,37.449308167961,4602,0.43245657081887,GTM,full
total_counts_total,L1_total_counts_total,0.267530638970211,0.0714195812897057,3.74590041189127,0.000209862653465591,***,7.00543242068666,4602,0.876995593316026,GTM,full
average_counts_total,L1_average_counts_total,0.267530638970211,0.0714195812897057,3.74590041189127,0.000209862653465591,***,7.00543242068666,4602,0.876995593316026,GTM,full
total_burned_days_allfire,L1_total_burned_days_human,0.687113692072622,0.0413292422348261,16.625363905018,2.99380764074457e-46,***,19.9176445023903,4602,0.92689183871749,GTM,full
total_burned_days_allfire,L1_total_burned_days_nature,0.243903682017447,0.0923545142145288,2.64095029995921,0.00863477450864995,***,19.9176445023903,4602,0.926078957859568,GTM,full
average_burned_days_allfire,L1_average_burned_days_human,-0.0650146738574032,0.0383122240228414,-1.6969694533693,0.0905839025421584,*,0.710538654729126,4602,0.583867223709452,GTM,full
average_burned_days_allfire,L1_average_burned_days_nature,-0.0555947186978755,0.0258982380583221,-2.14666026980978,0.0325012913143343,**,0.710538654729126,4602,0.584562524509145,GTM,full
total_burned_areas_ha,L1_total_ba_ha_human,1.11695569390462,0.16523372966441,6.75985282286587,5.73007697435957e-11,***,921.038210898516,4602,0.891601207775221,GTM,full
total_burned_areas_ha,L1_total_ba_ha_nature,0.0696520553619421,0.105063988838538,0.662948895543866,0.507795934434883,"",921.038210898516,4602,0.88344516727297,GTM,full
average_burned_areas_ha,L1_average_ba_ha_human,-0.0824511816483944,0.0341429957225977,-2.41487836387549,0.0162481749735273,**,37.449308167961,4602,0.426951900353003,GTM,full
average_burned_areas_ha,L1_average_ba_ha_nature,-0.107892883097866,0.0408506067644143,-2.64115741829942,0.00862960160585945,***,37.449308167961,4602,0.431280096435429,GTM,full
total_counts_total,L1_total_counts_human,0.924220106061233,0.199815811933208,4.62536021108365,5.25655308414066e-06,***,7.00543242068666,4602,0.878520929419722,GTM,full
total_counts_total,L1_total_counts_nature,0.265801266596657,0.0965702847539676,2.75241257985145,0.00622138023614475,***,7.00543242068666,4602,0.873786206049529,GTM,full
average_counts_total,L1_average_counts_human,0.924220106061233,0.199815811933208,4.62536021108365,5.25655308414066e-06,***,7.00543242068666,4602,0.878520929419722,GTM,full
average_counts_total,L1_average_counts_nature,0.265801266596657,0.0965702847539676,2.75241257985145,0.00622138023614475,***,7.00543242068666,4602,0.873786206049529,GTM,full
total_burned_days_allfire,L1_total_burned_days_allfire,-0.30982979668132,0.0240380342570896,-12.8891486453366,2.70899404379407e-13,***,3.91246684350133,377,0.762021511457518,GTM,nature_subsample
total_burned_days_allfire,L1_total_burned_days_allfire,-0.0408446547979751,0.0338046687462743,-1.20825484504938,0.231015282970026,"",0.299024918743229,923,0.474204041010968,GTM,human_subsample
average_burned_days_allfire,L1_average_burned_days_allfire,-0.0962334650438875,0.0557073521241029,-1.72748230484016,0.0950980263316071,*,0.489739251219509,377,0.457416182437647,GTM,nature_subsample
average_burned_days_allfire,L1_average_burned_days_allfire,-0.0160323999302008,0.0694361481325587,-0.230894143200365,0.818070567830875,"",0.169501625135428,923,0.541489113034128,GTM,human_subsample
total_burned_areas_ha,L1_total_burned_areas_ha,-0.239449608677757,0.0321167398792699,-7.45560133369305,4.04002614655617e-08,***,243.154804737682,377,0.696885921962977,GTM,nature_subsample
total_burned_areas_ha,L1_total_burned_areas_ha,-0.078755670787678,0.0117358771327946,-6.71067615113351,4.18965741296168e-09,***,17.2171873840128,923,0.333650380258475,GTM,human_subsample
average_burned_areas_ha,L1_average_burned_areas_ha,0.00123804876587035,0.0684809854395184,0.0180787229903954,0.985704264512353,"",30.3676887096787,377,0.603105609569921,GTM,nature_subsample
average_burned_areas_ha,L1_average_burned_areas_ha,-0.0706094884692939,0.0166053798288673,-4.25220556211212,6.43120551387252e-05,***,8.48017690946635,923,0.360115764972672,GTM,human_subsample
total_counts_total,L1_total_counts_total,-0.253702839371136,0.0339221322411382,-7.47897678034118,3.80742082765197e-08,***,2.50132625994695,377,0.804162795150103,GTM,nature_subsample
total_counts_total,L1_total_counts_total,-0.0517553019831962,0.0430808108684584,-1.20135394250643,0.233662937257849,"",0.176598049837486,923,0.672206114985719,GTM,human_subsample
average_counts_total,L1_average_counts_total,-0.253702839371136,0.0339221322411382,-7.47897678034118,3.80742082765197e-08,***,2.50132625994695,377,0.804162795150103,GTM,nature_subsample
average_counts_total,L1_average_counts_total,-0.0517553019831962,0.0430808108684584,-1.20135394250643,0.233662937257849,"",0.176598049837486,923,0.672206114985719,GTM,human_subsample
total_burned_days_human,L1_total_burned_days_human,-0.127958588951731,0.0467723291164517,-2.73577543322988,0.012738537936201,**,0.00732600732600733,273,0.215928494257962,GUF,full
average_burned_days_human,L1_average_burned_days_human,-0.127958588951731,0.0467723291164517,-2.73577543322988,0.012738537936201,**,0.00732600732600733,273,0.215928494257962,GUF,full
total_ba_ha_human,L1_total_ba_ha_human,-0.400600167346066,0.0365635675926024,-10.9562658603127,6.66827406604558e-10,***,0.704573729942243,273,0.450111496521262,GUF,full
average_ba_ha_human,L1_average_ba_ha_human,-0.360984757151242,0.033015256055228,-10.9338772520009,6.90800954292133e-10,***,0.626287717714309,273,0.421392492182187,GUF,full
total_counts_human,L1_total_counts_human,-0.376677254889285,0.067912330188093,-5.5465223155504,1.98351384650552e-05,***,0.021978021978022,273,0.420117666306513,GUF,full
average_counts_human,L1_average_counts_human,-0.376677254889285,0.067912330188093,-5.5465223155504,1.98351384650552e-05,***,0.021978021978022,273,0.420117666306513,GUF,full
total_burned_days_nature,L1_total_burned_days_nature,-0.164686254739739,0.11298769245482,-1.45755923642384,0.160485940738005,"",0.897435897435896,273,0.395472370545055,GUF,full
average_burned_days_nature,L1_average_burned_days_nature,-0.135548789352425,0.0527033524915009,-2.57191967767676,0.0181974924340237,**,0.355372405372405,273,0.360793978911258,GUF,full
total_ba_ha_nature,L1_total_ba_ha_nature,-0.390139384020206,0.119441281239667,-3.26636971716139,0.0038630911360708,***,58.2454197451296,273,0.512117029318145,GUF,full
average_ba_ha_nature,L1_average_ba_ha_nature,-0.239517632866274,0.0917029987653337,-2.61188441044546,0.0166919943899195,**,20.8556181193175,273,0.468803329789666,GUF,full
total_counts_nature,L1_total_counts_nature,-0.308380713205811,0.114879802013246,-2.68437712984789,0.0142567426187655,**,0.487179487179487,273,0.554666762705877,GUF,full
average_counts_nature,L1_average_counts_nature,-0.308380713205811,0.114879802013246,-2.68437712984789,0.0142567426187655,**,0.487179487179487,273,0.554666762705877,GUF,full
total_burned_days_allfire,L1_total_burned_days_allfire,-0.165267249833993,0.112927103400842,-1.46348613270781,0.158874524989068,"",0.904761904761904,273,0.394300034816102,GUF,full
average_burned_days_allfire,L1_average_burned_days_allfire,-0.139563151962577,0.056679856309266,-2.46230602987187,0.0230084362629925,**,0.346092796092796,273,0.362015130799923,GUF,full
total_burned_areas_ha,L1_total_burned_areas_ha,-0.390148569244591,0.118711060225642,-3.28653933764058,0.00368855312584315,***,58.9499934750719,273,0.513143392289863,GUF,full
average_burned_areas_ha,L1_average_burned_areas_ha,-0.251905541282952,0.0974708281558137,-2.58441983154451,0.017713371243573,**,20.6612055248953,273,0.464423004115538,GUF,full
total_counts_total,L1_total_counts_total,-0.321886576457546,0.115400130501748,-2.78930860006845,0.0113214632032146,**,0.509157509157509,273,0.569019223632509,GUF,full
average_counts_total,L1_average_counts_total,-0.321886576457546,0.115400130501748,-2.78930860006845,0.0113214632032146,**,0.509157509157509,273,0.569019223632509,GUF,full
total_burned_days_allfire,L1_total_burned_days_human,-1.63275167583428,0.649012012524252,-2.51574954596586,0.0205306196651332,**,0.904761904761904,273,0.377535698961058,GUF,full
total_burned_days_allfire,L1_total_burned_days_nature,-0.163596353924467,0.113081437551172,-1.44671271843742,0.163469316124904,"",0.904761904761905,273,0.393775186359088,GUF,full
average_burned_days_allfire,L1_average_burned_days_human,-0.42304810622634,0.138926531613957,-3.04512105291658,0.00639139082343899,***,0.346092796092796,273,0.35128804633081,GUF,full
average_burned_days_allfire,L1_average_burned_days_nature,-0.129169803970886,0.0513241661252165,-2.51674432772562,0.0204869617588333,**,0.346092796092796,273,0.360559597835867,GUF,full
total_burned_areas_ha,L1_total_ba_ha_human,-0.475419948553568,3.93480956651037,-0.120824131515772,0.905035958962915,"",58.9499934750719,273,0.442949917655061,GUF,full
total_burned_areas_ha,L1_total_ba_ha_nature,-0.389887556978282,0.119972124443208,-3.24981789551326,0.00401232322996103,***,58.9499934750719,273,0.513018597159008,GUF,full
average_burned_areas_ha,L1_average_ba_ha_human,-0.375560303828545,0.833149681123213,-0.450771706858523,0.657003040296011,"",20.6612055248953,273,0.433615484829302,GUF,full
average_burned_areas_ha,L1_average_ba_ha_nature,-0.233535699711594,0.0868385964255262,-2.6893076273046,0.014103970927028,**,20.6612055248953,273,0.460143293019542,GUF,full
total_counts_total,L1_total_counts_human,-0.936978915632938,0.432569193437783,-2.16607869873125,0.042562834734153,**,0.509157509157509,273,0.514645875030532,GUF,full
total_counts_total,L1_total_counts_nature,-0.306794343112368,0.121074942829242,-2.53392102398146,0.0197467292258475,**,0.509157509157509,273,0.562250351987033,GUF,full
average_counts_total,L1_average_counts_human,-0.936978915632938,0.432569193437783,-2.16607869873125,0.042562834734153,**,0.509157509157509,273,0.514645875030532,GUF,full
average_counts_total,L1_average_counts_nature,-0.306794343112368,0.121074942829242,-2.53392102398146,0.0197467292258475,**,0.509157509157509,273,0.562250351987033,GUF,full
total_burned_days_human,L1_total_burned_days_human,-0.0838407139577259,0.000620670559041413,-135.080861717064,1.53791873754535e-128,***,0.00331564986737401,1508,0.210767643898957,GUY,full
average_burned_days_human,L1_average_burned_days_human,-0.0838407139577259,0.000620670559041413,-135.080861717064,1.53791873754535e-128,***,0.00331564986737401,1508,0.210767643898957,GUY,full
total_ba_ha_human,L1_total_ba_ha_human,-0.0413193221360805,0.0382243560514571,-1.08096842966974,0.281972822061769,"",0.269303333114005,1508,0.220949038448391,GUY,full
average_ba_ha_human,L1_average_ba_ha_human,-0.0413193221360805,0.0382243560514571,-1.08096842966974,0.281972822061769,"",0.269303333114005,1508,0.220949038448391,GUY,full
total_counts_human,L1_total_counts_human,-0.0241915667018542,0.0512298967714415,-0.472215800273484,0.637667610611248,"",0.00862068965517242,1508,0.285502615357358,GUY,full
average_counts_human,L1_average_counts_human,-0.0241915667018542,0.0512298967714415,-0.472215800273484,0.637667610611248,"",0.00862068965517242,1508,0.285502615357358,GUY,full
total_burned_days_nature,L1_total_burned_days_nature,-0.112649096705335,0.0540357386268611,-2.08471466418222,0.0393087154528735,**,16.1850132625995,1508,0.815468493769782,GUY,full
average_burned_days_nature,L1_average_burned_days_nature,-0.0429526599429879,0.0332654976317321,-1.29120749728437,0.199221177522773,"",1.27046950472805,1508,0.41616653197537,GUY,full
total_ba_ha_nature,L1_total_ba_ha_nature,-0.252825197197751,0.0662112404686485,-3.81846338187042,0.000218052655262927,***,1083.39311180581,1508,0.811051539692353,GUY,full
average_ba_ha_nature,L1_average_ba_ha_nature,-0.0196586135099249,0.0483378837336185,-0.406691646209834,0.684990370088085,"",77.5912182768119,1508,0.382750000709332,GUY,full
total_counts_nature,L1_total_counts_nature,-0.110422848044626,0.0807039000110586,-1.36824673937065,0.173902197708092,"",6.5948275862069,1508,0.846966590757944,GUY,full
average_counts_nature,L1_average_counts_nature,-0.110422848044626,0.0807039000110586,-1.36824673937065,0.173902197708092,"",6.5948275862069,1508,0.846966590757944,GUY,full
total_burned_days_allfire,L1_total_burned_days_allfire,-0.112676734823202,0.0540225319412027,-2.08573591007985,0.0392142467577124,**,16.1883289124668,1508,0.815464751265423,GUY,full
average_burned_days_allfire,L1_average_burned_days_allfire,-0.0395907762151536,0.0328897457794884,-1.20374223870846,0.231161173644655,"",1.26603290479968,1508,0.414553641102283,GUY,full
total_burned_areas_ha,L1_total_burned_areas_ha,-0.25282275411255,0.0662029647305575,-3.81890380803224,0.00021770776134688,***,1083.66241513892,1508,0.811044795774529,GUY,full
average_burned_areas_ha,L1_average_burned_areas_ha,-0.0174203508254755,0.0481942327622165,-0.361461316573396,0.718417862263339,"",77.3444905146918,1508,0.380621494627294,GUY,full
total_counts_total,L1_total_counts_total,-0.110687619015328,0.0806566116450582,-1.37233162610929,0.172630989977947,"",6.60344827586207,1508,0.846921999528042,GUY,full
average_counts_total,L1_average_counts_total,-0.110687619015328,0.0806566116450582,-1.37233162610929,0.172630989977947,"",6.60344827586207,1508,0.846921999528042,GUY,full
total_burned_days_allfire,L1_total_burned_days_human,-2.59177656710117,1.76783913235309,-1.46607036786847,0.145358169971542,"",16.1883289124668,1508,0.813338380958162,GUY,full
total_burned_days_allfire,L1_total_burned_days_nature,-0.11263341311579,0.0540350879520756,-2.08444951946199,0.0393332742208498,**,16.1883289124668,1508,0.8154626390222,GUY,full
average_burned_days_allfire,L1_average_burned_days_human,-0.960647396941874,0.283258899463288,-3.39141117459006,0.000953882246992525,***,1.26603290479968,1508,0.415025077382293,GUY,full
average_burned_days_allfire,L1_average_burned_days_nature,-0.0417320815079772,0.0329319130599744,-1.26722311673714,0.207635701931765,"",1.26603290479968,1508,0.414676491788953,GUY,full
total_burned_areas_ha,L1_total_ba_ha_human,-9.59358097668114,6.68286854702521,-1.43554835908774,0.153845280005954,"",1083.66241513892,1508,0.799837438364606,GUY,full
total_burned_areas_ha,L1_total_ba_ha_nature,-0.252821006882343,0.0662125581807948,-3.81832410389598,0.000218161830749101,***,1083.66241513892,1508,0.811043196484739,GUY,full
average_burned_areas_ha,L1_average_ba_ha_human,-2.37902742418506,1.02869580883125,-2.31266366963038,0.0225197582339877,**,77.3444905146918,1508,0.3815550551404,GUY,full
average_burned_areas_ha,L1_average_ba_ha_nature,-0.0184669946419779,0.0481591456173147,-0.38345768815588,0.702088402569467,"",77.3444905146918,1508,0.380654146194266,GUY,full
total_counts_total,L1_total_counts_human,-2.08451137511458,1.81180470947561,-1.15051658946063,0.252317904779891,"",6.60344827586207,1508,0.84498866537764,GUY,full
total_counts_total,L1_total_counts_nature,-0.110561029556775,0.0807076016041667,-1.3698961108896,0.17338806679316,"",6.60344827586207,1508,0.846916297984822,GUY,full
average_counts_total,L1_average_counts_human,-2.08451137511458,1.81180470947561,-1.15051658946063,0.252317904779891,"",6.60344827586207,1508,0.84498866537764,GUY,full
average_counts_total,L1_average_counts_nature,-0.110561029556775,0.0807076016041667,-1.3698961108896,0.17338806679316,"",6.60344827586207,1508,0.846916297984822,GUY,full
total_burned_days_human,L1_total_burned_days_human,0.129050868024782,0.0591827759546776,2.18054773442208,0.0300015207058479,**,1.1618482188952,3874,0.819004286780441,HND,full
average_burned_days_human,L1_average_burned_days_human,0.00215086252875734,0.107358370015512,0.0200344186340251,0.984029368497087,"",0.135911728761162,3874,0.56993491591362,HND,full
total_ba_ha_human,L1_total_ba_ha_human,0.198546449825025,0.0848187023836755,2.3408333804366,0.0199022517743477,**,47.7239456545497,3874,0.833389167640235,HND,full
average_ba_ha_human,L1_average_ba_ha_human,-0.0496088770947461,0.108085869156968,-0.458976529325044,0.646586737500281,"",5.94522186701433,3874,0.570817857336089,HND,full
total_counts_human,L1_total_counts_human,0.134969412328725,0.0988078073524437,1.36597922720109,0.172978928428877,"",0.391326794011358,3874,0.831553263956838,HND,full
average_counts_human,L1_average_counts_human,0.134969412328725,0.0988078073524437,1.36597922720109,0.172978928428877,"",0.391326794011358,3874,0.831553263956838,HND,full
total_burned_days_nature,L1_total_burned_days_nature,-0.347614673951929,0.0415376798903654,-8.3686588868089,2.31369177117193e-15,***,17.0185854414042,3874,0.852750865360283,HND,full
average_burned_days_nature,L1_average_burned_days_nature,-0.105508754511334,0.0198300344965436,-5.32065410827827,2.0397519929229e-07,***,1.05253513981663,3874,0.417583476811434,HND,full
total_ba_ha_nature,L1_total_ba_ha_nature,-0.280826625399061,0.0514653585599788,-5.45661457059082,1.02423905023917e-07,***,1270.091698337,3874,0.831148841056801,HND,full
average_ba_ha_nature,L1_average_ba_ha_nature,-0.0858857815700544,0.022250430606773,-3.85996042449223,0.00013917581562219,***,66.5872147620092,3874,0.402124784496525,HND,full
total_counts_nature,L1_total_counts_nature,-0.397162439802695,0.0275711927763274,-14.4049785232251,4.8425524873332e-36,***,7.96799173980382,3874,0.835908270699623,HND,full
average_counts_nature,L1_average_counts_nature,-0.397162439802695,0.0275711927763274,-14.4049785232251,4.8425524873332e-36,***,7.96799173980382,3874,0.835908270699623,HND,full
total_burned_days_allfire,L1_total_burned_days_allfire,-0.341293260564759,0.0423064595370277,-8.06716667619162,1.79261820253321e-14,***,18.1848218895199,3874,0.851657972768628,HND,full
average_burned_days_allfire,L1_average_burned_days_allfire,-0.0965581302321449,0.0195874024431953,-4.92960363234326,1.3724520134038e-06,***,1.07546574527269,3874,0.417996341641835,HND,full
total_burned_areas_ha,L1_total_burned_areas_ha,-0.279952579487821,0.0517038745916599,-5.41453772466366,1.26941803197104e-07,***,1318.02546165259,3874,0.831036388551571,HND,full
average_burned_areas_ha,L1_average_burned_areas_ha,-0.0830685817009108,0.022497085086765,-3.69241532316469,0.000264288080856001,***,67.895706025958,3874,0.400458910889571,HND,full
total_counts_total,L1_total_counts_total,-0.396547533190434,0.0272253098154669,-14.5654002058464,1.23286079978574e-36,***,8.35983479607641,3874,0.835165374294914,HND,full
average_counts_total,L1_average_counts_total,-0.396547533190434,0.0272253098154669,-14.5654002058464,1.23286079978574e-36,***,8.35983479607641,3874,0.835165374294914,HND,full
total_burned_days_allfire,L1_total_burned_days_human,-0.105091513694208,0.192994688207186,-0.544530601699195,0.586484996879292,"",18.1848218895199,3874,0.833380310672539,HND,full
total_burned_days_allfire,L1_total_burned_days_nature,-0.347751160300743,0.0413653765896373,-8.40681722181783,1.77983685664093e-15,***,18.1848218895199,3874,0.851940596647052,HND,full
average_burned_days_allfire,L1_average_burned_days_human,-0.0618326082110804,0.0380532503879156,-1.62489689003587,0.105245220222026,"",1.07546574527269,3874,0.412716444140794,HND,full
average_burned_days_allfire,L1_average_burned_days_nature,-0.0839855742957438,0.0196374178287774,-4.27681353159723,2.55882483925558e-05,***,1.07546574527269,3874,0.416950724899782,HND,full
total_burned_areas_ha,L1_total_ba_ha_human,-0.17610667773757,0.28657800256142,-0.614515685654646,0.539345083324592,"",1318.02546165259,3874,0.818177581585355,HND,full
total_burned_areas_ha,L1_total_ba_ha_nature,-0.280571651685808,0.0515025887127746,-5.44771940009718,1.07189077757678e-07,***,1318.02546165259,3874,0.831049177861764,HND,full
average_burned_areas_ha,L1_average_ba_ha_human,-0.129920853562745,0.0603626447228606,-2.15233865512758,0.0321762468649732,**,67.895706025958,3874,0.396279037123022,HND,full
average_burned_areas_ha,L1_average_ba_ha_nature,-0.0812061480923581,0.022164767963427,-3.66374907359068,0.000294262737904882,***,67.895706025958,3874,0.40031150146505,HND,full
total_counts_total,L1_total_counts_human,-0.626573540259982,0.696847219651796,-0.899154825605921,0.36929860572613,"",8.35983479607641,3874,0.804494301719966,HND,full
total_counts_total,L1_total_counts_nature,-0.400106022902216,0.0269852410767216,-14.8268463403635,1.31950021552698e-37,***,8.35983479607641,3874,0.835248829714515,HND,full
average_counts_total,L1_average_counts_human,-0.626573540259982,0.696847219651796,-0.899154825605921,0.36929860572613,"",8.35983479607641,3874,0.804494301719966,HND,full
average_counts_total,L1_average_counts_nature,-0.400106022902216,0.0269852410767216,-14.8268463403635,1.31950021552698e-37,***,8.35983479607641,3874,0.835248829714515,HND,full
total_burned_days_allfire,L1_total_burned_days_allfire,-0.365351126191718,0.0966859261272293,-3.77874154828855,0.00110133672519233,***,64.5349650349651,286,0.948643689572697,HND,nature_subsample
total_burned_days_allfire,L1_total_burned_days_allfire,0.2156849145257,0.131089113187784,1.64533048764113,0.151003666168285,"",36.7252747252747,91,0.892610393148892,HND,human_subsample
average_burned_days_allfire,L1_average_burned_days_allfire,-0.0843214073945545,0.0983448810252828,-0.857405149261169,0.400900551236852,"",1.0698453118136,286,0.475991560149197,HND,nature_subsample
average_burned_days_allfire,L1_average_burned_days_allfire,0.202676439712463,0.109381513706259,1.85293138524984,0.113328727873836,"",2.64097834654797,91,0.773959248789672,HND,human_subsample
total_burned_areas_ha,L1_total_burned_areas_ha,-0.387756703176424,0.0663337060387324,-5.84554559562844,8.39666755005471e-06,***,5890.31571286643,286,0.941815913848528,HND,nature_subsample
total_burned_areas_ha,L1_total_burned_areas_ha,0.164455894210719,0.187968881138639,0.874910215002146,0.415267658645508,"",1622.9843549177,91,0.873135543494785,HND,human_subsample
average_burned_areas_ha,L1_average_burned_areas_ha,0.0207802458015067,0.146157933769949,0.142176652785846,0.888295697786012,"",85.6712622596422,286,0.441978157373475,HND,nature_subsample
average_burned_areas_ha,L1_average_burned_areas_ha,0.110516104604545,0.0964327730851788,1.14604300041155,0.295419629667565,"",114.56550931528,91,0.764863951180559,HND,human_subsample
total_counts_total,L1_total_counts_total,-0.363350016905375,0.129965056512742,-2.7957516170491,0.0108323233724136,**,27.8566433566434,286,0.944154184938028,HND,nature_subsample
total_counts_total,L1_total_counts_total,0.0587463832522855,0.246905390813361,0.237930743669719,0.819851797690903,"",11.3736263736264,91,0.901315851479401,HND,human_subsample
average_counts_total,L1_average_counts_total,-0.363350016905375,0.129965056512742,-2.7957516170491,0.0108323233724136,**,27.8566433566434,286,0.944154184938028,HND,nature_subsample
average_counts_total,L1_average_counts_total,0.0587463832522855,0.246905390813361,0.237930743669719,0.819851797690903,"",11.3736263736264,91,0.901315851479401,HND,human_subsample
total_burned_days_human,L1_total_burned_days_human,0.0253481085929058,0.0401858437916879,0.630772087909942,0.528448741806653,"",0.0418450490263776,7241,0.216407569489628,HRV,full
average_burned_days_human,L1_average_burned_days_human,-0.0404034714405723,0.0309550879391686,-1.30522877272942,0.192354838299906,"",0.0252266086197864,7241,0.19059954786082,HRV,full
total_ba_ha_human,L1_total_ba_ha_human,-0.0791750802698054,0.00633905599483979,-12.4900427341637,9.93821799071701e-32,***,5.64096949332218,7241,0.173777836915881,HRV,full
average_ba_ha_human,L1_average_ba_ha_human,-0.0864287828934576,0.00335514559154323,-25.7600692832241,6.68237194453521e-97,***,4.49987015249216,7241,0.171727168604226,HRV,full
total_counts_human,L1_total_counts_human,-0.0252789393258232,0.0212421679680694,-1.19003575170961,0.234540224531114,"",0.0214058831653087,7241,0.284813202936673,HRV,full
average_counts_human,L1_average_counts_human,-0.0252789393258232,0.0212421679680694,-1.19003575170961,0.234540224531114,"",0.0214058831653087,7241,0.284813202936673,HRV,full
total_burned_days_nature,L1_total_burned_days_nature,-0.182038671565167,0.0349292309782238,-5.21164269773521,2.64235641782541e-07,***,0.248860654605717,7241,0.442548205605929,HRV,full
average_burned_days_nature,L1_average_burned_days_nature,-0.0823475498187284,0.0184050918961639,-4.4741721629704,9.3069233653616e-06,***,0.120591713983511,7241,0.279625509418612,HRV,full
total_ba_ha_nature,L1_total_ba_ha_nature,-0.151232915588755,0.028710712110494,-5.26747351325635,1.98062882937696e-07,***,43.5899092526898,7241,0.281894768128113,HRV,full
average_ba_ha_nature,L1_average_ba_ha_nature,-0.104996344871122,0.022257565385937,-4.71733287313901,3.02617770193443e-06,***,23.0886809021353,7241,0.209864398846426,HRV,full
total_counts_nature,L1_total_counts_nature,-0.0994649537927865,0.0228114549366969,-4.36030731353206,1.54783121876779e-05,***,0.0959812180638034,7241,0.513022097124325,HRV,full
average_counts_nature,L1_average_counts_nature,-0.0994649537927865,0.0228114549366969,-4.36030731353206,1.54783121876779e-05,***,0.0959812180638034,7241,0.513022097124325,HRV,full
total_burned_days_allfire,L1_total_burned_days_allfire,-0.163023980366008,0.0354232709965779,-4.60217184296044,5.18444294439365e-06,***,0.290705703632095,7241,0.431427799294577,HRV,full
average_burned_days_allfire,L1_average_burned_days_allfire,-0.0842891286284456,0.015867138400088,-5.31218210260132,1.56943480992567e-07,***,0.142265232964031,7241,0.284328222517951,HRV,full
total_burned_areas_ha,L1_total_burned_areas_ha,-0.147131135171048,0.0273677467840528,-5.3760777725692,1.12218507611091e-07,***,49.2308787460119,7241,0.293259496231032,HRV,full
average_burned_areas_ha,L1_average_burned_areas_ha,-0.101898924443666,0.0175494020319301,-5.80640435829476,1.07403960201782e-08,***,27.4152166119707,7241,0.22032818425899,HRV,full
total_counts_total,L1_total_counts_total,-0.0952626880113516,0.0205571273227477,-4.63404669902188,4.47176307185259e-06,***,0.117387101229112,7241,0.509041881905187,HRV,full
average_counts_total,L1_average_counts_total,-0.0952626880113516,0.0205571273227477,-4.63404669902188,4.47176307185259e-06,***,0.117387101229112,7241,0.509041881905187,HRV,full
total_burned_days_allfire,L1_total_burned_days_human,0.0318049542910417,0.0407130577168317,0.781197877895886,0.435018616738774,"",0.290705703632095,7241,0.414561733617039,HRV,full
total_burned_days_allfire,L1_total_burned_days_nature,-0.182106417779157,0.0350871269400077,-5.1901205274095,2.95086482047134e-07,***,0.290705703632095,7241,0.433776364824516,HRV,full
average_burned_days_allfire,L1_average_burned_days_human,-0.0417547212755843,0.0320170821598349,-1.30413886771872,0.192725865986965,"",0.142265232964031,7241,0.279058337699923,HRV,full
average_burned_days_allfire,L1_average_burned_days_nature,-0.0880255580620166,0.0173693102558638,-5.06787873354382,5.48474090421315e-07,***,0.142265232964031,7241,0.284138681858629,HRV,full
total_burned_areas_ha,L1_total_ba_ha_human,-0.0594826253999375,0.0183724560853979,-3.2375979087093,0.00127723589292144,***,49.2308787460119,7241,0.277494686421267,HRV,full
total_burned_areas_ha,L1_total_ba_ha_nature,-0.149290243619972,0.028481387597719,-5.24167732726364,2.26352471327805e-07,***,49.2308787460119,7241,0.293053652441729,HRV,full
average_burned_areas_ha,L1_average_ba_ha_human,-0.0815367927055587,0.0138735351195907,-5.87714609165631,7.19845167981567e-09,***,27.4152166119707,7241,0.213071425661415,HRV,full
average_burned_areas_ha,L1_average_ba_ha_nature,-0.102978424338671,0.0215304018702467,-4.78293089740138,2.21576228138708e-06,***,27.4152166119707,7241,0.21924381144547,HRV,full
total_counts_total,L1_total_counts_human,-0.0318086057187707,0.0276007075221382,-1.15245617139551,0.249628923182394,"",0.117387101229112,7241,0.504103588233501,HRV,full
total_counts_total,L1_total_counts_nature,-0.103726670516049,0.0230117518000672,-4.50755211586047,8.00068954713207e-06,***,0.117387101229112,7241,0.509217367525995,HRV,full
average_counts_total,L1_average_counts_human,-0.0318086057187707,0.0276007075221382,-1.15245617139551,0.249628923182394,"",0.117387101229112,7241,0.504103588233501,HRV,full
average_counts_total,L1_average_counts_nature,-0.103726670516049,0.0230117518000672,-4.50755211586047,8.00068954713207e-06,***,0.117387101229112,7241,0.509217367525995,HRV,full
total_burned_days_allfire,L1_total_burned_days_allfire,-0.29562592387636,0.0338075252803814,-8.74438224698787,4.46965688729311e-09,***,0.979289940828403,338,0.743088047185574,HRV,nature_subsample
total_burned_days_allfire,L1_total_burned_days_allfire,-0.0558325966929342,0.0602081213568637,-0.92732667013483,0.354688568900537,"",0.118416852856687,3133,0.381389810923261,HRV,human_subsample
average_burned_days_allfire,L1_average_burned_days_allfire,-0.142235631083518,0.043748696836193,-3.25119698116008,0.00327687522574051,***,0.22520572786845,338,0.522062304257752,HRV,nature_subsample
average_burned_days_allfire,L1_average_burned_days_allfire,-0.0855398623899995,0.0408384987062453,-2.09458880957635,0.0372564759449553,**,0.0762669787566053,3133,0.422484586916313,HRV,human_subsample
total_burned_areas_ha,L1_total_burned_areas_ha,-0.317724529215809,0.035437017360654,-8.96589365809835,2.76663402430509e-09,***,107.295589085222,338,0.746939545888914,HRV,nature_subsample
total_burned_areas_ha,L1_total_burned_areas_ha,-0.0701598332689633,0.0150254180351568,-4.66940973654121,5.02941751272347e-06,***,14.5335259899526,3133,0.495445458223259,HRV,human_subsample
average_burned_areas_ha,L1_average_burned_areas_ha,-0.154646987208796,0.0561319096037517,-2.755063711541,0.0107860262271062,**,24.5074082739247,338,0.500966044852023,HRV,nature_subsample
average_burned_areas_ha,L1_average_burned_areas_ha,-0.0759638590655278,0.0137774797365071,-5.51362517080981,9.06379853688628e-08,***,11.9210215133878,3133,0.509750459899982,HRV,human_subsample
total_counts_total,L1_total_counts_total,-0.124214712494391,0.0307415908628245,-4.0406078217833,0.000446347610133242,***,0.520710059171598,338,0.72311060776079,HRV,nature_subsample
total_counts_total,L1_total_counts_total,-0.0588473502414409,0.0251642768774489,-2.33852737068623,0.0201817696371534,**,0.052665177146505,3133,0.396561699832683,HRV,human_subsample
average_counts_total,L1_average_counts_total,-0.124214712494391,0.0307415908628245,-4.0406078217833,0.000446347610133242,***,0.520710059171598,338,0.72311060776079,HRV,nature_subsample
average_counts_total,L1_average_counts_total,-0.0588473502414409,0.0251642768774489,-2.33852737068623,0.0201817696371534,**,0.052665177146505,3133,0.396561699832683,HRV,human_subsample
total_burned_days_human,L1_total_burned_days_human,-0.0705501875389917,0.0441718164312031,-1.59717650843887,0.118097399686603,"",0.0225140712945592,533,0.355117262014442,HTI,full
average_burned_days_human,L1_average_burned_days_human,-0.13632895780481,0.0732054064055752,-1.86227991208075,0.0699207398118938,*,0.0162601626016261,533,0.48022974859657,HTI,full
total_ba_ha_human,L1_total_ba_ha_human,-0.0960877782971714,0.0554598978216559,-1.73256320460892,0.0908784416249057,*,1.84684092318563,533,0.47137313176835,HTI,full
average_ba_ha_human,L1_average_ba_ha_human,-0.140571276043579,0.0452754632456154,-3.10480039223435,0.00349110532815346,***,1.60595316624916,533,0.518046729885201,HTI,full
total_counts_human,L1_total_counts_human,0.0116151246733491,0.035224969319914,0.32974122895212,0.743316135324083,"",0.0150093808630394,533,0.402756468248455,HTI,full
average_counts_human,L1_average_counts_human,0.0116151246733491,0.035224969319914,0.32974122895212,0.743316135324083,"",0.0150093808630394,533,0.402756468248455,HTI,full
total_burned_days_nature,L1_total_burned_days_nature,-0.0491444886048586,0.15053431033624,-0.326467025989539,0.745773121972127,"",1.09193245778612,533,0.528794930677674,HTI,full
average_burned_days_nature,L1_average_burned_days_nature,-0.18365792922404,0.0570485332198988,-3.21932780490804,0.00255095321968609,***,0.371876768218232,533,0.440948558480048,HTI,full
total_ba_ha_nature,L1_total_ba_ha_nature,0.163367429101117,0.120567905741918,1.35498272194272,0.18302646295699,"",62.5551293479001,533,0.56053999083382,HTI,full
average_ba_ha_nature,L1_average_ba_ha_nature,-0.118433642859056,0.0507997656801396,-2.3313816761434,0.0248572359234558,**,20.4707894259534,533,0.442713334066208,HTI,full
total_counts_nature,L1_total_counts_nature,0.221000322621349,0.111658799598047,1.97924680738923,0.0547000723737203,*,0.581613508442777,533,0.681562866661403,HTI,full
average_counts_nature,L1_average_counts_nature,0.221000322621349,0.111658799598047,1.97924680738923,0.0547000723737203,*,0.581613508442777,533,0.681562866661403,HTI,full
total_burned_days_allfire,L1_total_burned_days_allfire,-0.0549047542779313,0.148178652207539,-0.370530798195085,0.712942037739213,"",1.11444652908068,533,0.527737400416305,HTI,full
average_burned_days_allfire,L1_average_burned_days_allfire,-0.183246340123814,0.0544253174804763,-3.36693194650722,0.00168974118189633,***,0.386260758211978,533,0.440780328794774,HTI,full
total_burned_areas_ha,L1_total_burned_areas_ha,0.14353110918677,0.128977814862657,1.11283564029682,0.272422277065163,"",64.4019702710858,533,0.560959962102575,HTI,full
average_burned_areas_ha,L1_average_burned_areas_ha,-0.118677112172944,0.0413812290032291,-2.86789723339737,0.00656481620968822,***,21.7287851947334,533,0.446480833486617,HTI,full
total_counts_total,L1_total_counts_total,0.205955582882455,0.112746834345177,1.82670834244372,0.0752128377430638,*,0.596622889305816,533,0.680228980325643,HTI,full
average_counts_total,L1_average_counts_total,0.205955582882455,0.112746834345177,1.82670834244372,0.0752128377430638,*,0.596622889305816,533,0.680228980325643,HTI,full
total_burned_days_allfire,L1_total_burned_days_human,-0.256891187288124,0.185860306332187,-1.38217348479445,0.174588464307094,"",1.11444652908068,533,0.527223088692819,HTI,full
total_burned_days_allfire,L1_total_burned_days_nature,-0.0500759834503016,0.151084262523118,-0.331444073750827,0.742039377468626,"",1.11444652908068,533,0.527543546819381,HTI,full
average_burned_days_allfire,L1_average_burned_days_human,-0.152609187123041,0.125698526923256,-1.21408890667601,0.231833398994422,"",0.386260758211978,533,0.424503633238147,HTI,full
average_burned_days_allfire,L1_average_burned_days_nature,-0.18326432934389,0.0560921042252459,-3.26720368000398,0.002233954138257,***,0.386260758211977,533,0.440187601970248,HTI,full
total_burned_areas_ha,L1_total_ba_ha_human,-0.724235050119408,0.428642060048173,-1.68960332552996,0.0988848424398515,*,64.4019702710858,533,0.558213111708186,HTI,full
total_burned_areas_ha,L1_total_ba_ha_nature,0.159626967463634,0.122861842565863,1.29923956966592,0.201300784121144,"",64.4019702710858,533,0.562247335162544,HTI,full
average_burned_areas_ha,L1_average_ba_ha_human,-0.132054685979653,0.122783447815074,-1.07550885994456,0.288591605420336,"",21.7287851947334,533,0.441601006526479,HTI,full
average_burned_areas_ha,L1_average_ba_ha_nature,-0.121477049376431,0.0494240775512232,-2.45785162607297,0.0184060268193272,**,21.7287851947334,533,0.446433614849532,HTI,full
total_counts_total,L1_total_counts_human,-0.397653154960413,0.334042184228645,-1.19042795711163,0.240895370296134,"",0.596622889305816,533,0.670306826299441,HTI,full
total_counts_total,L1_total_counts_nature,0.220143449914043,0.113677509196797,1.93656116737158,0.0598859161157484,*,0.596622889305816,533,0.681603538197875,HTI,full
average_counts_total,L1_average_counts_human,-0.397653154960413,0.334042184228645,-1.19042795711163,0.240895370296134,"",0.596622889305816,533,0.670306826299441,HTI,full
average_counts_total,L1_average_counts_nature,0.220143449914043,0.113677509196797,1.93656116737158,0.0598859161157484,*,0.596622889305816,533,0.681603538197875,HTI,full
total_burned_days_human,L1_total_burned_days_human,-0.0397351873960583,0.0391454885637728,-1.01506428592211,0.31154354520867,"",0.459249084249084,2184,0.371660388214674,HUN,full
average_burned_days_human,L1_average_burned_days_human,0.0109586551042439,0.0331495216739283,0.330582601222352,0.741374170576511,"",0.167509119772169,2184,0.305412860694793,HUN,full
total_ba_ha_human,L1_total_ba_ha_human,-0.0894973834075648,0.0278833582910376,-3.20970603588778,0.00159353867198709,***,33.5019727550674,2184,0.408270632151811,HUN,full
average_ba_ha_human,L1_average_ba_ha_human,-0.0358666391882214,0.0196383466512244,-1.82635737240055,0.0695821720572459,*,12.3479075355893,2184,0.283045279365686,HUN,full
total_counts_human,L1_total_counts_human,-0.0321282195740407,0.0559041913854668,-0.574701445058249,0.566266614453187,"",0.278846153846154,2184,0.409907022511869,HUN,full
average_counts_human,L1_average_counts_human,-0.0321282195740407,0.0559041913854668,-0.574701445058249,0.566266614453187,"",0.278846153846154,2184,0.409907022511869,HUN,full
total_burned_days_nature,L1_total_burned_days_nature,-0.0771773772510019,0.0300149910370669,-2.57129436273001,0.0110037472322134,**,0.181776556776557,2184,0.283134774351343,HUN,full
average_burned_days_nature,L1_average_burned_days_nature,-0.0637431865890404,0.0383461038909134,-1.66231194622474,0.0983260860897117,*,0.102990181115181,2184,0.250807542622223,HUN,full
total_ba_ha_nature,L1_total_ba_ha_nature,-0.110574861396893,0.0168522601901194,-6.5614261914686,6.41387606560165e-10,***,11.4730146534319,2184,0.270123938252679,HUN,full
average_ba_ha_nature,L1_average_ba_ha_nature,-0.115156377120408,0.0215060052287838,-5.35461495035266,2.80090312996977e-07,***,6.19422422714477,2184,0.252542792916672,HUN,full
total_counts_nature,L1_total_counts_nature,-0.114230023443781,0.0205330230742426,-5.56323455298092,1.03391762644926e-07,***,0.0961538461538462,2184,0.336284159936495,HUN,full
average_counts_nature,L1_average_counts_nature,-0.114230023443781,0.0205330230742426,-5.56323455298092,1.03391762644926e-07,***,0.0961538461538462,2184,0.336284159936495,HUN,full
total_burned_days_allfire,L1_total_burned_days_allfire,-0.0625538179414787,0.0318838293402216,-1.96192926746621,0.0514328385997865,*,0.641025641025641,2184,0.387334853878329,HUN,full
average_burned_days_allfire,L1_average_burned_days_allfire,-0.010741499709997,0.0325228657673212,-0.330275314200325,0.74160590529983,"",0.232818554690121,2184,0.29032598882871,HUN,full
total_burned_areas_ha,L1_total_burned_areas_ha,-0.0992182786245245,0.0228734797233029,-4.33769937170703,2.4846042376458e-05,***,44.9749874084993,2184,0.431204648321314,HUN,full
average_burned_areas_ha,L1_average_burned_areas_ha,-0.0473906920250423,0.0201977522249725,-2.3463349533741,0.0201328060703753,**,16.1717303098018,2184,0.292184260292896,HUN,full
total_counts_total,L1_total_counts_total,-0.0507975092598748,0.0444424068979042,-1.1429963587834,0.25467603370429,"",0.375,2184,0.434994574462119,HUN,full
average_counts_total,L1_average_counts_total,-0.0507975092598748,0.0444424068979042,-1.1429963587834,0.25467603370429,"",0.375,2184,0.434994574462119,HUN,full
total_burned_days_allfire,L1_total_burned_days_human,-0.0556729108672718,0.0398322438418414,-1.39768452634322,0.164061701445769,"",0.641025641025641,2184,0.386375156438044,HUN,full
total_burned_days_allfire,L1_total_burned_days_nature,-0.0977355883918582,0.0452550495266494,-2.15966150549243,0.0322252680154518,**,0.641025641025641,2184,0.385973758623615,HUN,full
average_burned_days_allfire,L1_average_burned_days_human,0.0074101691966979,0.0350650139233559,0.211326572203703,0.832890115081367,"",0.232818554690121,2184,0.290273550952685,HUN,full
average_burned_days_allfire,L1_average_burned_days_nature,-0.064714380637967,0.0354205536461451,-1.82702905449955,0.0694806120117289,*,0.232818554690121,2184,0.291708123939302,HUN,full
total_burned_areas_ha,L1_total_ba_ha_human,-0.099736065945421,0.0269228237501777,-3.7045172850698,0.00028759390004748,***,44.9749874084993,2184,0.430063443436547,HUN,full
total_burned_areas_ha,L1_total_ba_ha_nature,-0.0948152433698098,0.0335126813423989,-2.8292347723861,0.00523803189153162,***,44.9749874084993,2184,0.426430570270258,HUN,full
average_burned_areas_ha,L1_average_ba_ha_human,-0.0302976882789082,0.0196778520191413,-1.53968473029661,0.125529868163829,"",16.1717303098018,2184,0.291156962656821,HUN,full
average_burned_areas_ha,L1_average_ba_ha_nature,-0.0857386351592805,0.0276179115042288,-3.10445759615648,0.00223968731967002,***,16.1717303098018,2184,0.292430105032427,HUN,full
total_counts_total,L1_total_counts_human,-0.0459690845668006,0.0539018774201112,-0.852829006465166,0.394975612197469,"",0.375,2184,0.434450511463864,HUN,full
total_counts_total,L1_total_counts_nature,-0.10375228184992,0.0617962174307808,-1.67894227451924,0.0950333847664883,*,0.375,2184,0.434363273427976,HUN,full
average_counts_total,L1_average_counts_human,-0.0459690845668006,0.0539018774201112,-0.852829006465166,0.394975612197469,"",0.375,2184,0.434450511463864,HUN,full
average_counts_total,L1_average_counts_nature,-0.10375228184992,0.0617962174307808,-1.67894227451924,0.0950333847664883,*,0.375,2184,0.434363273427976,HUN,full
total_burned_days_human,L1_total_burned_days_human,-0.0128885272829626,0.0319546834481742,-0.403337661093276,0.686872260481203,"",13.5591893136803,6513,0.620922997321742,IDN,full
average_burned_days_human,L1_average_burned_days_human,-0.0343135373704979,0.0226826433357662,-1.51276625314617,0.130970836229832,"",0.347992693906174,6513,0.413932731244577,IDN,full
total_ba_ha_human,L1_total_ba_ha_human,-0.0584106973575379,0.0253352822200371,-2.30550805987636,0.0215465761031426,**,840.911202150412,6513,0.588836532634642,IDN,full
average_ba_ha_human,L1_average_ba_ha_human,-0.0510358047517756,0.0177270195226298,-2.87898395365474,0.00416052401965557,***,17.9053316688663,6513,0.404209005150817,IDN,full
total_counts_human,L1_total_counts_human,0.0438353704605443,0.0388339020436675,1.12879129198124,0.259527180473769,"",6.87025948103792,6513,0.619355198692653,IDN,full
average_counts_human,L1_average_counts_human,0.0438353704605443,0.0388339020436675,1.12879129198124,0.259527180473769,"",6.87025948103792,6513,0.619355198692653,IDN,full
total_burned_days_nature,L1_total_burned_days_nature,0.0471335674737529,0.0236298821183313,1.994659441707,0.0466224534958553,**,16.4483341010287,6513,0.787312461527573,IDN,full
average_burned_days_nature,L1_average_burned_days_nature,-0.126509217831148,0.014584234365614,-8.67438184684041,5.85681994365084e-17,***,0.61256606604321,6513,0.403843303389708,IDN,full
total_ba_ha_nature,L1_total_ba_ha_nature,0.0851131179231087,0.0322574554402342,2.6385564751319,0.00858563438400686,***,1164.04479955982,6513,0.754665176913826,IDN,full
average_ba_ha_nature,L1_average_ba_ha_nature,-0.140160034114108,0.0210188010014296,-6.66831728910582,6.86576644530031e-11,***,40.5819279338167,6513,0.397448504504006,IDN,full
total_counts_nature,L1_total_counts_nature,0.0173312095041262,0.0180608410341539,0.959601464369904,0.337719623654263,"",7.79318286503915,6513,0.790955544869979,IDN,full
average_counts_nature,L1_average_counts_nature,0.0173312095041262,0.0180608410341539,0.959601464369904,0.337719623654263,"",7.79318286503915,6513,0.790955544869979,IDN,full
total_burned_days_allfire,L1_total_burned_days_allfire,-0.0218268425311586,0.0360499037202361,-0.605461881411528,0.545146859318872,"",30.0132043605098,6513,0.762033309970586,IDN,full
average_burned_days_allfire,L1_average_burned_days_allfire,-0.117188454870756,0.0155804190922584,-7.5215213516936,2.53086342154938e-13,***,0.734567166397997,6513,0.392533299048437,IDN,full
total_burned_areas_ha,L1_total_burned_areas_ha,-0.00506038339989974,0.0555409611651763,-0.0911108359261265,0.927441011327202,"",2005.45813466494,6513,0.743231029405363,IDN,full
average_burned_areas_ha,L1_average_burned_areas_ha,-0.136779861300825,0.0221551108224819,-6.1737385290814,1.38087086479989e-09,***,45.4032749727429,6513,0.389479717128787,IDN,full
total_counts_total,L1_total_counts_total,-0.0148448430777772,0.0273403359350521,-0.542964911369108,0.587395914571895,"",14.6642100414556,6513,0.756071293532048,IDN,full
average_counts_total,L1_average_counts_total,-0.0148448430777772,0.0273403359350521,-0.542964911369108,0.587395914571895,"",14.6642100414556,6513,0.756071293532048,IDN,full
total_burned_days_allfire,L1_total_burned_days_human,-0.0717067008897626,0.0488460375729486,-1.46801469377476,0.142729006817808,"",30.0132043605098,6513,0.762462967265904,IDN,full
total_burned_days_allfire,L1_total_burned_days_nature,0.000398981128237511,0.0423451124798819,0.00942212937625483,0.992486097783372,"",30.0132043605098,6513,0.761845849294351,IDN,full
average_burned_days_allfire,L1_average_burned_days_human,-0.0504188471084172,0.0214758921453713,-2.3476951163253,0.0192788697749992,**,0.734567166397997,6513,0.385064504654288,IDN,full
average_burned_days_allfire,L1_average_burned_days_nature,-0.127121713418615,0.0145051192408035,-8.76392060680317,2.94845963911945e-17,***,0.734567166397997,6513,0.393254659091748,IDN,full
total_burned_areas_ha,L1_total_ba_ha_human,-0.138626662895445,0.0341669380548988,-4.05733351559634,5.75802145822601e-05,***,2005.45813466494,6513,0.74537473785487,IDN,full
total_burned_areas_ha,L1_total_ba_ha_nature,0.0523977086543567,0.0473487455856014,1.10663351280611,0.268984540684448,"",2005.45813466494,6513,0.743919361177864,IDN,full
average_burned_areas_ha,L1_average_ba_ha_human,-0.0560966487574212,0.0157571008068237,-3.56008693763819,0.000406133096567734,***,45.4032749727429,6513,0.379189731188327,IDN,full
average_burned_areas_ha,L1_average_ba_ha_nature,-0.135378802913496,0.0203115580180977,-6.66511169615213,7.00480248098933e-11,***,45.4032749727429,6513,0.389867978309758,IDN,full
total_counts_total,L1_total_counts_human,0.0160681673400854,0.0514877987049186,0.3120771861344,0.755111961390135,"",14.6642100414556,6513,0.756019653933428,IDN,full
total_counts_total,L1_total_counts_nature,-0.0444462853265378,0.0361128630051356,-1.230760499942,0.218991108796747,"",14.6642100414556,6513,0.756332025255754,IDN,full
average_counts_total,L1_average_counts_human,0.0160681673400854,0.0514877987049186,0.3120771861344,0.755111961390135,"",14.6642100414556,6513,0.756019653933428,IDN,full
average_counts_total,L1_average_counts_nature,-0.0444462853265378,0.0361128630051356,-1.230760499942,0.218991108796747,"",14.6642100414556,6513,0.756332025255754,IDN,full
total_burned_days_allfire,L1_total_burned_days_allfire,0.0635958083458965,0.019499932090129,3.26133486270391,0.00169599678804569,***,33.8050579557429,949,0.910983993371349,IDN,nature_subsample
total_burned_days_allfire,L1_total_burned_days_allfire,-0.0362480096691046,0.0306514376531491,-1.18258758624265,0.238435020857104,"",28.3208449581507,2509,0.749771702855014,IDN,human_subsample
average_burned_days_allfire,L1_average_burned_days_allfire,-0.0654986209932858,0.0530843004665711,-1.23386049015626,0.221267416320712,"",0.558397400433061,949,0.615737894077295,IDN,nature_subsample
average_burned_days_allfire,L1_average_burned_days_allfire,-0.131133826351541,0.0267339385107026,-4.90514430932213,1.98481359022822e-06,***,0.690769970762997,2509,0.423822353249574,IDN,human_subsample
total_burned_areas_ha,L1_total_burned_areas_ha,0.117041801597261,0.0144415583383922,8.10451329799438,9.78419689934959e-12,***,2500.71160738978,949,0.899494101334273,IDN,nature_subsample
total_burned_areas_ha,L1_total_burned_areas_ha,-0.0674158868049522,0.0184738466549117,-3.64926092893751,0.000338875839773234,***,1782.34311969365,2509,0.715804755344426,IDN,human_subsample
average_burned_areas_ha,L1_average_burned_areas_ha,-0.137033353306268,0.0624140580800614,-2.19555269312066,0.0313475075955627,**,35.5813778122837,949,0.632181838859541,IDN,nature_subsample
average_burned_areas_ha,L1_average_burned_areas_ha,-0.139867109677016,0.0288140796234023,-4.85412380006817,2.49824781626027e-06,***,43.3671802993736,2509,0.388265312236183,IDN,human_subsample
total_counts_total,L1_total_counts_total,-0.00207118681526344,0.0348612895382256,-0.059412226073633,0.952788370678067,"",16.2233930453109,949,0.904002664695072,IDN,nature_subsample
total_counts_total,L1_total_counts_total,0.0057663650035499,0.0393962207086912,0.146368481540103,0.883784072085789,"",14.3041052212037,2509,0.745024095960478,IDN,human_subsample
average_counts_total,L1_average_counts_total,-0.00207118681526344,0.0348612895382256,-0.059412226073633,0.952788370678067,"",16.2233930453109,949,0.904002664695072,IDN,nature_subsample
average_counts_total,L1_average_counts_total,0.0057663650035499,0.0393962207086912,0.146368481540103,0.883784072085789,"",14.3041052212037,2509,0.745024095960478,IDN,human_subsample
total_burned_days_human,L1_total_burned_days_human,0.214965011840733,0.0537642792956171,3.99828686735985,7.13389613120814e-05,***,36.1588285332361,8229,0.896191981429021,IND,full
average_burned_days_human,L1_average_burned_days_human,-0.0415210823070398,0.0172757298021955,-2.40343434300316,0.0165289381868567,**,0.780554211555015,8229,0.419548602050674,IND,full
total_ba_ha_human,L1_total_ba_ha_human,-0.320143620609253,0.0597782335346957,-5.35552159505416,1.19589064634847e-07,***,21402.5395298939,8229,0.77433143708539,IND,full
average_ba_ha_human,L1_average_ba_ha_human,-0.0732703275733309,0.0278362255617293,-2.63219334140139,0.00869077059400799,***,155.373713516369,8229,0.351783788918579,IND,full
total_counts_human,L1_total_counts_human,0.301166784728129,0.0658868091058807,4.57097238149978,5.84092821421999e-06,***,21.6343419613562,8229,0.934612183634599,IND,full
average_counts_human,L1_average_counts_human,0.301166784728129,0.0658868091058807,4.57097238149978,5.84092821421999e-06,***,21.6343419613562,8229,0.934612183634599,IND,full
total_burned_days_nature,L1_total_burned_days_nature,-0.02991768031169,0.0370905902682464,-0.806611059444443,0.4201940228996,"",24.9080082634585,8229,0.751540535900876,IND,full
average_burned_days_nature,L1_average_burned_days_nature,-0.119525735925671,0.0250186418666965,-4.77746700090771,2.20909508817478e-06,***,1.66238274448799,8229,0.609986116468275,IND,full
total_ba_ha_nature,L1_total_ba_ha_nature,-0.0159291772705594,0.0257725285398737,-0.618068081520007,0.536753119362867,"",15612.9998224711,8229,0.6448017811046,IND,full
average_ba_ha_nature,L1_average_ba_ha_nature,0.0305538875939308,0.0258860860692042,1.18032086860284,0.238316668534534,"",10575.7914384646,8229,0.613568426230741,IND,full
total_counts_nature,L1_total_counts_nature,-0.0397403569427373,0.0296827387500486,-1.33883727096012,0.181105016933618,"",10.2103536274152,8229,0.782710773490678,IND,full
average_counts_nature,L1_average_counts_nature,-0.0397403569427373,0.0296827387500486,-1.33883727096012,0.181105016933618,"",10.2103536274152,8229,0.782710773490678,IND,full
total_burned_days_allfire,L1_total_burned_days_allfire,0.105940519626985,0.0406252261260378,2.60775212175582,0.00932916591533457,***,61.1008628022846,8229,0.85610461452559,IND,full
average_burned_days_allfire,L1_average_burned_days_allfire,-0.0898988776882371,0.0137978919167512,-6.5154067179709,1.48131810102898e-10,***,1.51151173197323,8229,0.402101316776209,IND,full
total_burned_areas_ha,L1_total_burned_areas_ha,0.026240919645806,0.092899413416405,0.282465934722169,0.7776787441514,"",37029.9707336666,8229,0.877785853860176,IND,full
average_burned_areas_ha,L1_average_burned_areas_ha,-0.0260446468467146,0.0279104092658217,-0.933151735564411,0.351097988620303,"",289.840317221556,8229,0.403967121387084,IND,full
total_counts_total,L1_total_counts_total,0.217770079128044,0.0541095791209813,4.02461232679597,6.39881547179939e-05,***,31.8473690606392,8229,0.913526145411603,IND,full
average_counts_total,L1_average_counts_total,0.217770079128044,0.0541095791209813,4.02461232679597,6.39881547179939e-05,***,31.8473690606392,8229,0.913526145411603,IND,full
total_burned_days_allfire,L1_total_burned_days_human,0.212657485147577,0.0538574025679793,3.94852842892227,8.74720716358684e-05,***,61.1008628022846,8229,0.858063270729605,IND,full
total_burned_days_allfire,L1_total_burned_days_nature,-0.0302729703389284,0.0377095942205138,-0.802792259229881,0.422396605314868,"",61.1008628022846,8229,0.854601239343593,IND,full
average_burned_days_allfire,L1_average_burned_days_human,-0.0282665273238419,0.0181712689739121,-1.55556154963218,0.120312982945662,"",1.51151173197323,8229,0.397574839315589,IND,full
average_burned_days_allfire,L1_average_burned_days_nature,-0.0124999584105456,0.00396848072021995,-3.14980953463037,0.0017108670480401,***,1.51151173197323,8229,0.397678831297793,IND,full
total_burned_areas_ha,L1_total_ba_ha_human,-0.256470261436608,0.0541973875001726,-4.73215173767908,2.74315640142494e-06,***,37029.9707336666,8229,0.887073069879189,IND,full
total_burned_areas_ha,L1_total_ba_ha_nature,0.276685580253677,0.0631050553194907,4.38452321851019,1.36135714760981e-05,***,37029.9707336666,8229,0.888714352756029,IND,full
average_burned_areas_ha,L1_average_ba_ha_human,-0.0590128357922459,0.0302516583690728,-1.95073060366755,0.0515306836775393,*,289.840317221556,8229,0.405095467296568,IND,full
average_burned_areas_ha,L1_average_ba_ha_nature,0.00142477053995884,0.000401178936389824,3.55145898929846,0.000411598079950142,***,289.840317221556,8229,0.412705453771328,IND,full
total_counts_total,L1_total_counts_human,0.307018340977803,0.0658886609929332,4.65965366955525,3.86451666014627e-06,***,31.8473690606392,8229,0.915363971313177,IND,full
total_counts_total,L1_total_counts_nature,-0.0255777775888032,0.0308476363074254,-0.829164910202415,0.40732414559077,"",31.8473690606392,8229,0.909450415026258,IND,full
average_counts_total,L1_average_counts_human,0.307018340977803,0.0658886609929332,4.65965366955525,3.86451666014627e-06,***,31.8473690606392,8229,0.915363971313177,IND,full
average_counts_total,L1_average_counts_nature,-0.0255777775888032,0.0308476363074254,-0.829164910202415,0.40732414559077,"",31.8473690606392,8229,0.909450415026258,IND,full
total_burned_days_allfire,L1_total_burned_days_allfire,-0.115256359187711,0.0737428253520155,-1.56295013972585,0.125942293017943,"",74.8273921200751,533,0.927935185062346,IND,nature_subsample
total_burned_days_allfire,L1_total_burned_days_allfire,0.189938633574104,0.0564089220400476,3.36717360844542,0.000846952626383072,***,66.5234853641933,4407,0.891302571628948,IND,human_subsample
average_burned_days_allfire,L1_average_burned_days_allfire,-0.135352660815218,0.0478419970877479,-2.82915992338207,0.00726167314107389,***,1.64175210145826,533,0.60873686156046,IND,nature_subsample
average_burned_days_allfire,L1_average_burned_days_allfire,-0.0846369763846445,0.0200827098200979,-4.21442012272384,3.21729386006861e-05,***,1.33153238432498,4407,0.402638174396466,IND,human_subsample
total_burned_areas_ha,L1_total_burned_areas_ha,0.055552767308398,0.0645710484050697,0.860335532418525,0.394731616739977,"",16196.7973516075,533,0.924808894304371,IND,nature_subsample
total_burned_areas_ha,L1_total_burned_areas_ha,0.024132076789525,0.0973713627090248,0.247835463303918,0.804412205324834,"",60418.3771149229,4407,0.878254597302558,IND,human_subsample
average_burned_areas_ha,L1_average_burned_areas_ha,-0.124829117487811,0.0173277154507929,-7.20401473825557,9.7660591628948e-09,***,257.50304412857,533,0.566450518885706,IND,nature_subsample
average_burned_areas_ha,L1_average_burned_areas_ha,-0.024365443768259,0.0338424261427795,-0.719967406162383,0.472042618629261,"",334.235580154269,4407,0.409311373763119,IND,human_subsample
total_counts_total,L1_total_counts_total,-0.135646772727127,0.104519616944092,-1.29781161367712,0.201786447152658,"",31.6397748592871,533,0.917642184080411,IND,nature_subsample
total_counts_total,L1_total_counts_total,0.293161971070237,0.0693158962905296,4.22936132631802,3.02095805383324e-05,***,39.1370546857273,4407,0.932386177920133,IND,human_subsample
average_counts_total,L1_average_counts_total,-0.135646772727127,0.104519616944092,-1.29781161367712,0.201786447152658,"",31.6397748592871,533,0.917642184080411,IND,nature_subsample
average_counts_total,L1_average_counts_total,0.293161971070237,0.0693158962905296,4.22936132631802,3.02095805383324e-05,***,39.1370546857273,4407,0.932386177920133,IND,human_subsample
total_burned_days_human,L1_total_burned_days_human,-0.0822478328681875,0.00187155636555841,-43.9462227169672,1.99601281409542e-69,***,0.0159651669085631,1378,0.358593899561099,IRL,full
average_burned_days_human,L1_average_burned_days_human,-0.0839041825365313,0.00249690245320562,-33.6033081423794,5.29988314398295e-58,***,0.0084059022738268,1378,0.286922286010683,IRL,full
total_ba_ha_human,L1_total_ba_ha_human,-0.0808436303070773,0.00304592051932999,-26.5416086184876,2.24979548291451e-48,***,0.766492951561846,1378,0.376014319269998,IRL,full
average_ba_ha_human,L1_average_ba_ha_human,-0.0776139822141099,0.00483380388377646,-16.0565021006755,4.92109056995515e-30,***,0.391059491505583,1378,0.301877814178382,IRL,full
total_counts_human,L1_total_counts_human,-0.0851829896883848,0.00558981298390156,-15.2389695207529,2.32311057571736e-28,***,0.0101596516690856,1378,0.378030302233329,IRL,full
average_counts_human,L1_average_counts_human,-0.0851829896883848,0.00558981298390156,-15.2389695207529,2.32311057571736e-28,***,0.0101596516690856,1378,0.378030302233329,IRL,full
total_burned_days_nature,L1_total_burned_days_nature,-0.113323089571987,0.0147421799717502,-7.68699675279657,8.42934414108223e-12,***,0.212626995645864,1378,0.43453435156714,IRL,full
average_burned_days_nature,L1_average_burned_days_nature,-0.0923403181964513,0.0360214612493455,-2.56348063054019,0.0117787869718092,**,0.0979925251333088,1378,0.421362760513188,IRL,full
total_ba_ha_nature,L1_total_ba_ha_nature,-0.114211864587221,0.0135612031109065,-8.42195664006882,2.0602844758161e-13,***,15.9716151492742,1378,0.382404778084957,IRL,full
average_ba_ha_nature,L1_average_ba_ha_nature,-0.110172868056246,0.01929065699116,-5.7112035171603,1.05369604936063e-07,***,6.44448571688835,1378,0.483842110131267,IRL,full
total_counts_nature,L1_total_counts_nature,-0.0835375580175221,0.0311229661752796,-2.68411299704057,0.00845186701286362,***,0.119013062409289,1378,0.463938240144873,IRL,full
average_counts_nature,L1_average_counts_nature,-0.0835375580175221,0.0311229661752796,-2.68411299704057,0.00845186701286362,***,0.119013062409289,1378,0.463938240144873,IRL,full
total_burned_days_allfire,L1_total_burned_days_allfire,-0.113322454508304,0.0139524952942209,-8.12202062202032,9.44880529015728e-13,***,0.228592162554427,1378,0.432157612226468,IRL,full
average_burned_days_allfire,L1_average_burned_days_allfire,-0.110690580438006,0.037293519860005,-2.96809153047295,0.00371209941586363,***,0.10198381686045,1378,0.424304659789626,IRL,full
total_burned_areas_ha,L1_total_burned_areas_ha,-0.113267161587399,0.0135266349351216,-8.3736392776672,2.63495373246544e-13,***,16.7381081008361,1378,0.381915331406436,IRL,full
average_burned_areas_ha,L1_average_burned_areas_ha,-0.112850477891621,0.0185466566186359,-6.0846803934585,1.92735633838291e-08,***,6.68955231265525,1378,0.482425801219448,IRL,full
total_counts_total,L1_total_counts_total,-0.0839024402315588,0.0296105557057174,-2.8335314293125,0.00552144682192967,***,0.129172714078375,1378,0.465727886893681,IRL,full
average_counts_total,L1_average_counts_total,-0.0839024402315588,0.0296105557057174,-2.8335314293125,0.00552144682192967,***,0.129172714078375,1378,0.465727886893681,IRL,full
total_burned_days_allfire,L1_total_burned_days_human,-0.126610716740862,0.028228285493316,-4.48524288770007,1.86783284871667e-05,***,0.228592162554427,1378,0.4210099006412,IRL,full
total_burned_days_allfire,L1_total_burned_days_nature,-0.113420263497718,0.014425499197936,-7.86248447568081,3.4980353611781e-12,***,0.228592162554427,1378,0.431780222730905,IRL,full
average_burned_days_allfire,L1_average_burned_days_human,-0.158658841965511,0.0151969031918121,-10.4402087690467,6.29378957435259e-18,***,0.10198381686045,1378,0.415668211953074,IRL,full
average_burned_days_allfire,L1_average_burned_days_nature,-0.0975790200097104,0.03591971574002,-2.71658664327882,0.00771546718879266,***,0.10198381686045,1378,0.421949189890878,IRL,full
total_burned_areas_ha,L1_total_ba_ha_human,-0.104161610616412,0.042583545190266,-2.4460530505624,0.0161047292733616,**,16.7381081008361,1378,0.369918454021112,IRL,full
total_burned_areas_ha,L1_total_ba_ha_nature,-0.113552208489349,0.0136189802335469,-8.33779082883472,3.16211171481718e-13,***,16.7381081008361,1378,0.381882440691,IRL,full
average_burned_areas_ha,L1_average_ba_ha_human,-0.124063474079636,0.0241984132532967,-5.12692600051922,1.35113419856607e-06,***,6.68955231265526,1378,0.472762887295992,IRL,full
average_burned_areas_ha,L1_average_ba_ha_nature,-0.110968780223362,0.0189909455388745,-5.84324671966483,5.81182623103212e-08,***,6.68955231265525,1378,0.482000488035792,IRL,full
total_counts_total,L1_total_counts_human,-0.0997476157245861,0.0192229377668942,-5.18898916149911,1.03738127242242e-06,***,0.129172714078374,1378,0.460437534924942,IRL,full
total_counts_total,L1_total_counts_nature,-0.0833437702047847,0.0313891018855034,-2.65518174138253,0.00916102974029248,***,0.129172714078375,1378,0.465392454845038,IRL,full
average_counts_total,L1_average_counts_human,-0.0997476157245861,0.0192229377668942,-5.18898916149911,1.03738127242242e-06,***,0.129172714078374,1378,0.460437534924942,IRL,full
average_counts_total,L1_average_counts_nature,-0.0833437702047847,0.0313891018855034,-2.65518174138253,0.00916102974029248,***,0.129172714078375,1378,0.465392454845038,IRL,full
total_burned_days_allfire,L1_total_burned_days_allfire,-0.13708151334297,0.0327384599584736,-4.18717048745872,0.000216561945442735,***,0.100961538461538,416,0.527774397554653,IRL,human_subsample
average_burned_days_allfire,L1_average_burned_days_allfire,-0.160531071238587,0.0278077735499878,-5.77288472771879,2.34492881376306e-06,***,0.0667067307692307,416,0.42975451271034,IRL,human_subsample
total_burned_areas_ha,L1_total_burned_areas_ha,-0.118701136756524,0.0301840640808905,-3.93257635679595,0.000440446388149085,***,3.78244839764791,416,0.595883075399217,IRL,human_subsample
average_burned_areas_ha,L1_average_burned_areas_ha,-0.126003461064659,0.0275967837032272,-4.56587486497291,7.42373319736442e-05,***,2.28847863877099,416,0.520132537585682,IRL,human_subsample
total_counts_total,L1_total_counts_total,-0.120183868766916,0.076788305712231,-1.5651324463039,0.127704141938798,"",0.0552884615384615,416,0.604263892798497,IRL,human_subsample
average_counts_total,L1_average_counts_total,-0.120183868766916,0.076788305712231,-1.5651324463039,0.127704141938798,"",0.0552884615384615,416,0.604263892798497,IRL,human_subsample
total_burned_days_human,L1_total_burned_days_human,-0.0761437123838686,0.092048037506786,-0.827217118868559,0.40885826919032,"",4.02284557547715,3458,0.811964342295216,IRN,full
average_burned_days_human,L1_average_burned_days_human,-0.0505180781776508,0.0248879608458504,-2.02981989928973,0.0433738806421475,**,0.354398918852066,3458,0.429231575418959,IRN,full
total_ba_ha_human,L1_total_ba_ha_human,0.0379352135122788,0.0443681498212198,0.855010039073921,0.393317923499556,"",265.507064698099,3458,0.760272217147068,IRN,full
average_ba_ha_human,L1_average_ba_ha_human,-0.0577076571178523,0.0271865526087877,-2.12265445892537,0.0347101560569572,**,23.497429540596,3458,0.381789463834317,IRN,full
total_counts_human,L1_total_counts_human,0.0170387392510253,0.0348464784675444,0.488965886951675,0.625270280285554,"",2.51272411798728,3458,0.81131955425736,IRN,full
average_counts_human,L1_average_counts_human,0.0170387392510253,0.0348464784675444,0.488965886951675,0.625270280285554,"",2.51272411798728,3458,0.81131955425736,IRN,full
total_burned_days_nature,L1_total_burned_days_nature,-0.0223652245944292,0.0726467173254933,-0.307862838374677,0.758428536988131,"",9.76547137073453,3458,0.875298260386628,IRN,full
average_burned_days_nature,L1_average_burned_days_nature,-0.0269034583934722,0.0291283245266098,-0.92361846521227,0.356525209720301,"",0.676343612445537,3458,0.430196669650655,IRN,full
total_ba_ha_nature,L1_total_ba_ha_nature,-0.0384597493923338,0.108577950883007,-0.35421325489716,0.723460753111681,"",865.273021164969,3458,0.803248700982462,IRN,full
average_ba_ha_nature,L1_average_ba_ha_nature,-0.107556862993616,0.0429029225228236,-2.50698219769057,0.0127757393077105,**,73.4406172471888,3458,0.398946746056935,IRN,full
total_counts_nature,L1_total_counts_nature,-0.0351938130930319,0.134691021519126,-0.261292940658515,0.79406956632711,"",5.30422209369578,3458,0.876258406401688,IRN,full
average_counts_nature,L1_average_counts_nature,-0.0351938130930319,0.134691021519126,-0.261292940658515,0.79406956632711,"",5.30422209369578,3458,0.876258406401688,IRN,full
total_burned_days_allfire,L1_total_burned_days_allfire,-0.0599040765107425,0.108472573555455,-0.552250901285362,0.581241924030675,"",13.7883169462117,3458,0.881656324912968,IRN,full
average_burned_days_allfire,L1_average_burned_days_allfire,-0.03395897405375,0.0270637249592367,-1.25477827257331,0.21066476222764,"",0.781352396878628,3458,0.409118577615587,IRN,full
total_burned_areas_ha,L1_total_burned_areas_ha,-0.0211702274932082,0.110361319022351,-0.191826517485902,0.848025003196939,"",1130.78008586307,3458,0.821451466444104,IRN,full
average_burned_areas_ha,L1_average_burned_areas_ha,-0.097065121027469,0.0549600606027829,-1.76610287475837,0.0785299585244444,*,74.1299147770713,3458,0.397316762753901,IRN,full
total_counts_total,L1_total_counts_total,-0.0260167136262381,0.12360373731006,-0.210484846109265,0.833451029533986,"",7.81694621168305,3458,0.871304362117254,IRN,full
average_counts_total,L1_average_counts_total,-0.0260167136262381,0.12360373731006,-0.210484846109265,0.833451029533986,"",7.81694621168305,3458,0.871304362117254,IRN,full
total_burned_days_allfire,L1_total_burned_days_human,-0.280078094896717,0.48059496169801,-0.582773680995658,0.560541221365311,"",13.7883169462117,3458,0.882291106683958,IRN,full
total_burned_days_allfire,L1_total_burned_days_nature,-0.0460371568878126,0.0953809636059553,-0.48266609129684,0.629731311719744,"",13.7883169462117,3458,0.88136510433864,IRN,full
average_burned_days_allfire,L1_average_burned_days_human,-0.0270526876828491,0.026996322549835,-1.00208788189243,0.317215286656913,"",0.781352396878628,3458,0.408666908572169,IRN,full
average_burned_days_allfire,L1_average_burned_days_nature,-0.0342483226150804,0.0294683514074101,-1.16220694336054,0.246197033665242,"",0.781352396878628,3458,0.409044739016122,IRN,full
total_burned_areas_ha,L1_total_ba_ha_human,0.202344706950964,0.131467552424468,1.53912279660958,0.124967498891531,"",1130.78008586307,3458,0.82200952256339,IRN,full
total_burned_areas_ha,L1_total_ba_ha_nature,-0.054900059414273,0.137031592855242,-0.400637971655693,0.68900949456355,"",1130.78008586307,3458,0.821739374171187,IRN,full
average_burned_areas_ha,L1_average_ba_ha_human,-0.00379077930386352,0.0390954755475132,-0.0969620972957994,0.922829785690778,"",74.1299147770713,3458,0.391780683843017,IRN,full
average_burned_areas_ha,L1_average_ba_ha_nature,-0.0901144946989833,0.0460503244101774,-1.95686992118274,0.0514126956328259,*,74.1299147770713,3458,0.397877398398414,IRN,full
total_counts_total,L1_total_counts_human,0.0671632366839917,0.115706145438597,0.580463867579394,0.562095111674033,"",7.81694621168305,3458,0.871298426325046,IRN,full
total_counts_total,L1_total_counts_nature,-0.0627224923660355,0.192858173766983,-0.325225999712196,0.745266654175963,"",7.81694621168305,3458,0.871471066263816,IRN,full
average_counts_total,L1_average_counts_human,0.0671632366839917,0.115706145438597,0.580463867579394,0.562095111674033,"",7.81694621168305,3458,0.871298426325046,IRN,full
average_counts_total,L1_average_counts_nature,-0.0627224923660355,0.192858173766983,-0.325225999712196,0.745266654175963,"",7.81694621168305,3458,0.871471066263816,IRN,full
total_burned_days_allfire,L1_total_burned_days_allfire,-0.0658181855621945,0.0387378729310294,-1.69906555477065,0.0920342388215274,*,4.14849498327759,1495,0.64085623313734,IRN,nature_subsample
total_burned_days_allfire,L1_total_burned_days_allfire,0.0973115983623986,0.0975289031241115,0.99777189371815,0.331615103128281,"",2.63157894736842,247,0.72513307105216,IRN,human_subsample
average_burned_days_allfire,L1_average_burned_days_allfire,0.0133041340751568,0.0513398110322559,0.259138742579283,0.7959955474593,"",0.538824402495199,1495,0.487154753309434,IRN,nature_subsample
average_burned_days_allfire,L1_average_burned_days_allfire,0.0963761605574282,0.0603944025409512,1.59577968325921,0.127945033898951,"",0.750348047514039,247,0.587487927259384,IRN,human_subsample
total_burned_areas_ha,L1_total_burned_areas_ha,-0.0302490949148043,0.0463893468732659,-0.65206985986338,0.515668679553797,"",453.965428152169,1495,0.628975037074596,IRN,nature_subsample
total_burned_areas_ha,L1_total_burned_areas_ha,0.251706119282471,0.128192611170276,1.96349943249173,0.0652269368363222,*,150.96774727063,247,0.672849257433627,IRN,human_subsample
average_burned_areas_ha,L1_average_burned_areas_ha,0.0436738151066223,0.0663076626332771,0.658654118878626,0.511445999099058,"",62.0696225513441,1495,0.733857713811993,IRN,nature_subsample
average_burned_areas_ha,L1_average_burned_areas_ha,0.205334171964641,0.112858383586103,1.81939671152551,0.0855255862297591,*,38.9179060289731,247,0.550776310940099,IRN,human_subsample
total_counts_total,L1_total_counts_total,-0.0955338428616388,0.0329583284129658,-2.89862524775547,0.00449654644845796,***,2.16923076923077,1495,0.65623267241136,IRN,nature_subsample
total_counts_total,L1_total_counts_total,0.0339885389449435,0.0900576469817655,0.377408694142601,0.710282972628454,"",1.21457489878543,247,0.698846376218556,IRN,human_subsample
average_counts_total,L1_average_counts_total,-0.0955338428616388,0.0329583284129658,-2.89862524775547,0.00449654644845796,***,2.16923076923077,1495,0.65623267241136,IRN,nature_subsample
average_counts_total,L1_average_counts_total,0.0339885389449435,0.0900576469817655,0.377408694142601,0.710282972628454,"",1.21457489878543,247,0.698846376218556,IRN,human_subsample
total_burned_days_human,L1_total_burned_days_human,0.15199406396035,0.0469598375018175,3.2366820680431,0.00163594281450045,***,9.56033182503771,1326,0.691064763857947,IRQ,full
average_burned_days_human,L1_average_burned_days_human,-0.0172524219384575,0.0320478366409789,-0.538333433602102,0.591531300243807,"",0.753102179335572,1326,0.490279073263168,IRQ,full
total_ba_ha_human,L1_total_ba_ha_human,0.103369314710511,0.069591835537196,1.48536554485995,0.140561657554565,"",1043.82263794834,1326,0.615965579226379,IRQ,full
average_ba_ha_human,L1_average_ba_ha_human,-0.0309311493089508,0.0507182196595665,-0.60986267886705,0.543322437784524,"",88.1267007698289,1326,0.380899662030974,IRQ,full
total_counts_human,L1_total_counts_human,0.187991690333349,0.0643645694366282,2.92073250825427,0.00430770037765848,***,5.47963800904977,1326,0.702662789852259,IRQ,full
average_counts_human,L1_average_counts_human,0.187991690333349,0.0643645694366282,2.92073250825427,0.00430770037765848,***,5.47963800904977,1326,0.702662789852259,IRQ,full
total_burned_days_nature,L1_total_burned_days_nature,0.0635265661674127,0.0289873976219382,2.19152360608372,0.0307118123308396,**,23.0542986425339,1326,0.623236061111478,IRQ,full
average_burned_days_nature,L1_average_burned_days_nature,-0.058712118068355,0.0307017213951232,-1.91233961486215,0.0586659067666026,*,1.11752873710818,1326,0.491402087469344,IRQ,full
total_ba_ha_nature,L1_total_ba_ha_nature,0.121905513829352,0.0206743762659471,5.89645425144668,4.95386619449704e-08,***,2992.63519441313,1326,0.592525216330338,IRQ,full
average_ba_ha_nature,L1_average_ba_ha_nature,-0.0876191418037981,0.026493524570034,-3.30719084099899,0.00130601524608391,***,129.30672667779,1326,0.488185469915011,IRQ,full
total_counts_nature,L1_total_counts_nature,0.0944172275357264,0.0361969817285865,2.60842819005433,0.0104755466141871,**,12.0829562594268,1326,0.635045367547121,IRQ,full
average_counts_nature,L1_average_counts_nature,0.0944172275357264,0.0361969817285865,2.60842819005433,0.0104755466141871,**,12.0829562594268,1326,0.635045367547121,IRQ,full
total_burned_days_allfire,L1_total_burned_days_allfire,0.0559785714096986,0.0397383903340246,1.40867737568547,0.162001686418215,"",32.6342383107089,1326,0.699037490827949,IRQ,full
average_burned_days_allfire,L1_average_burned_days_allfire,-0.0526591507677221,0.0300383273364319,-1.75306534807797,0.0826249405007524,*,1.32762394666969,1326,0.450111747452068,IRQ,full
total_burned_areas_ha,L1_total_burned_areas_ha,0.0969132662104291,0.042638575667047,2.27290111581584,0.0251500952513219,**,4040.47204331688,1326,0.664672958832798,IRQ,full
average_burned_areas_ha,L1_average_burned_areas_ha,-0.0414421976949974,0.0334505567961845,-1.23890905456391,0.218250646347606,"",146.05057064534,1326,0.501513628866389,IRQ,full
total_counts_total,L1_total_counts_total,0.102931739825171,0.0420232684547266,2.44939871671486,0.0160309370150722,**,17.5641025641026,1326,0.70842045359801,IRQ,full
average_counts_total,L1_average_counts_total,0.102931739825171,0.0420232684547266,2.44939871671486,0.0160309370150722,**,17.5641025641026,1326,0.70842045359801,IRQ,full
total_burned_days_allfire,L1_total_burned_days_human,0.27636768430363,0.0824160594285045,3.353323202056,0.00112506669916916,***,32.6342383107089,1326,0.702714431421358,IRQ,full
total_burned_days_allfire,L1_total_burned_days_nature,0.00928056230219376,0.049087971237254,0.189059805656635,0.850425337653556,"",32.6342383107089,1326,0.697945484856875,IRQ,full
average_burned_days_allfire,L1_average_burned_days_human,-0.0237492261965181,0.0243668725861498,-0.97465220916439,0.332061398453761,"",1.32762394666969,1326,0.448887279617374,IRQ,full
average_burned_days_allfire,L1_average_burned_days_nature,-0.0429063516399207,0.0284526307364481,-1.50799242563386,0.134678191380601,"",1.32762394666969,1326,0.449516853249183,IRQ,full
total_burned_areas_ha,L1_total_ba_ha_human,0.153659393978846,0.168079394438689,0.914207208396964,0.362785316090452,"",4040.47204331688,1326,0.662048365505512,IRQ,full
total_burned_areas_ha,L1_total_ba_ha_nature,0.093806879749049,0.0324086311991672,2.89450298510169,0.00465385080050762,***,4040.47204331688,1326,0.663777372841569,IRQ,full
average_burned_areas_ha,L1_average_ba_ha_human,-0.00851933261469448,0.0106807395987738,-0.797635082843188,0.426953590482833,"",146.05057064534,1326,0.500633181612203,IRQ,full
average_burned_areas_ha,L1_average_ba_ha_nature,-0.0594292554780232,0.0272478683109773,-2.18106072738472,0.031499507561911,**,146.05057064534,1326,0.50269903658669,IRQ,full
total_counts_total,L1_total_counts_human,0.297001766627952,0.088608374071422,3.35184760741187,0.00113047082893561,***,17.5641025641026,1326,0.711156586593539,IRQ,full
total_counts_total,L1_total_counts_nature,0.0548534372694583,0.0509481494110562,1.07665220235761,0.284200658639077,"",17.5641025641026,1326,0.705544690937874,IRQ,full
average_counts_total,L1_average_counts_human,0.297001766627952,0.088608374071422,3.35184760741187,0.00113047082893561,***,17.5641025641026,1326,0.711156586593539,IRQ,full
average_counts_total,L1_average_counts_nature,0.0548534372694583,0.0509481494110562,1.07665220235761,0.284200658639077,"",17.5641025641026,1326,0.705544690937874,IRQ,full
total_burned_days_allfire,L1_total_burned_days_allfire,-0.163598265553045,0.180324275582276,-0.907244823387078,0.374570858777145,"",26.0559440559441,286,0.871812217449197,IRQ,nature_subsample
total_burned_days_allfire,L1_total_burned_days_allfire,0.0884212442714968,0.0935461992454197,0.945214717270581,0.354374092350018,"",29.5929487179487,312,0.876578630458947,IRQ,human_subsample
average_burned_days_allfire,L1_average_burned_days_allfire,-0.0961245183145909,0.0613797617476191,-1.56606209567634,0.132279675294448,"",0.932620272900163,286,0.608235226382916,IRQ,nature_subsample
average_burned_days_allfire,L1_average_burned_days_allfire,0.00776945127000075,0.0789803189476315,0.0983719915736519,0.92248922153897,"",1.340470561195,312,0.591036063625035,IRQ,human_subsample
total_burned_areas_ha,L1_total_burned_areas_ha,0.102503243472158,0.172411693013213,0.594526053777005,0.558512038254461,"",3599.0334055625,286,0.869703620648775,IRQ,nature_subsample
total_burned_areas_ha,L1_total_burned_areas_ha,0.172031974860967,0.048125154069957,3.57467894255245,0.0016066242762879,***,3624.68019144217,312,0.840569429983556,IRQ,human_subsample
average_burned_areas_ha,L1_average_burned_areas_ha,-0.127034232206713,0.0725022170376011,-1.75214272607457,0.0943403547809312,*,108.608920232197,286,0.839661609087575,IRQ,nature_subsample
average_burned_areas_ha,L1_average_burned_areas_ha,0.026386876304014,0.0991420383104655,0.266152247358309,0.792493369612632,"",137.141781249213,312,0.654223164783466,IRQ,human_subsample
total_counts_total,L1_total_counts_total,-0.159558689952361,0.176824143083084,-0.902358055694858,0.377100714023572,"",14.020979020979,286,0.878199427979317,IRQ,nature_subsample
total_counts_total,L1_total_counts_total,0.232405310476192,0.0809591948207072,2.87064750323763,0.00864054247977951,***,16.1057692307692,312,0.899446961177581,IRQ,human_subsample
average_counts_total,L1_average_counts_total,-0.159558689952361,0.176824143083084,-0.902358055694858,0.377100714023572,"",14.020979020979,286,0.878199427979317,IRQ,nature_subsample
average_counts_total,L1_average_counts_total,0.232405310476192,0.0809591948207072,2.87064750323763,0.00864054247977951,***,16.1057692307692,312,0.899446961177581,IRQ,human_subsample
total_ba_ha_nature,L1_total_ba_ha_nature,0.693296642202211,0.186488072786927,3.71764602336976,0.000310084897132806,***,0.154913438902778,1534,0.518283452835538,ISL,full
average_ba_ha_nature,L1_average_ba_ha_nature,0.747760691014975,0.564561196537613,1.32449891278554,0.187918783610206,"",0.105624708890099,1534,0.385828133916179,ISL,full
total_counts_nature,L1_total_counts_nature,0.471646456561739,0.0922973873529712,5.11007375277081,1.26748540730711e-06,***,0.00521512385919166,1534,0.466339176634511,ISL,full
average_counts_nature,L1_average_counts_nature,0.471646456561739,0.0922973873529712,5.11007375277081,1.26748540730711e-06,***,0.00521512385919166,1534,0.466339176634511,ISL,full
total_burned_areas_ha,L1_total_burned_areas_ha,0.693296642202211,0.186488072786927,3.71764602336976,0.000310084897132806,***,0.154913438902778,1534,0.518283452835538,ISL,full
average_burned_areas_ha,L1_average_burned_areas_ha,0.747760691014975,0.564561196537613,1.32449891278554,0.187918783610206,"",0.105624708890099,1534,0.385828133916179,ISL,full
total_counts_total,L1_total_counts_total,0.471646456561739,0.0922973873529712,5.11007375277081,1.26748540730711e-06,***,0.00521512385919166,1534,0.466339176634511,ISL,full
average_counts_total,L1_average_counts_total,0.471646456561739,0.0922973873529712,5.11007375277081,1.26748540730711e-06,***,0.00521512385919166,1534,0.466339176634511,ISL,full
total_burned_areas_ha,L1_total_ba_ha_nature,0.693296642202211,0.186488072786927,3.71764602336976,0.000310084897132806,***,0.154913438902778,1534,0.518283452835538,ISL,full
average_burned_areas_ha,L1_average_ba_ha_nature,0.747760691014975,0.564561196537613,1.32449891278554,0.187918783610206,"",0.105624708890099,1534,0.385828133916179,ISL,full
total_counts_total,L1_total_counts_nature,0.471646456561739,0.0922973873529712,5.11007375277081,1.26748540730711e-06,***,0.00521512385919166,1534,0.466339176634511,ISL,full
average_counts_total,L1_average_counts_nature,0.471646456561739,0.0922973873529712,5.11007375277081,1.26748540730711e-06,***,0.00521512385919166,1534,0.466339176634511,ISL,full
total_burned_days_human,L1_total_burned_days_human,-0.244036633656325,0.0853905296498374,-2.85788874547389,0.00510976997798139,***,7.08111888111888,1430,0.757858450878774,ITA,full
average_burned_days_human,L1_average_burned_days_human,-0.0367241796913657,0.0422556702841056,-0.869094714258491,0.386705012866187,"",0.735444950856407,1430,0.472483278331843,ITA,full
total_ba_ha_human,L1_total_ba_ha_human,-0.330946097975985,0.0478596936723034,-6.91492302984598,3.33099671786223e-10,***,774.301939705133,1430,0.720621836024192,ITA,full
average_ba_ha_human,L1_average_ba_ha_human,-0.0563487722610639,0.0245016614266708,-2.29979393151382,0.0233645870007963,**,60.9263929487756,1430,0.490656854760764,ITA,full
total_counts_human,L1_total_counts_human,-0.205084885884327,0.0827068482829007,-2.47966027169636,0.0146814464003874,**,3.59440559440559,1430,0.786611688035659,ITA,full
average_counts_human,L1_average_counts_human,-0.205084885884327,0.0827068482829007,-2.47966027169636,0.0146814464003874,**,3.59440559440559,1430,0.786611688035659,ITA,full
total_burned_days_nature,L1_total_burned_days_nature,-0.195987456869311,0.0247741248927351,-7.91097395842965,2.26722729752359e-12,***,1.16643356643357,1430,0.517864994969758,ITA,full
average_burned_days_nature,L1_average_burned_days_nature,-0.16532290033353,0.0353983762287088,-4.67035265305333,8.62710860562673e-06,***,0.348958248220491,1430,0.472674060738891,ITA,full
total_ba_ha_nature,L1_total_ba_ha_nature,-0.101540619265059,0.0268133612606732,-3.78694108052719,0.000250039315579108,***,204.838025278481,1430,0.389931571075178,ITA,full
average_ba_ha_nature,L1_average_ba_ha_nature,-0.082328165930714,0.0155142060901618,-5.30663093246658,5.92637093181668e-07,***,67.3273144982026,1430,0.372880094910609,ITA,full
total_counts_nature,L1_total_counts_nature,-0.195497366980253,0.0423247544004327,-4.61898408507373,1.06172175107673e-05,***,0.443356643356643,1430,0.573721802726058,ITA,full
average_counts_nature,L1_average_counts_nature,-0.195497366980253,0.0423247544004327,-4.61898408507373,1.06172175107673e-05,***,0.443356643356643,1430,0.573721802726058,ITA,full
total_burned_days_allfire,L1_total_burned_days_allfire,-0.247993090915583,0.0668956324246694,-3.70716415895829,0.000331297025991966,***,8.24755244755245,1430,0.738422110113588,ITA,full
average_burned_days_allfire,L1_average_burned_days_allfire,-0.07659370543525,0.0408714883390667,-1.87401312131906,0.0636064922152516,*,0.8406468891934,1430,0.447046881279343,ITA,full
total_burned_areas_ha,L1_total_burned_areas_ha,-0.377436174075465,0.068809876063728,-5.48520351534864,2.70423673287617e-07,***,979.139964983614,1430,0.717030793008778,ITA,full
average_burned_areas_ha,L1_average_burned_areas_ha,-0.0673814967858355,0.0266653498076892,-2.52693091490611,0.0129415608352876,**,73.8904849030844,1430,0.48537155249879,ITA,full
total_counts_total,L1_total_counts_total,-0.20762086373789,0.0732580464875588,-2.83410319674781,0.00547723229549976,***,4.03776223776224,1430,0.776596770118641,ITA,full
average_counts_total,L1_average_counts_total,-0.20762086373789,0.0732580464875588,-2.83410319674781,0.00547723229549976,***,4.03776223776224,1430,0.776596770118641,ITA,full
total_burned_days_allfire,L1_total_burned_days_human,-0.26547349091336,0.0802038755336636,-3.30998332869755,0.00126541806895493,***,8.24755244755245,1430,0.735808700743528,ITA,full
total_burned_days_allfire,L1_total_burned_days_nature,-0.450944361801361,0.180998194850917,-2.49143016134934,0.0142297205809437,**,8.24755244755245,1430,0.729073764883994,ITA,full
average_burned_days_allfire,L1_average_burned_days_human,-0.0327616186139893,0.0413197404305975,-0.792880552311728,0.429569858507964,"",0.8406468891934,1430,0.444349001050433,ITA,full
average_burned_days_allfire,L1_average_burned_days_nature,-0.101028519591355,0.0385756198944776,-2.61897332739474,0.0100750863919737,**,0.8406468891934,1430,0.447462767345173,ITA,full
total_burned_areas_ha,L1_total_ba_ha_human,-0.408282331958963,0.0821627136599071,-4.96919239606605,2.51188742309753e-06,***,979.139964983614,1430,0.705327073686243,ITA,full
total_burned_areas_ha,L1_total_ba_ha_nature,-0.515702527853233,0.191447137340881,-2.69370717690596,0.00818392970022254,***,979.139964983614,1430,0.690587550332391,ITA,full
average_burned_areas_ha,L1_average_ba_ha_human,-0.0363897508718142,0.0314152294668072,-1.1583474477009,0.249253932705012,"",73.8904849030844,1430,0.483566331943075,ITA,full
average_burned_areas_ha,L1_average_ba_ha_nature,-0.0116663308642978,0.00498745656438914,-2.33913432902783,0.0211508910366837,**,73.8904849030844,1430,0.484156440229255,ITA,full
total_counts_total,L1_total_counts_human,-0.207229875602904,0.0804074159535299,-2.57724829414577,0.0112948384584637,**,4.03776223776224,1430,0.775040227877341,ITA,full
total_counts_total,L1_total_counts_nature,-0.514306142980619,0.243631973879599,-2.11099608475358,0.037059028000677,**,4.03776223776224,1430,0.770295949107999,ITA,full
average_counts_total,L1_average_counts_human,-0.207229875602904,0.0804074159535299,-2.57724829414577,0.0112948384584637,**,4.03776223776224,1430,0.775040227877341,ITA,full
average_counts_total,L1_average_counts_nature,-0.514306142980619,0.243631973879599,-2.11099608475358,0.037059028000677,**,4.03776223776224,1430,0.770295949107999,ITA,full
total_ba_ha_human,L1_total_ba_ha_human,0.0856837334030163,0.105678874170526,0.810793397219154,0.421251941274235,"",0.222121278247061,676,0.227500823764456,JOR,full
average_ba_ha_human,L1_average_ba_ha_human,0.0856837334030163,0.105678874170526,0.810793397219154,0.421251941274235,"",0.222121278247061,676,0.227500823764456,JOR,full
total_counts_human,L1_total_counts_human,0.0875763755859747,0.0963541875114013,0.908900566211635,0.367677910750118,"",0.0029585798816568,676,0.307712349458048,JOR,full
average_counts_human,L1_average_counts_human,0.0875763755859747,0.0963541875114013,0.908900566211635,0.367677910750118,"",0.0029585798816568,676,0.307712349458048,JOR,full
total_burned_days_nature,L1_total_burned_days_nature,-0.41369176913885,0.0958530814412382,-4.31589431365813,7.31812794182636e-05,***,0.164201183431953,676,0.492751602696417,JOR,full
average_burned_days_nature,L1_average_burned_days_nature,-0.415828365312919,0.168390811845921,-2.46942431570083,0.0169214235281324,**,0.0743881118881118,676,0.547179902676205,JOR,full
total_ba_ha_nature,L1_total_ba_ha_nature,-0.415225178699293,0.0949712157721365,-4.37211607036325,6.07218702198717e-05,***,10.8525356446364,676,0.579653655437143,JOR,full
average_ba_ha_nature,L1_average_ba_ha_nature,-0.402923578399918,0.0748704994933494,-5.38160665584593,1.8736014806797e-06,***,6.03496858716766,676,0.585313014251364,JOR,full
total_counts_nature,L1_total_counts_nature,-0.151714505587381,0.0542857106495835,-2.79474107959468,0.00730153338384908,***,0.0843195266272189,676,0.450406469727964,JOR,full
average_counts_nature,L1_average_counts_nature,-0.151714505587381,0.0542857106495835,-2.79474107959468,0.00730153338384908,***,0.0843195266272189,676,0.450406469727964,JOR,full
total_burned_days_allfire,L1_total_burned_days_allfire,-0.412979171995781,0.0952054471451573,-4.337768314518,6.80630294657763e-05,***,0.167159763313609,676,0.49104206961074,JOR,full
average_burned_days_allfire,L1_average_burned_days_allfire,-0.375897531059626,0.136105800622486,-2.76180390064525,0.007971760833701,***,0.0763604984758831,676,0.524783953734261,JOR,full
total_burned_areas_ha,L1_total_burned_areas_ha,-0.421702519459278,0.0973185833123821,-4.33321679278518,6.90984629610167e-05,***,11.0746569228835,676,0.579371646119337,JOR,full
average_burned_areas_ha,L1_average_burned_areas_ha,-0.356255857210925,0.0569264581024568,-6.25817711282393,8.06473474097898e-08,***,6.1301459787766,676,0.562504792438625,JOR,full
total_counts_total,L1_total_counts_total,-0.160681380144277,0.0562655938667658,-2.85576618145652,0.00619541641836095,***,0.0872781065088758,676,0.452539630681886,JOR,full
average_counts_total,L1_average_counts_total,-0.160681380144277,0.0562655938667658,-2.85576618145652,0.00619541641836095,***,0.0872781065088758,676,0.452539630681886,JOR,full
total_burned_days_allfire,L1_total_burned_days_nature,-0.412979171995781,0.0952054471451573,-4.337768314518,6.80630294657763e-05,***,0.167159763313609,676,0.49104206961074,JOR,full
average_burned_days_allfire,L1_average_burned_days_nature,-0.398462539347828,0.152208814694344,-2.61786769805674,0.0116183404847704,**,0.076360498475883,676,0.529061070277302,JOR,full
total_burned_areas_ha,L1_total_ba_ha_human,-17.8716419175039,2.23202464767545,-8.00691960822046,1.41710772941514e-10,***,11.0746569228835,676,0.543427165796261,JOR,full
total_burned_areas_ha,L1_total_ba_ha_nature,-0.418815214715885,0.0962296501413533,-4.35224708913189,6.48687164005391e-05,***,11.0746569228835,676,0.57824971291525,JOR,full
average_burned_areas_ha,L1_average_ba_ha_human,-14.0746205451499,2.44647683001635,-5.75301608111114,4.98637606319999e-07,***,6.13014597877659,676,0.561443039792094,JOR,full
average_burned_areas_ha,L1_average_ba_ha_nature,-0.380172199418088,0.0652332639028521,-5.82788866711093,3.81137590203233e-07,***,6.1301459787766,676,0.570278850022827,JOR,full
total_counts_total,L1_total_counts_human,-1.25446390415765,0.0651385291974181,-19.2584008207445,4.71463106092143e-25,***,0.0872781065088758,676,0.443172075810604,JOR,full
total_counts_total,L1_total_counts_nature,-0.155943579172669,0.055271747116124,-2.8213976816227,0.00679763714618746,***,0.0872781065088758,676,0.451565221570984,JOR,full
average_counts_total,L1_average_counts_human,-1.25446390415765,0.0651385291974181,-19.2584008207445,4.71463106092143e-25,***,0.0872781065088758,676,0.443172075810604,JOR,full
average_counts_total,L1_average_counts_nature,-0.155943579172669,0.055271747116124,-2.8213976816227,0.00679763714618746,***,0.0872781065088758,676,0.451565221570984,JOR,full
total_burned_days_allfire,L1_total_burned_days_allfire,-0.272693138296957,0.094758439171599,-2.87777152811829,0.0138879481844724,**,0.431952662721894,169,0.951825432342346,JOR,nature_subsample
total_burned_days_allfire,L1_total_burned_days_allfire,-0.564141597475478,0.143089107940424,-3.9425893808099,0.00116450661799653,***,0.158371040723982,221,0.677421251558654,JOR,human_subsample
average_burned_days_allfire,L1_average_burned_days_allfire,-0.553745056680967,0.257566905834568,-2.14990763229742,0.0526519560243349,*,0.129899587591895,169,0.837444063929608,JOR,nature_subsample
average_burned_days_allfire,L1_average_burned_days_allfire,-0.454766294724322,0.191124435888522,-2.3794251771635,0.0301265652602418,**,0.116138763197587,221,0.628651974285195,JOR,human_subsample
total_burned_areas_ha,L1_total_burned_areas_ha,-0.234675232260995,0.0798178450878686,-2.94013490344985,0.0123688731318242,**,17.1333754536641,169,0.906472305430447,JOR,nature_subsample
total_burned_areas_ha,L1_total_burned_areas_ha,-0.53233504995195,0.0481392829224195,-11.0582255828333,6.65989535800084e-09,***,18.6378722872616,221,0.74478340958191,JOR,human_subsample
average_burned_areas_ha,L1_average_burned_areas_ha,-0.274890675205891,0.223815431388962,-1.22820251266843,0.242916073499858,"",4.8661053838855,169,0.914742120890308,JOR,nature_subsample
average_burned_areas_ha,L1_average_burned_areas_ha,-0.36601763163585,0.0297959708447046,-12.2841317553812,1.4647642493983e-09,***,13.5738462887965,221,0.643647049424418,JOR,human_subsample
total_counts_total,L1_total_counts_total,-0.220601097159079,0.0708721457317474,-3.1126628787854,0.00897632877876087,***,0.218934911242604,169,0.693733532888737,JOR,nature_subsample
total_counts_total,L1_total_counts_total,-0.650244962193392,0.0676069763847566,-9.61801572803371,4.7095016700864e-08,***,0.0769230769230774,221,0.786316874237214,JOR,human_subsample
average_counts_total,L1_average_counts_total,-0.220601097159079,0.0708721457317474,-3.1126628787854,0.00897632877876087,***,0.218934911242604,169,0.693733532888737,JOR,nature_subsample
average_counts_total,L1_average_counts_total,-0.650244962193392,0.0676069763847566,-9.61801572803371,4.7095016700864e-08,***,0.0769230769230774,221,0.786316874237214,JOR,human_subsample
total_burned_days_human,L1_total_burned_days_human,-0.0927560172183674,0.0374272898575906,-2.47829905855595,0.0132920240273094,**,0.135799308844234,23439,0.616138724676997,JPN,full
average_burned_days_human,L1_average_burned_days_human,-0.0236015808577521,0.0341535687052523,-0.691042891049992,0.489627595202459,"",0.0665859620230541,23439,0.444134873289334,JPN,full
total_ba_ha_human,L1_total_ba_ha_human,-0.184933546553268,0.0251645407003069,-7.34897365128594,3.01384668201758e-13,***,16.6256621218174,23439,0.625808759165783,JPN,full
average_ba_ha_human,L1_average_ba_ha_human,-0.0779162398241654,0.0437407135556751,-1.78132073051324,0.0750284578580746,*,7.94072433986291,23439,0.403755247857884,JPN,full
total_counts_human,L1_total_counts_human,-0.0814547250718906,0.0363300284093415,-2.24207710916478,0.0250776117974696,**,0.0398481163872179,23439,0.570602578039334,JPN,full
average_counts_human,L1_average_counts_human,-0.0814547250718906,0.0363300284093415,-2.24207710916478,0.0250776117974696,**,0.0398481163872179,23439,0.570602578039334,JPN,full
total_burned_days_nature,L1_total_burned_days_nature,-0.0834987005792209,0.000325095072477636,-256.843943966468,0,***,0.000383975425572763,23439,0.109103210149177,JPN,full
average_burned_days_nature,L1_average_burned_days_nature,-0.0835816081996356,0.000316249317689771,-264.290240403383,0,***,0.000255983617048509,23439,0.0994830595162762,JPN,full
total_ba_ha_nature,L1_total_ba_ha_nature,-0.0882295966409578,0.00496177625734389,-17.7818571545563,2.66380085594306e-65,***,0.0348409348396653,23439,0.109601490247576,JPN,full
average_ba_ha_nature,L1_average_ba_ha_nature,-0.09110247507295,0.00633799420875967,-14.3740230855747,1.95619072648057e-44,***,0.02796525689557,23439,0.110536142391494,JPN,full
total_counts_nature,L1_total_counts_nature,-0.0915718908965899,0.00927835831213492,-9.86940661440349,2.0666294470266e-22,***,0.000554631170271769,23439,0.115509206925469,JPN,full
average_counts_nature,L1_average_counts_nature,-0.0915718908965899,0.00927835831213492,-9.86940661440349,2.0666294470266e-22,***,0.000554631170271769,23439,0.115509206925469,JPN,full
total_burned_days_allfire,L1_total_burned_days_allfire,-0.0927351063270276,0.0373955785477843,-2.47984146597786,0.0132348670578185,**,0.136183284269807,23439,0.616048445418636,JPN,full
average_burned_days_allfire,L1_average_burned_days_allfire,-0.0236736423299044,0.0340969551440671,-0.694303706295127,0.487581265922596,"",0.0668419456401026,23439,0.443868993138937,JPN,full
total_burned_areas_ha,L1_total_burned_areas_ha,-0.184930557691295,0.0251643705449558,-7.34890456969385,3.01535914186868e-13,***,16.6605030566571,23439,0.625778046334039,JPN,full
average_burned_areas_ha,L1_average_burned_areas_ha,-0.0779302969508472,0.0437202527328023,-1.78247590257816,0.074839974331059,*,7.96868959675848,23439,0.403659152289551,JPN,full
total_counts_total,L1_total_counts_total,-0.0817924752447241,0.0359959029837422,-2.27227179942301,0.0231874631836381,**,0.0404027475574897,23439,0.568640047976755,JPN,full
average_counts_total,L1_average_counts_total,-0.0817924752447241,0.0359959029837422,-2.27227179942301,0.0231874631836381,**,0.0404027475574897,23439,0.568640047976755,JPN,full
total_burned_days_allfire,L1_total_burned_days_human,-0.0927400601880232,0.0374251483883252,-2.47801449511296,0.0133025929203838,**,0.136183284269807,23439,0.616046421469764,JPN,full
total_burned_days_allfire,L1_total_burned_days_nature,-0.0536295092993876,0.0184587594035778,-2.90536910562867,0.00371294422591447,***,0.136183284269807,23439,0.613004083316192,JPN,full
average_burned_days_allfire,L1_average_burned_days_human,-0.0235865792675005,0.034151757070293,-0.690640285914231,0.489880571124824,"",0.0668419456401026,23439,0.443866378685217,JPN,full
average_burned_days_allfire,L1_average_burned_days_nature,-0.0644817987644525,0.0119551263160397,-5.39365265241406,7.81589219519693e-08,***,0.0668419456401026,23439,0.443581425016543,JPN,full
total_burned_areas_ha,L1_total_ba_ha_human,-0.18495388388934,0.0251660098890493,-7.34935274621428,3.0055601114693e-13,***,16.6605030566571,23439,0.625779129372616,JPN,full
total_burned_areas_ha,L1_total_ba_ha_nature,-0.0446613445098186,0.044293190774086,-1.00831174564981,0.313440197509143,"",16.6605030566571,23439,0.613157626712802,JPN,full
average_burned_areas_ha,L1_average_ba_ha_human,-0.0779340327641405,0.0437402073875076,-1.78174813104336,0.0749586759299666,*,7.96868959675848,23439,0.403658068730686,JPN,full
average_burned_areas_ha,L1_average_ba_ha_nature,-0.070526431948566,0.0295552206624062,-2.38625969855386,0.0171234099228179,**,7.96868959675848,23439,0.400226731189247,JPN,full
total_counts_total,L1_total_counts_human,-0.0817249507644915,0.0363335759981943,-2.24929554879358,0.0246140017830788,**,0.0404027475574897,23439,0.568607420882895,JPN,full
total_counts_total,L1_total_counts_nature,-0.0799143466719767,0.0141477004422703,-5.64857497499804,1.87637481851775e-08,***,0.0404027475574897,23439,0.565832575640264,JPN,full
average_counts_total,L1_average_counts_human,-0.0817249507644915,0.0363335759981943,-2.24929554879358,0.0246140017830788,**,0.0404027475574897,23439,0.568607420882895,JPN,full
average_counts_total,L1_average_counts_nature,-0.0799143466719767,0.0141477004422703,-5.64857497499804,1.87637481851775e-08,***,0.0404027475574897,23439,0.565832575640264,JPN,full
total_burned_days_allfire,L1_total_burned_days_allfire,-0.0929308956185049,0.0384760324565991,-2.41529309767921,0.015842585704474,**,0.161347059127826,19331,0.621755381241866,JPN,human_subsample
average_burned_days_allfire,L1_average_burned_days_allfire,-0.0223517830268963,0.0347231807304889,-0.643713581436685,0.519860512378681,"",0.07935914837265,19331,0.447194603225433,JPN,human_subsample
total_burned_areas_ha,L1_total_burned_areas_ha,-0.11400427360038,0.016163105279917,-7.05336453769394,1.21945705929648e-08,***,0.576436756993364,559,0.398464093616333,JPN,nature_subsample
total_burned_areas_ha,L1_total_burned_areas_ha,-0.185776908376919,0.0255471270111654,-7.27192957140443,5.70958484098978e-13,***,19.9499055934235,19331,0.626459809293589,JPN,human_subsample
average_burned_areas_ha,L1_average_burned_areas_ha,-0.11400427360038,0.016163105279917,-7.05336453769394,1.21945705929648e-08,***,0.576436756993364,559,0.398464093616333,JPN,nature_subsample
average_burned_areas_ha,L1_average_burned_areas_ha,-0.0777665727495759,0.0439233903419353,-1.77050478444806,0.0768480752919316,*,9.53567218752844,19331,0.403812689106729,JPN,human_subsample
total_counts_total,L1_total_counts_total,-0.142719518356477,0.0166520664456316,-8.57067912997175,9.07593173455046e-11,***,0.0071556350626118,559,0.582549891674167,JPN,nature_subsample
total_counts_total,L1_total_counts_total,-0.077589905420042,0.0397610452893691,-1.95140507135478,0.051196544479221,*,0.0456779266463194,19331,0.590825417756033,JPN,human_subsample
average_counts_total,L1_average_counts_total,-0.142719518356477,0.0166520664456316,-8.57067912997175,9.07593173455046e-11,***,0.0071556350626118,559,0.582549891674167,JPN,nature_subsample
average_counts_total,L1_average_counts_total,-0.077589905420042,0.0397610452893691,-1.95140507135478,0.051196544479221,*,0.0456779266463194,19331,0.590825417756033,JPN,human_subsample
total_burned_days_human,L1_total_burned_days_human,-0.0586765019587904,0.0512329041912885,-1.14528939721453,0.253671189266663,"",11.0711759504863,2262,0.671134918639807,KAZ,full
average_burned_days_human,L1_average_burned_days_human,-0.0529240775144965,0.0366119101805762,-1.44554264591675,0.150114575988675,"",0.616516248238592,2262,0.423810641763331,KAZ,full
total_ba_ha_human,L1_total_ba_ha_human,-0.108837461169481,0.0426275785443185,-2.55321706946892,0.0115368841287639,**,1146.27111302523,2262,0.573879731798415,KAZ,full
average_ba_ha_human,L1_average_ba_ha_human,-0.0620085570491085,0.0196551612714849,-3.15482311198681,0.00189419906205986,***,60.303396831167,2262,0.292876292027348,KAZ,full
total_counts_human,L1_total_counts_human,-0.0603953821391524,0.0555489143460876,-1.08724684991807,0.278440203531895,"",4.69009725906278,2262,0.690421265806879,KAZ,full
average_counts_human,L1_average_counts_human,-0.0603953821391524,0.0555489143460876,-1.08724684991807,0.278440203531895,"",4.69009725906278,2262,0.690421265806879,KAZ,full
total_burned_days_nature,L1_total_burned_days_nature,-0.0344293013198589,0.0415517054522063,-0.828589367034772,0.408478490296191,"",57.7038019451813,2262,0.703412947886439,KAZ,full
average_burned_days_nature,L1_average_burned_days_nature,-0.0102559920874327,0.0217432044900994,-0.471687238746373,0.637744393258496,"",2.22291692239103,2262,0.358590004692384,KAZ,full
total_ba_ha_nature,L1_total_ba_ha_nature,-0.19027270342834,0.0341310939897181,-5.57476134476261,9.3695176766042e-08,***,41451.8695937211,2262,0.603245108519814,KAZ,full
average_ba_ha_nature,L1_average_ba_ha_nature,-0.10912549664549,0.0282018231600834,-3.86944829864565,0.000154326626081497,***,1447.08833090657,2262,0.406376752985453,KAZ,full
total_counts_nature,L1_total_counts_nature,-0.0359571759130333,0.0450737515306244,-0.797740917762369,0.426114467247881,"",23.7290008841733,2262,0.714626077555005,KAZ,full
average_counts_nature,L1_average_counts_nature,-0.0359571759130333,0.0450737515306244,-0.797740917762369,0.426114467247881,"",23.7290008841733,2262,0.714626077555005,KAZ,full
total_burned_days_allfire,L1_total_burned_days_allfire,-0.0232679146683233,0.0314378114398613,-0.740125142388919,0.460227296900945,"",69.7656940760389,2262,0.698878648977294,KAZ,full
average_burned_days_allfire,L1_average_burned_days_allfire,-0.0231940146616176,0.0214595758746858,-1.08082353523947,0.28128000390591,"",2.26443089552706,2262,0.367550538371507,KAZ,full
total_burned_areas_ha,L1_total_burned_areas_ha,-0.181405314488008,0.0236294108992525,-7.67709847957937,1.14582086803116e-12,***,54550.6551333253,2262,0.553550145549648,KAZ,full
average_burned_areas_ha,L1_average_burned_areas_ha,-0.125784665353267,0.0301534213838943,-4.17148899131068,4.78037122250307e-05,***,1763.52701795839,2262,0.415136605138506,KAZ,full
total_counts_total,L1_total_counts_total,-0.0271239782253748,0.0353961938059377,-0.766296466057454,0.444544261737746,"",28.4858532272325,2262,0.709362983990342,KAZ,full
average_counts_total,L1_average_counts_total,-0.0271239782253748,0.0353961938059377,-0.766296466057454,0.444544261737746,"",28.4858532272325,2262,0.709362983990342,KAZ,full
total_burned_days_allfire,L1_total_burned_days_human,-0.0307334030381211,0.0611147481823115,-0.50288030225438,0.61568802668393,"",69.7656940760389,2262,0.698750477922209,KAZ,full
total_burned_days_allfire,L1_total_burned_days_nature,-0.0198205474109278,0.0427572890137644,-0.463559497529115,0.643546064986084,"",69.7656940760389,2262,0.698786276109549,KAZ,full
average_burned_days_allfire,L1_average_burned_days_human,-0.0172560524890921,0.0243063844895601,-0.709939090139212,0.478697735104705,"",2.26443089552706,2262,0.367334064276428,KAZ,full
average_burned_days_allfire,L1_average_burned_days_nature,-0.0104295978057111,0.0216735833284234,-0.481212434864585,0.630973603850671,"",2.26443089552706,2262,0.367280436094151,KAZ,full
total_burned_areas_ha,L1_total_ba_ha_human,0.528524547072053,0.296689259444914,1.78140775321927,0.0766003198999994,*,54550.6551333253,2262,0.53664988805675,KAZ,full
total_burned_areas_ha,L1_total_ba_ha_nature,-0.240717778785152,0.0414588254406923,-5.80618906171145,2.99256885876497e-08,***,54550.6551333253,2262,0.550302467009018,KAZ,full
average_burned_areas_ha,L1_average_ba_ha_human,-0.134890165907668,0.173426789221022,-0.777793133999379,0.437753354515456,"",1763.52701795839,2262,0.405494528590755,KAZ,full
average_burned_areas_ha,L1_average_ba_ha_nature,-0.131135883773226,0.0420645265618998,-3.11749339625286,0.00213647935589634,***,1763.52701795839,2262,0.411560333128454,KAZ,full
total_counts_total,L1_total_counts_human,-0.0232087246677726,0.0685945933875844,-0.338346267855761,0.735512524029653,"",28.4858532272325,2262,0.709151224523415,KAZ,full
total_counts_total,L1_total_counts_nature,-0.0311649218130825,0.0457920002645865,-0.680575682062617,0.497049852982843,"",28.4858532272325,2262,0.709353503230378,KAZ,full
average_counts_total,L1_average_counts_human,-0.0232087246677726,0.0685945933875844,-0.338346267855761,0.735512524029653,"",28.4858532272325,2262,0.709151224523415,KAZ,full
average_counts_total,L1_average_counts_nature,-0.0311649218130825,0.0457920002645865,-0.680575682062617,0.497049852982843,"",28.4858532272325,2262,0.709353503230378,KAZ,full
total_burned_days_allfire,L1_total_burned_days_allfire,0.0651191525884088,0.0719343797397528,0.905257719938638,0.368434177377406,"",72.8407367280607,923,0.799211814102859,KAZ,nature_subsample
total_burned_days_allfire,L1_total_burned_days_allfire,0.137109791656963,0.201628558259242,0.680011764408272,0.52185528542873,"",47.8901098901099,91,0.961934384360861,KAZ,human_subsample
average_burned_days_allfire,L1_average_burned_days_allfire,0.0094764421868984,0.0384612896711482,0.246389090639547,0.806102143816272,"",2.28495734284569,923,0.418214552619204,KAZ,nature_subsample
average_burned_days_allfire,L1_average_burned_days_allfire,-0.167372655113354,0.308009194152587,-0.543401490250444,0.606437111238116,"",1.37059952871715,91,0.87013482343254,KAZ,human_subsample
total_burned_areas_ha,L1_total_burned_areas_ha,-0.142141118998608,0.0370687767811908,-3.83452412896268,0.000272157728576094,***,86669.5426434378,923,0.714379314288509,KAZ,nature_subsample
total_burned_areas_ha,L1_total_burned_areas_ha,0.0803622240430357,0.201360286855031,0.399096690306626,0.703638968492467,"",5717.60782686099,91,0.947427075327734,KAZ,human_subsample
average_burned_areas_ha,L1_average_burned_areas_ha,-0.119158871031688,0.0385085699417613,-3.09434682232808,0.00283438058331667,***,2716.42924133649,923,0.447144282102525,KAZ,nature_subsample
average_burned_areas_ha,L1_average_burned_areas_ha,-0.109612231392058,0.188683120214177,-0.580932895680525,0.582433354992454,"",174.67549452386,91,0.801408349234032,KAZ,human_subsample
total_counts_total,L1_total_counts_total,0.0362723874370833,0.0842567041210123,0.43049853202171,0.668155643364179,"",30.3661971830986,923,0.813897996794093,KAZ,nature_subsample
total_counts_total,L1_total_counts_total,0.127522215171661,0.187736103731731,0.6792631392515,0.522297320735399,"",19.2197802197802,91,0.964181623133711,KAZ,human_subsample
average_counts_total,L1_average_counts_total,0.0362723874370833,0.0842567041210123,0.43049853202171,0.668155643364179,"",30.3661971830986,923,0.813897996794093,KAZ,nature_subsample
average_counts_total,L1_average_counts_total,0.127522215171661,0.187736103731731,0.6792631392515,0.522297320735399,"",19.2197802197802,91,0.964181623133711,KAZ,human_subsample
total_burned_days_human,L1_total_burned_days_human,-0.155203355292296,0.0224603324872903,-6.91010942870599,2.92487596140177e-11,***,0.0984615384615385,3900,0.29984592389331,KEN,full
average_burned_days_human,L1_average_burned_days_human,-0.203984128814829,0.0486619340629466,-4.19186234050963,3.64781417451442e-05,***,0.0459078144078144,3900,0.334647630957908,KEN,full
total_ba_ha_human,L1_total_ba_ha_human,-0.141182921988617,0.0450031588918379,-3.13717804405554,0.00187582748079658,***,5.73154849028815,3900,0.3400987548238,KEN,full
average_ba_ha_human,L1_average_ba_ha_human,-0.203247372631324,0.0557606428058214,-3.64499694415476,0.000315232362614654,***,2.76514687113484,3900,0.34869398045001,KEN,full
total_counts_human,L1_total_counts_human,-0.118643672104541,0.0369551538431325,-3.21047701785143,0.00146939474468857,***,0.0653846153846154,3900,0.370999869988791,KEN,full
average_counts_human,L1_average_counts_human,-0.118643672104541,0.0369551538431325,-3.21047701785143,0.00146939474468857,***,0.0653846153846154,3900,0.370999869988791,KEN,full
total_burned_days_nature,L1_total_burned_days_nature,0.0129080488119085,0.0542364362394601,0.237995888131698,0.812047294225949,"",8.33,3900,0.728693231174014,KEN,full
average_burned_days_nature,L1_average_burned_days_nature,-0.136738377770626,0.0225838248863637,-6.05470412822719,4.21205841196622e-09,***,0.732704163599317,3900,0.537251386116476,KEN,full
total_ba_ha_nature,L1_total_ba_ha_nature,-0.0233961854191,0.0405062829397616,-0.577593985947646,0.563972954216476,"",1406.19059735209,3900,0.613470719004835,KEN,full
average_ba_ha_nature,L1_average_ba_ha_nature,-0.122425805228326,0.0200848528005033,-6.09542954804518,3.36046166541257e-09,***,158.711230986141,3900,0.503539182731048,KEN,full
total_counts_nature,L1_total_counts_nature,-0.00810212848954622,0.0696079818261704,-0.116396543571388,0.907416413519209,"",3.54897435897436,3900,0.73979320971243,KEN,full
average_counts_nature,L1_average_counts_nature,-0.00810212848954622,0.0696079818261704,-0.116396543571388,0.907416413519209,"",3.54897435897436,3900,0.73979320971243,KEN,full
total_burned_days_allfire,L1_total_burned_days_allfire,0.0101005685098421,0.0525951829200573,0.192043604548244,0.847838408806897,"",8.44794871794872,3900,0.723997547621826,KEN,full
average_burned_days_allfire,L1_average_burned_days_allfire,-0.143525721049538,0.0220547283348439,-6.50770750246715,3.21120968529271e-10,***,0.763174965837512,3900,0.527845143517692,KEN,full
total_burned_areas_ha,L1_total_burned_areas_ha,-0.0528920543452965,0.00826418910820661,-6.40015053537109,5.98851424074234e-10,***,1467.93498160974,3900,0.563443764092902,KEN,full
average_burned_areas_ha,L1_average_burned_areas_ha,-0.101267366535996,0.0246183664811572,-4.11348846453748,5.04278385065582e-05,***,160.555033091024,3900,0.501917650548221,KEN,full
total_counts_total,L1_total_counts_total,-0.00769280342652373,0.0693958172773949,-0.110853992766933,0.911806501592307,"",3.61461538461539,3900,0.738892105037099,KEN,full
average_counts_total,L1_average_counts_total,-0.00769280342652373,0.0693958172773949,-0.110853992766933,0.911806501592307,"",3.61461538461539,3900,0.738892105037099,KEN,full
total_burned_days_allfire,L1_total_burned_days_human,-0.139321493107066,0.0849578226729754,-1.63989010927634,0.102079627106471,"",8.44794871794872,3900,0.723979097439105,KEN,full
total_burned_days_allfire,L1_total_burned_days_nature,0.00571215039221673,0.0518055694720714,0.110261318434038,0.912276103703584,"",8.44794871794872,3900,0.723977085709471,KEN,full
average_burned_days_allfire,L1_average_burned_days_human,-0.234723784016534,0.0563201697250732,-4.16766826453716,4.03342512444821e-05,***,0.763174965837512,3900,0.52050736605665,KEN,full
average_burned_days_allfire,L1_average_burned_days_nature,-0.136154057603953,0.022679181980542,-6.00348185930024,5.58711837550732e-09,***,0.763174965837512,3900,0.526521835185323,KEN,full
total_burned_areas_ha,L1_total_ba_ha_human,-0.0332227903506444,0.428468616336978,-0.0775384452533991,0.938247069394032,"",1467.93498160974,3900,0.560493430006849,KEN,full
total_burned_areas_ha,L1_total_ba_ha_nature,-0.0754048793241186,0.0369030115895663,-2.04332589878486,0.0418965422716009,**,1467.93498160974,3900,0.562223981302074,KEN,full
average_burned_areas_ha,L1_average_ba_ha_human,-0.0805439513201191,0.107067386572274,-0.752273441042192,0.452478435537967,"",160.555033091024,3900,0.496671014984542,KEN,full
average_burned_areas_ha,L1_average_ba_ha_nature,-0.122476269305341,0.0200754254524277,-6.1008056638984,3.26147102232653e-09,***,160.555033091024,3900,0.50330255135327,KEN,full
total_counts_total,L1_total_counts_human,-0.0658924485493741,0.0893902051155735,-0.737132759279175,0.461619643504355,"",3.61461538461539,3900,0.738877870490071,KEN,full
total_counts_total,L1_total_counts_nature,-0.00761557033101053,0.06960628774096,-0.109409229800502,0.912951305162997,"",3.61461538461538,3900,0.738891732994079,KEN,full
average_counts_total,L1_average_counts_human,-0.0658924485493741,0.0893902051155735,-0.737132759279175,0.461619643504355,"",3.61461538461539,3900,0.738877870490071,KEN,full
average_counts_total,L1_average_counts_nature,-0.00761557033101053,0.06960628774096,-0.109409229800502,0.912951305162997,"",3.61461538461538,3900,0.738891732994079,KEN,full
total_burned_days_allfire,L1_total_burned_days_allfire,0.0274533791076675,0.0729156388287744,0.37650879219663,0.70769399992905,"",25.3648351648352,910,0.734660839929955,KEN,nature_subsample
total_burned_days_allfire,L1_total_burned_days_allfire,-0.183534226735705,0.0461138042535567,-3.98002788333277,0.000174024270459678,***,1.12858783008037,871,0.704985500617626,KEN,human_subsample
average_burned_days_allfire,L1_average_burned_days_allfire,-0.0409306344715497,0.0505179004528446,-0.810220418992986,0.42059910887654,"",1.27711226440028,910,0.65147475382787,KEN,nature_subsample
average_burned_days_allfire,L1_average_burned_days_allfire,-0.167885592311804,0.0626897357850435,-2.67803955798228,0.00933595908741663,***,0.347423982559392,871,0.560236835259915,KEN,human_subsample
total_burned_areas_ha,L1_total_burned_areas_ha,-0.0439547235403872,0.00816861080849477,-5.38093007132589,9.59437528563724e-07,***,4244.72156789156,910,0.561056177406397,KEN,nature_subsample
total_burned_areas_ha,L1_total_burned_areas_ha,-0.0895204996539285,0.0409848833071782,-2.18423214683765,0.0325031523621475,**,89.5280337286769,871,0.668123860133273,KEN,human_subsample
average_burned_areas_ha,L1_average_burned_areas_ha,0.0143039869183665,0.0312392478066339,0.457885126008985,0.648473680016056,"",218.411011032654,910,0.595679585288797,KEN,nature_subsample
average_burned_areas_ha,L1_average_burned_areas_ha,-0.115582910466855,0.0358224455759893,-3.22654996353255,0.00195133196470036,***,24.2916206000328,871,0.607177244882093,KEN,human_subsample
total_counts_total,L1_total_counts_total,-0.00409494125236426,0.0917241726354699,-0.0446440794689789,0.964519958134832,"",11.1362637362637,910,0.741864180085829,KEN,nature_subsample
total_counts_total,L1_total_counts_total,-0.128504634058956,0.0709379377056303,-1.81150789288813,0.0746124623860347,*,0.466130884041332,871,0.615497123977659,KEN,human_subsample
average_counts_total,L1_average_counts_total,-0.00409494125236426,0.0917241726354699,-0.0446440794689789,0.964519958134832,"",11.1362637362637,910,0.741864180085829,KEN,nature_subsample
average_counts_total,L1_average_counts_total,-0.128504634058956,0.0709379377056303,-1.81150789288813,0.0746124623860347,*,0.466130884041332,871,0.615497123977659,KEN,human_subsample
total_burned_days_human,L1_total_burned_days_human,-0.0461813418871644,0.082248996802229,-0.561482129663044,0.577383743437656,"",0.475524475524476,572,0.568292650672349,KGZ,full
average_burned_days_human,L1_average_burned_days_human,-0.107348065549819,0.0637563529083005,-1.68372343543891,0.0994823666528324,*,0.242351398601399,572,0.411614538155331,KGZ,full
total_ba_ha_human,L1_total_ba_ha_human,0.0371434620856154,0.0743387281464195,0.499651568055573,0.619867636658992,"",39.1284341986851,572,0.43901243424901,KGZ,full
average_ba_ha_human,L1_average_ba_ha_human,-0.0341485224906037,0.0351265213260228,-0.972157822679282,0.336409175399839,"",19.8906742215863,572,0.26330629621519,KGZ,full
total_counts_human,L1_total_counts_human,-0.0695303892985023,0.0725917063262925,-0.957828281180913,0.343504031061422,"",0.256993006993007,572,0.632299015197865,KGZ,full
average_counts_human,L1_average_counts_human,-0.0695303892985023,0.0725917063262925,-0.957828281180913,0.343504031061422,"",0.256993006993007,572,0.632299015197865,KGZ,full
total_burned_days_nature,L1_total_burned_days_nature,-0.135072280834133,0.0587200104420257,-2.30027685310938,0.0263476330350619,**,1.96153846153846,572,0.38481160882387,KGZ,full
average_burned_days_nature,L1_average_burned_days_nature,-0.0144984107357557,0.0438186123192057,-0.330873342819236,0.742347127576101,"",0.469119257833476,572,0.287309206446943,KGZ,full
total_ba_ha_nature,L1_total_ba_ha_nature,-0.0770876954760534,0.00626693590942019,-12.300699510933,1.12551988673711e-15,***,234.175054656646,572,0.224696574381859,KGZ,full
average_ba_ha_nature,L1_average_ba_ha_nature,-0.0605092739991434,0.00772869316261188,-7.8291727625909,8.28676648609458e-10,***,58.6695587136183,572,0.287510785134454,KGZ,full
total_counts_nature,L1_total_counts_nature,-0.126155544958775,0.0551203394570795,-2.28872946359498,0.0270693280339722,**,1.4493006993007,572,0.497273224635057,KGZ,full
average_counts_nature,L1_average_counts_nature,-0.126155544958775,0.0551203394570795,-2.28872946359498,0.0270693280339722,**,1.4493006993007,572,0.497273224635057,KGZ,full
total_burned_days_allfire,L1_total_burned_days_allfire,-0.135598506771836,0.0554343976441306,-2.44610769728808,0.0186069390818666,**,2.43706293706294,572,0.406759111350603,KGZ,full
average_burned_days_allfire,L1_average_burned_days_allfire,-0.0375556528753111,0.0456604670555751,-0.822498219950328,0.415331289711322,"",0.59093070910981,572,0.305822959101196,KGZ,full
total_burned_areas_ha,L1_total_burned_areas_ha,-0.0804240967918878,0.00632674074644368,-12.711773726005,3.68958269472197e-16,***,273.303488855331,572,0.240382915328904,KGZ,full
average_burned_areas_ha,L1_average_burned_areas_ha,-0.070508928405954,0.00963556488653723,-7.31757081564245,4.47652158631013e-09,***,67.4038731855585,572,0.301615083632875,KGZ,full
total_counts_total,L1_total_counts_total,-0.121601256703581,0.0558869400870077,-2.1758438825648,0.0351085557333362,**,1.70629370629371,572,0.505302338843638,KGZ,full
average_counts_total,L1_average_counts_total,-0.121601256703581,0.0558869400870077,-2.1758438825648,0.0351085557333362,**,1.70629370629371,572,0.505302338843638,KGZ,full
total_burned_days_allfire,L1_total_burned_days_human,-0.116184392146072,0.197457905724863,-0.58840081241398,0.55934142377864,"",2.43706293706294,572,0.395061862026204,KGZ,full
total_burned_days_allfire,L1_total_burned_days_nature,-0.135709855567398,0.0569044410344371,-2.384872834183,0.0215648714374924,**,2.43706293706294,572,0.40642094200855,KGZ,full
average_burned_days_allfire,L1_average_burned_days_human,-0.125459383115278,0.093487645076563,-1.34198891214482,0.186643151164234,"",0.59093070910981,572,0.309188437703958,KGZ,full
average_burned_days_allfire,L1_average_burned_days_nature,-0.0173015451984031,0.0499194216463328,-0.346589456123519,0.730590148372048,"",0.59093070910981,572,0.304960492476358,KGZ,full
total_burned_areas_ha,L1_total_ba_ha_human,0.573751177850333,0.732989849485129,0.782754601927094,0.438060987884186,"",273.303488855332,572,0.236528116403234,KGZ,full
total_burned_areas_ha,L1_total_ba_ha_nature,-0.0819216009762437,0.00579689620967301,-14.1319764945153,9.18439084397932e-18,***,273.303488855332,572,0.240627424926209,KGZ,full
average_burned_areas_ha,L1_average_ba_ha_human,-0.0102275451597197,0.0735001376352325,-0.139150013711228,0.88998129057474,"",67.4038731855586,572,0.298149550088874,KGZ,full
average_burned_areas_ha,L1_average_ba_ha_nature,-0.0588180246215913,0.00721757200296324,-8.14928130920524,2.91623463757156e-10,***,67.4038731855585,572,0.300918281212995,KGZ,full
total_counts_total,L1_total_counts_human,-0.123451866851825,0.242950367197835,-0.508136160795748,0.613954833750541,"",1.70629370629371,572,0.496878775158898,KGZ,full
total_counts_total,L1_total_counts_nature,-0.122019710639743,0.0570649108323732,-2.13826165431455,0.0382190224537161,**,1.70629370629371,572,0.50511957454432,KGZ,full
average_counts_total,L1_average_counts_human,-0.123451866851825,0.242950367197835,-0.508136160795748,0.613954833750541,"",1.70629370629371,572,0.496878775158898,KGZ,full
average_counts_total,L1_average_counts_nature,-0.122019710639743,0.0570649108323732,-2.13826165431455,0.0382190224537161,**,1.70629370629371,572,0.50511957454432,KGZ,full
total_burned_days_allfire,L1_total_burned_days_allfire,-0.190187343124612,0.0778325040528454,-2.4435465033411,0.0244772310907286,**,3.09615384615385,260,0.47683768653335,KGZ,nature_subsample
total_burned_days_allfire,L1_total_burned_days_allfire,-2.38550791964218,1e-05,-238550.791964218,1.62453157859967e-16,***,2.24999999999994,52,1,KGZ,human_subsample
average_burned_days_allfire,L1_average_burned_days_allfire,0.0486294067580539,0.0856162725078608,0.567992571197129,0.576691471942583,"",0.438937975181998,260,0.495910842733741,KGZ,nature_subsample
average_burned_days_allfire,L1_average_burned_days_allfire,-2.17507095286303,1e-05,-217507.095286303,2.14313959525343e-16,***,0.74416208791192,52,1,KGZ,human_subsample
total_burned_areas_ha,L1_total_burned_areas_ha,-0.160948513268681,0.0798143603605341,-2.01653577804359,0.0581024032763148,*,212.89749230188,260,0.528549288926574,KGZ,nature_subsample
total_burned_areas_ha,L1_total_burned_areas_ha,2.02572052045745,1e-05,202572.052045745,2.65296892777864e-16,***,148.864917876984,52,1,KGZ,human_subsample
average_burned_areas_ha,L1_average_burned_areas_ha,-0.0624840103878923,0.0433312289501199,-1.44200872908128,0.165581383284551,"",39.3917371097515,260,0.451474824365261,KGZ,nature_subsample
average_burned_areas_ha,L1_average_burned_areas_ha,-294.285723259323,1e-05,-29428572.3259323,8.65292949796942e-23,***,39.1983595037566,52,0.999999999814901,KGZ,human_subsample
total_counts_total,L1_total_counts_total,-0.148461220962228,0.0701864401939608,-2.11524078656724,0.047846065029296,**,2.41153846153846,260,0.546038436184055,KGZ,nature_subsample
total_counts_total,L1_total_counts_total,1.05721863754115,1e-05,105721.863754115,1.86627790283459e-15,***,1.09615384615385,52,0.999999999999993,KGZ,human_subsample
average_counts_total,L1_average_counts_total,-0.148461220962228,0.0701864401939608,-2.11524078656724,0.047846065029296,**,2.41153846153846,260,0.546038436184055,KGZ,nature_subsample
average_counts_total,L1_average_counts_total,1.05721863754115,1e-05,105721.863754115,1.86627790283459e-15,***,1.09615384615385,52,0.999999999999993,KGZ,human_subsample
total_burned_days_human,L1_total_burned_days_human,0.264938587847476,0.0593128330051751,4.46680042789997,1.32362975807421e-05,***,40.1896420411272,2626,0.830770565646295,KHM,full
average_burned_days_human,L1_average_burned_days_human,-0.109157455613422,0.0296934469074771,-3.67614632122534,0.000303799846919072,***,1.30858329937499,2626,0.461520201598534,KHM,full
total_ba_ha_human,L1_total_ba_ha_human,-0.109232993846328,0.0336497194920736,-3.24617843759616,0.0013703102243301,***,3930.89755135347,2626,0.599080862688649,KHM,full
average_ba_ha_human,L1_average_ba_ha_human,-0.0769481428435388,0.0236575162067868,-3.25258755699231,0.00134130138943806,***,178.153264040521,2626,0.418032441975597,KHM,full
total_counts_human,L1_total_counts_human,0.358448229225382,0.0516164432770377,6.94445813132659,5.1477334038802e-11,***,22.5795887281036,2626,0.865943115927565,KHM,full
average_counts_human,L1_average_counts_human,0.358448229225382,0.0516164432770377,6.94445813132659,5.1477334038802e-11,***,22.5795887281036,2626,0.865943115927565,KHM,full
total_burned_days_nature,L1_total_burned_days_nature,0.05982909824874,0.047316105825043,1.26445524637985,0.207530893903617,"",91.5715917745621,2626,0.916088357071321,KHM,full
average_burned_days_nature,L1_average_burned_days_nature,-0.0826306955597381,0.0188314213111527,-4.38791603641734,1.84663017900112e-05,***,1.24004449845748,2626,0.313557607305178,KHM,full
total_ba_ha_nature,L1_total_ba_ha_nature,-0.120840027414813,0.0312897463685379,-3.86196890161815,0.000151630904815929,***,38963.9568698196,2626,0.8216044945603,KHM,full
average_ba_ha_nature,L1_average_ba_ha_nature,-0.0868566056803772,0.0039136448844544,-22.1932771737633,5.84341676009455e-56,***,572.025310528651,2626,0.304406210417879,KHM,full
total_counts_nature,L1_total_counts_nature,-0.00120572122196507,0.05129919348928,-0.0235037071726485,0.981271798173469,"",48.8263518659558,2626,0.933081157800002,KHM,full
average_counts_nature,L1_average_counts_nature,-0.00120572122196507,0.05129919348928,-0.0235037071726485,0.981271798173469,"",48.8263518659558,2626,0.933081157800002,KHM,full
total_burned_days_allfire,L1_total_burned_days_allfire,0.129952398208701,0.049993670907174,2.59937699814025,0.0100319674432992,**,131.775704493526,2626,0.905353745621314,KHM,full
average_burned_days_allfire,L1_average_burned_days_allfire,-0.131759824440863,0.0450951950512499,-2.92181515771515,0.00387819238912911,***,1.51992024086359,2626,0.481154138894337,KHM,full
total_burned_areas_ha,L1_total_burned_areas_ha,-0.120622188384492,0.0307247676241081,-3.92589424467596,0.000118674721259921,***,42904.366975263,2626,0.820777201649944,KHM,full
average_burned_areas_ha,L1_average_burned_areas_ha,-0.11281457294277,0.0320396089737885,-3.52109705942613,0.000531708041852932,***,366.655302228586,2626,0.437064357776542,KHM,full
total_counts_total,L1_total_counts_total,0.0992703344923448,0.0596687192545563,1.66369139027171,0.0977324098537565,*,71.4063214013709,2626,0.92392110336655,KHM,full
average_counts_total,L1_average_counts_total,0.0992703344923448,0.0596687192545563,1.66369139027171,0.0977324098537565,*,71.4063214013709,2626,0.92392110336655,KHM,full
total_burned_days_allfire,L1_total_burned_days_human,0.354751705779088,0.0829621922437242,4.27606474931265,2.93860697755505e-05,***,131.775704493526,2626,0.906435201325937,KHM,full
total_burned_days_allfire,L1_total_burned_days_nature,0.0734518161192315,0.0616917578184346,1.19062608550413,0.235204623892215,"",131.775704493526,2626,0.904084113327203,KHM,full
average_burned_days_allfire,L1_average_burned_days_human,-0.0670436833954838,0.0432205526116388,-1.55119912505306,0.122427062392927,"",1.51992024086359,2626,0.473989730823817,KHM,full
average_burned_days_allfire,L1_average_burned_days_nature,-0.0111034632250796,0.00881430098886169,-1.25971001434041,0.209234712399343,"",1.51992024086359,2626,0.471291852730698,KHM,full
total_burned_areas_ha,L1_total_ba_ha_human,-0.183862855099883,0.0572269683490469,-3.21287079158974,0.00153068175881098,***,42904.366975263,2626,0.817837641172688,KHM,full
total_burned_areas_ha,L1_total_ba_ha_nature,-0.119242141619728,0.0314186182160178,-3.79527007839373,0.000195172059192316,***,42904.366975263,2626,0.82062672386406,KHM,full
average_burned_areas_ha,L1_average_ba_ha_human,-0.123648895912063,0.0345354742449981,-3.58034451865017,0.00043025996049955,***,366.655302228586,2626,0.434587195484923,KHM,full
average_burned_areas_ha,L1_average_ba_ha_nature,0.00305319946133606,0.0151934129740137,0.200955471068821,0.840936594818577,"",366.655302228586,2626,0.423070572296571,KHM,full
total_counts_total,L1_total_counts_human,0.37086202487565,0.0733545049706794,5.05574981419188,9.62336340632889e-07,***,71.4063214013709,2626,0.925853276536511,KHM,full
total_counts_total,L1_total_counts_nature,0.00456851368856307,0.0582362925060325,0.0784478800412961,0.937549828651673,"",71.4063214013709,2626,0.923185373475948,KHM,full
average_counts_total,L1_average_counts_human,0.37086202487565,0.0733545049706794,5.05574981419188,9.62336340632889e-07,***,71.4063214013709,2626,0.925853276536511,KHM,full
average_counts_total,L1_average_counts_nature,0.00456851368856307,0.0582362925060325,0.0784478800412961,0.937549828651673,"",71.4063214013709,2626,0.923185373475948,KHM,full
total_burned_days_allfire,L1_total_burned_days_allfire,0.0551404429655996,0.102672429411109,0.537052091606917,0.601925507204163,"",228.692307692308,156,0.948456635009654,KHM,nature_subsample
total_burned_days_allfire,L1_total_burned_days_allfire,0.148547147713098,0.0986733885517565,1.505442854384,0.135102668806986,"",59.8104895104895,1430,0.879450102852527,KHM,human_subsample
average_burned_days_allfire,L1_average_burned_days_allfire,0.0153305855803743,0.209697405493508,0.0731081319022276,0.94303251206418,"",1.27575845153752,156,0.980565631518652,KHM,nature_subsample
average_burned_days_allfire,L1_average_burned_days_allfire,-0.151546474364471,0.0631704498935621,-2.39900894516054,0.0181367474177971,**,1.49082456073851,1430,0.535516828039058,KHM,human_subsample
total_burned_areas_ha,L1_total_burned_areas_ha,-0.0381891651263111,0.197856042832604,-0.193014904066493,0.850464871117874,"",128809.195663311,156,0.938130418715247,KHM,nature_subsample
total_burned_areas_ha,L1_total_burned_areas_ha,-0.0527889867945395,0.0199803228799393,-2.64204873523544,0.00945281892746298,***,12009.1136468029,1430,0.706277082585546,KHM,human_subsample
average_burned_areas_ha,L1_average_burned_areas_ha,-0.182072464360688,0.284470584998043,-0.640039687625139,0.535250571089535,"",486.877220212823,156,0.706401212364447,KHM,nature_subsample
average_burned_areas_ha,L1_average_burned_areas_ha,-0.118354519000906,0.0421282231752938,-2.80938786590732,0.00588454018531356,***,333.701231119076,1430,0.477988890865082,KHM,human_subsample
total_counts_total,L1_total_counts_total,-0.0521583964783372,0.0735405011348616,-0.709247226676998,0.492930231017328,"",142.00641025641,156,0.95365893051063,KHM,nature_subsample
total_counts_total,L1_total_counts_total,0.234103733196363,0.0928564119564743,2.52113697119912,0.0131443827244468,**,31.6741258741259,1430,0.91375893293596,KHM,human_subsample
average_counts_total,L1_average_counts_total,-0.0521583964783372,0.0735405011348616,-0.709247226676998,0.492930231017328,"",142.00641025641,156,0.95365893051063,KHM,nature_subsample
average_counts_total,L1_average_counts_total,0.234103733196363,0.0928564119564743,2.52113697119912,0.0131443827244468,**,31.6741258741259,1430,0.91375893293596,KHM,human_subsample
total_burned_days_human,L1_total_burned_days_human,-0.077164681149194,0.039363449261936,-1.96031299583828,0.0511771668707844,*,0.12966073228082,2977,0.256946606269346,KOR,full
average_burned_days_human,L1_average_burned_days_human,-0.120486398774796,0.0256058718379183,-4.7054206760644,4.39377747811548e-06,***,0.0837208279348017,2977,0.22567164695332,KOR,full
total_ba_ha_human,L1_total_ba_ha_human,-0.110877518456922,0.0263736425656893,-4.20410332705302,3.76597874873565e-05,***,20.1594452585536,2977,0.317777863817871,KOR,full
average_ba_ha_human,L1_average_ba_ha_human,-0.117786956371879,0.0288438118493572,-4.08361269956432,6.13925302409455e-05,***,14.095581622246,2977,0.279076097697149,KOR,full
total_counts_human,L1_total_counts_human,-0.0885137219929703,0.0248294557657593,-3.56486758421156,0.000443407424358972,***,0.05945582801478,2977,0.290781798861411,KOR,full
average_counts_human,L1_average_counts_human,-0.0885137219929703,0.0248294557657593,-3.56486758421156,0.000443407424358972,***,0.05945582801478,2977,0.290781798861411,KOR,full
total_burned_days_nature,L1_total_burned_days_nature,-0.348106349774711,0.101910611893316,-3.41580080138388,0.000752799694561324,***,0.0990930466913,2977,0.451800061448445,KOR,full
average_burned_days_nature,L1_average_burned_days_nature,-0.228837044803502,0.0481890695844394,-4.74873341147461,3.61847571820849e-06,***,0.0500768518235767,2977,0.378828720411856,KOR,full
total_ba_ha_nature,L1_total_ba_ha_nature,-0.249816098299273,0.101029859199221,-2.47269569886919,0.0141407127992013,**,37.0753968230109,2977,0.318690958024606,KOR,full
average_ba_ha_nature,L1_average_ba_ha_nature,-0.232299748570326,0.0735359922459012,-3.15899386783992,0.00179742199203429,***,17.4921194488453,2977,0.31996422000219,KOR,full
total_counts_nature,L1_total_counts_nature,-0.22259093103249,0.0503211286419967,-4.42340895443909,1.50494601414246e-05,***,0.0329190460194827,2977,0.341416377048176,KOR,full
average_counts_nature,L1_average_counts_nature,-0.22259093103249,0.0503211286419967,-4.42340895443909,1.50494601414246e-05,***,0.0329190460194827,2977,0.341416377048176,KOR,full
total_burned_days_allfire,L1_total_burned_days_allfire,-0.236162303697063,0.089594006288467,-2.63591632387426,0.00896726428294196,***,0.22875377897212,2977,0.379395043896798,KOR,full
average_burned_days_allfire,L1_average_burned_days_allfire,-0.148728542750319,0.0322437326375813,-4.61263416435139,6.62984859618107e-06,***,0.119472703424669,2977,0.295617351996514,KOR,full
total_burned_areas_ha,L1_total_burned_areas_ha,-0.257994656843514,0.0933075355657742,-2.76499272303305,0.00615834710360911,***,57.2348420815645,2977,0.338638651951078,KOR,full
average_burned_areas_ha,L1_average_burned_areas_ha,-0.19669680104531,0.0594762596209971,-3.30714813437712,0.00109495980200014,***,27.9391218139277,2977,0.311438446069069,KOR,full
total_counts_total,L1_total_counts_total,-0.109392369619135,0.0425961558477551,-2.56812774397106,0.010863672606707,**,0.0923748740342627,2977,0.307715439780087,KOR,full
average_counts_total,L1_average_counts_total,-0.109392369619135,0.0425961558477551,-2.56812774397106,0.010863672606707,**,0.0923748740342627,2977,0.307715439780087,KOR,full
total_burned_days_allfire,L1_total_burned_days_human,-0.122971678287917,0.0690725422196042,-1.78032651378241,0.0763541845440819,*,0.22875377897212,2977,0.348901398104834,KOR,full
total_burned_days_allfire,L1_total_burned_days_nature,-0.435691044233509,0.149821418470054,-2.90806914447012,0.00399592501174761,***,0.22875377897212,2977,0.392903591087286,KOR,full
average_burned_days_allfire,L1_average_burned_days_human,-0.119304702139467,0.0339866265415142,-3.51034257529906,0.000539227858813622,***,0.119472703424669,2977,0.289253590366785,KOR,full
average_burned_days_allfire,L1_average_burned_days_nature,-0.245561485400123,0.0481093992317153,-5.10423096778645,6.99835033777401e-07,***,0.119472703424668,2977,0.294771645000671,KOR,full
total_burned_areas_ha,L1_total_ba_ha_human,-0.2829989691869,0.147707190080406,-1.91594579135143,0.056622699643111,*,57.2348420815645,2977,0.2984356432063,KOR,full
total_burned_areas_ha,L1_total_ba_ha_nature,-0.284410413090316,0.119501586704269,-2.37997185588964,0.0181375016103908,**,57.2348420815645,2977,0.336911749741714,KOR,full
average_burned_areas_ha,L1_average_ba_ha_human,-0.172543539486933,0.0669722194249608,-2.57634495270475,0.0106161004503474,**,27.9391218139277,2977,0.292246235016762,KOR,full
average_burned_areas_ha,L1_average_ba_ha_nature,-0.229566980936737,0.0672395089814485,-3.41416801541599,0.000757103007863154,***,27.9391218139277,2977,0.313807818519183,KOR,full
total_counts_total,L1_total_counts_human,-0.0578208839852862,0.0339334895541555,-1.70394747917122,0.0897533093062907,*,0.0923748740342627,2977,0.301115589458603,KOR,full
total_counts_total,L1_total_counts_nature,-0.222446302188471,0.0739356686737677,-3.00864665429603,0.00291886632605684,***,0.0923748740342627,2977,0.31072011870439,KOR,full
average_counts_total,L1_average_counts_human,-0.0578208839852862,0.0339334895541555,-1.70394747917122,0.0897533093062907,*,0.0923748740342627,2977,0.301115589458603,KOR,full
average_counts_total,L1_average_counts_nature,-0.222446302188471,0.0739356686737677,-3.00864665429603,0.00291886632605684,***,0.0923748740342627,2977,0.31072011870439,KOR,full
total_burned_days_human,L1_total_burned_days_human,-0.10999157391156,0.0466707809009129,-2.35675452152994,0.0198111043036841,**,5.58450704225352,1846,0.707363365002056,LAO,full
average_burned_days_human,L1_average_burned_days_human,-0.089698382668156,0.0303188308713066,-2.9585040085779,0.00362660181350906,***,0.400563401400735,1846,0.373883387056505,LAO,full
total_ba_ha_human,L1_total_ba_ha_human,-0.115443489271004,0.0894783757839089,-1.29018311138996,0.199098961373758,"",284.598135734936,1846,0.695591475819711,LAO,full
average_ba_ha_human,L1_average_ba_ha_human,-0.0697022027272947,0.0618021326886736,-1.12782843722267,0.26130787186217,"",21.5061695412197,1846,0.319991311892088,LAO,full
total_counts_human,L1_total_counts_human,-0.107013479397241,0.0384170884647223,-2.78556974705435,0.00607877993474025,***,4.55146262188516,1846,0.789735193431925,LAO,full
average_counts_human,L1_average_counts_human,-0.107013479397241,0.0384170884647223,-2.78556974705435,0.00607877993474025,***,4.55146262188516,1846,0.789735193431925,LAO,full
total_burned_days_nature,L1_total_burned_days_nature,-0.180519586328463,0.0296356405884256,-6.09130029735096,1.00874749662863e-08,***,86.9561213434453,1846,0.830918717924879,LAO,full
average_burned_days_nature,L1_average_burned_days_nature,-0.0573221161899726,0.035604801855077,-1.60995464665952,0.109644305294867,"",1.14325169307168,1846,0.438857598652037,LAO,full
total_ba_ha_nature,L1_total_ba_ha_nature,-0.103299373551485,0.0303956903339557,-3.39848749663328,0.000881156593596168,***,6979.70673942158,1846,0.703692387838822,LAO,full
average_ba_ha_nature,L1_average_ba_ha_nature,-0.0436854450100885,0.0317260702888267,-1.37695732917397,0.170707686633756,"",80.6649541260528,1846,0.54599239529456,LAO,full
total_counts_nature,L1_total_counts_nature,-0.180754089724597,0.0250350496896187,-7.2200411808869,2.95652353706698e-11,***,62.1110509209101,1846,0.844498151057287,LAO,full
average_counts_nature,L1_average_counts_nature,-0.180754089724597,0.0250350496896187,-7.2200411808869,2.95652353706698e-11,***,62.1110509209101,1846,0.844498151057287,LAO,full
total_burned_days_allfire,L1_total_burned_days_allfire,-0.184776694776652,0.0287061919609578,-6.43682363122073,1.78179794254621e-09,***,92.5487540628386,1846,0.824780847504136,LAO,full
average_burned_days_allfire,L1_average_burned_days_allfire,-0.0585779525124663,0.0282632496240694,-2.07258377191633,0.0400319848495283,**,1.17434689719774,1846,0.418062739424835,LAO,full
total_burned_areas_ha,L1_total_burned_areas_ha,-0.10751308987983,0.0298813741792717,-3.59799684026615,0.000442923324350145,***,7264.89607214554,1846,0.702041358604384,LAO,full
average_burned_areas_ha,L1_average_burned_areas_ha,-0.05025709765304,0.0312254570593668,-1.60949117758276,0.10974561954914,"",81.8056558538604,1846,0.542436639177325,LAO,full
total_counts_total,L1_total_counts_total,-0.180325705377512,0.0231021299837456,-7.80558786156892,1.21254011724531e-12,***,66.6668472372698,1846,0.839600077112191,LAO,full
average_counts_total,L1_average_counts_total,-0.180325705377512,0.0231021299837456,-7.80558786156892,1.21254011724531e-12,***,66.6668472372698,1846,0.839600077112191,LAO,full
total_burned_days_allfire,L1_total_burned_days_human,-0.374841722797926,0.110608653719542,-3.38890050816794,0.000910116446348871,***,92.5487540628386,1846,0.819864731731039,LAO,full
total_burned_days_allfire,L1_total_burned_days_nature,-0.184224107888942,0.030419908757459,-6.05603749037447,1.20056925208325e-08,***,92.5487540628386,1846,0.824367360856807,LAO,full
average_burned_days_allfire,L1_average_burned_days_human,-0.0372202250323954,0.0151133884767174,-2.46273197368904,0.0149930538592613,**,1.17434689719774,1846,0.417409717003316,LAO,full
average_burned_days_allfire,L1_average_burned_days_nature,-0.0423671098901533,0.0265666474677642,-1.59474807431239,0.113007660098183,"",1.17434689719774,1846,0.417128944490969,LAO,full
total_burned_areas_ha,L1_total_ba_ha_human,-0.62342007467834,0.170256441596199,-3.6616533790652,0.000353548293473217,***,7264.89607214554,1846,0.699997498905582,LAO,full
total_burned_areas_ha,L1_total_ba_ha_nature,-0.105978848162208,0.0302162139592412,-3.50735033532538,0.000607540507429076,***,7264.89607214554,1846,0.701920636916881,LAO,full
average_burned_areas_ha,L1_average_ba_ha_human,-0.0461088754240803,0.0406581972020992,-1.13406099131468,0.258693373214207,"",81.8056558538604,1846,0.541793832267318,LAO,full
average_burned_areas_ha,L1_average_ba_ha_nature,-0.0450566403776027,0.0319447223765166,-1.41045647060389,0.160607253650017,"",81.8056558538604,1846,0.542238603353627,LAO,full
total_counts_total,L1_total_counts_human,-0.314141191943437,0.126172487619581,-2.4897756862066,0.0139442714646007,**,66.6668472372698,1846,0.835243275509789,LAO,full
total_counts_total,L1_total_counts_nature,-0.185839570015201,0.0256565750887869,-7.24335065658943,2.60860091265126e-11,***,66.6668472372698,1846,0.839388207411512,LAO,full
average_counts_total,L1_average_counts_human,-0.314141191943437,0.126172487619581,-2.4897756862066,0.0139442714646007,**,66.6668472372698,1846,0.835243275509789,LAO,full
average_counts_total,L1_average_counts_nature,-0.185839570015201,0.0256565750887869,-7.24335065658943,2.60860091265126e-11,***,66.6668472372698,1846,0.839388207411512,LAO,full
total_burned_days_allfire,L1_total_burned_days_allfire,-0.169188158143558,0.116562657255954,-1.45147821889515,0.160151214964974,"",102.99358974359,312,0.945506873664768,LAO,nature_subsample
total_burned_days_allfire,L1_total_burned_days_allfire,-0.087871601115275,0.110613871543739,-0.794399471684063,0.438587728888189,"",17.1900452488688,221,0.914540037774505,LAO,human_subsample
average_burned_days_allfire,L1_average_burned_days_allfire,-0.0146136129907082,0.0360546436757325,-0.405318469435997,0.688988959251097,"",1.18615940964634,312,0.674003168775927,LAO,nature_subsample
average_burned_days_allfire,L1_average_burned_days_allfire,-0.190782709448914,0.0619946038537643,-3.07740831603572,0.00721313273701694,***,0.696822044128216,221,0.688024723180096,LAO,human_subsample
total_burned_areas_ha,L1_total_burned_areas_ha,-0.11551227308632,0.0345276331029834,-3.34550221678356,0.00280497144074961,***,6992.77472431537,312,0.969206694521885,LAO,nature_subsample
total_burned_areas_ha,L1_total_burned_areas_ha,0.158828786445679,0.114186150919979,1.39096366035654,0.183278966481563,"",886.190505658509,221,0.93097512731327,LAO,human_subsample
average_burned_areas_ha,L1_average_burned_areas_ha,0.0129747365506871,0.0246470486862249,0.52642150854916,0.603635453651329,"",74.7076236842122,312,0.815532325635577,LAO,nature_subsample
average_burned_areas_ha,L1_average_burned_areas_ha,-0.167959841297426,0.0479328373024547,-3.50406633009444,0.00293820456217852,***,38.0520542440618,221,0.793689186815942,LAO,human_subsample
total_counts_total,L1_total_counts_total,-0.0795124748855827,0.0998120275222305,-0.796622179304728,0.433817017202574,"",82.1185897435897,312,0.934569907211384,LAO,nature_subsample
total_counts_total,L1_total_counts_total,-0.0596384744284551,0.209855224084816,-0.284188657625942,0.779910757860548,"",12.7058823529412,221,0.925485477415618,LAO,human_subsample
average_counts_total,L1_average_counts_total,-0.0795124748855827,0.0998120275222305,-0.796622179304728,0.433817017202574,"",82.1185897435897,312,0.934569907211384,LAO,nature_subsample
average_counts_total,L1_average_counts_total,-0.0596384744284551,0.209855224084816,-0.284188657625942,0.779910757860548,"",12.7058823529412,221,0.925485477415618,LAO,human_subsample
total_burned_days_human,L1_total_burned_days_human,-0.11769631817353,0.0429673986190393,-2.73920046258927,0.0104226452068139,**,0.0948717948717948,390,0.471852002501459,LBN,full
average_burned_days_human,L1_average_burned_days_human,-0.0858649262917082,0.0463492574138328,-1.85256314950328,0.074148021883646,*,0.0494871794871795,390,0.346945650495177,LBN,full
total_ba_ha_human,L1_total_ba_ha_human,-0.148117336872344,0.0329247305991897,-4.4986651121145,0.000101910131333512,***,11.4451528821342,390,0.468527792847219,LBN,full
average_ba_ha_human,L1_average_ba_ha_human,-0.136165049262928,0.0270344792009487,-5.03671804626996,2.29049474588525e-05,***,6.70177908694699,390,0.390823991537838,LBN,full
total_counts_human,L1_total_counts_human,-0.118669438049011,0.0391721178063422,-3.02943636174293,0.00510905212569139,***,0.058974358974359,390,0.503458461346186,LBN,full
average_counts_human,L1_average_counts_human,-0.118669438049011,0.0391721178063422,-3.02943636174293,0.00510905212569139,***,0.058974358974359,390,0.503458461346186,LBN,full
total_burned_days_nature,L1_total_burned_days_nature,-0.0543239008704588,0.0313156618266171,-1.73471987184016,0.0934089909643687,*,0.0974358974358975,390,0.482682596827066,LBN,full
average_burned_days_nature,L1_average_burned_days_nature,-0.0537226019801604,0.0296216138873622,-1.81362846009821,0.0800962357806402,*,0.0743589743589744,390,0.462534930602178,LBN,full
total_ba_ha_nature,L1_total_ba_ha_nature,-0.0514175780568908,0.0422054665843133,-1.2182682059485,0.232940959316265,"",7.9787796503491,390,0.539416574773723,LBN,full
average_ba_ha_nature,L1_average_ba_ha_nature,-0.0740454585614588,0.0454855348749896,-1.62789024609608,0.114365790538809,"",5.94275818284925,390,0.546709338695422,LBN,full
total_counts_nature,L1_total_counts_nature,0.0283149380825195,0.0472664674222005,0.599049170093476,0.553791415226795,"",0.0333333333333333,390,0.403528117472945,LBN,full
average_counts_nature,L1_average_counts_nature,0.0283149380825195,0.0472664674222005,0.599049170093476,0.553791415226795,"",0.0333333333333333,390,0.403528117472945,LBN,full
total_burned_days_allfire,L1_total_burned_days_allfire,0.0966116113669616,0.140335689725377,0.688432226727364,0.49665135339054,"",0.192307692307692,390,0.499264966880833,LBN,full
average_burned_days_allfire,L1_average_burned_days_allfire,-0.0782869443066893,0.0561652898428162,-1.39386700443962,0.17394772110914,"",0.112307692307692,390,0.442797296651296,LBN,full
total_burned_areas_ha,L1_total_burned_areas_ha,0.0323185092961601,0.135876691794152,0.237851752713566,0.813668594760432,"",19.4239325324833,390,0.492394564269224,LBN,full
average_burned_areas_ha,L1_average_burned_areas_ha,-0.121883280640283,0.0468650334071816,-2.60072962247384,0.0144895755033672,**,11.5073843870282,390,0.449221309759488,LBN,full
total_counts_total,L1_total_counts_total,0.0030894911020032,0.0811149828310292,0.0380877982608827,0.969878670249506,"",0.0923076923076923,390,0.494497158848612,LBN,full
average_counts_total,L1_average_counts_total,0.0030894911020032,0.0811149828310292,0.0380877982608827,0.969878670249506,"",0.0923076923076923,390,0.494497158848612,LBN,full
total_burned_days_allfire,L1_total_burned_days_human,0.207822951142521,0.206087512107595,1.00842088400786,0.321592899708997,"",0.192307692307692,390,0.510688824201091,LBN,full
total_burned_days_allfire,L1_total_burned_days_nature,-0.106975590334411,0.0316807321269637,-3.37667671017499,0.00210446340117116,***,0.192307692307692,390,0.496542840152477,LBN,full
average_burned_days_allfire,L1_average_burned_days_human,-0.0421554029236803,0.073769946598741,-0.571444129585418,0.572101345149633,"",0.112307692307692,390,0.438406811563358,LBN,full
average_burned_days_allfire,L1_average_burned_days_nature,-0.0917407180638993,0.0217064452161534,-4.22642754952931,0.000215650124125243,***,0.112307692307692,390,0.441646608309854,LBN,full
total_burned_areas_ha,L1_total_ba_ha_human,0.0943104464522375,0.198769266948574,0.474471973962843,0.638716832573545,"",19.4239325324833,390,0.495095723597388,LBN,full
total_burned_areas_ha,L1_total_ba_ha_nature,-0.128143099139009,0.0505294376493404,-2.53600881189862,0.0168577430785419,**,19.4239325324833,390,0.494165233593753,LBN,full
average_burned_areas_ha,L1_average_ba_ha_human,-0.109820652794439,0.0493340648403102,-2.22606130571074,0.0339420974210654,**,11.5073843870282,390,0.445849333636976,LBN,full
average_burned_areas_ha,L1_average_ba_ha_nature,-0.12288286428241,0.0497069785611397,-2.47214511602761,0.0195403629073084,**,11.5073843870282,390,0.443483126075459,LBN,full
total_counts_total,L1_total_counts_human,0.0278864141619058,0.100197464925332,0.278314567965238,0.782745742065108,"",0.0923076923076923,390,0.49479835648438,LBN,full
total_counts_total,L1_total_counts_nature,-0.0719862465667124,0.048151895303224,-1.49498261934235,0.145722255731911,"",0.0923076923076923,390,0.495164825781635,LBN,full
average_counts_total,L1_average_counts_human,0.0278864141619058,0.100197464925332,0.278314567965238,0.782745742065108,"",0.0923076923076923,390,0.49479835648438,LBN,full
average_counts_total,L1_average_counts_nature,-0.0719862465667124,0.048151895303224,-1.49498261934235,0.145722255731911,"",0.0923076923076923,390,0.495164825781635,LBN,full
total_burned_days_human,L1_total_burned_days_human,0.00384357069008845,0.0935634158171776,0.0410798457550841,0.967358165768767,"",1.77505827505828,858,0.705974198004603,LBR,full
average_burned_days_human,L1_average_burned_days_human,-0.108633026509435,0.0385179791770241,-2.82031998641908,0.0063543742456081,***,0.230232988295561,858,0.533572972975242,LBR,full
total_ba_ha_human,L1_total_ba_ha_human,0.0463685738806048,0.0733434756153929,0.632211297481425,0.529466389944996,"",114.73932715495,858,0.650457472871019,LBR,full
average_ba_ha_human,L1_average_ba_ha_human,-0.0818310549976279,0.0303826533086074,-2.69334788395341,0.00898951885973138,***,12.6512797878774,858,0.493139713005276,LBR,full
total_counts_human,L1_total_counts_human,0.0367487921725605,0.0279324152453698,1.31563245962599,0.192919104560403,"",1.66317016317016,858,0.71727162389358,LBR,full
average_counts_human,L1_average_counts_human,0.0367487921725605,0.0279324152453698,1.31563245962599,0.192919104560403,"",1.66317016317016,858,0.71727162389358,LBR,full
total_burned_days_nature,L1_total_burned_days_nature,0.0386765655148982,0.0655935239581578,0.589640000734982,0.557476124493721,"",16.5641025641026,858,0.746802390426351,LBR,full
average_burned_days_nature,L1_average_burned_days_nature,-0.115043695503842,0.0299344418708509,-3.84318825786653,0.000278570129362137,***,0.60729555424454,858,0.405332016431381,LBR,full
total_ba_ha_nature,L1_total_ba_ha_nature,0.00791215759047732,0.0586858130875241,0.134822322026571,0.893168978702341,"",1544.86787142753,858,0.843293608689146,LBR,full
average_ba_ha_nature,L1_average_ba_ha_nature,-0.0922385751196504,0.00816902657054089,-11.2912565925885,5.70516955532871e-17,***,42.5293894440314,858,0.361718667887755,LBR,full
total_counts_nature,L1_total_counts_nature,-0.00825592589022159,0.0679000109152465,-0.121589463373235,0.90359927458707,"",16.6620046620047,858,0.778814068589767,LBR,full
average_counts_nature,L1_average_counts_nature,-0.00825592589022159,0.0679000109152465,-0.121589463373235,0.90359927458707,"",16.6620046620047,858,0.778814068589767,LBR,full
total_burned_days_allfire,L1_total_burned_days_allfire,0.0410762829219573,0.0633604891094957,0.648294915321309,0.519077927119709,"",18.3566433566434,858,0.742320074179349,LBR,full
average_burned_days_allfire,L1_average_burned_days_allfire,-0.119717373633954,0.0335912125397319,-3.56394915760638,0.00069062949816949,***,0.710217561601626,858,0.435882461992703,LBR,full
total_burned_areas_ha,L1_total_burned_areas_ha,0.0151614002102553,0.0585793963773303,0.258817965835555,0.796593557283394,"",1661.74969315661,858,0.841032581804502,LBR,full
average_burned_areas_ha,L1_average_burned_areas_ha,-0.098428227997251,0.0238397697897027,-4.12874070788073,0.000106113894696384,***,46.0710427099412,858,0.487968779373195,LBR,full
total_counts_total,L1_total_counts_total,-0.0062516171439261,0.0639837651691208,-0.0977063029567255,0.922466177146015,"",18.3275058275058,858,0.774807535891544,LBR,full
average_counts_total,L1_average_counts_total,-0.0062516171439261,0.0639837651691208,-0.0977063029567255,0.922466177146015,"",18.3275058275058,858,0.774807535891544,LBR,full
total_burned_days_allfire,L1_total_burned_days_human,0.0485946603797048,0.102242940878346,0.475286214991853,0.636176282996463,"",18.3566433566434,858,0.741885706427106,LBR,full
total_burned_days_allfire,L1_total_burned_days_nature,0.0398613409709376,0.0660778577741409,0.60324808209108,0.54844294181093,"",18.3566433566434,858,0.742270851586866,LBR,full
average_burned_days_allfire,L1_average_burned_days_human,-0.0877918260366703,0.0408897210242518,-2.14703900729968,0.0355257925027451,**,0.710217561601626,858,0.430617471419085,LBR,full
average_burned_days_allfire,L1_average_burned_days_nature,-0.09672865671068,0.0359601102899159,-2.68988765414897,0.00907363858035544,***,0.710217561601626,858,0.433472922707569,LBR,full
total_burned_areas_ha,L1_total_ba_ha_human,0.199385913692447,0.170105959188464,1.17212774110719,0.245424013792723,"",1661.74969315661,858,0.841090150590324,LBR,full
total_burned_areas_ha,L1_total_ba_ha_nature,0.0135771738418322,0.0612121645603346,0.221805158163451,0.825160957215179,"",1661.74969315661,858,0.841024062450803,LBR,full
average_burned_areas_ha,L1_average_ba_ha_human,-0.0930747106714252,0.0424172293043406,-2.19426662697888,0.0317962992075851,**,46.0710427099412,858,0.485061078199632,LBR,full
average_burned_areas_ha,L1_average_ba_ha_nature,-0.0378347755538423,0.0135732711907913,-2.78744710998711,0.00695814378684281,***,46.0710427099412,858,0.485086709820069,LBR,full
total_counts_total,L1_total_counts_human,0.094008359107243,0.0526437564818956,1.78574564943086,0.0788051471141024,*,18.3275058275058,858,0.774887813464348,LBR,full
total_counts_total,L1_total_counts_nature,-0.0110752001817414,0.0676453764263815,-0.163724422374891,0.870456109850218,"",18.3275058275058,858,0.774825568940143,LBR,full
average_counts_total,L1_average_counts_human,0.094008359107243,0.0526437564818956,1.78574564943086,0.0788051471141024,*,18.3275058275058,858,0.774887813464348,LBR,full
average_counts_total,L1_average_counts_nature,-0.0110752001817414,0.0676453764263815,-0.163724422374891,0.870456109850218,"",18.3275058275058,858,0.774825568940143,LBR,full
total_burned_days_allfire,L1_total_burned_days_allfire,-0.0156968763001693,0.111185478618015,-0.141177395603044,0.891706747540168,"",12.7211538461538,104,0.869767736812208,LBR,nature_subsample
total_burned_days_allfire,L1_total_burned_days_allfire,0.148474255609982,0.0480037564562242,3.0929716041156,0.012867594443927,**,9.46923076923077,130,0.873721782323066,LBR,human_subsample
average_burned_days_allfire,L1_average_burned_days_allfire,-0.347603886879098,0.0855296847166078,-4.06413151212752,0.00478455241429576,***,0.59991198952166,104,0.752746516854842,LBR,nature_subsample
average_burned_days_allfire,L1_average_burned_days_allfire,-0.101419222678211,0.0905409123332303,-1.12014800894587,0.291651054453961,"",0.89541467451211,130,0.62060647411292,LBR,human_subsample
total_burned_areas_ha,L1_total_burned_areas_ha,-0.0884993881571728,0.0886611995869225,-0.998174946532376,0.35144115220832,"",1041.79637561846,104,0.901633032227448,LBR,nature_subsample
total_burned_areas_ha,L1_total_burned_areas_ha,0.170353758909554,0.0526815108010149,3.23365363520046,0.0102624167157108,**,600.928283661757,130,0.826370680106751,LBR,human_subsample
average_burned_areas_ha,L1_average_burned_areas_ha,-0.21042335824654,0.185476185823261,-1.13450337202346,0.29393470831161,"",32.8398242656053,104,0.781636604041193,LBR,nature_subsample
average_burned_areas_ha,L1_average_burned_areas_ha,-0.118137808026484,0.0423860700572775,-2.78718474883,0.0211509281445067,**,50.4032663449316,130,0.541794413749516,LBR,human_subsample
total_counts_total,L1_total_counts_total,-0.0529295813134827,0.0777220412108489,-0.681011209804594,0.517750802088064,"",10.4519230769231,104,0.876213165476179,LBR,nature_subsample
total_counts_total,L1_total_counts_total,0.201151864812037,0.0308960493642551,6.51060148307368,0.00011008590507689,***,8.96923076923077,130,0.843737609431562,LBR,human_subsample
average_counts_total,L1_average_counts_total,-0.0529295813134827,0.0777220412108489,-0.681011209804594,0.517750802088064,"",10.4519230769231,104,0.876213165476179,LBR,nature_subsample
average_counts_total,L1_average_counts_total,0.201151864812037,0.0308960493642551,6.51060148307368,0.00011008590507689,***,8.96923076923077,130,0.843737609431562,LBR,human_subsample
total_burned_days_human,L1_total_burned_days_human,-0.0248669540433987,0.0453509236619806,-0.548322989598679,0.58385008690202,"",0.336508692545844,4199,0.369955599576657,LKA,full
average_burned_days_human,L1_average_burned_days_human,-0.0233575164514468,0.0434354961864125,-0.537751804450515,0.591119865690073,"",0.0964176367132953,4199,0.339655857529489,LKA,full
total_ba_ha_human,L1_total_ba_ha_human,0.0751713684573013,0.025163709222954,2.98729284269153,0.00303073725154323,***,34.6150693129906,4199,0.423962098742097,LKA,full
average_ba_ha_human,L1_average_ba_ha_human,-0.0100885822206463,0.0527021581526582,-0.191426358507436,0.848312220061239,"",11.7924172162884,4199,0.329148022854577,LKA,full
total_counts_human,L1_total_counts_human,0.0301223323529706,0.106487533260976,0.282871914021597,0.777456781204694,"",0.124553465110741,4199,0.357303168216769,LKA,full
average_counts_human,L1_average_counts_human,0.0301223323529706,0.106487533260976,0.282871914021597,0.777456781204694,"",0.124553465110741,4199,0.357303168216769,LKA,full
total_burned_days_nature,L1_total_burned_days_nature,0.0552140468148438,0.040577295050204,1.360712850537,0.174556094283341,"",0.956656346749226,4199,0.436188383877575,LKA,full
average_burned_days_nature,L1_average_burned_days_nature,0.0214145510079229,0.0599133832927446,0.357425166649138,0.721007689428198,"",0.2588475157956,4199,0.370137686218843,LKA,full
total_ba_ha_nature,L1_total_ba_ha_nature,0.118544975657542,0.0551257614846873,2.15044604309858,0.0322640742340286,**,72.3195190332532,4199,0.452446695309591,LKA,full
average_ba_ha_nature,L1_average_ba_ha_nature,0.179432142052993,0.0802992419187116,2.23454341243514,0.0261331453778501,**,23.1975756791697,4199,0.35233468370672,LKA,full
total_counts_nature,L1_total_counts_nature,0.00478978197821756,0.0339172230269127,0.141219756535403,0.887784645666519,"",0.38247201714694,4199,0.451466662716574,LKA,full
average_counts_nature,L1_average_counts_nature,0.00478978197821756,0.0339172230269127,0.141219756535403,0.887784645666519,"",0.38247201714694,4199,0.451466662716574,LKA,full
total_burned_days_allfire,L1_total_burned_days_allfire,0.0616783233063188,0.0604627905641021,1.02010381477395,0.308445037913787,"",1.29316503929507,4199,0.454843625651534,LKA,full
average_burned_days_allfire,L1_average_burned_days_allfire,-0.065901722180559,0.0539075458584234,-1.2224953136178,0.222414433149845,"",0.274404012785827,4199,0.424654833839908,LKA,full
total_burned_areas_ha,L1_total_burned_areas_ha,0.181538357239848,0.0627397908532492,2.89351231126149,0.00406932157531163,***,106.934588346244,4199,0.542093334287556,LKA,full
average_burned_areas_ha,L1_average_burned_areas_ha,-0.0146778274236267,0.0700677573518364,-0.209480479729411,0.834205641686584,"",24.1172987843306,4199,0.440153536738409,LKA,full
total_counts_total,L1_total_counts_total,0.0348190018265973,0.0721568572075815,0.482545986259208,0.62974601100747,"",0.50702548225768,4199,0.453536834237798,LKA,full
average_counts_total,L1_average_counts_total,0.0348190018265973,0.0721568572075815,0.482545986259208,0.62974601100747,"",0.50702548225768,4199,0.453536834237798,LKA,full
total_burned_days_allfire,L1_total_burned_days_human,0.0776789988954993,0.1410826212496,0.550592257270806,0.582294987331792,"",1.29316503929507,4199,0.453576390968159,LKA,full
total_burned_days_allfire,L1_total_burned_days_nature,0.0667093587038084,0.0507555086272615,1.31432745938394,0.189671481954454,"",1.29316503929507,4199,0.454288530873279,LKA,full
average_burned_days_allfire,L1_average_burned_days_human,-0.0408534983984567,0.0467929232412982,-0.873070019322933,0.383275516067045,"",0.274404012785827,4199,0.422612266268624,LKA,full
average_burned_days_allfire,L1_average_burned_days_nature,-0.0435712723751421,0.0404546571241405,-1.07703971489458,0.282268766845923,"",0.274404012785827,4199,0.423603183270046,LKA,full
total_burned_areas_ha,L1_total_ba_ha_human,0.203907821991262,0.0818092814455875,2.49247785077888,0.0131877781874978,**,106.934588346244,4199,0.535534122404298,LKA,full
total_burned_areas_ha,L1_total_ba_ha_nature,0.140903479819192,0.0734578038312619,1.91815535545901,0.0559754743048944,*,106.934588346244,4199,0.531723317678377,LKA,full
average_burned_areas_ha,L1_average_ba_ha_human,-0.0459919443013313,0.0294210576396463,-1.56323218779718,0.118980222518755,"",24.1172987843306,4199,0.441716724896857,LKA,full
average_burned_areas_ha,L1_average_ba_ha_nature,0.0242815348124412,0.0494160392170808,0.491369506685356,0.62349987930168,"",24.1172987843306,4199,0.440654929377144,LKA,full
total_counts_total,L1_total_counts_human,0.0750143228148816,0.197098733984215,0.380592616190468,0.703756512316575,"",0.50702548225768,4199,0.453531535823522,LKA,full
total_counts_total,L1_total_counts_nature,0.0275158258587327,0.051883658424947,0.530337040487152,0.596243799595428,"",0.50702548225768,4199,0.453130121428841,LKA,full
average_counts_total,L1_average_counts_human,0.0750143228148816,0.197098733984215,0.380592616190468,0.703756512316575,"",0.50702548225768,4199,0.453531535823522,LKA,full
average_counts_total,L1_average_counts_nature,0.0275158258587327,0.051883658424947,0.530337040487152,0.596243799595428,"",0.50702548225768,4199,0.453130121428841,LKA,full
total_burned_days_allfire,L1_total_burned_days_allfire,-0.110843209378199,0.0432768409198007,-2.56125925604436,0.0374826867407779,**,1.4326923076923,104,0.859563987242444,LKA,nature_subsample
total_burned_days_allfire,L1_total_burned_days_allfire,0.0180712801072368,0.0542262859901597,0.333256828810222,0.739489972596864,"",0.770432692307692,1664,0.573838101298948,LKA,human_subsample
average_burned_days_allfire,L1_average_burned_days_allfire,-0.0797762599077565,0.138086463889994,-0.577726865185786,0.581547525928987,"",0.24305173992674,104,0.98083414934463,LKA,nature_subsample
average_burned_days_allfire,L1_average_burned_days_allfire,0.0190592258339623,0.143850532061098,0.132493259224563,0.894803844934354,"",0.165238691812681,1664,0.533911201708524,LKA,human_subsample
total_burned_areas_ha,L1_total_burned_areas_ha,-0.0529135818253716,0.0904839291279812,-0.58478430739375,0.577047211942048,"",101.321875385234,104,0.714082175261065,LKA,nature_subsample
total_burned_areas_ha,L1_total_burned_areas_ha,0.192957988038951,0.0489318663360707,3.94340135554385,0.000132034976163243,***,89.339252756037,1664,0.678806941002982,LKA,human_subsample
average_burned_areas_ha,L1_average_burned_areas_ha,0.107722236045228,0.0554084164794387,1.94414933487951,0.0929652064141413,*,15.4572866409919,104,0.917096686386445,LKA,nature_subsample
average_burned_areas_ha,L1_average_burned_areas_ha,-0.018400597181066,0.104918630180915,-0.175379693285523,0.861060609363235,"",22.7432026495485,1664,0.503975183157209,LKA,human_subsample
total_counts_total,L1_total_counts_total,-0.0284525097044837,0.0657240544605715,-0.432908619804529,0.678106543143234,"",0.663461538461534,104,0.837955832164476,LKA,nature_subsample
total_counts_total,L1_total_counts_total,-0.0625168522308762,0.0356870631593426,-1.75180714511975,0.0822208324894343,*,0.241586538461538,1664,0.477554395691782,LKA,human_subsample
average_counts_total,L1_average_counts_total,-0.0284525097044837,0.0657240544605715,-0.432908619804529,0.678106543143234,"",0.663461538461534,104,0.837955832164476,LKA,nature_subsample
average_counts_total,L1_average_counts_total,-0.0625168522308762,0.0356870631593426,-1.75180714511975,0.0822208324894343,*,0.241586538461538,1664,0.477554395691782,LKA,human_subsample
total_burned_days_human,L1_total_burned_days_human,-0.118127321276957,0.0256249290503525,-4.60985944760429,3.10371083443035e-05,***,0.0673076923076923,624,0.308162018069013,LTU,full
average_burned_days_human,L1_average_burned_days_human,-0.127372509612831,0.0240252036017778,-5.30162040347519,3.01320762667806e-06,***,0.0351228632478633,624,0.333530954983237,LTU,full
total_ba_ha_human,L1_total_ba_ha_human,-0.0817658987652043,0.00770064590076465,-10.6180572147961,4.46171896914085e-14,***,3.42132647031924,624,0.270426586390984,LTU,full
average_ba_ha_human,L1_average_ba_ha_human,-0.0582495289066523,0.0356212123986065,-1.6352483529991,0.108677735702185,"",1.5897821065703,624,0.328577084947803,LTU,full
total_counts_human,L1_total_counts_human,-0.0698949923489592,0.0229274447660081,-3.04852952704893,0.00376890383096673,***,0.0737179487179487,624,0.278443077769419,LTU,full
average_counts_human,L1_average_counts_human,-0.0698949923489592,0.0229274447660081,-3.04852952704893,0.00376890383096673,***,0.0737179487179487,624,0.278443077769419,LTU,full
total_burned_days_nature,L1_total_burned_days_nature,-0.0943986865298808,0.0162655255931455,-5.8036050534796,5.32991251790557e-07,***,0.133012820512821,624,0.308855256754613,LTU,full
average_burned_days_nature,L1_average_burned_days_nature,-0.0878749081058982,0.0101402078329959,-8.66598688637883,2.63190592222811e-11,***,0.0879807692307692,624,0.349741809030316,LTU,full
total_ba_ha_nature,L1_total_ba_ha_nature,-0.0952628729455786,0.00973168596272453,-9.78893824877476,6.34626204310107e-13,***,9.57259807533694,624,0.37537869792364,LTU,full
average_ba_ha_nature,L1_average_ba_ha_nature,-0.0869007193019512,0.0134189364103153,-6.47597668285765,5.1061647731527e-08,***,6.93800741067744,624,0.406883329794138,LTU,full
total_counts_nature,L1_total_counts_nature,-0.145975810434352,0.0308599700406727,-4.73026416558278,2.08094269753434e-05,***,0.0881410256410256,624,0.39516015086621,LTU,full
average_counts_nature,L1_average_counts_nature,-0.145975810434352,0.0308599700406727,-4.73026416558278,2.08094269753434e-05,***,0.0881410256410256,624,0.39516015086621,LTU,full
total_burned_days_allfire,L1_total_burned_days_allfire,-0.0881776503028701,0.0216806816887832,-4.06710690967296,0.000180265509737233,***,0.200320512820513,624,0.297080546945428,LTU,full
average_burned_days_allfire,L1_average_burned_days_allfire,-0.0903280575728046,0.0137071049374696,-6.58987131016154,3.42831590083278e-08,***,0.11462148962149,624,0.342592801162263,LTU,full
total_burned_areas_ha,L1_total_burned_areas_ha,-0.092242344782212,0.010600931437418,-8.70134339862106,2.33580203404515e-11,***,12.9939245456562,624,0.363239115445644,LTU,full
average_burned_areas_ha,L1_average_burned_areas_ha,-0.0829761258374177,0.0130900131428186,-6.33888789354959,8.24660116743697e-08,***,8.04953539850774,624,0.406124812324839,LTU,full
total_counts_total,L1_total_counts_total,-0.120253813396517,0.0178728472372286,-6.72829638167735,2.11256488394967e-08,***,0.161858974358974,624,0.352642212405397,LTU,full
average_counts_total,L1_average_counts_total,-0.120253813396517,0.0178728472372286,-6.72829638167735,2.11256488394967e-08,***,0.161858974358974,624,0.352642212405397,LTU,full
total_burned_days_allfire,L1_total_burned_days_human,-0.0763944849963277,0.0311132892375322,-2.4553651146653,0.0178285484160924,**,0.200320512820513,624,0.292514455890693,LTU,full
total_burned_days_allfire,L1_total_burned_days_nature,-0.0932437764910847,0.0251107974565705,-3.71329411789296,0.000541873289902932,***,0.200320512820513,624,0.296294628234769,LTU,full
average_burned_days_allfire,L1_average_burned_days_human,-0.0760966587411388,0.0280309773036037,-2.71473441389273,0.00924689470446768,***,0.11462148962149,624,0.337707385500559,LTU,full
average_burned_days_allfire,L1_average_burned_days_nature,-0.0921542420238965,0.0130915795953957,-7.03919961318547,7.12806019870149e-09,***,0.11462148962149,624,0.342145320972621,LTU,full
total_burned_areas_ha,L1_total_ba_ha_human,-0.0498600234881971,0.0422853231511475,-1.17913308383559,0.24427990078973,"",12.9939245456562,624,0.357917538883804,LTU,full
total_burned_areas_ha,L1_total_ba_ha_nature,-0.0993370768858555,0.0123612539685853,-8.03616503133983,2.2496462295804e-10,***,12.9939245456562,624,0.363317904934516,LTU,full
average_burned_areas_ha,L1_average_ba_ha_human,0.0939467165930119,0.100398125651716,0.935741738037178,0.354189453939519,"",8.04953539850774,624,0.401995655682228,LTU,full
average_burned_areas_ha,L1_average_ba_ha_nature,-0.0854541572221508,0.0134526430387509,-6.35222067336484,7.8710667324934e-08,***,8.04953539850774,624,0.406332566934628,LTU,full
total_counts_total,L1_total_counts_human,-0.078865780313664,0.0244553821369151,-3.2248843985397,0.00229491869466359,***,0.161858974358974,624,0.345795036734072,LTU,full
total_counts_total,L1_total_counts_nature,-0.268015658934549,0.093962966757594,-2.85235415805864,0.00643096670637278,***,0.161858974358974,624,0.355881608924135,LTU,full
average_counts_total,L1_average_counts_human,-0.078865780313664,0.0244553821369151,-3.2248843985397,0.00229491869466359,***,0.161858974358974,624,0.345795036734072,LTU,full
average_counts_total,L1_average_counts_nature,-0.268015658934549,0.093962966757594,-2.85235415805864,0.00643096670637278,***,0.161858974358974,624,0.355881608924135,LTU,full
total_burned_days_human,L1_total_burned_days_human,-0.0379717205743609,0.0309571875436005,-1.22658818798966,0.231404836089236,"",0.0118343195266272,338,0.314231248474737,LVA,full
average_burned_days_human,L1_average_burned_days_human,-0.0379717205743609,0.0309571875436005,-1.22658818798966,0.231404836089236,"",0.0118343195266272,338,0.314231248474737,LVA,full
total_ba_ha_human,L1_total_ba_ha_human,0.00531625734157541,0.00438584723077485,1.21213919725065,0.236790812258171,"",1.40409240584747,338,0.34794695625824,LVA,full
average_ba_ha_human,L1_average_ba_ha_human,0.00531625734157541,0.00438584723077485,1.21213919725065,0.236790812258171,"",1.40409240584747,338,0.34794695625824,LVA,full
total_counts_human,L1_total_counts_human,-0.0551963177591923,0.0275842633731938,-2.00100749519495,0.0563605035255561,*,0.0177514792899408,338,0.415692299082822,LVA,full
average_counts_human,L1_average_counts_human,-0.0551963177591923,0.0275842633731938,-2.00100749519495,0.0563605035255561,*,0.0177514792899408,338,0.415692299082822,LVA,full
total_burned_days_nature,L1_total_burned_days_nature,0.00950673762778462,0.0737023421297054,0.128988270292064,0.89839906230475,"",0.319526627218935,338,0.329271097832231,LVA,full
average_burned_days_nature,L1_average_burned_days_nature,0.0533646905668412,0.102904050051284,0.518586883025942,0.608608954101467,"",0.180226824457594,338,0.38371400326878,LVA,full
total_ba_ha_nature,L1_total_ba_ha_nature,-0.0532023626367831,0.0362544297437881,-1.46747205824962,0.154716676225976,"",33.6992655033548,338,0.311388237561405,LVA,full
average_ba_ha_nature,L1_average_ba_ha_nature,0.0130822013528143,0.041857353388126,0.312542487612832,0.757220463589361,"",15.3656529788135,338,0.382382093613471,LVA,full
total_counts_nature,L1_total_counts_nature,-0.0308615625384059,0.0661582084720283,-0.466481231145401,0.644910523810274,"",0.210059171597633,338,0.35212808589715,LVA,full
average_counts_nature,L1_average_counts_nature,-0.0308615625384059,0.0661582084720283,-0.466481231145401,0.644910523810274,"",0.210059171597633,338,0.35212808589715,LVA,full
total_burned_days_allfire,L1_total_burned_days_allfire,0.00114702068848806,0.0716205836635037,0.0160152379360258,0.987349363982352,"",0.331360946745562,338,0.33660907464099,LVA,full
average_burned_days_allfire,L1_average_burned_days_allfire,0.0870090001763196,0.101127560483644,0.860388599904888,0.397751283491287,"",0.178747534516765,338,0.411300829249931,LVA,full
total_burned_areas_ha,L1_total_burned_areas_ha,-0.0560491288904872,0.0372734822392769,-1.50372665828967,0.145180797265419,"",35.1033579092023,338,0.334286499734041,LVA,full
average_burned_areas_ha,L1_average_burned_areas_ha,0.0241964148445148,0.0420245433286198,0.575768656313666,0.569918690937876,"",15.8442710226427,338,0.437970081032219,LVA,full
total_counts_total,L1_total_counts_total,-0.0445949852416403,0.0681560798330143,-0.654306781594544,0.518888663523087,"",0.227810650887574,338,0.355885519838204,LVA,full
average_counts_total,L1_average_counts_total,-0.0445949852416403,0.0681560798330143,-0.654306781594544,0.518888663523087,"",0.227810650887574,338,0.355885519838204,LVA,full
total_burned_days_allfire,L1_total_burned_days_human,-0.121499415413332,0.161103411099496,-0.754170346761276,0.457792262663333,"",0.331360946745562,338,0.336845759581059,LVA,full
total_burned_days_allfire,L1_total_burned_days_nature,0.00421252946499212,0.0717937616084462,0.058675424864443,0.953677133978694,"",0.331360946745562,338,0.33661957837087,LVA,full
average_burned_days_allfire,L1_average_burned_days_human,-0.071966035254671,0.109059984867326,-0.659875712821887,0.515367432273923,"",0.178747534516765,338,0.407190692814035,LVA,full
average_burned_days_allfire,L1_average_burned_days_nature,0.0583967805029236,0.0893744663335125,0.653394452561075,0.519466783096723,"",0.178747534516765,338,0.409489921511689,LVA,full
total_burned_areas_ha,L1_total_ba_ha_human,-0.00109106782857292,0.249433787490148,-0.00437417817189669,0.996544640001373,"",35.1033579092023,338,0.332005813446386,LVA,full
total_burned_areas_ha,L1_total_ba_ha_nature,-0.0547080295447875,0.0365004576185429,-1.49883133292539,0.14643984052263,"",35.1033579092023,338,0.334231554822505,LVA,full
average_burned_areas_ha,L1_average_ba_ha_human,-0.0563308206560451,0.0727986524319731,-0.773789332277595,0.446311348858727,"",15.8442710226427,338,0.437661915277684,LVA,full
average_burned_areas_ha,L1_average_ba_ha_nature,0.0119863168582842,0.041580967216591,0.288264503224485,0.775520753201409,"",15.8442710226427,338,0.437614201361683,LVA,full
total_counts_total,L1_total_counts_human,0.0964494309956972,0.208578802616708,0.462412430149655,0.64778500051078,"",0.227810650887574,338,0.35486401851018,LVA,full
total_counts_total,L1_total_counts_nature,-0.0501804515128608,0.0738804631265699,-0.679211382674918,0.503244363860071,"",0.227810650887574,338,0.356159573721849,LVA,full
average_counts_total,L1_average_counts_human,0.0964494309956972,0.208578802616708,0.462412430149655,0.64778500051078,"",0.227810650887574,338,0.35486401851018,LVA,full
average_counts_total,L1_average_counts_nature,-0.0501804515128608,0.0738804631265699,-0.679211382674918,0.503244363860071,"",0.227810650887574,338,0.356159573721849,LVA,full
total_burned_days_human,L1_total_burned_days_human,-0.133540044239604,0.0773241598453671,-1.7270157801476,0.0899894009158721,*,0.239316239316239,702,0.457096433581091,MAR,full
average_burned_days_human,L1_average_burned_days_human,-0.149709992363851,0.0440320147733155,-3.4000259387308,0.00128730056092743,***,0.156766381766382,702,0.408160628250804,MAR,full
total_ba_ha_human,L1_total_ba_ha_human,-0.101092490871673,0.0859727894926042,-1.17586612541367,0.244903367694434,"",13.5444170901749,702,0.441872130312292,MAR,full
average_ba_ha_human,L1_average_ba_ha_human,-0.166122655418433,0.0639757028223448,-2.59665229282031,0.0121562280522996,**,7.44427155439395,702,0.455897963871686,MAR,full
total_counts_human,L1_total_counts_human,0.0741079261313729,0.101323318991217,0.731400499600654,0.467756130933412,"",0.113960113960114,702,0.519076267625637,MAR,full
average_counts_human,L1_average_counts_human,0.0741079261313729,0.101323318991217,0.731400499600654,0.467756130933412,"",0.113960113960114,702,0.519076267625637,MAR,full
total_burned_days_nature,L1_total_burned_days_nature,-0.0874606951468137,0.0397745515184141,-2.19891090679735,0.0322702622745825,**,0.901709401709402,702,0.618500478179913,MAR,full
average_burned_days_nature,L1_average_burned_days_nature,0.0268929174315105,0.0679644049517281,0.395691207045971,0.693921196887432,"",0.417855447022114,702,0.542368101789691,MAR,full
total_ba_ha_nature,L1_total_ba_ha_nature,-0.106479929313656,0.024194955871057,-4.40091438401967,5.24590303803925e-05,***,164.637514594506,702,0.557102606365079,MAR,full
average_ba_ha_nature,L1_average_ba_ha_nature,-0.00708153154751872,0.070064886730852,-0.101071048251627,0.91987545122835,"",68.7865881774066,702,0.497447521873957,MAR,full
total_counts_nature,L1_total_counts_nature,-0.129858571574012,0.0697217512758414,-1.86252595779257,0.0680758676321154,*,0.334757834757835,702,0.60875600630453,MAR,full
average_counts_nature,L1_average_counts_nature,-0.129858571574012,0.0697217512758414,-1.86252595779257,0.0680758676321154,*,0.334757834757835,702,0.60875600630453,MAR,full
total_burned_days_allfire,L1_total_burned_days_allfire,-0.0629364694719517,0.0368743924913952,-1.70677983336643,0.093716313352467,*,1.14102564102564,702,0.614321739399274,MAR,full
average_burned_days_allfire,L1_average_burned_days_allfire,-0.00520834819623275,0.0570219682738923,-0.091339326822526,0.927567322889483,"",0.516481255370144,702,0.523507489411248,MAR,full
total_burned_areas_ha,L1_total_burned_areas_ha,-0.103057313851057,0.0236197404447508,-4.36318570443733,5.95612039567297e-05,***,178.181931684681,702,0.556888238570575,MAR,full
average_burned_areas_ha,L1_average_burned_areas_ha,-0.000106044966439217,0.0779165726102997,-0.00136100655979315,0.998919184147513,"",72.0458251646982,702,0.494990926501369,MAR,full
total_counts_total,L1_total_counts_total,0.00736283747092651,0.0877177510046692,0.0839378277098622,0.933422110770127,"",0.448717948717949,702,0.606166503333134,MAR,full
average_counts_total,L1_average_counts_total,0.00736283747092651,0.0877177510046692,0.0839378277098622,0.933422110770127,"",0.448717948717949,702,0.606166503333134,MAR,full
total_burned_days_allfire,L1_total_burned_days_human,-0.125448863846464,0.116137420649141,-1.08017608058865,0.284954779101502,"",1.14102564102564,702,0.613843153089509,MAR,full
total_burned_days_allfire,L1_total_burned_days_nature,-0.0480955009630105,0.0444510639042157,-1.08198762276305,0.28415646611617,"",1.14102564102564,702,0.61346679114706,MAR,full
average_burned_days_allfire,L1_average_burned_days_human,-0.0661149245592352,0.0560177378778508,-1.18024981129016,0.243171020403304,"",0.516481255370144,702,0.524580448369617,MAR,full
average_burned_days_allfire,L1_average_burned_days_nature,0.0866476183921927,0.0696518676194845,1.24400997925221,0.218969804497704,"",0.516481255370144,702,0.526047833059639,MAR,full
total_burned_areas_ha,L1_total_ba_ha_human,-0.157583806365401,0.357368389531747,-0.440956198089819,0.661038264996684,"",178.181931684681,702,0.552369721831377,MAR,full
total_burned_areas_ha,L1_total_ba_ha_nature,-0.102389157239109,0.0262774306246224,-3.89646760757381,0.000275834580526553,***,178.181931684681,702,0.556800917414833,MAR,full
average_burned_areas_ha,L1_average_ba_ha_human,-0.662175837457141,0.545354386641823,-1.21421199439631,0.230049436000576,"",72.0458251646983,702,0.498662325186456,MAR,full
average_burned_areas_ha,L1_average_ba_ha_nature,0.00785995250952211,0.0714741618292217,0.109969145609604,0.912849192294722,"",72.0458251646983,702,0.495016460295498,MAR,full
total_counts_total,L1_total_counts_human,0.15870547019582,0.0901269555171809,1.76091014375346,0.0840222825695023,*,0.448717948717949,702,0.608823837756183,MAR,full
total_counts_total,L1_total_counts_nature,-0.0446996550259206,0.0966231164978674,-0.462618642888704,0.645531526619657,"",0.448717948717949,702,0.606754560558001,MAR,full
average_counts_total,L1_average_counts_human,0.15870547019582,0.0901269555171809,1.76091014375346,0.0840222825695023,*,0.448717948717949,702,0.608823837756183,MAR,full
average_counts_total,L1_average_counts_nature,-0.0446996550259206,0.0966231164978674,-0.462618642888704,0.645531526619657,"",0.448717948717949,702,0.606754560558001,MAR,full
total_burned_days_allfire,L1_total_burned_days_allfire,-0.0302010277260907,0.0586663944885532,-0.514792633659863,0.614199774939586,"",0.490384615384615,208,0.858145247749297,MAR,nature_subsample
total_burned_days_allfire,L1_total_burned_days_allfire,-0.108658545381158,0.0855086837840927,-1.27073111843842,0.223179426686408,"",0.788461538461538,208,0.698750169757587,MAR,human_subsample
average_burned_days_allfire,L1_average_burned_days_allfire,-0.0627866320268505,0.104817704681903,-0.599007889148052,0.558106607771726,"",0.165464743589744,208,0.811195803113419,MAR,nature_subsample
average_burned_days_allfire,L1_average_burned_days_allfire,-0.158341561777028,0.146053580957307,-1.0841333758418,0.29542427390484,"",0.36759768009768,208,0.699680721212112,MAR,human_subsample
total_burned_areas_ha,L1_total_burned_areas_ha,0.0169682604541765,0.119408411158032,0.142102723665921,0.888889949226991,"",30.9381802438911,208,0.750623143782447,MAR,nature_subsample
total_burned_areas_ha,L1_total_burned_areas_ha,0.0527726578198443,0.106277736054418,0.496554215201036,0.626701259731074,"",57.7830067218499,208,0.707688122492082,MAR,human_subsample
average_burned_areas_ha,L1_average_burned_areas_ha,-0.0463378099249884,0.102504835701305,-0.4520548675383,0.657697773624263,"",15.5437704027185,208,0.650159318847675,MAR,nature_subsample
average_burned_areas_ha,L1_average_burned_areas_ha,-0.127647796880897,0.0703299008441189,-1.81498616305202,0.0895710798704741,*,23.8187971533562,208,0.684510881201508,MAR,human_subsample
total_counts_total,L1_total_counts_total,-0.0989775549666789,0.0563626401191982,-1.75608443389729,0.099465233914587,*,0.192307692307692,208,0.862257785311554,MAR,nature_subsample
total_counts_total,L1_total_counts_total,0.377999660120052,0.0881752796129355,4.28691195286664,0.000648663443452921,***,0.403846153846154,208,0.761087807145659,MAR,human_subsample
average_counts_total,L1_average_counts_total,-0.0989775549666789,0.0563626401191982,-1.75608443389729,0.099465233914587,*,0.192307692307692,208,0.862257785311554,MAR,nature_subsample
average_counts_total,L1_average_counts_total,0.377999660120052,0.0881752796129355,4.28691195286664,0.000648663443452921,***,0.403846153846154,208,0.761087807145659,MAR,human_subsample
total_burned_days_human,L1_total_burned_days_human,-0.212677112413311,0.0479871037748592,-4.43196391703752,0.00023130912998104,***,2.47902097902098,286,0.733903755335167,MDG,full
average_burned_days_human,L1_average_burned_days_human,-0.16337983394578,0.054439475552723,-3.0011279919027,0.00680426205471261,***,0.238492828285148,286,0.802834358920299,MDG,full
total_ba_ha_human,L1_total_ba_ha_human,-0.229177805506787,0.022998468081572,-9.96491612806251,2.06033434285512e-09,***,152.766937204672,286,0.75928093069056,MDG,full
average_ba_ha_human,L1_average_ba_ha_human,-0.235646428399226,0.166669059739207,-1.41385826960295,0.172057621735057,"",14.2382109413555,286,0.796070813368178,MDG,full
total_counts_human,L1_total_counts_human,-0.0987265358813693,0.178071469560129,-0.554420852061496,0.585147613437746,"",1.61538461538462,286,0.753439925156518,MDG,full
average_counts_human,L1_average_counts_human,-0.0987265358813693,0.178071469560129,-0.554420852061496,0.585147613437746,"",1.61538461538462,286,0.753439925156518,MDG,full
total_burned_days_nature,L1_total_burned_days_nature,-0.012378900389722,0.114123341189737,-0.108469488017717,0.91465302511703,"",2269.48251748252,286,0.934864646043162,MDG,full
average_burned_days_nature,L1_average_burned_days_nature,-0.0337520324077577,0.116221787499781,-0.290410542926999,0.774350675122084,"",1.74447020144114,286,0.860469778489961,MDG,full
total_ba_ha_nature,L1_total_ba_ha_nature,0.28826454804437,0.156948466175295,1.83668279830405,0.0804534732046206,*,176886.751660831,286,0.922809001706039,MDG,full
average_ba_ha_nature,L1_average_ba_ha_nature,0.230852382432185,0.191536684013588,1.20526458741349,0.241507595298162,"",135.636478678844,286,0.807872915596207,MDG,full
total_counts_nature,L1_total_counts_nature,0.0472980225973498,0.0868390402933866,0.54466311969309,0.591722805345302,"",1242.73076923077,286,0.928577271580584,MDG,full
average_counts_nature,L1_average_counts_nature,0.0472980225973498,0.0868390402933866,0.54466311969309,0.591722805345302,"",1242.73076923077,286,0.928577271580584,MDG,full
total_burned_days_allfire,L1_total_burned_days_allfire,-0.0133497340015695,0.113705267271181,-0.117406469567774,0.907653630364452,"",2272.56293706294,286,0.934781816562033,MDG,full
average_burned_days_allfire,L1_average_burned_days_allfire,-0.0327974044727513,0.115600459500732,-0.283713443825399,0.779408321478016,"",1.74398637847046,286,0.860284443743698,MDG,full
total_burned_areas_ha,L1_total_burned_areas_ha,0.28599607539044,0.157304998095856,1.81809909953506,0.0833436801861666,*,177204.969586029,286,0.923080295740064,MDG,full
average_burned_areas_ha,L1_average_burned_areas_ha,0.232285651452758,0.191132187457432,1.215314147464,0.237733577500459,"",135.604055449633,286,0.807636742547438,MDG,full
total_counts_total,L1_total_counts_total,0.0478932481183725,0.0864625010670772,0.553919300590405,0.585484691739134,"",1244.40909090909,286,0.928437733757272,MDG,full
average_counts_total,L1_average_counts_total,0.0478932481183725,0.0864625010670772,0.553919300590405,0.585484691739134,"",1244.40909090909,286,0.928437733757272,MDG,full
total_burned_days_allfire,L1_total_burned_days_human,-11.6028517171647,5.6815995626184,-2.04218047915673,0.0538917619088963,*,2272.56293706294,286,0.935641271638369,MDG,full
total_burned_days_allfire,L1_total_burned_days_nature,-0.0118381390416302,0.114178253504726,-0.103681206168915,0.918406142216359,"",2272.56293706294,286,0.934779306842298,MDG,full
average_burned_days_allfire,L1_average_burned_days_human,-0.0315100061858632,0.0337017243771037,-0.934967179521248,0.360432815230934,"",1.74398637847046,286,0.860628207470084,MDG,full
average_burned_days_allfire,L1_average_burned_days_nature,-0.0333226679127149,0.115827525628002,-0.287692133040429,0.776402392897675,"",1.74398637847046,286,0.860289876488835,MDG,full
total_burned_areas_ha,L1_total_ba_ha_human,-12.5245845618686,7.35067922655188,-1.70386765302282,0.10315992422506,"",177204.969586029,286,0.916765323688032,MDG,full
total_burned_areas_ha,L1_total_ba_ha_nature,0.287449513871658,0.156839323851144,1.83276430179255,0.0810555282701674,*,177204.969586029,286,0.923159770988065,MDG,full
average_burned_areas_ha,L1_average_ba_ha_human,-0.042018556033808,0.0794877202039554,-0.528616947699515,0.602613929664762,"",135.604055449633,286,0.794513244907206,MDG,full
average_burned_areas_ha,L1_average_ba_ha_nature,0.230983385451845,0.191175195229607,1.20822884566393,0.240389720272742,"",135.604055449633,286,0.807510500910104,MDG,full
total_counts_total,L1_total_counts_human,-7.87412998865501,5.417227207022,-1.45353511819631,0.160857181646222,"",1244.40909090909,286,0.928718601494499,MDG,full
total_counts_total,L1_total_counts_nature,0.0489272577951711,0.0869797005764389,0.562513522936,0.579722178925499,"",1244.40909090909,286,0.928444655213501,MDG,full
average_counts_total,L1_average_counts_human,-7.87412998865501,5.417227207022,-1.45353511819631,0.160857181646222,"",1244.40909090909,286,0.928718601494499,MDG,full
average_counts_total,L1_average_counts_nature,0.0489272577951711,0.0869797005764389,0.562513522936,0.579722178925499,"",1244.40909090909,286,0.928444655213501,MDG,full
total_burned_days_human,L1_total_burned_days_human,0.112899123556223,0.0460231538797798,2.45309401983041,0.0142323909011585,**,0.959331267023575,31941,0.659480174511835,MEX,full
average_burned_days_human,L1_average_burned_days_human,-0.0617586657574825,0.010194651766787,-6.05794755625542,1.59075795917725e-09,***,0.167600713469945,31941,0.365603539939719,MEX,full
total_ba_ha_human,L1_total_ba_ha_human,0.119840465173099,0.0787897206013118,1.52101650137218,0.128384423530967,"",58.7906939193331,31941,0.592222596120862,MEX,full
average_ba_ha_human,L1_average_ba_ha_human,-0.0784899173227884,0.0095001864702372,-8.26193439136029,2.31468623124794e-16,***,10.4644210289196,31941,0.320007232054359,MEX,full
total_counts_human,L1_total_counts_human,0.0960532131079572,0.0502751561065567,1.91055027068191,0.0561787325550889,*,0.476472245703015,31941,0.743783688148839,MEX,full
average_counts_human,L1_average_counts_human,0.0960532131079572,0.0502751561065567,1.91055027068191,0.0561787325550889,*,0.476472245703015,31941,0.743783688148839,MEX,full
total_burned_days_nature,L1_total_burned_days_nature,-0.0374384071725435,0.0361158701438996,-1.0366192763285,0.30001537625854,"",8.16358285589055,31941,0.741808862072398,MEX,full
average_burned_days_nature,L1_average_burned_days_nature,-0.0841502581331444,0.0121193551951813,-6.94346000904429,4.8794384764795e-12,***,0.868324683224548,31941,0.384133878500632,MEX,full
total_ba_ha_nature,L1_total_ba_ha_nature,-0.0180639953380005,0.0244188956411693,-0.73975480314291,0.459519489810421,"",825.127044149071,31941,0.57857658665701,MEX,full
average_ba_ha_nature,L1_average_ba_ha_nature,-0.0393794492727971,0.0353187205557571,-1.11497383407843,0.264970723636741,"",113.700181016938,31941,0.256834863550324,MEX,full
total_counts_nature,L1_total_counts_nature,-0.0166665889475005,0.0358899219710683,-0.464380751814837,0.642416138505921,"",3.72840549763627,31941,0.783273040302286,MEX,full
average_counts_nature,L1_average_counts_nature,-0.0166665889475005,0.0358899219710683,-0.464380751814837,0.642416138505921,"",3.72840549763627,31941,0.783273040302286,MEX,full
total_burned_days_allfire,L1_total_burned_days_allfire,-0.0210703634208532,0.0336500421277089,-0.626161576288278,0.531267154753168,"",9.1393193700886,31941,0.740307421466125,MEX,full
average_burned_days_allfire,L1_average_burned_days_allfire,-0.0811093279896994,0.0116982292215882,-6.93347056664085,5.22976689373947e-12,***,0.927819211961833,31941,0.37845306668968,MEX,full
total_burned_areas_ha,L1_total_burned_areas_ha,-0.0539158275715006,0.0130920398206039,-4.11821445017675,3.94438866544895e-05,***,923.234936991985,31941,0.429244698350438,MEX,full
average_burned_areas_ha,L1_average_burned_areas_ha,-0.0432679730802253,0.0336458379582852,-1.28598292406537,0.198570246374715,"",117.910671489961,31941,0.260490027437072,MEX,full
total_counts_total,L1_total_counts_total,0.000694415866317222,0.0327479118070928,0.0212048899608561,0.983083936051636,"",4.20562912870605,31941,0.782959818526533,MEX,full
average_counts_total,L1_average_counts_total,0.000694415866317222,0.0327479118070928,0.0212048899608561,0.983083936051636,"",4.20562912870605,31941,0.782959818526533,MEX,full
total_burned_days_allfire,L1_total_burned_days_human,0.213653424474051,0.0636491666100889,3.35673561576823,0.000800696244771384,***,9.1393193700886,31941,0.740917952606043,MEX,full
total_burned_days_allfire,L1_total_burned_days_nature,-0.036795461048834,0.0360261804517805,-1.02135337655578,0.307187638696907,"",9.1393193700886,31941,0.740514784557347,MEX,full
average_burned_days_allfire,L1_average_burned_days_human,-0.0253604952789457,0.0119571584692138,-2.12094665670289,0.0340262324032225,**,0.927819211961833,31941,0.374463353081406,MEX,full
average_burned_days_allfire,L1_average_burned_days_nature,-0.0789156538885137,0.0120917781638141,-6.52638948708776,8.15597352364722e-11,***,0.927819211961833,31941,0.378146896308089,MEX,full
total_burned_areas_ha,L1_total_ba_ha_human,0.15764145087282,0.082473415809489,1.91142138743188,0.0560667253966028,*,923.234936991985,31941,0.427640652160057,MEX,full
total_burned_areas_ha,L1_total_ba_ha_nature,-0.0268264469396724,0.0244350269675527,-1.09786852190895,0.272369525606061,"",923.234936991985,31941,0.427683437356098,MEX,full
average_burned_areas_ha,L1_average_ba_ha_human,-0.0772872871670759,0.0354434318821055,-2.18058136763264,0.0293090006042816,**,117.910671489961,31941,0.2591735882273,MEX,full
average_burned_areas_ha,L1_average_ba_ha_nature,-0.0393258150031013,0.0351155879030604,-1.11989624413134,0.262867482935169,"",117.910671489961,31941,0.260196446837994,MEX,full
total_counts_total,L1_total_counts_human,0.268072284612387,0.123058644591521,2.17841083413703,0.0294702677070735,**,4.20562912870605,31941,0.78379536842832,MEX,full
total_counts_total,L1_total_counts_nature,-0.0151120801538445,0.0348491626248126,-0.433642561703468,0.6645861079049,"",4.20562912870605,31941,0.783004347151061,MEX,full
average_counts_total,L1_average_counts_human,0.268072284612387,0.123058644591521,2.17841083413703,0.0294702677070735,**,4.20562912870605,31941,0.78379536842832,MEX,full
average_counts_total,L1_average_counts_nature,-0.0151120801538445,0.0348491626248126,-0.433642561703468,0.6645861079049,"",4.20562912870605,31941,0.783004347151061,MEX,full
total_burned_days_allfire,L1_total_burned_days_allfire,-0.0835174102922429,0.0311116684630459,-2.68444009653305,0.00740048278157497,***,8.51881976291425,11557,0.707485286014618,MEX,nature_subsample
total_burned_days_allfire,L1_total_burned_days_allfire,-0.088971751621507,0.0556812593809143,-1.59787606477887,0.110815495130547,"",3.88778280542986,5525,0.802430603576649,MEX,human_subsample
average_burned_days_allfire,L1_average_burned_days_allfire,-0.0715021249930383,0.0146741632486644,-4.87265432320622,1.30370893196883e-06,***,1.04589328187281,11557,0.393196699472087,MEX,nature_subsample
average_burned_days_allfire,L1_average_burned_days_allfire,-0.0561005300336219,0.0157520254277392,-3.56148041348571,0.000410578862287592,***,0.560946288832842,5525,0.410411224812463,MEX,human_subsample
total_burned_areas_ha,L1_total_burned_areas_ha,-0.0524233755032718,0.0155281729872057,-3.37601696905783,0.000767345908287659,***,1266.35803425397,11557,0.40430253696441,MEX,nature_subsample
total_burned_areas_ha,L1_total_burned_areas_ha,-0.249139070071451,0.0662998987242393,-3.75775943652182,0.000195443936775199,***,253.320517442562,5525,0.861188290561133,MEX,human_subsample
average_burned_areas_ha,L1_average_burned_areas_ha,-0.0352414278304313,0.041702965655309,-0.845058073848157,0.398306039501275,"",191.127667011375,11557,0.261796676208527,MEX,nature_subsample
average_burned_areas_ha,L1_average_burned_areas_ha,-0.0920885244034961,0.0236939373313799,-3.88658596988586,0.000117945338010041,***,39.2507214741101,5525,0.58277569388573,MEX,human_subsample
total_counts_total,L1_total_counts_total,-0.0826673831845713,0.0291483592952347,-2.83609044156685,0.00467077699498257,***,3.32058492688414,11557,0.759404068524122,MEX,nature_subsample
total_counts_total,L1_total_counts_total,-0.0797516635452238,0.0454044371379253,-1.75647290380369,0.0797295604334671,*,1.93701357466063,5525,0.831820546003408,MEX,human_subsample
average_counts_total,L1_average_counts_total,-0.0826673831845713,0.0291483592952347,-2.83609044156685,0.00467077699498257,***,3.32058492688414,11557,0.759404068524122,MEX,nature_subsample
average_counts_total,L1_average_counts_total,-0.0797516635452238,0.0454044371379253,-1.75647290380369,0.0797295604334671,*,1.93701357466063,5525,0.831820546003408,MEX,human_subsample
total_burned_days_human,L1_total_burned_days_human,0.335901166497409,0.00840048402367367,39.9859300429351,4.52983835998929e-39,***,14.9646153846154,650,0.885755598025974,MLI,full
average_burned_days_human,L1_average_burned_days_human,-0.022402512531104,0.172505825131954,-0.12986525245723,0.897204688573228,"",0.253501688493296,650,0.556320893268749,MLI,full
total_ba_ha_human,L1_total_ba_ha_human,0.567805797568992,0.0121332175257401,46.7976277821129,2.46964367398807e-42,***,1245.42825610623,650,0.917226108363255,MLI,full
average_ba_ha_human,L1_average_ba_ha_human,0.018670932454889,0.0897635015877439,0.208001382796304,0.836090028251757,"",17.7692209119486,650,0.649387781728707,MLI,full
total_counts_human,L1_total_counts_human,0.0522708155743958,0.00622189072998745,8.4011143626274,4.68455937353694e-11,***,8.51230769230769,650,0.893397939681525,MLI,full
average_counts_human,L1_average_counts_human,0.0522708155743958,0.00622189072998745,8.4011143626274,4.68455937353694e-11,***,8.51230769230769,650,0.893397939681525,MLI,full
total_burned_days_nature,L1_total_burned_days_nature,0.0114335575326196,0.0989847085162613,0.115508321477164,0.908514297629439,"",816.638461538462,650,0.981790540767235,MLI,full
average_burned_days_nature,L1_average_burned_days_nature,0.000836204979705543,0.052309537420477,0.0159857077875478,0.987310707070713,"",1.99514028007526,650,0.622436305280847,MLI,full
total_ba_ha_nature,L1_total_ba_ha_nature,-0.104904108924617,0.0930768522023673,-1.12706979708054,0.265202143384174,"",153426.412679677,650,0.93593407792977,MLI,full
average_ba_ha_nature,L1_average_ba_ha_nature,-0.0831639626367648,0.0545334574104788,-1.52500807001436,0.133686120846265,"",753.129086976788,650,0.634433219891181,MLI,full
total_counts_nature,L1_total_counts_nature,-0.179798365851514,0.0649934253995543,-2.76640852126478,0.00797174841705902,***,362.756923076923,650,0.976276234377387,MLI,full
average_counts_nature,L1_average_counts_nature,-0.179798365851514,0.0649934253995543,-2.76640852126478,0.00797174841705902,***,362.756923076923,650,0.976276234377387,MLI,full
total_burned_days_allfire,L1_total_burned_days_allfire,0.0191643266079997,0.0948395364926711,0.202071069901114,0.840697792682251,"",836.381538461538,650,0.980797825290308,MLI,full
average_burned_days_allfire,L1_average_burned_days_allfire,0.000541552833605759,0.0528398224449066,0.010248952561686,0.991864277033778,"",2.01179458056901,650,0.626287023072798,MLI,full
total_burned_areas_ha,L1_total_burned_areas_ha,-0.0387971336765684,0.0355518169176618,-1.09128413229689,0.280484954567275,"",181249.604465991,650,0.892372191447987,MLI,full
average_burned_areas_ha,L1_average_burned_areas_ha,-0.116683247227117,0.0569923230129832,-2.04735025804328,0.0460047462292232,**,802.792844167655,650,0.630131222234215,MLI,full
total_counts_total,L1_total_counts_total,-0.182419056839187,0.0619972491255154,-2.94237340224359,0.00496395226014288,***,371.446153846154,650,0.975230165100626,MLI,full
average_counts_total,L1_average_counts_total,-0.182419056839187,0.0619972491255154,-2.94237340224359,0.00496395226014288,***,371.446153846154,650,0.975230165100626,MLI,full
total_burned_days_allfire,L1_total_burned_days_human,0.424980978364535,0.146384848252246,2.90317600105866,0.00552410534905902,***,836.381538461538,650,0.980853221478738,MLI,full
total_burned_days_allfire,L1_total_burned_days_nature,0.021090438648186,0.0989642832821847,0.213111619148993,0.832124090328094,"",836.381538461538,650,0.980798716071091,MLI,full
average_burned_days_allfire,L1_average_burned_days_human,0.010401607286135,0.0368008106094531,0.282646145937425,0.778638667843142,"",2.01179458056901,650,0.626304562831407,MLI,full
average_burned_days_allfire,L1_average_burned_days_nature,0.00057063375755535,0.0526036100109964,0.0108478060238843,0.991388919555616,"",2.01179458056901,650,0.626287034589856,MLI,full
total_burned_areas_ha,L1_total_ba_ha_human,2.6061687493903,0.436881286020964,5.96539342100646,2.64599025471909e-07,***,181249.604465991,650,0.892576367584345,MLI,full
total_burned_areas_ha,L1_total_ba_ha_nature,-0.12883768653589,0.131013766727706,-0.983390446315931,0.330246220141332,"",181249.604465991,650,0.8929400927949,MLI,full
average_burned_areas_ha,L1_average_ba_ha_human,-0.565597564005388,1.30731558057733,-0.432640421646022,0.667174302462951,"",802.792844167655,650,0.623885176896876,MLI,full
average_burned_areas_ha,L1_average_ba_ha_nature,-0.110572399351988,0.05958130621239,-1.85582368667497,0.0694980491259109,*,802.792844167655,650,0.629093114047727,MLI,full
total_counts_total,L1_total_counts_human,-0.534045836450222,0.107140760355611,-4.98452535410118,8.1576693046862e-06,***,371.446153846154,650,0.974507475270007,MLI,full
total_counts_total,L1_total_counts_nature,-0.186595002266247,0.0668584300456179,-2.79089715595972,0.00747048144413356,***,371.446153846154,650,0.975203178569372,MLI,full
average_counts_total,L1_average_counts_human,-0.534045836450222,0.107140760355611,-4.98452535410118,8.1576693046862e-06,***,371.446153846154,650,0.974507475270007,MLI,full
average_counts_total,L1_average_counts_nature,-0.186595002266247,0.0668584300456179,-2.79089715595972,0.00747048144413356,***,371.446153846154,650,0.975203178569372,MLI,full
total_burned_days_human,L1_total_burned_days_human,0.268837873303756,0.0822896830927791,3.26696935994575,0.00177398427625297,***,32.6959706959707,819,0.894014579607038,MMR,full
average_burned_days_human,L1_average_burned_days_human,-0.0986542282044639,0.0411164086019122,-2.39938826271602,0.0194415035765623,**,0.883614266639673,819,0.517407672542683,MMR,full
total_ba_ha_human,L1_total_ba_ha_human,0.0752190215682171,0.0949865688117612,0.791891132706159,0.431443563043445,"",2192.9490992446,819,0.791837996978023,MMR,full
average_ba_ha_human,L1_average_ba_ha_human,0.224940460982136,0.093292557467161,2.41112975235259,0.018879812106457,**,55.960593407583,819,0.599939040669567,MMR,full
total_counts_human,L1_total_counts_human,0.326110808770744,0.0806718961231815,4.04243391369891,0.000148583386344298,***,19.2100122100122,819,0.904180441317259,MMR,full
average_counts_human,L1_average_counts_human,0.326110808770744,0.0806718961231815,4.04243391369891,0.000148583386344298,***,19.2100122100122,819,0.904180441317259,MMR,full
total_burned_days_nature,L1_total_burned_days_nature,0.0007260315130561,0.039663338580332,0.0183048512566746,0.985454437841016,"",448.847374847375,819,0.941055815819582,MMR,full
average_burned_days_nature,L1_average_burned_days_nature,-0.0417419903625981,0.0446527936972728,-0.934812514656782,0.353511666579965,"",1.898987641647,819,0.56858565025062,MMR,full
total_ba_ha_nature,L1_total_ba_ha_nature,-0.147089411707729,0.032693292823949,-4.49906996214163,3.06138490528875e-05,***,69738.5744011291,819,0.89030287007366,MMR,full
average_ba_ha_nature,L1_average_ba_ha_nature,-0.114898041183708,0.0384287667223502,-2.98989665772653,0.00399819570385168,***,231.693868023781,819,0.764151134398651,MMR,full
total_counts_nature,L1_total_counts_nature,0.031466101951672,0.0371644229239223,0.846672690602107,0.400433857516862,"",220.203907203907,819,0.943317100845918,MMR,full
average_counts_nature,L1_average_counts_nature,0.031466101951672,0.0371644229239223,0.846672690602107,0.400433857516862,"",220.203907203907,819,0.943317100845918,MMR,full
total_burned_days_allfire,L1_total_burned_days_allfire,0.0152699971240607,0.037901241587584,0.402889100315462,0.688415721353623,"",482.114774114774,819,0.939567386619517,MMR,full
average_burned_days_allfire,L1_average_burned_days_allfire,-0.0892053672311475,0.0426442149496938,-2.09185155211277,0.0405539197962034,**,1.88050964427752,819,0.612756687933705,MMR,full
total_burned_areas_ha,L1_total_burned_areas_ha,-0.163380127569739,0.037825589178079,-4.31930159238398,5.75439882751728e-05,***,73019.7407615892,819,0.89141454484996,MMR,full
average_burned_areas_ha,L1_average_burned_areas_ha,-0.119267530084265,0.0438932509818056,-2.71721796441331,0.00852270000855202,***,229.208357550558,819,0.772735913149311,MMR,full
total_counts_total,L1_total_counts_total,0.0514945791186248,0.0379226654711329,1.35788395881147,0.179421961837567,"",239.438339438339,819,0.942243541783264,MMR,full
average_counts_total,L1_average_counts_total,0.0514945791186248,0.0379226654711329,1.35788395881147,0.179421961837567,"",239.438339438339,819,0.942243541783264,MMR,full
total_burned_days_allfire,L1_total_burned_days_human,0.618218511372523,0.315049299718787,1.96229133638559,0.0542206720012085,*,482.114774114774,819,0.94003800762632,MMR,full
total_burned_days_allfire,L1_total_burned_days_nature,0.00833859808610708,0.0411729391462471,0.202526180035101,0.840168526986076,"",482.114774114774,819,0.939555341865378,MMR,full
average_burned_days_allfire,L1_average_burned_days_human,0.0226515076649724,0.0233561632037382,0.969829995936447,0.335899560270866,"",1.88050964427752,819,0.610112854776343,MMR,full
average_burned_days_allfire,L1_average_burned_days_nature,-0.0595638132891834,0.0306876050085005,-1.9409730173692,0.056810927446782,*,1.88050964427752,819,0.611634948797528,MMR,full
total_burned_areas_ha,L1_total_ba_ha_human,1.45766175933054,1.2008349374084,1.21387354241743,0.229399816664162,"",73019.7407615892,819,0.888985528987249,MMR,full
total_burned_areas_ha,L1_total_ba_ha_nature,-0.149557107869121,0.0311472895404642,-4.80160906697285,1.03311296972284e-05,***,73019.7407615892,819,0.890952894211632,MMR,full
average_burned_areas_ha,L1_average_ba_ha_human,0.0264575013072193,0.0545150624827388,0.485324607590728,0.629156691044275,"",229.208357550558,819,0.769627491217961,MMR,full
average_burned_areas_ha,L1_average_ba_ha_nature,-0.107095519774555,0.0389250580621248,-2.75132588379521,0.00777167815788098,***,229.208357550558,819,0.772459852810475,MMR,full
total_counts_total,L1_total_counts_human,0.682377882060739,0.251632590067679,2.71180248105862,0.00864788195822968,***,239.438339438339,819,0.942797112094253,MMR,full
total_counts_total,L1_total_counts_nature,0.0387181783835077,0.0391507027972914,0.988952320574598,0.326530383530339,"",239.438339438339,819,0.942158412384546,MMR,full
average_counts_total,L1_average_counts_human,0.682377882060739,0.251632590067679,2.71180248105862,0.00864788195822968,***,239.438339438339,819,0.942797112094253,MMR,full
average_counts_total,L1_average_counts_nature,0.0387181783835077,0.0391507027972914,0.988952320574598,0.326530383530339,"",239.438339438339,819,0.942158412384546,MMR,full
total_burned_days_allfire,L1_total_burned_days_allfire,-0.168398736906406,0.0923621367496801,-1.82324427338445,0.0913354924980593,*,590.956043956044,182,0.934061342779847,MMR,nature_subsample
total_burned_days_allfire,L1_total_burned_days_allfire,0.618365932255811,0.325480825118266,1.89985364585186,0.106191372966076,"",56.2857142857144,91,0.935735129473011,MMR,human_subsample
average_burned_days_allfire,L1_average_burned_days_allfire,-0.188260064362934,0.0835252164360766,-2.25393087735382,0.0421007005824757,**,2.13733003843677,182,0.693542445396782,MMR,nature_subsample
average_burned_days_allfire,L1_average_burned_days_allfire,-0.178571286079524,0.141314157272002,-1.26364753204315,0.253233281807806,"",1.12357570171708,91,0.939455680668099,MMR,human_subsample
total_burned_areas_ha,L1_total_burned_areas_ha,-0.23859279915471,0.136462677311425,-1.74841065597893,0.103951188888023,"",109985.690431678,182,0.956125688596667,MMR,nature_subsample
total_burned_areas_ha,L1_total_burned_areas_ha,0.566892730593013,0.462938512533471,1.2245529703084,0.266636980231862,"",3654.31835124866,91,0.929736259341187,MMR,human_subsample
average_burned_areas_ha,L1_average_burned_areas_ha,-0.199709216515847,0.0431186333951041,-4.63162212693233,0.000469920087964999,***,332.656819844959,182,0.844771514540589,MMR,nature_subsample
average_burned_areas_ha,L1_average_burned_areas_ha,-0.4314275782898,0.170980785173914,-2.52325182534968,0.0450886275150575,**,88.4614900364642,91,0.991511576843985,MMR,human_subsample
total_counts_total,L1_total_counts_total,-0.048611428550131,0.130314007036638,-0.373033027343436,0.715135605307395,"",275.005494505495,182,0.934243419569518,MMR,nature_subsample
total_counts_total,L1_total_counts_total,0.634513390106065,0.369374422638522,1.71780543323384,0.136638080371138,"",34.7472527472527,91,0.958781481987253,MMR,human_subsample
average_counts_total,L1_average_counts_total,-0.048611428550131,0.130314007036638,-0.373033027343436,0.715135605307395,"",275.005494505495,182,0.934243419569518,MMR,nature_subsample
average_counts_total,L1_average_counts_total,0.634513390106065,0.369374422638522,1.71780543323384,0.136638080371138,"",34.7472527472527,91,0.958781481987253,MMR,human_subsample
total_burned_days_nature,L1_total_burned_days_nature,0.228016976838693,0.0737867284698963,3.0902166496204,0.00217239235479474,***,2.25147024229593,4251,0.57680311977671,MNG,full
average_burned_days_nature,L1_average_burned_days_nature,-0.0630841607805138,0.0203330557837942,-3.10254206014588,0.00208644146127988,***,0.353364593630077,4251,0.39545769051736,MNG,full
total_ba_ha_nature,L1_total_ba_ha_nature,0.0490707954245263,0.0420255845101312,1.16764099765696,0.243804888739054,"",5405.14436436411,4251,0.497413332556974,MNG,full
average_ba_ha_nature,L1_average_ba_ha_nature,-0.0166349280672001,0.0430659820541451,-0.386266079948803,0.699551594363257,"",614.802747354005,4251,0.277370209953139,MNG,full
total_counts_nature,L1_total_counts_nature,0.307447587335951,0.0575825591763266,5.33924840670071,1.75318798155867e-07,***,1.03740296400847,4251,0.575309883803707,MNG,full
average_counts_nature,L1_average_counts_nature,0.307447587335951,0.0575825591763266,5.33924840670071,1.75318798155867e-07,***,1.03740296400847,4251,0.575309883803707,MNG,full
total_burned_days_allfire,L1_total_burned_days_allfire,0.222353957137175,0.0748741526428752,2.96970248461748,0.00320198602025895,***,2.28675605739826,4251,0.587199296821444,MNG,full
average_burned_days_allfire,L1_average_burned_days_allfire,-0.0641619257421429,0.0201903575407139,-3.17784990249729,0.00162583031074614,***,0.355827685340204,4251,0.398855183747147,MNG,full
total_burned_areas_ha,L1_total_burned_areas_ha,0.027011577011007,0.097093739186442,0.278201017257546,0.781034419239803,"",5835.51009205851,4251,0.544515644536253,MNG,full
average_burned_areas_ha,L1_average_burned_areas_ha,-0.0543152776206387,0.0383375229368062,-1.41676544178844,0.157506397310837,"",647.601103996376,4251,0.285342949783331,MNG,full
total_counts_total,L1_total_counts_total,0.307407672698551,0.0574526395779168,5.35062748999803,1.65480948460861e-07,***,1.04116678428605,4251,0.577264987295481,MNG,full
average_counts_total,L1_average_counts_total,0.307407672698551,0.0574526395779168,5.35062748999803,1.65480948460861e-07,***,1.04116678428605,4251,0.577264987295481,MNG,full
total_burned_days_allfire,L1_total_burned_days_nature,0.222825280756429,0.0734464992928786,3.03384481087221,0.00260862748700244,***,2.28675605739826,4251,0.58739069519669,MNG,full
average_burned_days_allfire,L1_average_burned_days_nature,-0.0632470742250963,0.0202413819770292,-3.12464209691176,0.00194012969148897,***,0.355827685340204,4251,0.398771331672675,MNG,full
total_burned_areas_ha,L1_total_ba_ha_nature,0.00796264710394104,0.0536592528071502,0.148392806224093,0.882124522244657,"",5835.51009205851,4251,0.544373752270209,MNG,full
average_burned_areas_ha,L1_average_ba_ha_nature,-0.0247924529354051,0.0496583533233922,-0.499260472330772,0.617932649646124,"",647.601103996375,4251,0.284867897329664,MNG,full
total_counts_total,L1_total_counts_nature,0.306508188242009,0.0576102398910235,5.3203768778225,1.92899549035852e-07,***,1.04116678428605,4251,0.577128375532194,MNG,full
average_counts_total,L1_average_counts_nature,0.306508188242009,0.0576102398910235,5.3203768778225,1.92899549035852e-07,***,1.04116678428605,4251,0.577128375532194,MNG,full
total_burned_days_human,L1_total_burned_days_human,-0.285686635932977,0.0937985062988331,-3.04574824489003,0.00281890697536109,***,1.41800834824091,1677,0.822749192348606,MOZ,full
average_burned_days_human,L1_average_burned_days_human,0.0629812321436491,0.0445419516424485,1.41397558529133,0.159796702389496,"",0.188498290273155,1677,0.483467749101278,MOZ,full
total_ba_ha_human,L1_total_ba_ha_human,-0.183741170873556,0.068994790913436,-2.66311656925065,0.00873663316423856,***,94.9740050627634,1677,0.756384017586526,MOZ,full
average_ba_ha_human,L1_average_ba_ha_human,0.0244511516781229,0.0473986696362092,0.515861560372656,0.606841029042977,"",11.9879323950835,1677,0.539500888108446,MOZ,full
total_counts_human,L1_total_counts_human,-0.298822243536382,0.0704899880675862,-4.23921540814944,4.26094760306562e-05,***,0.78592725104353,1677,0.859682896819136,MOZ,full
average_counts_human,L1_average_counts_human,-0.298822243536382,0.0704899880675862,-4.23921540814944,4.26094760306562e-05,***,0.78592725104353,1677,0.859682896819136,MOZ,full
total_burned_days_nature,L1_total_burned_days_nature,0.0443013740416299,0.0375920677859714,1.17847664815507,0.240792801621324,"",1220.63029218843,1677,0.950165811287214,MOZ,full
average_burned_days_nature,L1_average_burned_days_nature,0.0744936274506577,0.0368528273190321,2.02138161085369,0.0453255862196936,**,2.63634583520194,1677,0.669607630421108,MOZ,full
total_ba_ha_nature,L1_total_ba_ha_nature,-0.0683355905776933,0.0579017656329972,-1.1801987354035,0.240109814074041,"",377582.955719244,1677,0.823212143095541,MOZ,full
average_ba_ha_nature,L1_average_ba_ha_nature,-0.21030598657757,0.024851528100237,-8.46249718445139,5.17053974992952e-14,***,1017.79851193584,1677,0.794304591647828,MOZ,full
total_counts_nature,L1_total_counts_nature,-0.0102623112378214,0.0378212363902433,-0.271337275490782,0.786568751019887,"",441.394752534287,1677,0.948775517929171,MOZ,full
average_counts_nature,L1_average_counts_nature,-0.0102623112378214,0.0378212363902433,-0.271337275490782,0.786568751019887,"",441.394752534287,1677,0.948775517929171,MOZ,full
total_burned_days_allfire,L1_total_burned_days_allfire,0.0442600935206427,0.0375609500113751,1.17835394225223,0.240841520119684,"",1222.21347644603,1677,0.950305804666795,MOZ,full
average_burned_days_allfire,L1_average_burned_days_allfire,0.0655479935800766,0.0372196518126599,1.76111248729579,0.08060730601408,*,2.63367547319478,1677,0.667729934861715,MOZ,full
total_burned_areas_ha,L1_total_burned_areas_ha,-0.0683182557549662,0.0578964709938366,-1.18000725402139,0.240185688121807,"",377787.935456407,1677,0.823258283264694,MOZ,full
average_burned_areas_ha,L1_average_burned_areas_ha,-0.2106108065892,0.0248007119555364,-8.49212744242145,4.39277658136106e-14,***,1016.05961458557,1677,0.794131042185911,MOZ,full
total_counts_total,L1_total_counts_total,-0.0131690675501082,0.0387992824092358,-0.339415234828503,0.734853194259852,"",442.194991055456,1677,0.948710317275156,MOZ,full
average_counts_total,L1_average_counts_total,-0.0131690675501082,0.0387992824092358,-0.339415234828503,0.734853194259852,"",442.194991055456,1677,0.948710317275156,MOZ,full
total_burned_days_allfire,L1_total_burned_days_human,0.247754918600221,0.637159838130599,0.388842647909391,0.698038618277318,"",1222.21347644603,1677,0.950207758280005,MOZ,full
total_burned_days_allfire,L1_total_burned_days_nature,0.0443114098931655,0.0375880596799186,1.17886930771366,0.240636949356109,"",1222.21347644603,1677,0.950306052785252,MOZ,full
average_burned_days_allfire,L1_average_burned_days_human,-0.00256657418724455,0.0234673849242769,-0.109367711635796,0.913082117429844,"",2.63367547319478,1677,0.666280498539333,MOZ,full
average_burned_days_allfire,L1_average_burned_days_nature,0.0649672541951265,0.0370697962006136,1.75256572341369,0.0820710120333139,*,2.63367547319478,1677,0.667702451730401,MOZ,full
total_burned_areas_ha,L1_total_ba_ha_human,14.5057965453555,11.9597396389134,1.21288564662043,0.227407223964876,"",377787.935456407,1677,0.822243388865493,MOZ,full
total_burned_areas_ha,L1_total_ba_ha_nature,-0.0683320854461735,0.0578980342983705,-1.18021425553124,0.24010366500875,"",377787.935456407,1677,0.823258748985445,MOZ,full
average_burned_areas_ha,L1_average_ba_ha_human,0.283088974730785,0.431602517559767,0.655902046937397,0.513064412574528,"",1016.05961458557,1677,0.779065467797923,MOZ,full
average_burned_areas_ha,L1_average_ba_ha_nature,-0.210655986130005,0.0247651572961794,-8.5061436764023,4.06656455884585e-14,***,1016.05961458557,1677,0.794135070046933,MOZ,full
total_counts_total,L1_total_counts_human,-2.06632032089609,0.658542009755046,-3.13771982696243,0.00211348943528474,***,442.194991055456,1677,0.948809189923569,MOZ,full
total_counts_total,L1_total_counts_nature,-0.0122030238976237,0.038700325076199,-0.31532096626053,0.753031463334421,"",442.194991055456,1677,0.948709014581672,MOZ,full
average_counts_total,L1_average_counts_human,-2.06632032089609,0.658542009755046,-3.13771982696243,0.00211348943528474,***,442.194991055456,1677,0.948809189923569,MOZ,full
average_counts_total,L1_average_counts_nature,-0.0122030238976237,0.038700325076199,-0.31532096626053,0.753031463334421,"",442.194991055456,1677,0.948709014581672,MOZ,full
total_ba_ha_human,L1_total_ba_ha_human,-0.0563057086892581,0.0728633563959993,-0.772757548845906,0.443892956872435,"",0.411397582829189,572,0.315257369253471,MRT,full
average_ba_ha_human,L1_average_ba_ha_human,0.0794255564966256,0.0614179917853,1.29319689862663,0.202847632779397,"",0.211930078169736,572,0.325750336417635,MRT,full
total_counts_human,L1_total_counts_human,0.11846510223676,0.040127225726801,2.95223754174556,0.00509383136862061,***,0.00874125874125872,572,0.333150216824629,MRT,full
average_counts_human,L1_average_counts_human,0.11846510223676,0.040127225726801,2.95223754174556,0.00509383136862061,***,0.00874125874125872,572,0.333150216824629,MRT,full
total_burned_days_nature,L1_total_burned_days_nature,0.220811248995019,0.0931491026159792,2.37051396947264,0.0223171188934673,**,7.40909090909091,572,0.715024987367309,MRT,full
average_burned_days_nature,L1_average_burned_days_nature,-0.180621821686139,0.0500955442491565,-3.60554664877567,0.000804814308349028,***,0.873430808250216,572,0.608567549574232,MRT,full
total_ba_ha_nature,L1_total_ba_ha_nature,0.31416449464769,0.0122831701576019,25.5768250880461,1.21229823411282e-27,***,5464.49085878993,572,0.722705935441486,MRT,full
average_ba_ha_nature,L1_average_ba_ha_nature,0.0443414690819394,0.103888909060145,0.426816197061695,0.671642683693692,"",463.468745973587,572,0.637985877048261,MRT,full
total_counts_nature,L1_total_counts_nature,0.339571776680537,0.0881698450489309,3.85133688838954,0.000385818672737419,***,2.96678321678322,572,0.755003578976227,MRT,full
average_counts_nature,L1_average_counts_nature,0.339571776680537,0.0881698450489309,3.85133688838954,0.000385818672737419,***,2.96678321678322,572,0.755003578976227,MRT,full
total_burned_days_allfire,L1_total_burned_days_allfire,0.220811248995019,0.0931491026159792,2.37051396947264,0.0223171188934673,**,7.40909090909091,572,0.715024987367309,MRT,full
average_burned_days_allfire,L1_average_burned_days_allfire,-0.180355482241691,0.0501679773140149,-3.59503196855631,0.00083015785628515,***,0.872821569004613,572,0.608442367313367,MRT,full
total_burned_areas_ha,L1_total_burned_areas_ha,0.314167985924042,0.0122850735208298,25.5731465824246,1.21936429032652e-27,***,5464.90225637276,572,0.722690783844265,MRT,full
average_burned_areas_ha,L1_average_burned_areas_ha,0.0443699303648592,0.103891095553081,0.427081167338245,0.67145117220339,"",463.496604528483,572,0.637986233063481,MRT,full
total_counts_total,L1_total_counts_total,0.342076431955758,0.0871640726738978,3.92451180242059,0.000308836693193359,***,2.97552447552448,572,0.754285057004062,MRT,full
average_counts_total,L1_average_counts_total,0.342076431955758,0.0871640726738978,3.92451180242059,0.000308836693193359,***,2.97552447552448,572,0.754285057004062,MRT,full
total_burned_days_allfire,L1_total_burned_days_nature,0.220811248995019,0.0931491026159792,2.37051396947264,0.0223171188934673,**,7.40909090909091,572,0.715024987367309,MRT,full
average_burned_days_allfire,L1_average_burned_days_nature,-0.180046108695761,0.0501654099669148,-3.58904888476951,0.00084491902624586,***,0.872821569004613,572,0.608404139857622,MRT,full
total_burned_areas_ha,L1_total_ba_ha_human,54.207186044199,28.0489724355819,1.93259079877856,0.0598905887584779,*,5464.90225637276,572,0.659679599697411,MRT,full
total_burned_areas_ha,L1_total_ba_ha_nature,0.314168116357036,0.0122861558083627,25.5709044600586,1.22369182043854e-27,***,5464.90225637276,572,0.722689774073722,MRT,full
average_burned_areas_ha,L1_average_ba_ha_human,2.70509148771736,8.44067885918832,0.320482692547017,0.750154730089586,"",463.496604528483,572,0.637263776094968,MRT,full
average_burned_areas_ha,L1_average_ba_ha_nature,0.0443315582906873,0.103878221345263,0.426764703097305,0.671679904338789,"",463.496604528483,572,0.637984946013234,MRT,full
total_counts_total,L1_total_counts_human,6.53388163149827,1.26511300021784,5.16466246918117,5.89316577625225e-06,***,2.97552447552448,572,0.736530376680769,MRT,full
total_counts_total,L1_total_counts_nature,0.340647652159202,0.0881964306397834,3.86237458464156,0.000373119941381857,***,2.97552447552448,572,0.753626639073225,MRT,full
average_counts_total,L1_average_counts_human,6.53388163149827,1.26511300021784,5.16466246918117,5.89316577625225e-06,***,2.97552447552448,572,0.736530376680769,MRT,full
average_counts_total,L1_average_counts_nature,0.340647652159202,0.0881964306397834,3.86237458464156,0.000373119941381857,***,2.97552447552448,572,0.753626639073225,MRT,full
total_burned_days_human,L1_total_burned_days_human,-0.0466659020038557,0.0219966477180283,-2.1215006305533,0.0348444770926145,**,0.175180288461538,3328,0.798086642272547,MWI,full
average_burned_days_human,L1_average_burned_days_human,-0.0579215607302726,0.0477380656058101,-1.21332022978374,0.22613009777846,"",0.0511759291056166,3328,0.496102747766595,MWI,full
total_ba_ha_human,L1_total_ba_ha_human,0.0126307337729533,0.0562871838565217,0.224398040682752,0.82262729119939,"",7.46880469742951,3328,0.736404720397239,MWI,full
average_ba_ha_human,L1_average_ba_ha_human,-0.0355228512547054,0.045397916635736,-0.782477564768749,0.434659977979559,"",2.28973818631942,3328,0.480704543877107,MWI,full
total_counts_human,L1_total_counts_human,-0.0305104450341309,0.0623119329296358,-0.48964048456953,0.624809270864275,"",0.0829326923076923,3328,0.805557061326147,MWI,full
average_counts_human,L1_average_counts_human,-0.0305104450341309,0.0623119329296358,-0.48964048456953,0.624809270864275,"",0.0829326923076923,3328,0.805557061326147,MWI,full
total_burned_days_nature,L1_total_burned_days_nature,-0.0709258372511111,0.0397498626277748,-1.78430395886582,0.0755631877979057,*,29.4606370192308,3328,0.906904544833753,MWI,full
average_burned_days_nature,L1_average_burned_days_nature,-0.0183136635060881,0.024882595315959,-0.736002947985985,0.462405383137721,"",1.65104207491043,3328,0.402273349448236,MWI,full
total_ba_ha_nature,L1_total_ba_ha_nature,-0.145167898500305,0.0927707024609034,-1.56480326923776,0.118869160166359,"",7711.00561189988,3328,0.337651484205794,MWI,full
average_ba_ha_nature,L1_average_ba_ha_nature,0.211779507797746,0.0969367472765448,2.1847185277795,0.0298202231131981,**,1388.00867578703,3328,0.319582518016397,MWI,full
total_counts_nature,L1_total_counts_nature,0.0551588787426692,0.0631971082393106,0.872807004614789,0.383589401053644,"",11.5877403846154,3328,0.907678051120765,MWI,full
average_counts_nature,L1_average_counts_nature,0.0551588787426692,0.0631971082393106,0.872807004614789,0.383589401053644,"",11.5877403846154,3328,0.907678051120765,MWI,full
total_burned_days_allfire,L1_total_burned_days_allfire,-0.0697858416941392,0.0393959030973247,-1.77139845028399,0.0776888316174791,*,29.6358173076923,3328,0.907022878209849,MWI,full
average_burned_days_allfire,L1_average_burned_days_allfire,-0.0183263521753467,0.0253347366586282,-0.723368567918599,0.470116483015086,"",1.65736380545807,3328,0.402492556114636,MWI,full
total_burned_areas_ha,L1_total_burned_areas_ha,-0.145169477883744,0.0927707854603215,-1.56481889382983,0.118865495196804,"",7718.47441659731,3328,0.337645713932227,MWI,full
average_burned_areas_ha,L1_average_burned_areas_ha,0.211780862890543,0.0969368782738783,2.18472955454778,0.0298194045197383,**,1387.52691850393,3328,0.319584846364693,MWI,full
total_counts_total,L1_total_counts_total,0.0554127422657491,0.0628187993283889,0.88210444736576,0.378551068542187,"",11.6706730769231,3328,0.907717358690353,MWI,full
average_counts_total,L1_average_counts_total,0.0554127422657491,0.0628187993283889,0.88210444736576,0.378551068542187,"",11.6706730769231,3328,0.907717358690353,MWI,full
total_burned_days_allfire,L1_total_burned_days_human,0.0469097953183998,0.367468967283735,0.127656481212954,0.898521442777585,"",29.6358173076923,3328,0.9065803789555,MWI,full
total_burned_days_allfire,L1_total_burned_days_nature,-0.0701309563224679,0.0396413270247185,-1.76913745290962,0.0780662327492273,*,29.6358173076923,3328,0.907025623055029,MWI,full
average_burned_days_allfire,L1_average_burned_days_human,-0.0712217407415842,0.0451419641958847,-1.57772799678214,0.11586780819925,"",1.65736380545807,3328,0.402340602453461,MWI,full
average_burned_days_allfire,L1_average_burned_days_nature,-0.0177047868162477,0.0248917946470101,-0.711270001513302,0.477567049963796,"",1.65736380545807,3328,0.40247960337748,MWI,full
total_burned_areas_ha,L1_total_ba_ha_human,-2.12255699096759,2.08116809189275,-1.01988734078524,0.30874851602845,"",7718.47441659731,3328,0.317119585491551,MWI,full
total_burned_areas_ha,L1_total_ba_ha_nature,-0.145169089805344,0.0927709721477797,-1.56481156168221,0.118867215044867,"",7718.47441659731,3328,0.337645569249093,MWI,full
average_burned_areas_ha,L1_average_ba_ha_human,0.919611525030932,3.84190454315849,0.239363449742275,0.811016047043443,"",1387.52691850393,3328,0.281215263103045,MWI,full
average_burned_areas_ha,L1_average_ba_ha_nature,0.211780176707006,0.0969367242350776,2.18472594755138,0.0298196722899504,**,1387.52691850393,3328,0.319584647963477,MWI,full
total_counts_total,L1_total_counts_human,0.145340909512463,0.260732157913171,0.557433769105169,0.577720081165851,"",11.6706730769231,3328,0.907433568430407,MWI,full
total_counts_total,L1_total_counts_nature,0.0553972693003707,0.0630720681346249,0.878316994174463,0.380598542745851,"",11.6706730769231,3328,0.907715652894288,MWI,full
average_counts_total,L1_average_counts_human,0.145340909512463,0.260732157913171,0.557433769105169,0.577720081165851,"",11.6706730769231,3328,0.907433568430407,MWI,full
average_counts_total,L1_average_counts_nature,0.0553972693003707,0.0630720681346249,0.878316994174463,0.380598542745851,"",11.6706730769231,3328,0.907715652894288,MWI,full
total_burned_days_allfire,L1_total_burned_days_allfire,-0.157763669474806,0.107907689285844,-1.46202435172989,0.152176834586347,"",69.9898785425101,494,0.962889257268844,MWI,nature_subsample
total_burned_days_allfire,L1_total_burned_days_allfire,-0.175992567773581,0.116047325082339,-1.51655859063282,0.140588069325127,"",2.6525198938992,377,0.869993418117903,MWI,human_subsample
average_burned_days_allfire,L1_average_burned_days_allfire,0.0163559059919769,0.0885702867713369,0.184665835329214,0.854499628992728,"",2.19152063276475,494,0.688353909098497,MWI,nature_subsample
average_burned_days_allfire,L1_average_burned_days_allfire,-0.0519112025333319,0.0850339065043374,-0.610476510692639,0.546469878411433,"",0.382785916675349,377,0.758642964043001,MWI,human_subsample
total_burned_areas_ha,L1_total_burned_areas_ha,-0.0675520912291465,0.154522836465613,-0.437165746981219,0.664532190623192,"",10763.9978197313,494,0.824369066069053,MWI,nature_subsample
total_burned_areas_ha,L1_total_burned_areas_ha,-0.0716417803214593,0.139682646869246,-0.512889624639786,0.612051467397402,"",259.302453629853,377,0.709294967951125,MWI,human_subsample
average_burned_areas_ha,L1_average_burned_areas_ha,0.375890235229351,0.232427093781603,1.6172393205697,0.114321832899621,"",374.245637879302,494,0.591247502534449,MWI,nature_subsample
average_burned_areas_ha,L1_average_burned_areas_ha,0.00806666858914323,0.135132888678143,0.0596943399053378,0.952823105959647,"",30.0051293426796,377,0.639526359053827,MWI,human_subsample
total_counts_total,L1_total_counts_total,0.261200502981942,0.170680132462844,1.53035095071071,0.134435692755844,"",24.9655870445344,494,0.960048466239568,MWI,nature_subsample
total_counts_total,L1_total_counts_total,0.0363690870804061,0.106059555330413,0.342911932518513,0.734225900924754,"",1.05835543766578,377,0.87510015471666,MWI,human_subsample
average_counts_total,L1_average_counts_total,0.261200502981942,0.170680132462844,1.53035095071071,0.134435692755844,"",24.9655870445344,494,0.960048466239568,MWI,nature_subsample
average_counts_total,L1_average_counts_total,0.0363690870804061,0.106059555330413,0.342911932518513,0.734225900924754,"",1.05835543766578,377,0.87510015471666,MWI,human_subsample
total_burned_days_human,L1_total_burned_days_human,-0.0228530890715973,0.0473915299882815,-0.482218849597136,0.63039294632668,"",2.54276492738031,1859,0.4339206811055,MYS,full
average_burned_days_human,L1_average_burned_days_human,-0.0239083202422741,0.0328502297908248,-0.727797656044151,0.467935814914453,"",0.38312738286543,1859,0.419704537106999,MYS,full
total_ba_ha_human,L1_total_ba_ha_human,0.00893182594026291,0.0658063374603551,0.135728962968709,0.892227771584274,"",177.777878232965,1859,0.445332929242911,MYS,full
average_ba_ha_human,L1_average_ba_ha_human,-0.0759053401744306,0.0507081759118482,-1.49690535716342,0.136637325871565,"",23.8836724236281,1859,0.505902137218505,MYS,full
total_counts_human,L1_total_counts_human,0.0184848360640448,0.0302629489216174,0.61080749638515,0.542303477660995,"",1.10973641742873,1859,0.480734890832176,MYS,full
average_counts_human,L1_average_counts_human,0.0184848360640448,0.0302629489216174,0.61080749638515,0.542303477660995,"",1.10973641742873,1859,0.480734890832176,MYS,full
total_burned_days_nature,L1_total_burned_days_nature,-0.0686265802374938,0.0283727666984574,-2.41874826543529,0.0168401672073661,**,1.28402366863905,1859,0.40279751746247,MYS,full
average_burned_days_nature,L1_average_burned_days_nature,-0.0597678137877576,0.0316562231960684,-1.88802730564461,0.0610624126592867,*,0.197820882972621,1859,0.305494948331304,MYS,full
total_ba_ha_nature,L1_total_ba_ha_nature,-0.0837518060678772,0.0190555304267116,-4.39514430679272,2.15340501647714e-05,***,67.7247185762758,1859,0.361391674977297,MYS,full
average_ba_ha_nature,L1_average_ba_ha_nature,-0.00957994815370937,0.00930974120524195,-1.02902410953328,0.305217931130464,"",10.4777616865982,1859,0.376665398710184,MYS,full
total_counts_nature,L1_total_counts_nature,0.0131818905005121,0.019871413227966,0.663359487787242,0.50817582514476,"",0.684776761699839,1859,0.436408420741015,MYS,full
average_counts_nature,L1_average_counts_nature,0.0131818905005121,0.019871413227966,0.663359487787242,0.50817582514476,"",0.684776761699839,1859,0.436408420741015,MYS,full
total_burned_days_allfire,L1_total_burned_days_allfire,-0.0632309691311986,0.0280710861646762,-2.25253019282049,0.0258223617469526,**,3.82678859601937,1859,0.446350866363909,MYS,full
average_burned_days_allfire,L1_average_burned_days_allfire,-0.0302843028371677,0.0324098528388993,-0.934416548810106,0.351675317319586,"",0.476153324541675,1859,0.406840594443213,MYS,full
total_burned_areas_ha,L1_total_burned_areas_ha,-0.0388388273262092,0.0464467303407038,-0.836201537574597,0.404446448732925,"",245.502596809241,1859,0.43467643889553,MYS,full
average_burned_areas_ha,L1_average_burned_areas_ha,-0.0672066791834677,0.0476257590323259,-1.41114137704034,0.160390126494367,"",29.5516235214959,1859,0.493028080018505,MYS,full
total_counts_total,L1_total_counts_total,0.0120832483271835,0.0183008071359305,0.660257672649865,0.510158084424718,"",1.79451317912856,1859,0.477074267641029,MYS,full
average_counts_total,L1_average_counts_total,0.0120832483271835,0.0183008071359305,0.660257672649865,0.510158084424718,"",1.79451317912856,1859,0.477074267641029,MYS,full
total_burned_days_allfire,L1_total_burned_days_human,-0.0337738959120782,0.0480188646896068,-0.703346406259126,0.482991513385921,"",3.82678859601937,1859,0.444251895738386,MYS,full
total_burned_days_allfire,L1_total_burned_days_nature,-0.1236808045601,0.0334149554397409,-3.70136075097094,0.00030601415488217,***,3.82678859601937,1859,0.447569510523676,MYS,full
average_burned_days_allfire,L1_average_burned_days_human,-0.0143684295574655,0.0332609891225796,-0.431990446962124,0.666403600702086,"",0.476153324541675,1859,0.406406627772101,MYS,full
average_burned_days_allfire,L1_average_burned_days_nature,-0.0183247124665396,0.0338912870610709,-0.540690957930254,0.589567728387825,"",0.476153324541675,1859,0.406447509952473,MYS,full
total_burned_areas_ha,L1_total_ba_ha_human,-0.00238889105840876,0.0684632395603597,-0.0348930473309348,0.972214026071602,"",245.502596809241,1859,0.433693131232316,MYS,full
total_burned_areas_ha,L1_total_ba_ha_nature,-0.122290614724383,0.020887272446692,-5.85479099947065,3.17112047274099e-08,***,245.502596809241,1859,0.436685915966509,MYS,full
average_burned_areas_ha,L1_average_ba_ha_human,-0.0694706447007214,0.0504539276028675,-1.37691252200499,0.170706170699431,"",29.5516235214959,1859,0.492985296845817,MYS,full
average_burned_areas_ha,L1_average_ba_ha_nature,0.0455735568137814,0.0162297891920323,2.80801902443408,0.00568673672975498,***,29.5516235214959,1859,0.492133251537546,MYS,full
total_counts_total,L1_total_counts_human,0.0522959960034405,0.039391186619411,1.32760651535362,0.18643846098141,"",1.79451317912856,1859,0.477594611341375,MYS,full
total_counts_total,L1_total_counts_nature,-0.0235135910498791,0.0238798363386815,-0.984662989996751,0.326464399601687,"",1.79451317912856,1859,0.47710945326052,MYS,full
average_counts_total,L1_average_counts_human,0.0522959960034405,0.039391186619411,1.32760651535362,0.18643846098141,"",1.79451317912856,1859,0.477594611341375,MYS,full
average_counts_total,L1_average_counts_nature,-0.0235135910498791,0.0238798363386815,-0.984662989996751,0.326464399601687,"",1.79451317912856,1859,0.47710945326052,MYS,full
total_burned_days_human,L1_total_burned_days_human,0.245362248176464,0.0346450488330364,7.08217354112933,1.61874710296859e-10,***,0.00934579439252337,1391,0.319753208113274,NAM,full
average_burned_days_human,L1_average_burned_days_human,0.389041423045904,0.0343125109560941,11.3381799292893,5.41868146718137e-20,***,0.00623052959501558,1391,0.422230660892236,NAM,full
total_ba_ha_human,L1_total_ba_ha_human,0.166379535724784,0.0861221334894251,1.93190216014811,0.0560412255305073,*,1.80089478262926,1391,0.330539582037633,NAM,full
average_ba_ha_human,L1_average_ba_ha_human,0.0961044559912784,0.0179343573008562,5.35867856199622,4.92307633563364e-07,***,1.27758096645835,1391,0.350734309642858,NAM,full
total_counts_human,L1_total_counts_human,0.219728767670873,0.125276509002621,1.75395027703299,0.0823292443245756,*,0.00862688713156003,1391,0.321773895381809,NAM,full
average_counts_human,L1_average_counts_human,0.219728767670873,0.125276509002621,1.75395027703299,0.0823292443245756,*,0.00862688713156003,1391,0.321773895381809,NAM,full
total_burned_days_nature,L1_total_burned_days_nature,0.298519506429852,0.0738222731475658,4.04375933850115,0.000100017796388736,***,70.040258806614,1391,0.92694660894611,NAM,full
average_burned_days_nature,L1_average_burned_days_nature,0.0168088406548447,0.0357788180996622,0.469798655954021,0.639463924079135,"",1.47907572507787,1391,0.668559516092702,NAM,full
total_ba_ha_nature,L1_total_ba_ha_nature,0.360718352703885,0.0902126727565144,3.99853304066791,0.000118134282276776,***,105596.82772465,1391,0.734161196294586,NAM,full
average_ba_ha_nature,L1_average_ba_ha_nature,0.261182137744247,0.0413643530316122,6.31418404017202,6.47140770808762e-09,***,2605.0416361937,1391,0.531405731538681,NAM,full
total_counts_nature,L1_total_counts_nature,0.184281014288259,0.0836545581359125,2.20288073231898,0.0297680360262275,**,20.5744069015097,1391,0.930350159287399,NAM,full
average_counts_nature,L1_average_counts_nature,0.184281014288259,0.0836545581359125,2.20288073231898,0.0297680360262275,**,20.5744069015097,1391,0.930350159287399,NAM,full
total_burned_days_allfire,L1_total_burned_days_allfire,0.290957576505441,0.0772840949244267,3.76477950333711,0.000273914947761428,***,70.4004313443566,1391,0.927233373916427,NAM,full
average_burned_days_allfire,L1_average_burned_days_allfire,0.0167113157710372,0.0357065629133762,0.468018045074199,0.640732565849607,"",1.49031767203512,1391,0.672528150898478,NAM,full
total_burned_areas_ha,L1_total_burned_areas_ha,0.350581660864125,0.0898736211625611,3.90082936827484,0.000168567743181699,***,108750.179156204,1391,0.737994344867021,NAM,full
average_burned_areas_ha,L1_average_burned_areas_ha,0.242952232300294,0.0420799453829645,5.77358715866228,7.81636970137116e-08,***,2759.85895471277,1391,0.53806385490216,NAM,full
total_counts_total,L1_total_counts_total,0.183326846234946,0.0837923406904987,2.18787116727166,0.0308750666641377,**,20.6053199137311,1391,0.930323688660829,NAM,full
average_counts_total,L1_average_counts_total,0.183326846234946,0.0837923406904987,2.18787116727166,0.0308750666641377,**,20.6053199137311,1391,0.930323688660829,NAM,full
total_burned_days_allfire,L1_total_burned_days_human,13.2373346423036,6.75398017745273,1.95993092880176,0.0526290273304573,*,70.4004313443566,1391,0.920820559941613,NAM,full
total_burned_days_allfire,L1_total_burned_days_nature,0.29656908260543,0.0751789955519456,3.94483965139589,0.000143724629931925,***,70.4004313443566,1391,0.927517761746599,NAM,full
average_burned_days_allfire,L1_average_burned_days_human,-0.0867277921484914,0.207394226326343,-0.418178430927107,0.676662636978355,"",1.49031767203512,1391,0.672450759106001,NAM,full
average_burned_days_allfire,L1_average_burned_days_nature,0.0198694415506638,0.0358731160499973,0.553881115958012,0.580826764410553,"",1.49031767203512,1391,0.67256612208596,NAM,full
total_burned_areas_ha,L1_total_ba_ha_human,116.842474169104,116.60414014119,1.00204395853891,0.31860435569481,"",108750.179156204,1391,0.699248137202289,NAM,full
total_burned_areas_ha,L1_total_ba_ha_nature,0.35362947095955,0.0888829832521218,3.97859587989367,0.000127081337792057,***,108750.179156204,1391,0.739115611169854,NAM,full
average_burned_areas_ha,L1_average_ba_ha_human,-1.08627906370801,3.784496169456,-0.287033997411644,0.774646625358499,"",2759.85895471277,1391,0.508213748967593,NAM,full
average_burned_areas_ha,L1_average_ba_ha_nature,0.256729436189989,0.0404305970172128,6.34987992090965,5.47151481264946e-09,***,2759.85895471277,1391,0.541096028250396,NAM,full
total_counts_total,L1_total_counts_human,8.27366510313386,4.29118836174858,1.92805917747281,0.05652332500293,*,20.6053199137311,1391,0.92811127128333,NAM,full
total_counts_total,L1_total_counts_nature,0.184334677308464,0.0837981529260819,2.19974630551898,0.0299963133916005,**,20.6053199137311,1391,0.930349317211173,NAM,full
average_counts_total,L1_average_counts_human,8.27366510313386,4.29118836174858,1.92805917747281,0.05652332500293,*,20.6053199137311,1391,0.92811127128333,NAM,full
average_counts_total,L1_average_counts_nature,0.184334677308464,0.0837981529260819,2.19974630551898,0.0299963133916005,**,20.6053199137311,1391,0.930349317211173,NAM,full
total_burned_days_allfire,L1_total_burned_days_allfire,0.288696072499547,0.0783261728400639,3.68581869931322,0.000383085765905908,***,79.9909983633388,1222,0.929619477905711,NAM,nature_subsample
total_burned_days_allfire,L1_total_burned_days_allfire,0.0794371799200794,0.212166231378335,0.374410100061714,0.719183591180871,"",0.355769230769224,104,0.554218105482318,NAM,human_subsample
average_burned_days_allfire,L1_average_burned_days_allfire,0.0252938317059753,0.0407738864065395,0.620343899862305,0.536548592692827,"",1.62369630261935,1222,0.687235465576009,NAM,nature_subsample
average_burned_days_allfire,L1_average_burned_days_allfire,-0.202788337111492,0.0637940994760777,-3.17879457155024,0.0155166588125907,**,0.251602564102563,104,0.471671161269846,NAM,human_subsample
total_burned_areas_ha,L1_total_burned_areas_ha,0.328270102664884,0.0999498849852418,3.28434697762138,0.00144171693068207,***,123650.640063816,1222,0.755929762352084,NAM,nature_subsample
total_burned_areas_ha,L1_total_burned_areas_ha,0.276210734439939,0.0907738795085208,3.04284377769721,0.0187715246906863,**,368.733914746695,104,0.655803333014286,NAM,human_subsample
average_burned_areas_ha,L1_average_burned_areas_ha,0.232862554294579,0.0417963633156668,5.57135922414795,2.4457121424398e-07,***,3086.61464177858,1222,0.551387520368745,NAM,nature_subsample
average_burned_areas_ha,L1_average_burned_areas_ha,0.210039513833569,0.132320028943371,1.58735994475529,0.156453118388114,"",163.40147087035,104,0.632071956350796,NAM,human_subsample
total_counts_total,L1_total_counts_total,0.181603634772183,0.0838473111541955,2.16588501494357,0.0328775929596237,**,23.4001636661211,1222,0.932920938714296,NAM,nature_subsample
total_counts_total,L1_total_counts_total,-0.0772985102315612,0.135741476055589,-0.569453880108874,0.586848484966982,"",0.124999999999998,104,0.602620919225616,NAM,human_subsample
average_counts_total,L1_average_counts_total,0.181603634772183,0.0838473111541955,2.16588501494357,0.0328775929596237,**,23.4001636661211,1222,0.932920938714296,NAM,nature_subsample
average_counts_total,L1_average_counts_total,-0.0772985102315612,0.135741476055589,-0.569453880108874,0.586848484966982,"",0.124999999999998,104,0.602620919225616,NAM,human_subsample
total_burned_days_nature,L1_total_burned_days_nature,-0.129954216985347,0.0533865242313441,-2.43421385558284,0.020500085987144,**,1.35972850678733,442,0.372062478186323,NCL,full
average_burned_days_nature,L1_average_burned_days_nature,-0.197956376920837,0.0305770049705738,-6.47402769209552,2.40702247883223e-07,***,0.54718410674293,442,0.332025022261858,NCL,full
total_ba_ha_nature,L1_total_ba_ha_nature,-0.144847996181411,0.0484631091091074,-2.98883003678753,0.00525574057960455,***,91.7776091116418,442,0.396191761482054,NCL,full
average_ba_ha_nature,L1_average_ba_ha_nature,-0.180269115398882,0.029801219065497,-6.04905171841084,8.351254878778e-07,***,36.6214997188279,442,0.297375274618663,NCL,full
total_counts_nature,L1_total_counts_nature,-0.0988663088987123,0.0549505071077933,-1.79918828965075,0.0811398147865582,*,0.380090497737557,442,0.401627684972894,NCL,full
average_counts_nature,L1_average_counts_nature,-0.0988663088987123,0.0549505071077933,-1.79918828965075,0.0811398147865582,*,0.380090497737557,442,0.401627684972894,NCL,full
total_burned_days_allfire,L1_total_burned_days_allfire,-0.129954216985347,0.0533865242313441,-2.43421385558284,0.020500085987144,**,1.35972850678733,442,0.372062478186323,NCL,full
average_burned_days_allfire,L1_average_burned_days_allfire,-0.197956376920837,0.0305770049705738,-6.47402769209552,2.40702247883223e-07,***,0.54718410674293,442,0.332025022261858,NCL,full
total_burned_areas_ha,L1_total_burned_areas_ha,-0.144847996181411,0.0484631091091074,-2.98883003678753,0.00525574057960455,***,91.7776091116418,442,0.396191761482054,NCL,full
average_burned_areas_ha,L1_average_burned_areas_ha,-0.180269115398882,0.029801219065497,-6.04905171841084,8.351254878778e-07,***,36.6214997188279,442,0.297375274618663,NCL,full
total_counts_total,L1_total_counts_total,-0.0988663088987123,0.0549505071077933,-1.79918828965075,0.0811398147865582,*,0.380090497737557,442,0.401627684972894,NCL,full
average_counts_total,L1_average_counts_total,-0.0988663088987123,0.0549505071077933,-1.79918828965075,0.0811398147865582,*,0.380090497737557,442,0.401627684972894,NCL,full
total_burned_days_allfire,L1_total_burned_days_nature,-0.129954216985347,0.0533865242313441,-2.43421385558284,0.020500085987144,**,1.35972850678733,442,0.372062478186323,NCL,full
average_burned_days_allfire,L1_average_burned_days_nature,-0.197956376920837,0.0305770049705738,-6.47402769209552,2.40702247883223e-07,***,0.54718410674293,442,0.332025022261858,NCL,full
total_burned_areas_ha,L1_total_ba_ha_nature,-0.144847996181411,0.0484631091091074,-2.98883003678753,0.00525574057960455,***,91.7776091116418,442,0.396191761482054,NCL,full
average_burned_areas_ha,L1_average_ba_ha_nature,-0.180269115398882,0.029801219065497,-6.04905171841084,8.351254878778e-07,***,36.6214997188279,442,0.297375274618663,NCL,full
total_counts_total,L1_total_counts_nature,-0.0988663088987123,0.0549505071077933,-1.79918828965075,0.0811398147865582,*,0.380090497737557,442,0.401627684972894,NCL,full
average_counts_total,L1_average_counts_nature,-0.0988663088987123,0.0549505071077933,-1.79918828965075,0.0811398147865582,*,0.380090497737557,442,0.401627684972894,NCL,full
total_burned_days_human,L1_total_burned_days_human,-0.481412221732471,0.0141499663742641,-34.0221459895525,2.07036475623654e-28,***,0.0427350427350427,468,0.423312597441662,NER,full
average_burned_days_human,L1_average_burned_days_human,-0.33937657126019,0.0205185198884299,-16.5400122964795,4.06357890657482e-18,***,0.0211894586894587,468,0.454192648340886,NER,full
total_ba_ha_human,L1_total_ba_ha_human,-0.143676972919476,0.00790510640893798,-18.1752104888842,2.09634290246853e-19,***,8.49917573955463,468,0.428802956253952,NER,full
average_ba_ha_human,L1_average_ba_ha_human,-0.185577856853779,0.00806869547411429,-22.9997348950823,1.03255642034068e-22,***,4.80553654765955,468,0.486046411316222,NER,full
total_counts_human,L1_total_counts_human,-0.168177060894772,0.0251777263423913,-6.67959682330865,9.93933242542169e-08,***,0.0277777777777778,468,0.417958791432682,NER,full
average_counts_human,L1_average_counts_human,-0.168177060894772,0.0251777263423913,-6.67959682330865,9.93933242542169e-08,***,0.0277777777777778,468,0.417958791432682,NER,full
total_burned_days_nature,L1_total_burned_days_nature,0.263682520487246,0.100344440365685,2.62777409018685,0.0126734383771655,**,31.4273504273504,468,0.947908381362411,NER,full
average_burned_days_nature,L1_average_burned_days_nature,0.158803247810954,0.0644723145534487,2.46312310812579,0.0188359485703487,**,1.1005061796108,468,0.449035679870609,NER,full
total_ba_ha_nature,L1_total_ba_ha_nature,0.135208311457495,0.107813222266564,1.25409767573033,0.218118026753489,"",15868.4684703782,468,0.741122085914816,NER,full
average_ba_ha_nature,L1_average_ba_ha_nature,-0.0612376287528761,0.00760954286695161,-8.04747799225002,1.79389114136997e-09,***,946.248985829936,468,0.278701055588235,NER,full
total_counts_nature,L1_total_counts_nature,0.188377815771127,0.174278926657357,1.08089841602875,0.287134164278328,"",12.3782051282051,468,0.93848013859133,NER,full
average_counts_nature,L1_average_counts_nature,0.188377815771127,0.174278926657357,1.08089841602875,0.287134164278328,"",12.3782051282051,468,0.93848013859133,NER,full
total_burned_days_allfire,L1_total_burned_days_allfire,0.183524042670701,0.141506862902845,1.29692679850238,0.203141360506222,"",32.2799145299145,468,0.950758817725717,NER,full
average_burned_days_allfire,L1_average_burned_days_allfire,0.165033827290318,0.0634454723997381,2.60119155943111,0.0135224304699076,**,1.11408155631046,468,0.45299350380836,NER,full
total_burned_areas_ha,L1_total_burned_areas_ha,0.2397922471196,0.0339055633627437,7.07235696260661,3.08211946585642e-08,***,22324.6018131452,468,0.691637608204661,NER,full
average_burned_areas_ha,L1_average_burned_areas_ha,-0.0599349162043016,0.00814907904992376,-7.35480854181459,1.33893894634494e-08,***,987.340669381859,468,0.278406237824563,NER,full
total_counts_total,L1_total_counts_total,0.187148074962399,0.176893800908237,1.0579685325405,0.297317324794179,"",12.4273504273504,468,0.93808038223175,NER,full
average_counts_total,L1_average_counts_total,0.187148074962399,0.176893800908237,1.0579685325405,0.297317324794179,"",12.4273504273504,468,0.93808038223175,NER,full
total_burned_days_allfire,L1_total_burned_days_human,11.6215886305299,1.25375328282801,9.26943824570954,5.93824651421438e-11,***,32.2799145299145,468,0.949813130378873,NER,full
total_burned_days_allfire,L1_total_burned_days_nature,0.211870082037127,0.118476925837829,1.78828139351906,0.082390627455829,*,32.2799145299145,468,0.951396997910835,NER,full
average_burned_days_allfire,L1_average_burned_days_human,0.899492106803776,0.154808595231216,5.81034990634938,1.37281424450489e-06,***,1.11408155631046,468,0.444318902481288,NER,full
average_burned_days_allfire,L1_average_burned_days_nature,0.165388712729753,0.0644129812392058,2.56763015075425,0.0146691258566381,**,1.11408155631046,468,0.453144651391878,NER,full
total_burned_areas_ha,L1_total_ba_ha_human,8.46094048213952,31.4494157273577,0.269033312271661,0.789483681596155,"",22324.6018131452,468,0.67377240248926,NER,full
total_burned_areas_ha,L1_total_ba_ha_nature,0.856265000333874,0.330356536518045,2.59194205557093,0.0138299269130638,**,22324.6018131452,468,0.754366252883606,NER,full
average_burned_areas_ha,L1_average_ba_ha_human,1.44523312770293,0.889253539388084,1.62522055149471,0.113088033898832,"",987.340669381859,468,0.275851669668503,NER,full
average_burned_areas_ha,L1_average_ba_ha_nature,-0.0610816080090219,0.007923814427608,-7.70861162475014,4.76484334270583e-09,***,987.340669381859,468,0.27850157066182,NER,full
total_counts_total,L1_total_counts_human,11.9961913024582,2.9372226186851,4.08419546620149,0.000244536754746047,***,12.4273504273504,468,0.937942104536493,NER,full
total_counts_total,L1_total_counts_nature,0.186218648159146,0.177265816677125,1.05050512078326,0.300685538010461,"",12.4273504273504,468,0.938042177291245,NER,full
average_counts_total,L1_average_counts_human,11.9961913024582,2.9372226186851,4.08419546620149,0.000244536754746047,***,12.4273504273504,468,0.937942104536493,NER,full
average_counts_total,L1_average_counts_nature,0.186218648159146,0.177265816677125,1.05050512078326,0.300685538010461,"",12.4273504273504,468,0.938042177291245,NER,full
total_burned_days_human,L1_total_burned_days_human,0.24353089043278,0.0436018083292459,5.58533922707587,3.23024081448584e-08,***,5.94749379652606,10075,0.775436134586425,NGA,full
average_burned_days_human,L1_average_burned_days_human,0.0227473798804479,0.0222183040587421,1.02381261055331,0.30624366455296,"",0.396797396222502,10075,0.447033177520916,NGA,full
total_ba_ha_human,L1_total_ba_ha_human,0.149999460232249,0.0481314578208295,3.11645370872882,0.00189802952892927,***,585.05994406719,10075,0.629722855648882,NGA,full
average_ba_ha_human,L1_average_ba_ha_human,0.0240615192064727,0.0409311265491519,0.587853822630035,0.556801880816982,"",45.7938871421815,10075,0.301030322394056,NGA,full
total_counts_human,L1_total_counts_human,0.212567597506457,0.0361869233749227,5.87415501738301,6.30909311550664e-09,***,3.46640198511166,10075,0.785287339034407,NGA,full
average_counts_human,L1_average_counts_human,0.212567597506457,0.0361869233749227,5.87415501738301,6.30909311550664e-09,***,3.46640198511166,10075,0.785287339034407,NGA,full
total_burned_days_nature,L1_total_burned_days_nature,0.45171457926731,0.0328409000747235,13.7546345635934,1.13449383506458e-38,***,72.96158808933,10075,0.902889371505974,NGA,full
average_burned_days_nature,L1_average_burned_days_nature,0.0116039657841832,0.027231214615993,0.426127366987448,0.670133515762428,"",1.13511581386348,10075,0.539966285283643,NGA,full
total_ba_ha_nature,L1_total_ba_ha_nature,0.281936540469643,0.0372580549557482,7.56712986774274,1.08489939536884e-13,***,15842.9273401091,10075,0.668529684613541,NGA,full
average_ba_ha_nature,L1_average_ba_ha_nature,0.0561239411948064,0.0578822250036473,0.969623078436772,0.332537297957713,"",268.908335064225,10075,0.299667469780375,NGA,full
total_counts_nature,L1_total_counts_nature,0.32528098882071,0.0553636239345349,5.87535579689185,6.26546940404116e-09,***,32.4264019851117,10075,0.896960387578511,NGA,full
average_counts_nature,L1_average_counts_nature,0.32528098882071,0.0553636239345349,5.87535579689185,6.26546940404116e-09,***,32.4264019851117,10075,0.896960387578511,NGA,full
total_burned_days_allfire,L1_total_burned_days_allfire,0.452548807589311,0.0317771478300024,14.2413287060973,4.80819937736114e-41,***,79.1370719602978,10075,0.901054299088097,NGA,full
average_burned_days_allfire,L1_average_burned_days_allfire,0.0576509892217407,0.0266326638035317,2.16467228539474,0.0307178188977353,**,1.22135750260637,10075,0.492451785744753,NGA,full
total_burned_areas_ha,L1_total_burned_areas_ha,0.360613870156404,0.0339961851939107,10.6074804599251,1.22867759476697e-24,***,17406.3941088987,10075,0.692647817537075,NGA,full
average_burned_areas_ha,L1_average_burned_areas_ha,0.0299937353365147,0.0053227074487871,5.63505239111901,2.45107931439292e-08,***,343.49397967716,10075,0.149592065515765,NGA,full
total_counts_total,L1_total_counts_total,0.330765803800115,0.0520409830241687,6.35587155697083,3.53732819275536e-10,***,35.9001488833747,10075,0.892909631288911,NGA,full
average_counts_total,L1_average_counts_total,0.330765803800115,0.0520409830241687,6.35587155697083,3.53732819275536e-10,***,35.9001488833747,10075,0.892909631288911,NGA,full
total_burned_days_allfire,L1_total_burned_days_human,0.542100218246991,0.135343483163639,4.00536623984737,6.78915967420267e-05,***,79.1370719602978,10075,0.877694076624916,NGA,full
total_burned_days_allfire,L1_total_burned_days_nature,0.469457260251068,0.0346680811227016,13.5414838389672,1.1981815169621e-37,***,79.1370719602978,10075,0.90064153850088,NGA,full
average_burned_days_allfire,L1_average_burned_days_human,0.000532141500654556,0.0194917702555257,0.0273008297183116,0.978226832402132,"",1.22135750260637,10075,0.490764949686355,NGA,full
average_burned_days_allfire,L1_average_burned_days_nature,0.0401623490615659,0.0205338747839123,1.95590698220445,0.0508354751928751,*,1.22135750260637,10075,0.491445609762258,NGA,full
total_burned_areas_ha,L1_total_ba_ha_human,0.581864809536157,0.330456900985747,1.76078879817751,0.0786690245073199,*,17406.3941088987,10075,0.647044671745469,NGA,full
total_burned_areas_ha,L1_total_ba_ha_nature,0.470122507436528,0.0378143717101877,12.4323765323825,1.75223977761747e-32,***,17406.3941088987,10075,0.711043142184118,NGA,full
average_burned_areas_ha,L1_average_ba_ha_human,-0.367085224444287,0.490271801303077,-0.748738196789258,0.454242482592088,"",343.49397967716,10075,0.148974937738863,NGA,full
average_burned_areas_ha,L1_average_ba_ha_nature,1.40265777672632,1.22138580558261,1.14841499738671,0.251152078849393,"",343.49397967716,10075,0.221479289901823,NGA,full
total_counts_total,L1_total_counts_human,0.426722964120444,0.0849691063964172,5.02209546761147,6.34906195319058e-07,***,35.9001488833747,10075,0.881732471471867,NGA,full
total_counts_total,L1_total_counts_nature,0.341836328929884,0.0580142313868014,5.89228402684059,5.68088602571415e-09,***,35.9001488833747,10075,0.892097327577939,NGA,full
average_counts_total,L1_average_counts_human,0.426722964120444,0.0849691063964172,5.02209546761147,6.34906195319058e-07,***,35.9001488833747,10075,0.881732471471867,NGA,full
average_counts_total,L1_average_counts_nature,0.341836328929884,0.0580142313868014,5.89228402684059,5.68088602571415e-09,***,35.9001488833747,10075,0.892097327577939,NGA,full
total_burned_days_allfire,L1_total_burned_days_allfire,0.336690448515455,0.0654847241114533,5.14151129265532,2.20184128544469e-06,***,185.08316008316,962,0.89690063258048,NGA,nature_subsample
total_burned_days_allfire,L1_total_burned_days_allfire,0.135161677812486,0.0492419593716822,2.74484767741014,0.00648607056405455,***,15.9677224736048,3315,0.87042209447409,NGA,human_subsample
average_burned_days_allfire,L1_average_burned_days_allfire,0.0306879185517223,0.0655110091103319,0.468439106166699,0.640866374732042,"",1.78589706654096,962,0.594424099726321,NGA,nature_subsample
average_burned_days_allfire,L1_average_burned_days_allfire,-0.045050592200529,0.028232174896102,-1.59571808995661,0.111795172494716,"",0.583897497972689,3315,0.557869398564558,NGA,human_subsample
total_burned_areas_ha,L1_total_burned_areas_ha,0.241994464732378,0.0833873653680189,2.90205193154104,0.00489835014522727,***,51854.3316769942,962,0.677262817629173,NGA,nature_subsample
total_burned_areas_ha,L1_total_burned_areas_ha,0.241576462758386,0.0278913466874188,8.6613409336508,5.51316509951531e-16,***,2553.98041607753,3315,0.709266643523641,NGA,human_subsample
average_burned_areas_ha,L1_average_burned_areas_ha,0.328814011204482,0.0627676421921492,5.23859109121689,1.50494092466071e-06,***,759.283491973314,962,0.499466182255262,NGA,nature_subsample
average_burned_areas_ha,L1_average_burned_areas_ha,0.0529218889614688,0.00435582855052639,12.1496721800663,4.40199357417904e-27,***,98.7017750111875,3315,0.563471043061568,NGA,human_subsample
total_counts_total,L1_total_counts_total,0.178302324364879,0.0759984390090216,2.34613140335307,0.0216874447654121,**,89.7713097713098,962,0.907331637417201,NGA,nature_subsample
total_counts_total,L1_total_counts_total,0.133585342744113,0.0440867548329322,3.03005615292705,0.00269756049539336,***,9.18733031674208,3315,0.857234425136579,NGA,human_subsample
average_counts_total,L1_average_counts_total,0.178302324364879,0.0759984390090216,2.34613140335307,0.0216874447654121,**,89.7713097713098,962,0.907331637417201,NGA,nature_subsample
average_counts_total,L1_average_counts_total,0.133585342744113,0.0440867548329322,3.03005615292705,0.00269756049539336,***,9.18733031674208,3315,0.857234425136579,NGA,human_subsample
total_burned_days_human,L1_total_burned_days_human,-0.105679675450433,0.0728181175054279,-1.45128271741652,0.148970613768638,"",1.14831211953514,1807,0.77527155107993,NIC,full
average_burned_days_human,L1_average_burned_days_human,-0.163005947267314,0.0586302505226985,-2.78023624006529,0.00619077998988539,***,0.220472985210842,1807,0.547623603396825,NIC,full
total_ba_ha_human,L1_total_ba_ha_human,-0.164311083464354,0.0599102362987137,-2.74262118822392,0.00690407382781301,***,49.1332934858771,1807,0.790337452669883,NIC,full
average_ba_ha_human,L1_average_ba_ha_human,-0.174632755332135,0.026325609687159,-6.63356926610199,6.85957734172987e-10,***,10.2888938978878,1807,0.49082095359293,NIC,full
total_counts_human,L1_total_counts_human,0.0466723001765319,0.0998525282483685,0.467412302875711,0.640942147319882,"",0.49142224681793,1807,0.838943348723658,NIC,full
average_counts_human,L1_average_counts_human,0.0466723001765319,0.0998525282483685,0.467412302875711,0.640942147319882,"",0.49142224681793,1807,0.838943348723658,NIC,full
total_burned_days_nature,L1_total_burned_days_nature,-0.414665149147989,0.100538183357916,-4.1244543644854,6.38764422718805e-05,***,27.267847260653,1807,0.82246215460223,NIC,full
average_burned_days_nature,L1_average_burned_days_nature,-0.114897683724309,0.0305077134111456,-3.76618470797397,0.000244594200515428,***,1.1046427177188,1807,0.516687142043133,NIC,full
total_ba_ha_nature,L1_total_ba_ha_nature,-0.513616158824198,0.188906607882635,-2.71888932092466,0.00739169305720667,***,1864.87945214507,1807,0.733257522939781,NIC,full
average_ba_ha_nature,L1_average_ba_ha_nature,-0.115825926311255,0.0290374551946723,-3.98884563177928,0.000107248840684077,***,61.7575679003339,1807,0.487942908766836,NIC,full
total_counts_nature,L1_total_counts_nature,-0.378226383645367,0.0978799135992992,-3.86418795988879,0.000170855780757546,***,11.6115107913669,1807,0.814297462107732,NIC,full
average_counts_nature,L1_average_counts_nature,-0.378226383645367,0.0978799135992992,-3.86418795988879,0.000170855780757546,***,11.6115107913669,1807,0.814297462107732,NIC,full
total_burned_days_allfire,L1_total_burned_days_allfire,-0.416358972236714,0.103016684593205,-4.04166542420621,8.77716710111967e-05,***,28.4161593801882,1807,0.823023765304198,NIC,full
average_burned_days_allfire,L1_average_burned_days_allfire,-0.117498337780769,0.0286779139074428,-4.09717171758003,7.0963624042804e-05,***,1.13413536469299,1807,0.507846271166092,NIC,full
total_burned_areas_ha,L1_total_burned_areas_ha,-0.515372853801536,0.190665379336535,-2.70302272806367,0.007734906398697,***,1914.01274563095,1807,0.733387950160893,NIC,full
average_burned_areas_ha,L1_average_burned_areas_ha,-0.115782026336552,0.0280360324954663,-4.12975788764958,6.25797365538758e-05,***,62.8522657659828,1807,0.486046887940369,NIC,full
total_counts_total,L1_total_counts_total,-0.381755288477388,0.101931094858218,-3.74522896088178,0.000263873968956942,***,12.1029330381848,1807,0.814206167508701,NIC,full
average_counts_total,L1_average_counts_total,-0.381755288477388,0.101931094858218,-3.74522896088178,0.000263873968956942,***,12.1029330381848,1807,0.814206167508701,NIC,full
total_burned_days_allfire,L1_total_burned_days_human,0.301836847997553,0.327863217254733,0.920618209401151,0.358856328080963,"",28.4161593801882,1807,0.805257364595686,NIC,full
total_burned_days_allfire,L1_total_burned_days_nature,-0.420006094208956,0.102780422684766,-4.0864406200891,7.39523020718556e-05,***,28.4161593801882,1807,0.823245389905772,NIC,full
average_burned_days_allfire,L1_average_burned_days_human,-0.0434658604031947,0.0360896664164178,-1.20438520826619,0.230502301100675,"",1.13413536469299,1807,0.501384317346193,NIC,full
average_burned_days_allfire,L1_average_burned_days_nature,-0.12054399605516,0.0300127114195087,-4.01643138369712,9.66128935514208e-05,***,1.13413536469299,1807,0.507963402135626,NIC,full
total_burned_areas_ha,L1_total_ba_ha_human,-0.432041724231317,0.644879799606998,-0.66995698189742,0.50400471254958,"",1914.01274563095,1807,0.710038068849382,NIC,full
total_burned_areas_ha,L1_total_ba_ha_nature,-0.515584786433626,0.190241768017325,-2.71015556576762,0.00757886684125676,***,1914.01274563095,1807,0.733375258510547,NIC,full
average_burned_areas_ha,L1_average_ba_ha_human,-0.0256167219629687,0.0484735262411037,-0.528468299078409,0.598023206893342,"",62.8522657659828,1807,0.479066052391378,NIC,full
average_burned_areas_ha,L1_average_ba_ha_nature,-0.115045216046784,0.0284811447420004,-4.0393466305141,8.85507052352017e-05,***,62.8522657659828,1807,0.485937998380806,NIC,full
total_counts_total,L1_total_counts_human,-0.68853684558348,1.18079953225524,-0.583110703193137,0.560770474697123,"",12.1029330381848,1807,0.798932319751263,NIC,full
total_counts_total,L1_total_counts_nature,-0.38276920240196,0.100707130903518,-3.80081528455685,0.000215629999828834,***,12.1029330381848,1807,0.814184298634934,NIC,full
average_counts_total,L1_average_counts_human,-0.68853684558348,1.18079953225524,-0.583110703193137,0.560770474697123,"",12.1029330381848,1807,0.798932319751263,NIC,full
average_counts_total,L1_average_counts_nature,-0.38276920240196,0.100707130903518,-3.80081528455685,0.000215629999828834,***,12.1029330381848,1807,0.814184298634934,NIC,full
total_burned_days_allfire,L1_total_burned_days_allfire,-0.264669245085497,0.108692818181486,-2.43502054242052,0.025520383941707,**,84.3886639676113,247,0.952884782882228,NIC,nature_subsample
total_burned_days_allfire,L1_total_burned_days_allfire,-0.0442734828571713,0.0992682988802225,-0.445998202412956,0.661574950375509,"",0.859728506787329,221,0.570212956485971,NIC,human_subsample
average_burned_days_allfire,L1_average_burned_days_allfire,-0.0420527739778913,0.0493210604508308,-0.852633207670273,0.405065517909665,"",0.819682722917596,247,0.880869525279342,NIC,nature_subsample
average_burned_days_allfire,L1_average_burned_days_allfire,-0.0779281439870864,0.0729088810949637,-1.06884295598481,0.301001540679702,"",0.464027149321268,221,0.502135363473649,NIC,human_subsample
total_burned_areas_ha,L1_total_burned_areas_ha,-0.532708346366738,0.200060327142434,-2.66273855479339,0.015855949043741,**,6914.64707848766,247,0.905494260339873,NIC,nature_subsample
total_burned_areas_ha,L1_total_burned_areas_ha,0.221563453590671,0.143770791859324,1.54108808002856,0.142838948297373,"",43.1520946764055,221,0.715804251864287,NIC,human_subsample
average_burned_areas_ha,L1_average_burned_areas_ha,-0.0806503579475683,0.0594635228426884,-1.35629969588129,0.191774081968755,"",67.9248125520651,247,0.975755404862733,NIC,nature_subsample
average_burned_areas_ha,L1_average_burned_areas_ha,-0.128342942150238,0.0427570666732802,-3.00167790112791,0.00844987078433432,***,21.2400273703344,221,0.546242678473038,NIC,human_subsample
total_counts_total,L1_total_counts_total,-0.300954836960161,0.137451589010309,-2.18953334135401,0.0419742676782627,**,36.5668016194332,247,0.945665605783759,NIC,nature_subsample
total_counts_total,L1_total_counts_total,0.393487534877014,0.168547422364293,2.33458055517778,0.0329240209454959,**,0.511312217194568,221,0.74589514918291,NIC,human_subsample
average_counts_total,L1_average_counts_total,-0.300954836960161,0.137451589010309,-2.18953334135401,0.0419742676782627,**,36.5668016194332,247,0.945665605783759,NIC,nature_subsample
average_counts_total,L1_average_counts_total,0.393487534877014,0.168547422364293,2.33458055517778,0.0329240209454959,**,0.511312217194568,221,0.74589514918291,NIC,human_subsample
total_burned_days_human,L1_total_burned_days_human,-0.0857512546328281,0.00151738689501205,-56.5124523710526,3.04598167342506e-179,***,0.00281690140845071,4615,0.231635653047357,NLD,full
average_burned_days_human,L1_average_burned_days_human,-0.0857512546328281,0.00151738689501205,-56.5124523710526,3.04598167342506e-179,***,0.00281690140845071,4615,0.231635653047357,NLD,full
total_ba_ha_human,L1_total_ba_ha_human,-0.0956779096665754,0.00918269961505538,-10.4193661643585,2.37838752026905e-22,***,0.0840465077936255,4615,0.197662690604037,NLD,full
average_ba_ha_human,L1_average_ba_ha_human,-0.0956779096665754,0.00918269961505538,-10.4193661643585,2.37838752026905e-22,***,0.0840465077936255,4615,0.197662690604037,NLD,full
total_counts_human,L1_total_counts_human,-0.122415902410134,0.02768592003971,-4.42159416174547,1.30514253446157e-05,***,0.00130010834236186,4615,0.162840429118182,NLD,full
average_counts_human,L1_average_counts_human,-0.122415902410134,0.02768592003971,-4.42159416174547,1.30514253446157e-05,***,0.00130010834236186,4615,0.162840429118182,NLD,full
total_burned_days_allfire,L1_total_burned_days_allfire,-0.0857512546328281,0.00151738689501205,-56.5124523710526,3.04598167342506e-179,***,0.00281690140845071,4615,0.231635653047357,NLD,full
average_burned_days_allfire,L1_average_burned_days_allfire,-0.0857512546328281,0.00151738689501205,-56.5124523710526,3.04598167342506e-179,***,0.00281690140845071,4615,0.231635653047357,NLD,full
total_burned_areas_ha,L1_total_burned_areas_ha,-0.0956779096665754,0.00918269961505538,-10.4193661643585,2.37838752026905e-22,***,0.0840465077936255,4615,0.197662690604037,NLD,full
average_burned_areas_ha,L1_average_burned_areas_ha,-0.0956779096665754,0.00918269961505538,-10.4193661643585,2.37838752026905e-22,***,0.0840465077936255,4615,0.197662690604037,NLD,full
total_counts_total,L1_total_counts_total,-0.122415902410134,0.02768592003971,-4.42159416174547,1.30514253446157e-05,***,0.00130010834236186,4615,0.162840429118182,NLD,full
average_counts_total,L1_average_counts_total,-0.122415902410134,0.02768592003971,-4.42159416174547,1.30514253446157e-05,***,0.00130010834236186,4615,0.162840429118182,NLD,full
total_burned_days_allfire,L1_total_burned_days_human,-0.0857512546328281,0.00151738689501205,-56.5124523710526,3.04598167342506e-179,***,0.00281690140845071,4615,0.231635653047357,NLD,full
average_burned_days_allfire,L1_average_burned_days_human,-0.0857512546328281,0.00151738689501205,-56.5124523710526,3.04598167342506e-179,***,0.00281690140845071,4615,0.231635653047357,NLD,full
total_burned_areas_ha,L1_total_ba_ha_human,-0.0956779096665754,0.00918269961505538,-10.4193661643585,2.37838752026905e-22,***,0.0840465077936255,4615,0.197662690604037,NLD,full
average_burned_areas_ha,L1_average_ba_ha_human,-0.0956779096665754,0.00918269961505538,-10.4193661643585,2.37838752026905e-22,***,0.0840465077936255,4615,0.197662690604037,NLD,full
total_counts_total,L1_total_counts_human,-0.122415902410134,0.02768592003971,-4.42159416174547,1.30514253446157e-05,***,0.00130010834236186,4615,0.162840429118182,NLD,full
average_counts_total,L1_average_counts_human,-0.122415902410134,0.02768592003971,-4.42159416174547,1.30514253446157e-05,***,0.00130010834236186,4615,0.162840429118182,NLD,full
total_burned_days_human,L1_total_burned_days_human,-0.0839618496452839,0.000640202052544299,-131.148985404845,0,***,0.000708968450903935,5642,0.119365433727288,NOR,full
average_burned_days_human,L1_average_burned_days_human,-0.0839618496452839,0.000640202052544299,-131.148985404845,0,***,0.000708968450903935,5642,0.119365433727288,NOR,full
total_ba_ha_human,L1_total_ba_ha_human,-0.083481981077092,0.0010854636504525,-76.9090526820411,1.34095705070492e-254,***,0.0191424146848361,5642,0.119953260960164,NOR,full
average_ba_ha_human,L1_average_ba_ha_human,-0.083481981077092,0.0010854636504525,-76.9090526820411,1.34095705070492e-254,***,0.0191424146848361,5642,0.119953260960164,NOR,full
total_counts_human,L1_total_counts_human,-0.0823278982546144,0.00144436044149026,-56.9995521129547,2.26086172649948e-203,***,0.000531726338177951,5642,0.123452999953842,NOR,full
average_counts_human,L1_average_counts_human,-0.0823278982546144,0.00144436044149026,-56.9995521129547,2.26086172649948e-203,***,0.000531726338177951,5642,0.123452999953842,NOR,full
total_burned_days_nature,L1_total_burned_days_nature,-0.0833183946146818,0.000642859607971571,-129.605894633166,0,***,0.00708968450903935,5642,0.135697160414346,NOR,full
average_burned_days_nature,L1_average_burned_days_nature,-0.0822469190838362,0.000737648314965327,-111.498823240316,1.11253692925385e-308,***,0.00274725274725275,5642,0.134654214477301,NOR,full
total_ba_ha_nature,L1_total_ba_ha_nature,-0.0831859431084466,0.000654781266861146,-127.043865361663,0,***,0.428491897470654,5642,0.14714787939685,NOR,full
average_ba_ha_nature,L1_average_ba_ha_nature,-0.0814504233542128,0.000977291308827782,-83.3430345880278,9.4167366424057e-269,***,0.177424789030575,5642,0.161881759425906,NOR,full
total_counts_nature,L1_total_counts_nature,-0.0827451206947264,0.00123429802956379,-67.0382020491187,9.04748975161326e-231,***,0.00531726338177951,5642,0.154638639709958,NOR,full
average_counts_nature,L1_average_counts_nature,-0.0827451206947264,0.00123429802956379,-67.0382020491187,9.04748975161326e-231,***,0.00531726338177951,5642,0.154638639709958,NOR,full
total_burned_days_allfire,L1_total_burned_days_allfire,-0.0833482130098774,0.000665052494233369,-125.325765608858,0,***,0.00779865295994328,5642,0.135264650610384,NOR,full
average_burned_days_allfire,L1_average_burned_days_allfire,-0.0823666301657765,0.000901674350882839,-91.3485340745585,4.50439184220825e-285,***,0.00345622119815668,5642,0.13088708000592,NOR,full
total_burned_areas_ha,L1_total_burned_areas_ha,-0.0829314240683897,0.00087436471929796,-94.8476330735034,8.3308983553425e-292,***,0.44763431215549,5642,0.147106209706136,NOR,full
average_burned_areas_ha,L1_average_burned_areas_ha,-0.0779515190663463,0.00375856881962109,-20.7396811944512,7.45308719282041e-67,***,0.196567203715411,5642,0.16093005174762,NOR,full
total_counts_total,L1_total_counts_total,-0.0705991839716806,0.0121929939901561,-5.79014342405796,1.35267005225821e-08,***,0.00584898971995746,5642,0.155210781287803,NOR,full
average_counts_total,L1_average_counts_total,-0.0705991839716806,0.0121929939901561,-5.79014342405796,1.35267005225821e-08,***,0.00584898971995746,5642,0.155210781287803,NOR,full
total_burned_days_allfire,L1_total_burned_days_human,-0.0809767906601955,0.00201869432857645,-40.1134483383123,6.35917668802401e-148,***,0.00779865295994328,5642,0.129363368854397,NOR,full
total_burned_days_allfire,L1_total_burned_days_nature,-0.0834074958825418,0.000667151536310781,-125.020315989631,0,***,0.00779865295994328,5642,0.135131391010485,NOR,full
average_burned_days_allfire,L1_average_burned_days_human,-0.0824999407410686,0.00104642466840728,-78.8398278746988,5.95475680312292e-259,***,0.00345622119815668,5642,0.126284050669759,NOR,full
average_burned_days_allfire,L1_average_burned_days_nature,-0.0823181592405772,0.000919859705914378,-89.4899066795731,2.11464250121322e-281,***,0.00345622119815668,5642,0.129559812768369,NOR,full
total_burned_areas_ha,L1_total_ba_ha_human,0.011730335576349,0.103904654771274,0.112895188402975,0.91016597172361,"",0.44763431215549,5642,0.1412165664669,NOR,full
total_burned_areas_ha,L1_total_ba_ha_nature,-0.0832189338853454,0.000642508439860867,-129.521931110144,0,***,0.44763431215549,5642,0.147129285143914,NOR,full
average_burned_areas_ha,L1_average_ba_ha_human,0.0104349255358993,0.106778642730163,0.0977248377493338,0.922196011669732,"",0.196567203715411,5642,0.155809411892227,NOR,full
average_burned_areas_ha,L1_average_ba_ha_nature,-0.0817801074990882,0.00111150716841282,-73.5758705145075,7.38241074300286e-247,***,0.196567203715411,5642,0.161212881351671,NOR,full
total_counts_total,L1_total_counts_human,0.249054801982795,0.260362649193669,0.956568857914554,0.339318671756871,"",0.00584898971995746,5642,0.153121555138503,NOR,full
total_counts_total,L1_total_counts_nature,-0.0837810320644215,0.00188820416811035,-44.3707483964864,3.47723639537019e-163,***,0.00584898971995746,5642,0.156723984354267,NOR,full
average_counts_total,L1_average_counts_human,0.249054801982795,0.260362649193669,0.956568857914554,0.339318671756871,"",0.00584898971995746,5642,0.153121555138503,NOR,full
average_counts_total,L1_average_counts_nature,-0.0837810320644215,0.00188820416811035,-44.3707483964864,3.47723639537019e-163,***,0.00584898971995746,5642,0.156723984354267,NOR,full
total_burned_days_allfire,L1_total_burned_days_allfire,-0.0806972819739317,0.00180269949327892,-44.7646888873042,3.41843850988988e-118,***,0.0128205128205128,3120,0.228228577488667,NOR,nature_subsample
average_burned_days_allfire,L1_average_burned_days_allfire,-0.0799959574505598,0.00237257154460436,-33.7169842707102,8.18864654904277e-93,***,0.00496794871794872,3120,0.215206651448044,NOR,nature_subsample
total_burned_areas_ha,L1_total_burned_areas_ha,-0.0804673912436188,0.00169535016770387,-47.463581728724,1.17324937260482e-123,***,0.733351064672161,3120,0.245748331478814,NOR,nature_subsample
average_burned_areas_ha,L1_average_burned_areas_ha,-0.075042341266494,0.00411539506857725,-18.2345412812183,3.83583008591801e-47,***,0.289714787124699,3120,0.26698790835451,NOR,nature_subsample
total_counts_total,L1_total_counts_total,-0.0683911289767376,0.013800721135125,-4.9556199496468,1.36578107312293e-06,***,0.00865384615384616,3120,0.194046420078036,NOR,nature_subsample
average_counts_total,L1_average_counts_total,-0.0683911289767376,0.013800721135125,-4.9556199496468,1.36578107312293e-06,***,0.00865384615384616,3120,0.194046420078036,NOR,nature_subsample
total_burned_days_human,L1_total_burned_days_human,-0.103125058609626,0.086294531128903,-1.19503585291612,0.253419589042572,"",3.90659340659341,182,0.649698738945683,NPL,full
average_burned_days_human,L1_average_burned_days_human,0.0510394802389273,0.125427366337978,0.406924594919706,0.690683761168923,"",1.29140393336822,182,0.6983193185707,NPL,full
total_ba_ha_human,L1_total_ba_ha_human,-0.114219727579742,0.0273330942322023,-4.17880707575268,0.00108146163212548,***,921.045170980103,182,0.710760130343091,NPL,full
average_ba_ha_human,L1_average_ba_ha_human,-0.191669834261183,0.0565049545333944,-3.39208899191144,0.00481496087379738,***,329.464402661508,182,0.700999228781227,NPL,full
total_counts_human,L1_total_counts_human,-0.276935147167916,0.0954938312660538,-2.90003179782735,0.0124071599808,**,1.46703296703297,182,0.634994987335525,NPL,full
average_counts_human,L1_average_counts_human,-0.276935147167916,0.0954938312660538,-2.90003179782735,0.0124071599808,**,1.46703296703297,182,0.634994987335525,NPL,full
total_burned_days_nature,L1_total_burned_days_nature,-0.518236021702811,0.131520877066041,-3.94033276893816,0.00169214149574543,***,105.203296703297,182,0.910711561412372,NPL,full
average_burned_days_nature,L1_average_burned_days_nature,-0.295559968052698,0.140782981402444,-2.0994012565184,0.0558732875242593,*,2.50168602053452,182,0.56338971936012,NPL,full
total_ba_ha_nature,L1_total_ba_ha_nature,-0.237978438676627,0.0766916263437909,-3.10305635728502,0.0083972206359422,***,19853.6232708608,182,0.796888144144152,NPL,full
average_ba_ha_nature,L1_average_ba_ha_nature,-0.0996028397694334,0.0694449316557438,-1.43427083006129,0.175110369675982,"",324.889494155256,182,0.709238069688627,NPL,full
total_counts_nature,L1_total_counts_nature,-0.513797324351682,0.15074843089622,-3.40830960094967,0.00466721393755745,***,35.8626373626374,182,0.909056975494774,NPL,full
average_counts_nature,L1_average_counts_nature,-0.513797324351682,0.15074843089622,-3.40830960094967,0.00466721393755745,***,35.8626373626374,182,0.909056975494774,NPL,full
total_burned_days_allfire,L1_total_burned_days_allfire,-0.546231869665073,0.126665139139859,-4.31240887093601,0.000843657283668124,***,110.615384615385,182,0.914909003589372,NPL,full
average_burned_days_allfire,L1_average_burned_days_allfire,-0.141783129291134,0.138493814406123,-1.02375062669128,0.324626830387401,"",2.59970608081578,182,0.567564006443408,NPL,full
total_burned_areas_ha,L1_total_burned_areas_ha,-0.34222019547565,0.0875922366025696,-3.90696948438934,0.0018022568063472,***,22678.5174341857,182,0.824265637259233,NPL,full
average_burned_areas_ha,L1_average_burned_areas_ha,-0.104394916357489,0.0605908231762565,-1.72294929966222,0.108584291376102,"",401.905754508701,182,0.606376331914044,NPL,full
total_counts_total,L1_total_counts_total,-0.526082022684193,0.144900243685912,-3.6306496752658,0.00304793628225087,***,37.3956043956044,182,0.912631191928191,NPL,full
average_counts_total,L1_average_counts_total,-0.526082022684193,0.144900243685912,-3.6306496752658,0.00304793628225087,***,37.3956043956044,182,0.912631191928191,NPL,full
total_burned_days_allfire,L1_total_burned_days_human,-1.0120285852788,1.10700322764973,-0.914205631927043,0.377253478542482,"",110.615384615385,182,0.87779457277362,NPL,full
total_burned_days_allfire,L1_total_burned_days_nature,-0.542198736443124,0.138990063441361,-3.90098920036735,0.00182275699062712,***,110.615384615385,182,0.912640024960742,NPL,full
average_burned_days_allfire,L1_average_burned_days_human,0.0725809377910227,0.0699249471470853,1.0379834487161,0.318199752988292,"",2.59970608081578,182,0.565339760507842,NPL,full
average_burned_days_allfire,L1_average_burned_days_nature,-0.211582840078713,0.132402493852728,-1.59802760448046,0.1340485635339,"",2.59970608081578,182,0.575156013678123,NPL,full
total_burned_areas_ha,L1_total_ba_ha_human,0.050864733855838,0.243653096576914,0.208758823796772,0.83787194761951,"",22678.5174341857,182,0.802937802000619,NPL,full
total_burned_areas_ha,L1_total_ba_ha_nature,-0.283739162170912,0.0802595126908938,-3.53527142961466,0.00365817951257224,***,22678.5174341857,182,0.816801414614565,NPL,full
average_burned_areas_ha,L1_average_ba_ha_human,-0.0307672154284335,0.0337445070054884,-0.911769593297937,0.378487575674252,"",401.9057545087,182,0.604064767117706,NPL,full
average_burned_areas_ha,L1_average_ba_ha_nature,-0.157244476482213,0.113761092492799,-1.38223423348512,0.190187994584258,"",401.9057545087,182,0.60363603321692,NPL,full
total_counts_total,L1_total_counts_human,-1.19232480669728,1.06442225981332,-1.12016147323563,0.282913388729324,"",37.3956043956044,182,0.882642142815486,NPL,full
total_counts_total,L1_total_counts_nature,-0.505815032945198,0.15281141028243,-3.31006062970257,0.00563754174029871,***,37.3956043956044,182,0.910407493993728,NPL,full
average_counts_total,L1_average_counts_human,-1.19232480669728,1.06442225981332,-1.12016147323563,0.282913388729324,"",37.3956043956044,182,0.882642142815486,NPL,full
average_counts_total,L1_average_counts_nature,-0.505815032945198,0.15281141028243,-3.31006062970257,0.00563754174029871,***,37.3956043956044,182,0.910407493993728,NPL,full
total_burned_days_nature,L1_total_burned_days_nature,-0.192136151536687,0.0392584653112292,-4.89413302362916,5.96876128824195e-06,***,0.59508547008547,936,0.406340120708667,NZL,full
average_burned_days_nature,L1_average_burned_days_nature,-0.14725532501761,0.0489869334744079,-3.00601230927304,0.00365732292938268,***,0.174458898158432,936,0.348974432553989,NZL,full
total_ba_ha_nature,L1_total_ba_ha_nature,-0.113396550430273,0.0894855237173654,-1.26720552911362,0.209222559645454,"",40.6197273314821,936,0.368440741403294,NZL,full
average_ba_ha_nature,L1_average_ba_ha_nature,-0.0717852206274932,0.0314540948527814,-2.28222178903823,0.0254753077372459,**,15.0837470388373,936,0.362848731998076,NZL,full
total_counts_nature,L1_total_counts_nature,-0.22196543072368,0.0285452552259381,-7.77591333364531,4.35145151578945e-11,***,0.318376068376068,936,0.440951407881614,NZL,full
average_counts_nature,L1_average_counts_nature,-0.22196543072368,0.0285452552259381,-7.77591333364531,4.35145151578945e-11,***,0.318376068376068,936,0.440951407881614,NZL,full
total_burned_days_allfire,L1_total_burned_days_allfire,-0.192136151536687,0.0392584653112292,-4.89413302362916,5.96876128824195e-06,***,0.59508547008547,936,0.406340120708667,NZL,full
average_burned_days_allfire,L1_average_burned_days_allfire,-0.14725532501761,0.0489869334744079,-3.00601230927304,0.00365732292938268,***,0.174458898158432,936,0.348974432553989,NZL,full
total_burned_areas_ha,L1_total_burned_areas_ha,-0.113396550430273,0.0894855237173654,-1.26720552911362,0.209222559645454,"",40.6197273314821,936,0.368440741403294,NZL,full
average_burned_areas_ha,L1_average_burned_areas_ha,-0.0717852206274932,0.0314540948527814,-2.28222178903823,0.0254753077372459,**,15.0837470388373,936,0.362848731998076,NZL,full
total_counts_total,L1_total_counts_total,-0.22196543072368,0.0285452552259381,-7.77591333364531,4.35145151578945e-11,***,0.318376068376068,936,0.440951407881614,NZL,full
average_counts_total,L1_average_counts_total,-0.22196543072368,0.0285452552259381,-7.77591333364531,4.35145151578945e-11,***,0.318376068376068,936,0.440951407881614,NZL,full
total_burned_days_allfire,L1_total_burned_days_nature,-0.192136151536687,0.0392584653112292,-4.89413302362916,5.96876128824195e-06,***,0.59508547008547,936,0.406340120708667,NZL,full
average_burned_days_allfire,L1_average_burned_days_nature,-0.14725532501761,0.0489869334744079,-3.00601230927304,0.00365732292938268,***,0.174458898158432,936,0.348974432553989,NZL,full
total_burned_areas_ha,L1_total_ba_ha_nature,-0.113396550430273,0.0894855237173654,-1.26720552911362,0.209222559645454,"",40.6197273314821,936,0.368440741403294,NZL,full
average_burned_areas_ha,L1_average_ba_ha_nature,-0.0717852206274932,0.0314540948527814,-2.28222178903823,0.0254753077372459,**,15.0837470388373,936,0.362848731998076,NZL,full
total_counts_total,L1_total_counts_nature,-0.22196543072368,0.0285452552259381,-7.77591333364531,4.35145151578945e-11,***,0.318376068376068,936,0.440951407881614,NZL,full
average_counts_total,L1_average_counts_nature,-0.22196543072368,0.0285452552259381,-7.77591333364531,4.35145151578945e-11,***,0.318376068376068,936,0.440951407881614,NZL,full
total_burned_days_allfire,L1_total_burned_days_allfire,-0.179903870152634,0.0331014315823067,-5.43492717846065,2.93597510374323e-06,***,0.936210131332082,533,0.488101810892373,NZL,nature_subsample
average_burned_days_allfire,L1_average_burned_days_allfire,-0.129505797856677,0.0687960773585965,-1.88245904169265,0.0670620615993718,*,0.23207041027447,533,0.558679250365781,NZL,nature_subsample
total_burned_areas_ha,L1_total_burned_areas_ha,-0.0781181765065977,0.0737268522219138,-1.05956207477116,0.295700328546265,"",60.1161897180609,533,0.531435767666232,NZL,nature_subsample
average_burned_areas_ha,L1_average_burned_areas_ha,0.000613478237093926,0.0585360050147104,0.0104803571227616,0.991690135616946,"",19.4788346237038,533,0.863604689900015,NZL,nature_subsample
total_counts_total,L1_total_counts_total,-0.223062193696672,0.0235748476099849,-9.46187213537685,9.28714420617983e-12,***,0.50656660412758,533,0.48897586496805,NZL,nature_subsample
average_counts_total,L1_average_counts_total,-0.223062193696672,0.0235748476099849,-9.46187213537685,9.28714420617983e-12,***,0.50656660412758,533,0.48897586496805,NZL,nature_subsample
total_burned_days_human,L1_total_burned_days_human,0.261726891325816,0.00545476644286053,47.9813194693932,3.21070539144235e-42,***,0.0251177394034537,637,0.674822242229098,OMN,full
average_burned_days_human,L1_average_burned_days_human,0.0726210875774473,0.00842570747093975,8.61898989822722,2.59720659431524e-11,***,0.00879120879120879,637,0.506151803020102,OMN,full
total_ba_ha_human,L1_total_ba_ha_human,0.305356910525898,0.00789437469025371,38.6803163653846,7.70485831632435e-38,***,1.8486099501326,637,0.632717834377482,OMN,full
average_ba_ha_human,L1_average_ba_ha_human,0.109012234363059,0.0152535331734633,7.14668746731465,4.38275392180443e-09,***,0.746183690789147,637,0.473757558358214,OMN,full
total_counts_human,L1_total_counts_human,0.18697920202968,0.0357808900406647,5.22567219029989,3.7224662443541e-06,***,0.0251177394034537,637,0.626218087664121,OMN,full
average_counts_human,L1_average_counts_human,0.18697920202968,0.0357808900406647,5.22567219029989,3.7224662443541e-06,***,0.0251177394034537,637,0.626218087664121,OMN,full
total_burned_days_nature,L1_total_burned_days_nature,-0.229489230843755,0.122362681400774,-1.87548383393226,0.0668157328772381,*,0.0282574568288854,637,0.923776141556237,OMN,full
average_burned_days_nature,L1_average_burned_days_nature,-0.176785836350413,0.0834726207887616,-2.11789008994689,0.039389573609973,**,0.0115559044130473,637,0.459406580015273,OMN,full
total_ba_ha_nature,L1_total_ba_ha_nature,-0.254204945874059,0.134593922119238,-1.88868072102733,0.0649852388323606,*,8.16798245587312,637,0.897982426838929,OMN,full
average_ba_ha_nature,L1_average_ba_ha_nature,-0.194527530162484,0.0981482617955104,-1.98197631423955,0.0532234541779877,*,3.82849651105238,637,0.479995849160397,OMN,full
total_counts_nature,L1_total_counts_nature,-0.137613240637692,0.0540293495915925,-2.54700901783771,0.0141255955867183,**,0.0455259026687598,637,0.848260413968064,OMN,full
average_counts_nature,L1_average_counts_nature,-0.137613240637692,0.0540293495915925,-2.54700901783771,0.0141255955867183,**,0.0455259026687598,637,0.848260413968064,OMN,full
total_burned_days_allfire,L1_total_burned_days_allfire,0.427976803368696,0.121927200157118,3.51010113262009,0.000985085690240976,***,0.0533751962323391,637,0.886564707588949,OMN,full
average_burned_days_allfire,L1_average_burned_days_allfire,0.098787585408215,0.137973755905697,0.715988230948317,0.477467551880359,"",0.0198761555904413,637,0.684087024757673,OMN,full
total_burned_areas_ha,L1_total_burned_areas_ha,-0.109619321467721,0.22761702639747,-0.4815954377521,0.632281843620536,"",10.0165924060057,637,0.914120768968419,OMN,full
average_burned_areas_ha,L1_average_burned_areas_ha,-0.166580398688324,0.125599452004385,-1.3262828462222,0.191022372934326,"",4.45368666971033,637,0.572565465247185,OMN,full
total_counts_total,L1_total_counts_total,0.178014653091009,0.107903805471068,1.64975324376988,0.10552329447959,"",0.0706436420722135,637,0.82465797248215,OMN,full
average_counts_total,L1_average_counts_total,0.178014653091009,0.107903805471068,1.64975324376988,0.10552329447959,"",0.0706436420722135,637,0.82465797248215,OMN,full
total_burned_days_allfire,L1_total_burned_days_human,0.27509112825964,0.0182652531907057,15.0608987122949,8.14975423661637e-20,***,0.0533751962323391,637,0.873647934673948,OMN,full
total_burned_days_allfire,L1_total_burned_days_nature,0.300758101277164,0.42203679727294,0.712634782607966,0.479521838520636,"",0.0533751962323391,637,0.86752057499087,OMN,full
average_burned_days_allfire,L1_average_burned_days_human,0.111788157214204,0.0320851427424381,3.48410970496776,0.00106445295864227,***,0.0198761555904413,637,0.683873615005078,OMN,full
average_burned_days_allfire,L1_average_burned_days_nature,0.0177423067274514,0.141029802513796,0.125805371710109,0.900411458574844,"",0.0198761555904413,637,0.681033721776396,OMN,full
total_burned_areas_ha,L1_total_ba_ha_human,0.356669069801202,0.0826084499961865,4.31758578956108,7.86119528813488e-05,***,10.0165924060057,637,0.914936016411053,OMN,full
total_burned_areas_ha,L1_total_ba_ha_nature,-0.135456215665785,0.175240576123442,-0.772972896245033,0.443328307983761,"",10.0165924060057,637,0.915316254741668,OMN,full
average_burned_areas_ha,L1_average_ba_ha_human,0.180448508427377,0.124598478665078,1.44824006168185,0.154050972350278,"",4.45368666971033,637,0.559299169270988,OMN,full
average_burned_areas_ha,L1_average_ba_ha_nature,-0.148901453817213,0.0947794114312298,-1.57103163618244,0.122744584113202,"",4.45368666971033,637,0.571625496099103,OMN,full
total_counts_total,L1_total_counts_human,0.280256601543041,0.0535879710536552,5.22984162364409,3.66943488221785e-06,***,0.0706436420722135,637,0.829045393608358,OMN,full
total_counts_total,L1_total_counts_nature,-0.113718148644601,0.130870888288939,-0.868933879271389,0.389207494999699,"",0.0706436420722135,637,0.820907956490241,OMN,full
average_counts_total,L1_average_counts_human,0.280256601543041,0.0535879710536552,5.22984162364409,3.66943488221785e-06,***,0.0706436420722135,637,0.829045393608358,OMN,full
average_counts_total,L1_average_counts_nature,-0.113718148644601,0.130870888288939,-0.868933879271389,0.389207494999699,"",0.0706436420722135,637,0.820907956490241,OMN,full
total_burned_days_allfire,L1_total_burned_days_allfire,0.448533271499797,0.158718959261259,2.82595900066034,0.00894107962127528,***,0.0968660968660969,351,0.89025071283081,OMN,nature_subsample
average_burned_days_allfire,L1_average_burned_days_allfire,0.100388651207952,0.166698414740963,0.602217191830821,0.552245844603787,"",0.0360715416270972,351,0.692100622934408,OMN,nature_subsample
total_burned_areas_ha,L1_total_burned_areas_ha,-0.121681820694308,0.244125078331243,-0.498440477832445,0.622364165304095,"",17.9342158691935,351,0.918544134447479,OMN,nature_subsample
average_burned_areas_ha,L1_average_burned_areas_ha,-0.171321512851401,0.133782623920507,-1.28059614792127,0.211642123266376,"",7.89957625396396,351,0.582197006933412,OMN,nature_subsample
total_counts_total,L1_total_counts_total,0.202135757987085,0.0917826464908863,2.20233089494926,0.0367104016149335,**,0.116809116809117,351,0.868651957168913,OMN,nature_subsample
average_counts_total,L1_average_counts_total,0.202135757987085,0.0917826464908863,2.20233089494926,0.0367104016149335,**,0.116809116809117,351,0.868651957168913,OMN,nature_subsample
total_burned_days_human,L1_total_burned_days_human,0.199107239461559,0.130096132063643,1.53046240732319,0.136738839691323,"",90.4128205128205,390,0.827796269197177,PAK,full
average_burned_days_human,L1_average_burned_days_human,0.0678463689514207,0.101647599602568,0.667466513884178,0.509751204209956,"",0.889539943070056,390,0.547484356787395,PAK,full
total_ba_ha_human,L1_total_ba_ha_human,-0.171126121930709,0.0352075231090099,-4.86049874627268,3.73786519814758e-05,***,21329.6523164991,390,0.453067489238093,PAK,full
average_ba_ha_human,L1_average_ba_ha_human,-0.21106653507995,0.0472340183544715,-4.46852803197864,0.000110757561107002,***,100.79476145119,390,0.464807040573845,PAK,full
total_counts_human,L1_total_counts_human,0.369943203377982,0.0728048428011847,5.08129939086912,2.02351742558467e-05,***,55.7461538461539,390,0.864715210069962,PAK,full
average_counts_human,L1_average_counts_human,0.369943203377982,0.0728048428011847,5.08129939086912,2.02351742558467e-05,***,55.7461538461539,390,0.864715210069962,PAK,full
total_burned_days_nature,L1_total_burned_days_nature,0.0517714320188086,0.0814680636650195,0.635481312427928,0.530097600584438,"",23.2794871794872,390,0.751734427564907,PAK,full
average_burned_days_nature,L1_average_burned_days_nature,0.259827324306591,0.0868855510020972,2.99045492961562,0.00563165907860243,***,1.64861953941828,390,0.340224447947669,PAK,full
total_ba_ha_nature,L1_total_ba_ha_nature,0.398245969996027,0.013508459413566,29.4812278590468,3.58857091883283e-23,***,16733.5111336242,390,0.478967007763363,PAK,full
average_ba_ha_nature,L1_average_ba_ha_nature,0.321466010186899,0.00411950608544809,78.0350856435092,2.92690076279849e-35,***,5963.71497486391,390,0.355848469556345,PAK,full
total_counts_nature,L1_total_counts_nature,0.0999556930722311,0.101452816809283,0.985243152589181,0.332653873040834,"",12.825641025641,390,0.766771832039952,PAK,full
average_counts_nature,L1_average_counts_nature,0.0999556930722311,0.101452816809283,0.985243152589181,0.332653873040834,"",12.825641025641,390,0.766771832039952,PAK,full
total_burned_days_allfire,L1_total_burned_days_allfire,0.214055690341948,0.121926005763407,1.75561963997505,0.0897124650013106,*,113.692307692308,390,0.82879181057731,PAK,full
average_burned_days_allfire,L1_average_burned_days_allfire,-0.0350124790744018,0.0893588964203223,-0.391818615459525,0.698056804863645,"",1.5944135468259,390,0.439208528216521,PAK,full
total_burned_areas_ha,L1_total_burned_areas_ha,0.422255694113764,0.0753087078924744,5.60699693210325,4.70464079944485e-06,***,38063.1634501233,390,0.624120173650159,PAK,full
average_burned_areas_ha,L1_average_burned_areas_ha,0.454877211763272,0.038812547800271,11.7198493153314,1.60486002709757e-12,***,246.41332770905,390,0.543141486349596,PAK,full
total_counts_total,L1_total_counts_total,0.368835170689419,0.064595128824328,5.70995332624072,3.53943544105523e-06,***,68.5717948717949,390,0.858347817313001,PAK,full
average_counts_total,L1_average_counts_total,0.368835170689419,0.064595128824328,5.70995332624072,3.53943544105523e-06,***,68.5717948717949,390,0.858347817313001,PAK,full
total_burned_days_allfire,L1_total_burned_days_human,0.206682694797758,0.125862968622692,1.64212474137126,0.111365761191093,"",113.692307692308,390,0.827432872644195,PAK,full
total_burned_days_allfire,L1_total_burned_days_nature,0.539134609541708,0.324729080915325,1.66025970948469,0.107638633932905,"",113.692307692308,390,0.823452731686754,PAK,full
average_burned_days_allfire,L1_average_burned_days_human,0.0503741442913127,0.0816850996089031,0.616687064501325,0.542252604423085,"",1.5944135468259,390,0.43936986663617,PAK,full
average_burned_days_allfire,L1_average_burned_days_nature,0.00118711678560574,0.0140621121570811,0.0844195219285007,0.933302978183199,"",1.5944135468259,390,0.438507390301198,PAK,full
total_burned_areas_ha,L1_total_ba_ha_human,-0.36228646048907,0.0670386792781044,-5.4041407794768,8.25328120152009e-06,***,38063.1634501233,390,0.572415672071572,PAK,full
total_burned_areas_ha,L1_total_ba_ha_nature,0.850756434849501,0.0327258891377964,25.9964345435287,1.21117600602041e-21,***,38063.1634501233,390,0.787920778598536,PAK,full
average_burned_areas_ha,L1_average_ba_ha_human,-0.65924228530349,0.103959609355885,-6.3413309206146,6.27191736122363e-07,***,246.41332770905,390,0.458561611299578,PAK,full
average_burned_areas_ha,L1_average_ba_ha_nature,0.00742007661253153,0.000272120991468259,27.2675642275728,3.19772391279001e-22,***,246.41332770905,390,0.76978798983513,PAK,full
total_counts_total,L1_total_counts_human,0.400231420874968,0.0690706677525374,5.79452079874044,2.80283112553397e-06,***,68.5717948717949,390,0.857235669329362,PAK,full
total_counts_total,L1_total_counts_nature,0.763986370981999,0.366629087737213,2.0838127593673,0.0460972963912129,**,68.5717948717949,390,0.840974934458858,PAK,full
average_counts_total,L1_average_counts_human,0.400231420874968,0.0690706677525374,5.79452079874044,2.80283112553397e-06,***,68.5717948717949,390,0.857235669329362,PAK,full
average_counts_total,L1_average_counts_nature,0.763986370981999,0.366629087737213,2.0838127593673,0.0460972963912129,**,68.5717948717949,390,0.840974934458858,PAK,full
total_burned_days_allfire,L1_total_burned_days_allfire,-0.124901963210187,0.125142980129174,-0.998074067608599,0.356778025515724,"",14.1758241758242,91,0.987026715322248,PAK,nature_subsample
total_burned_days_allfire,L1_total_burned_days_allfire,-0.103234182738786,0.112834747213249,-0.914914822680301,0.395516548191846,"",269.43956043956,91,0.909380344913834,PAK,human_subsample
average_burned_days_allfire,L1_average_burned_days_allfire,-0.148378141014532,0.187145535445198,-0.79284894860867,0.458061100598322,"",1.48734605412254,91,0.784219910052474,PAK,nature_subsample
average_burned_days_allfire,L1_average_burned_days_allfire,0.176802793860135,0.0667815479694216,2.64747971911479,0.0381569236059275,**,1.51299237138214,91,0.955553082046454,PAK,human_subsample
total_burned_areas_ha,L1_total_burned_areas_ha,0.139492263042801,0.102729788679208,1.35785603023472,0.223351216431172,"",1587.15706774474,91,0.98916364794346,PAK,nature_subsample
total_burned_areas_ha,L1_total_burned_areas_ha,0.3170981116039,0.0664496502163774,4.77200573022351,0.00308806242715713,***,95513.1053934366,91,0.681233740683163,PAK,human_subsample
average_burned_areas_ha,L1_average_burned_areas_ha,0.109015895242187,0.71052230708062,0.153430644127289,0.883088893321275,"",152.937466298346,91,0.667803161304892,PAK,nature_subsample
average_burned_areas_ha,L1_average_burned_areas_ha,0.524357640551316,0.228672299482439,2.29305272977142,0.0616852472644785,*,468.580691826958,91,0.722251831921444,PAK,human_subsample
total_counts_total,L1_total_counts_total,-0.38548449192205,0.188558722933738,-2.04437368860158,0.086916439985205,*,5.45054945054945,91,0.963419823593584,PAK,nature_subsample
total_counts_total,L1_total_counts_total,0.166914549043779,0.0211874664218363,7.87798530133613,0.000221556417638311,***,146.142857142857,91,0.903971096662693,PAK,human_subsample
average_counts_total,L1_average_counts_total,-0.38548449192205,0.188558722933738,-2.04437368860158,0.086916439985205,*,5.45054945054945,91,0.963419823593584,PAK,nature_subsample
average_counts_total,L1_average_counts_total,0.166914549043779,0.0211874664218363,7.87798530133613,0.000221556417638311,***,146.142857142857,91,0.903971096662693,PAK,human_subsample
total_burned_days_human,L1_total_burned_days_human,0.0629709611664625,0.0588969416651382,1.06917200428653,0.28828979271086,"",1.9143135345667,1027,0.658056244277756,PAN,full
average_burned_days_human,L1_average_burned_days_human,0.0830710660975389,0.0730205923105107,1.13763889704277,0.258753856275782,"",0.445575616380977,1027,0.544179766265147,PAN,full
total_ba_ha_human,L1_total_ba_ha_human,-0.0307086282498541,0.0469951382559679,-0.653442662145045,0.515392622212399,"",86.5864633351706,1027,0.649427724180223,PAN,full
average_ba_ha_human,L1_average_ba_ha_human,0.0321296654443237,0.0579572531298582,0.554368326813806,0.580912845222434,"",20.8563660948469,1027,0.505074861324211,PAN,full
total_counts_human,L1_total_counts_human,-0.150032171883066,0.0417188327031309,-3.59626964998488,0.000564071503849521,***,0.598831548198637,1027,0.678698605379262,PAN,full
average_counts_human,L1_average_counts_human,-0.150032171883066,0.0417188327031309,-3.59626964998488,0.000564071503849521,***,0.598831548198637,1027,0.678698605379262,PAN,full
total_burned_days_nature,L1_total_burned_days_nature,-0.144324457363305,0.0278210626716623,-5.18759686021304,1.64076748082558e-06,***,7.71080817916261,1027,0.705480457740443,PAN,full
average_burned_days_nature,L1_average_burned_days_nature,-0.0655748486187735,0.0828053210069051,-0.791915879576208,0.430811534027176,"",0.819472041776113,1027,0.458230938184861,PAN,full
total_ba_ha_nature,L1_total_ba_ha_nature,-0.157972141268257,0.0318350804540617,-4.96220329947688,3.99696628858871e-06,***,415.816422082386,1027,0.687426266512016,PAN,full
average_ba_ha_nature,L1_average_ba_ha_nature,-0.0873325280846466,0.038890909351645,-2.24557691091768,0.0275619740652592,**,44.535806368188,1027,0.55510189343865,PAN,full
total_counts_nature,L1_total_counts_nature,-0.0907312894422941,0.0232787512187278,-3.8976012325481,0.0002041624548491,***,3.64849074975657,1027,0.697756406487421,PAN,full
average_counts_nature,L1_average_counts_nature,-0.0907312894422941,0.0232787512187278,-3.8976012325481,0.0002041624548491,***,3.64849074975657,1027,0.697756406487421,PAN,full
total_burned_days_allfire,L1_total_burned_days_allfire,-0.127383228098192,0.0328318772660243,-3.87986428756581,0.000217033450245977,***,9.62512171372931,1027,0.735487354582031,PAN,full
average_burned_days_allfire,L1_average_burned_days_allfire,-0.0324484773748698,0.0715824651835581,-0.453302038308718,0.651589834190907,"",0.925029211409235,1027,0.493819745381047,PAN,full
total_burned_areas_ha,L1_total_burned_areas_ha,-0.149476513433021,0.032298450586949,-4.62797783536467,1.44683140591888e-05,***,502.402885417556,1027,0.711528866970853,PAN,full
average_burned_areas_ha,L1_average_burned_areas_ha,-0.041198270357078,0.0272822465811856,-1.5100761674623,0.135064560389131,"",49.6310150024313,1027,0.556157264819586,PAN,full
total_counts_total,L1_total_counts_total,-0.0932471849838323,0.0230458368160178,-4.04616181778315,0.000121590617612689,***,4.24732229795521,1027,0.71721608909952,PAN,full
average_counts_total,L1_average_counts_total,-0.0932471849838323,0.0230458368160178,-4.04616181778315,0.000121590617612689,***,4.24732229795521,1027,0.71721608909952,PAN,full
total_burned_days_allfire,L1_total_burned_days_human,0.144351577714687,0.119174783520382,1.21125940782598,0.229453028222182,"",9.62512171372931,1027,0.731452616316761,PAN,full
total_burned_days_allfire,L1_total_burned_days_nature,-0.161123143680499,0.0296740782607509,-5.42976069095336,6.18841990161784e-07,***,9.62512171372931,1027,0.737456221803447,PAN,full
average_burned_days_allfire,L1_average_burned_days_human,0.00306548064091887,0.0406510976738491,0.0754095415950083,0.940081944179499,"",0.925029211409235,1027,0.493312281187241,PAN,full
average_burned_days_allfire,L1_average_burned_days_nature,-0.0435646618033157,0.0802052938772631,-0.543164418423328,0.588565507618364,"",0.925029211409235,1027,0.494247539703917,PAN,full
total_burned_areas_ha,L1_total_ba_ha_human,-0.0370638906810034,0.152302884522828,-0.243356459052803,0.808368147453074,"",502.402885417556,1027,0.70458639682908,PAN,full
total_burned_areas_ha,L1_total_ba_ha_nature,-0.162760349055818,0.0319486594334935,-5.09443438134331,2.37567823860681e-06,***,502.402885417556,1027,0.711999559101306,PAN,full
average_burned_areas_ha,L1_average_ba_ha_human,-0.0144386786102128,0.039015804686269,-0.370072557167949,0.712331399747762,"",49.6310150024313,1027,0.555483970116379,PAN,full
average_burned_areas_ha,L1_average_ba_ha_nature,-0.0699556032387854,0.0401595672680155,-1.74194116116636,0.0854607146064651,*,49.6310150024313,1027,0.557377509700956,PAN,full
total_counts_total,L1_total_counts_human,-0.198342365539472,0.372731829611216,-0.532131548159856,0.596147408652446,"",4.24732229795521,1027,0.714964320330751,PAN,full
total_counts_total,L1_total_counts_nature,-0.0939619720992339,0.0208275670963759,-4.51142332968806,2.24264630170708e-05,***,4.24732229795521,1027,0.717000194047829,PAN,full
average_counts_total,L1_average_counts_human,-0.198342365539472,0.372731829611216,-0.532131548159856,0.596147408652446,"",4.24732229795521,1027,0.714964320330751,PAN,full
average_counts_total,L1_average_counts_nature,-0.0939619720992339,0.0208275670963759,-4.51142332968806,2.24264630170708e-05,***,4.24732229795521,1027,0.717000194047829,PAN,full
total_burned_days_allfire,L1_total_burned_days_allfire,-0.361106475611451,0.133063964080991,-2.71378113605318,0.0167969913434313,**,3.50769230769229,195,0.800509369726231,PAN,nature_subsample
total_burned_days_allfire,L1_total_burned_days_allfire,0.224449416584042,0.124688065260682,1.80008741105086,0.109538373446427,"",5.60683760683761,117,0.906938808472245,PAN,human_subsample
average_burned_days_allfire,L1_average_burned_days_allfire,-0.0327256813945839,0.0963807587884857,-0.339545795301349,0.739238539921341,"",0.286784067256398,195,0.903728499258107,PAN,nature_subsample
average_burned_days_allfire,L1_average_burned_days_allfire,-0.315911586789225,0.0723439218268194,-4.36680205899634,0.00239071935987363,***,0.599117287704245,117,0.826309869067945,PAN,human_subsample
total_burned_areas_ha,L1_total_burned_areas_ha,-0.385048297747317,0.164845488416466,-2.335813381647,0.0348936487499825,**,194.027907649254,195,0.818502209582323,PAN,nature_subsample
total_burned_areas_ha,L1_total_burned_areas_ha,0.0455079351780921,0.0228195013220202,1.99425633960626,0.0812357742916102,*,255.777092216946,117,0.898824397790144,PAN,human_subsample
average_burned_areas_ha,L1_average_burned_areas_ha,-0.0445507739956672,0.0552781734003344,-0.805937882082726,0.433755390536177,"",18.6672290732325,195,0.835977543793554,PAN,nature_subsample
average_burned_areas_ha,L1_average_burned_areas_ha,-0.369501763086884,0.071429255935914,-5.17297511006414,0.000850033305466275,***,26.4681087221365,117,0.853809667606104,PAN,human_subsample
total_counts_total,L1_total_counts_total,-0.318044746947708,0.174475660543494,-1.82286025430134,0.0897468637988156,*,2.19487179487179,195,0.822170715391448,PAN,nature_subsample
total_counts_total,L1_total_counts_total,-0.0759523556256381,0.0883864778455345,-0.859320989782776,0.41516921158099,"",1.75213675213675,117,0.898074885591905,PAN,human_subsample
average_counts_total,L1_average_counts_total,-0.318044746947708,0.174475660543494,-1.82286025430134,0.0897468637988156,*,2.19487179487179,195,0.822170715391448,PAN,nature_subsample
average_counts_total,L1_average_counts_total,-0.0759523556256381,0.0883864778455345,-0.859320989782776,0.41516921158099,"",1.75213675213675,117,0.898074885591905,PAN,human_subsample
total_burned_days_human,L1_total_burned_days_human,0.0563215012526114,0.00915639943646987,6.15105333088499,4.31256152157867e-09,***,0.444181459566075,2535,0.511078491802358,PER,full
average_burned_days_human,L1_average_burned_days_human,0.0364850863239918,0.0640546610263227,0.569592996659503,0.569612728675112,"",0.0646377426661965,2535,0.546701677489728,PER,full
total_ba_ha_human,L1_total_ba_ha_human,0.0132151841046809,0.00661838552786176,1.99673833581441,0.0472516012256728,**,17.9790366306069,2535,0.545527323826639,PER,full
average_ba_ha_human,L1_average_ba_ha_human,-0.050921482362684,0.0509290039748729,-0.999852311814449,0.318627464837165,"",2.52880188495426,2535,0.590519273681789,PER,full
total_counts_human,L1_total_counts_human,-0.00527264291168351,0.013556895099905,-0.388927027378155,0.697756665142223,"",0.309270216962525,2535,0.508288908941267,PER,full
average_counts_human,L1_average_counts_human,-0.00527264291168351,0.013556895099905,-0.388927027378155,0.697756665142223,"",0.309270216962525,2535,0.508288908941267,PER,full
total_burned_days_nature,L1_total_burned_days_nature,-0.0693127838760757,0.0314905216939465,-2.20106813566699,0.0289109984895947,**,10.3506903353057,2535,0.76341173421901,PER,full
average_burned_days_nature,L1_average_burned_days_nature,-0.0671090989433043,0.0210649229840476,-3.18582218383261,0.00168221700076546,***,1.05241970361201,2535,0.331958837971143,PER,full
total_ba_ha_nature,L1_total_ba_ha_nature,-0.0590466236443927,0.0190022335116684,-3.10735175463111,0.00217118235225722,***,654.303912656399,2535,0.665519277375319,PER,full
average_ba_ha_nature,L1_average_ba_ha_nature,-0.0855942841588425,0.0251492860536973,-3.40344787426914,0.000808333601100294,***,69.6187562319872,2535,0.333831124796143,PER,full
total_counts_nature,L1_total_counts_nature,-0.0549184284153794,0.0587768491455684,-0.934354753848183,0.35128244357286,"",5.94201183431953,2535,0.780413727247655,PER,full
average_counts_nature,L1_average_counts_nature,-0.0549184284153794,0.0587768491455684,-0.934354753848183,0.35128244357286,"",5.94201183431953,2535,0.780413727247655,PER,full
total_burned_days_allfire,L1_total_burned_days_allfire,-0.070952268804149,0.0295337596800985,-2.40241234345658,0.0172299954670006,**,10.7980276134122,2535,0.759954967823384,PER,full
average_burned_days_allfire,L1_average_burned_days_allfire,-0.0733313733079924,0.0213556551047001,-3.43381520952982,0.000727621035471055,***,1.06210799940211,2535,0.335882863826158,PER,full
total_burned_areas_ha,L1_total_burned_areas_ha,-0.0617197762042161,0.0198781876378177,-3.1048995677451,0.00218839253554327,***,672.603545325954,2535,0.669855758941545,PER,full
average_burned_areas_ha,L1_average_burned_areas_ha,-0.0847625936344189,0.0254612830986555,-3.3290778514966,0.00104271281677245,***,69.7208703036176,2535,0.332880987107738,PER,full
total_counts_total,L1_total_counts_total,-0.0693552631117385,0.0565262584137465,-1.22695655183985,0.221325842610038,"",6.25207100591716,2535,0.766259225444101,PER,full
average_counts_total,L1_average_counts_total,-0.0693552631117385,0.0565262584137465,-1.22695655183985,0.221325842610038,"",6.25207100591716,2535,0.766259225444101,PER,full
total_burned_days_allfire,L1_total_burned_days_human,0.379373914249053,0.124511812427986,3.04689094834654,0.00263412651929889,***,10.7980276134122,2535,0.759573510530905,PER,full
total_burned_days_allfire,L1_total_burned_days_nature,-0.0891566269531195,0.0380222103596045,-2.34485649597692,0.020045207262014,**,10.7980276134122,2535,0.760592950763554,PER,full
average_burned_days_allfire,L1_average_burned_days_human,-0.0359505875820383,0.0844299076592305,-0.42580394292434,0.670722726516484,"",1.06210799940211,2535,0.332377564314351,PER,full
average_burned_days_allfire,L1_average_burned_days_nature,-0.0703920840972599,0.0212343794240649,-3.3150054772726,0.00109364830825558,***,1.06210799940211,2535,0.335579428443233,PER,full
total_burned_areas_ha,L1_total_ba_ha_human,0.240487104337563,0.171121464993508,1.405359078399,0.161513894710793,"",672.603545325954,2535,0.668479280079882,PER,full
total_burned_areas_ha,L1_total_ba_ha_nature,-0.0660507684879044,0.0225214014132932,-2.93280010758647,0.00376355948511954,***,672.603545325954,2535,0.670010923337402,PER,full
average_burned_areas_ha,L1_average_ba_ha_human,0.0927428175927637,0.20360863143446,0.455495510869916,0.649262189925224,"",69.7208703036176,2535,0.327967480395578,PER,full
average_burned_areas_ha,L1_average_ba_ha_nature,-0.08551071116311,0.0251312731598025,-3.40256184473314,0.000810809724800816,***,69.7208703036176,2535,0.332981080295804,PER,full
total_counts_total,L1_total_counts_human,0.0109695966692984,0.121675761442581,0.0901543293359622,0.928257586959456,"",6.25207100591716,2535,0.764966260994938,PER,full
total_counts_total,L1_total_counts_nature,-0.0866355561438442,0.08277534348996,-1.04663481286976,0.29657030751264,"",6.25207100591716,2535,0.766593365885423,PER,full
average_counts_total,L1_average_counts_human,0.0109695966692984,0.121675761442581,0.0901543293359622,0.928257586959456,"",6.25207100591716,2535,0.764966260994938,PER,full
average_counts_total,L1_average_counts_nature,-0.0866355561438442,0.08277534348996,-1.04663481286976,0.29657030751264,"",6.25207100591716,2535,0.766593365885423,PER,full
total_burned_days_human,L1_total_burned_days_human,0.0244933748703592,0.0343894268988848,0.712235622372453,0.476420314401919,"",0.464072839911766,21307,0.589212388609466,PHL,full
average_burned_days_human,L1_average_burned_days_human,-0.0412482402217403,0.0260549058914556,-1.58312758424767,0.113585431900397,"",0.103373738106883,21307,0.300437601460118,PHL,full
total_ba_ha_human,L1_total_ba_ha_human,0.0245961480429149,0.0390198029308024,0.630350391224005,0.528553287530615,"",23.1427461428216,21307,0.564459688328835,PHL,full
average_ba_ha_human,L1_average_ba_ha_human,-0.0555488954935706,0.0234635700906327,-2.36745283343506,0.0180266402466106,**,5.44756967126094,21307,0.294222940675244,PHL,full
total_counts_human,L1_total_counts_human,0.0389422127076492,0.0365054861410111,1.06674959914862,0.286242124037102,"",0.255784483972403,21307,0.655471629863266,PHL,full
average_counts_human,L1_average_counts_human,0.0389422127076492,0.0365054861410111,1.06674959914862,0.286242124037102,"",0.255784483972403,21307,0.655471629863266,PHL,full
total_burned_days_nature,L1_total_burned_days_nature,-0.0455507289521488,0.0289143956502639,-1.57536507084951,0.115365308664448,"",0.865255549819308,21307,0.74005558320047,PHL,full
average_burned_days_nature,L1_average_burned_days_nature,-0.0833599073676923,0.0121759734378752,-6.84626225517125,1.06823323093178e-11,***,0.159314245454284,21307,0.368460776957737,PHL,full
total_ba_ha_nature,L1_total_ba_ha_nature,-0.0542090280070507,0.0187286092335403,-2.89445026756018,0.00384851741738765,***,43.7605976092893,21307,0.729347284415268,PHL,full
average_ba_ha_nature,L1_average_ba_ha_nature,-0.0974235001093064,0.0104786271686228,-9.29735341677501,4.445672668103e-20,***,7.81374007796129,21307,0.316903105315025,PHL,full
total_counts_nature,L1_total_counts_nature,-0.0192318477751516,0.0285850534286361,-0.672793836931764,0.501173359742639,"",0.496456563570658,21307,0.78747865567874,PHL,full
average_counts_nature,L1_average_counts_nature,-0.0192318477751516,0.0285850534286361,-0.672793836931764,0.501173359742639,"",0.496456563570658,21307,0.78747865567874,PHL,full
total_burned_days_allfire,L1_total_burned_days_allfire,-0.0267702049109286,0.0258369035396835,-1.0361228027891,0.300297789922008,"",1.32932838973107,21307,0.710209900205911,PHL,full
average_burned_days_allfire,L1_average_burned_days_allfire,-0.0647251857189463,0.0163611801861136,-3.95602181399366,7.94612380155147e-05,***,0.228903696026694,21307,0.346081462111567,PHL,full
total_burned_areas_ha,L1_total_burned_areas_ha,-0.0351148973692467,0.0170707159882598,-2.05702545771347,0.0398418134933567,**,66.9033437521109,21307,0.698248996535151,PHL,full
average_burned_areas_ha,L1_average_burned_areas_ha,-0.0845403141682264,0.0110274599206386,-7.66634517619094,3.0138135738202e-14,***,11.4582821644188,21307,0.311101267806606,PHL,full
total_counts_total,L1_total_counts_total,-0.00185541949338252,0.0259502210816357,-0.0714991786600059,0.943009206696153,"",0.752241047543061,21307,0.762902405457664,PHL,full
average_counts_total,L1_average_counts_total,-0.00185541949338252,0.0259502210816357,-0.0714991786600059,0.943009206696153,"",0.752241047543061,21307,0.762902405457664,PHL,full
total_burned_days_allfire,L1_total_burned_days_human,0.00761753326127414,0.0390606460485017,0.195018107273889,0.845402957952731,"",1.32932838973107,21307,0.709974974520499,PHL,full
total_burned_days_allfire,L1_total_burned_days_nature,-0.0439151592949177,0.0317035778201838,-1.38517991704266,0.166186065670764,"",1.32932838973107,21307,0.710399534751932,PHL,full
average_burned_days_allfire,L1_average_burned_days_human,-0.0308560970685395,0.0255386449687569,-1.20821199034983,0.22714013113889,"",0.228903696026694,21307,0.343534698328362,PHL,full
average_burned_days_allfire,L1_average_burned_days_nature,-0.07959865266167,0.0120241110503106,-6.61991995321882,4.85645541454222e-11,***,0.228903696026694,21307,0.346335625966181,PHL,full
total_burned_areas_ha,L1_total_ba_ha_human,0.00850311704040506,0.0405556075707888,0.209665630716124,0.833954725357858,"",66.9033437521109,21307,0.697812803764207,PHL,full
total_burned_areas_ha,L1_total_ba_ha_nature,-0.0527123135394034,0.0185242762682233,-2.84558018764958,0.00448822414566473,***,66.9033437521109,21307,0.698514840001989,PHL,full
average_burned_areas_ha,L1_average_ba_ha_human,-0.0449114755096465,0.0191789724971285,-2.34170394250113,0.0193152242545139,**,11.4582821644188,21307,0.30708353961876,PHL,full
average_burned_areas_ha,L1_average_ba_ha_nature,-0.0838498880502666,0.0112812918961441,-7.43264945382061,1.70656774033423e-13,***,11.4582821644188,21307,0.310372005338551,PHL,full
total_counts_total,L1_total_counts_human,0.0419390558611726,0.0390009783624204,1.07533343065012,0.282383839756054,"",0.752241047543061,21307,0.763036613815323,PHL,full
total_counts_total,L1_total_counts_nature,-0.0199108940572028,0.0316142483681402,-0.629807605271691,0.528908307546972,"",0.752241047543061,21307,0.762975841569814,PHL,full
average_counts_total,L1_average_counts_human,0.0419390558611726,0.0390009783624204,1.07533343065012,0.282383839756054,"",0.752241047543061,21307,0.763036613815323,PHL,full
average_counts_total,L1_average_counts_nature,-0.0199108940572028,0.0316142483681402,-0.629807605271691,0.528908307546972,"",0.752241047543061,21307,0.762975841569814,PHL,full
total_burned_days_allfire,L1_total_burned_days_allfire,-0.0287878822001904,0.0542729853082952,-0.530427468411073,0.596261460555414,"",0.483018867924528,3445,0.563540474435415,PHL,nature_subsample
total_burned_days_allfire,L1_total_burned_days_allfire,0.00381156643972218,0.0451191865990638,0.0844777294766494,0.932710901653046,"",1.55792587978823,6422,0.657377078640703,PHL,human_subsample
average_burned_days_allfire,L1_average_burned_days_allfire,-0.108428377616794,0.019386725925845,-5.59291847584457,5.5725633864604e-08,***,0.122956794999574,3445,0.441368539397794,PHL,nature_subsample
average_burned_days_allfire,L1_average_burned_days_allfire,-0.0221940287698723,0.0356685747971386,-0.622229200244152,0.534078832461169,"",0.284834773179494,6422,0.364707873939567,PHL,human_subsample
total_burned_areas_ha,L1_total_burned_areas_ha,-0.0035021680662078,0.0521598846991863,-0.0671429411012948,0.94651873001415,"",24.0728085240397,3445,0.563681865244626,PHL,nature_subsample
total_burned_areas_ha,L1_total_burned_areas_ha,-0.0246670563035671,0.0419470041569591,-0.588052872888533,0.556766077042406,"",78.0356591456045,6422,0.635815442182815,PHL,human_subsample
average_burned_areas_ha,L1_average_burned_areas_ha,-0.0461585746461204,0.0406796463442676,-1.13468475747024,0.257536617378292,"",5.42300508094612,3445,0.485313735661061,PHL,nature_subsample
average_burned_areas_ha,L1_average_burned_areas_ha,-0.0759453030583145,0.0196175490926809,-3.87129415094207,0.000122831727464025,***,15.3284230978281,6422,0.365942947454636,PHL,human_subsample
total_counts_total,L1_total_counts_total,-0.0614932262582237,0.0139111313444793,-4.42043315784145,1.43996641951419e-05,***,0.318142235123367,3445,0.631012626772901,PHL,nature_subsample
total_counts_total,L1_total_counts_total,0.0207951910500102,0.0470831389529487,0.44166959791681,0.658921970691748,"",0.821862348178138,6422,0.725415397140048,PHL,human_subsample
average_counts_total,L1_average_counts_total,-0.0614932262582237,0.0139111313444793,-4.42043315784145,1.43996641951419e-05,***,0.318142235123367,3445,0.631012626772901,PHL,nature_subsample
average_counts_total,L1_average_counts_total,0.0207951910500102,0.0470831389529487,0.44166959791681,0.658921970691748,"",0.821862348178138,6422,0.725415397140048,PHL,human_subsample
total_burned_days_human,L1_total_burned_days_human,-0.0629922065254261,0.0209408316517717,-3.00810433763726,0.00344734503397771,***,0.0194518125552608,1131,0.322887293378292,PNG,full
average_burned_days_human,L1_average_burned_days_human,-0.0701473433930113,0.0240618766173761,-2.91528979673826,0.00453002213648564,***,0.00884173297966401,1131,0.266950754181959,PNG,full
total_ba_ha_human,L1_total_ba_ha_human,-0.266494568870068,0.0114711270057549,-23.2317686602522,8.01660118851213e-39,***,0.642631991986494,1131,0.493962885891374,PNG,full
average_ba_ha_human,L1_average_ba_ha_human,-0.44712300516649,0.0129963167402938,-34.4038248760303,4.7175506475589e-52,***,0.28035506016569,1131,0.478148978655555,PNG,full
total_counts_human,L1_total_counts_human,-0.416276719712787,0.00671731505339932,-61.970700555742,3.80144442434533e-73,***,0.0150309460654288,1131,0.664792422925726,PNG,full
average_counts_human,L1_average_counts_human,-0.416276719712787,0.00671731505339932,-61.970700555742,3.80144442434533e-73,***,0.0150309460654288,1131,0.664792422925726,PNG,full
total_burned_days_nature,L1_total_burned_days_nature,-0.0826184790473757,0.0482862046635751,-1.71101621307792,0.0906829615023944,*,42.3633952254642,1131,0.85518726923118,PNG,full
average_burned_days_nature,L1_average_burned_days_nature,-0.0838756982004079,0.0524999774095225,-1.59763303412764,0.113792692074655,"",1.0898389780661,1131,0.571755607303496,PNG,full
total_ba_ha_nature,L1_total_ba_ha_nature,-0.134628835642638,0.0579899797569233,-2.32158790547888,0.0226198192771277,**,2929.44586301903,1131,0.819740490253987,PNG,full
average_ba_ha_nature,L1_average_ba_ha_nature,-0.188671637346014,0.0402912873281639,-4.68269072192515,1.04866258803231e-05,***,68.3733462970698,1131,0.661018662678244,PNG,full
total_counts_nature,L1_total_counts_nature,-0.110361339431003,0.0520907126870689,-2.1186375408989,0.0370056122644459,**,18.6984969053935,1131,0.865203312425551,PNG,full
average_counts_nature,L1_average_counts_nature,-0.110361339431003,0.0520907126870689,-2.1186375408989,0.0370056122644459,**,18.6984969053935,1131,0.865203312425551,PNG,full
total_burned_days_allfire,L1_total_burned_days_allfire,-0.0849142390558353,0.0488007849837989,-1.74001789282745,0.0854331530384104,*,42.4297082228117,1131,0.855761745058233,PNG,full
average_burned_days_allfire,L1_average_burned_days_allfire,-0.0843320441216136,0.0524024775692079,-1.60931406363824,0.111212597188988,"",1.08949416659231,1131,0.571519035379723,PNG,full
total_burned_areas_ha,L1_total_burned_areas_ha,-0.143550961152488,0.059683801550271,-2.40519131529477,0.0183082955701729,**,2943.35658248318,1131,0.821975240997366,PNG,full
average_burned_areas_ha,L1_average_burned_areas_ha,-0.1889370435786,0.040225179988107,-4.69698441708554,9.91964145266109e-06,***,68.3566562068946,1131,0.660943928981718,PNG,full
total_counts_total,L1_total_counts_total,-0.110508111871077,0.0521325396719604,-2.11975308639173,0.0369086694599648,**,18.7170645446508,1131,0.865231630695809,PNG,full
average_counts_total,L1_average_counts_total,-0.110508111871077,0.0521325396719604,-2.11975308639173,0.0369086694599648,**,18.7170645446508,1131,0.865231630695809,PNG,full
total_burned_days_allfire,L1_total_burned_days_human,11.0167260323197,5.16516034189766,2.13289139215225,0.0357833855085447,**,42.4297082228117,1131,0.854174277059207,PNG,full
total_burned_days_allfire,L1_total_burned_days_nature,-0.0850247935895808,0.0487842810152606,-1.74287274138536,0.0849301704940779,*,42.4297082228117,1131,0.855765244827749,PNG,full
average_burned_days_allfire,L1_average_burned_days_human,0.142307951871925,0.24960439359652,0.570134002136049,0.570073312205626,"",1.08949416659231,1131,0.568481291670731,PNG,full
average_burned_days_allfire,L1_average_burned_days_nature,-0.0846395503579494,0.0523713148368343,-1.61614331474488,0.109726055252676,"",1.08949416659231,1131,0.571539620525164,PNG,full
total_burned_areas_ha,L1_total_ba_ha_human,34.2560874544908,20.9133769904771,1.63799884973571,0.105075839588043,"",2943.35658248318,1131,0.815909350749975,PNG,full
total_burned_areas_ha,L1_total_ba_ha_nature,-0.143596349874647,0.059680446055355,-2.40608707484286,0.0182663631389445,**,2943.35658248318,1131,0.821977605638946,PNG,full
average_burned_areas_ha,L1_average_ba_ha_human,0.294830541440588,0.475301542279929,0.620302092912098,0.536699220620735,"",68.3566562068946,1131,0.647741925165703,PNG,full
average_burned_areas_ha,L1_average_ba_ha_nature,-0.189072429918961,0.0402119881345941,-4.70189211451358,9.73192734577026e-06,***,68.3566562068946,1131,0.660958408596752,PNG,full
total_counts_total,L1_total_counts_human,5.59793911046739,4.09036294168526,1.36856782399877,0.174698933663178,"",18.7170645446508,1131,0.862162776447914,PNG,full
total_counts_total,L1_total_counts_nature,-0.110691470219573,0.0521331703511343,-2.12324455762098,0.0366066755682679,**,18.7170645446508,1131,0.865239145149129,PNG,full
average_counts_total,L1_average_counts_human,5.59793911046739,4.09036294168526,1.36856782399877,0.174698933663178,"",18.7170645446508,1131,0.862162776447914,PNG,full
average_counts_total,L1_average_counts_nature,-0.110691470219573,0.0521331703511343,-2.12324455762098,0.0366066755682679,**,18.7170645446508,1131,0.865239145149129,PNG,full
total_burned_days_human,L1_total_burned_days_human,-0.0786725008219454,0.0115039344487865,-6.83874731485837,3.21295286669026e-11,***,0.100202429149798,4940,0.143767226403554,POL,full
average_burned_days_human,L1_average_burned_days_human,-0.0739031132087505,0.00865774610053021,-8.53606843520446,3.3956157707277e-16,***,0.0486429646601711,4940,0.138028730739643,POL,full
total_ba_ha_human,L1_total_ba_ha_human,-0.0503927450682633,0.0161611666586854,-3.11813782584694,0.00195902978162634,***,6.39824434018185,4940,0.151200891963161,POL,full
average_ba_ha_human,L1_average_ba_ha_human,-0.0760831242520927,0.00304290990393217,-25.0034101087827,3.34322499260985e-82,***,3.26518451611462,4940,0.13551460705808,POL,full
total_counts_human,L1_total_counts_human,-0.0780453900331216,0.0173326003475108,-4.50280906894216,8.93944409586904e-06,***,0.0635627530364373,4940,0.19611040452566,POL,full
average_counts_human,L1_average_counts_human,-0.0780453900331216,0.0173326003475108,-4.50280906894216,8.93944409586904e-06,***,0.0635627530364373,4940,0.19611040452566,POL,full
total_burned_days_nature,L1_total_burned_days_nature,-0.0709150874103575,0.0198711472764181,-3.56874650587062,0.000404743123253152,***,0.0311740890688259,4940,0.182067626778966,POL,full
average_burned_days_nature,L1_average_burned_days_nature,-0.0688030353097043,0.0167523277192443,-4.10707314605996,4.91198805078937e-05,***,0.0201990553306343,4940,0.183024011056521,POL,full
total_ba_ha_nature,L1_total_ba_ha_nature,-0.0901906660935886,0.00903604515779792,-9.98121019965864,5.52073088255131e-21,***,3.50808793366214,4940,0.200146544248727,POL,full
average_ba_ha_nature,L1_average_ba_ha_nature,-0.0860748142997113,0.00361925073504166,-23.7824954945324,3.6725625292378e-77,***,2.83689377459091,4940,0.195216987141285,POL,full
total_counts_nature,L1_total_counts_nature,-0.0570706941064925,0.0217555633073226,-2.62326896804751,0.0090606432655958,***,0.0220647773279352,4940,0.186687153036743,POL,full
average_counts_nature,L1_average_counts_nature,-0.0570706941064925,0.0217555633073226,-2.62326896804751,0.0090606432655958,***,0.0220647773279352,4940,0.186687153036743,POL,full
total_burned_days_allfire,L1_total_burned_days_allfire,-0.0591708756094857,0.0182514657401137,-3.24197938138403,0.00129215765093877,***,0.131376518218623,4940,0.149231690665177,POL,full
average_burned_days_allfire,L1_average_burned_days_allfire,-0.0738210723807478,0.00829468189829417,-8.89980752558207,2.33992141548415e-17,***,0.0676525077486616,4940,0.154250016650984,POL,full
total_burned_areas_ha,L1_total_burned_areas_ha,-0.0630548122956914,0.0151043662073844,-4.1746082841175,3.70627802146742e-05,***,9.90633227384399,4940,0.176421232684092,POL,full
average_burned_areas_ha,L1_average_burned_areas_ha,-0.0823024592307392,0.00355496601268024,-23.1514053684828,1.5545790651766e-74,***,6.01819095463419,4940,0.17667453260689,POL,full
total_counts_total,L1_total_counts_total,-0.0623735736354512,0.0224711514530711,-2.77571773594747,0.00578108894862349,***,0.0856275303643725,4940,0.202310382089142,POL,full
average_counts_total,L1_average_counts_total,-0.0623735736354512,0.0224711514530711,-2.77571773594747,0.00578108894862349,***,0.0856275303643725,4940,0.202310382089142,POL,full
total_burned_days_allfire,L1_total_burned_days_human,-0.0757200289729556,0.0124318435250491,-6.09081258305629,2.75968995081805e-09,***,0.131376518218623,4940,0.150199772634176,POL,full
total_burned_days_allfire,L1_total_burned_days_nature,-0.00337492765865963,0.0674278017323772,-0.0500524645910126,0.960106947244137,"",0.131376518218623,4940,0.145595665102313,POL,full
average_burned_days_allfire,L1_average_burned_days_human,-0.0698474028397949,0.00933531836758922,-7.4820590031824,5.15367457128128e-13,***,0.0676525077486616,4940,0.15204058696953,POL,full
average_burned_days_allfire,L1_average_burned_days_nature,-0.0630320117627951,0.0203395801974044,-3.09898292644402,0.00208682054056523,***,0.0676525077486616,4940,0.15030769549166,POL,full
total_burned_areas_ha,L1_total_ba_ha_human,-0.050449308698623,0.0154948500407918,-3.25587589204219,0.00123219788534306,***,9.90633227384399,4940,0.173396345549643,POL,full
total_burned_areas_ha,L1_total_ba_ha_nature,-0.0845889478041829,0.0112085307724212,-7.54683638040373,3.34960009031984e-13,***,9.90633227384399,4940,0.174764338447922,POL,full
average_burned_areas_ha,L1_average_ba_ha_human,-0.0749529210737259,0.00344652562481158,-21.747385405795,1.19674201662378e-68,***,6.01819095463419,4940,0.172449312314856,POL,full
average_burned_areas_ha,L1_average_ba_ha_nature,-0.0853267408582194,0.00375077008611595,-22.7491258859265,7.4573106003283e-73,***,6.01819095463419,4940,0.175061739686543,POL,full
total_counts_total,L1_total_counts_human,-0.0820107527028116,0.017255757190262,-4.75266033234943,2.85517888909573e-06,***,0.0856275303643725,4940,0.203659810609888,POL,full
total_counts_total,L1_total_counts_nature,0.0046705373518159,0.0685394040891031,0.06814382782996,0.945707077619033,"",0.0856275303643725,4940,0.198286715239575,POL,full
average_counts_total,L1_average_counts_human,-0.0820107527028116,0.017255757190262,-4.75266033234943,2.85517888909573e-06,***,0.0856275303643725,4940,0.203659810609888,POL,full
average_counts_total,L1_average_counts_nature,0.0046705373518159,0.0685394040891031,0.06814382782996,0.945707077619033,"",0.0856275303643725,4940,0.198286715239575,POL,full
total_burned_days_human,L1_total_burned_days_human,0.00798124212584816,0.0406759458162938,0.196215280694249,0.844657037621639,"",0.101736972704715,2418,0.374960492056928,PRK,full
average_burned_days_human,L1_average_burned_days_human,0.028869509889617,0.0912075774738005,0.316525344595516,0.751960660277721,"",0.0597394540942928,2418,0.438205066686813,PRK,full
total_ba_ha_human,L1_total_ba_ha_human,0.0819712839197013,0.0210071842557472,3.90205954885531,0.000133434025522013,***,13.8256951797356,2418,0.336001985906519,PRK,full
average_ba_ha_human,L1_average_ba_ha_human,0.135556246243582,0.106396747777311,1.27406381374835,0.204239000395888,"",9.436583922408,2418,0.476158120402991,PRK,full
total_counts_human,L1_total_counts_human,-0.0376632917135106,0.0356508161899434,-1.05644963393951,0.292140454551389,"",0.032671629445823,2418,0.316497130307035,PRK,full
average_counts_human,L1_average_counts_human,-0.0376632917135106,0.0356508161899434,-1.05644963393951,0.292140454551389,"",0.032671629445823,2418,0.316497130307035,PRK,full
total_burned_days_nature,L1_total_burned_days_nature,-0.053849207196615,0.030005962025504,-1.79461692149197,0.0743473975079887,*,2.0070306038048,2418,0.42636735250683,PRK,full
average_burned_days_nature,L1_average_burned_days_nature,-0.103214487514409,0.0190546193758242,-5.41676983825582,1.87097633611355e-07,***,0.490478732552601,2418,0.326018382521181,PRK,full
total_ba_ha_nature,L1_total_ba_ha_nature,-0.121895725091582,0.0303398530201002,-4.01767684935145,8.54145549316344e-05,***,246.70600683668,2418,0.428918874526524,PRK,full
average_ba_ha_nature,L1_average_ba_ha_nature,-0.127395590785482,0.0213278192867374,-5.97321221981201,1.16834969496955e-08,***,65.6717469416304,2418,0.380873623667182,PRK,full
total_counts_nature,L1_total_counts_nature,-0.0248996246150858,0.0297219444785707,-0.837752208070983,0.40325088515304,"",0.832506203473946,2418,0.426448006388526,PRK,full
average_counts_nature,L1_average_counts_nature,-0.0248996246150858,0.0297219444785707,-0.837752208070983,0.40325088515304,"",0.832506203473946,2418,0.426448006388526,PRK,full
total_burned_days_allfire,L1_total_burned_days_allfire,-0.048221343208769,0.029850914343715,-1.61540590192749,0.107926947489635,"",2.10876757650951,2418,0.440626282886316,PRK,full
average_burned_days_allfire,L1_average_burned_days_allfire,-0.0975887207350461,0.0181809345429644,-5.36764050849139,2.36962693223299e-07,***,0.515727961410296,2418,0.333429723164434,PRK,full
total_burned_areas_ha,L1_total_burned_areas_ha,-0.118337436808815,0.0283960102248131,-4.16739661212718,4.72538477769173e-05,***,260.531702016416,2418,0.447446577146986,PRK,full
average_burned_areas_ha,L1_average_burned_areas_ha,-0.111651109196995,0.0166196294809773,-6.71802637506388,2.20289733191667e-10,***,69.3278323590068,2418,0.384892865551237,PRK,full
total_counts_total,L1_total_counts_total,-0.0207988435239666,0.0299173792373758,-0.695209408516058,0.487796370759872,"",0.865177832919768,2418,0.430743728556387,PRK,full
average_counts_total,L1_average_counts_total,-0.0207988435239666,0.0299173792373758,-0.695209408516058,0.487796370759872,"",0.865177832919768,2418,0.430743728556387,PRK,full
total_burned_days_allfire,L1_total_burned_days_human,0.0713768649549285,0.146896045998334,0.485900518763712,0.627612717226846,"",2.10876757650951,2418,0.439351487601507,PRK,full
total_burned_days_allfire,L1_total_burned_days_nature,-0.0505200902759417,0.0299009854563451,-1.68957944044019,0.0927929309957253,*,2.10876757650951,2418,0.440739560886772,PRK,full
average_burned_days_allfire,L1_average_burned_days_human,0.0347877253836447,0.0476095770432747,0.73068755372526,0.465894380092639,"",0.515727961410296,2418,0.327322284192468,PRK,full
average_burned_days_allfire,L1_average_burned_days_nature,-0.105410655970771,0.018827221394023,-5.59884296066306,7.69825659574583e-08,***,0.515727961410296,2418,0.334154970541959,PRK,full
total_burned_areas_ha,L1_total_ba_ha_human,0.172032597366036,0.053439518619482,3.21920185305187,0.00151827004063204,***,260.531702016416,2418,0.440306537041013,PRK,full
total_burned_areas_ha,L1_total_ba_ha_nature,-0.131375399585224,0.0333984692974508,-3.93357547063548,0.000118270135717347,***,260.531702016416,2418,0.448844336369173,PRK,full
average_burned_areas_ha,L1_average_ba_ha_human,0.0353090691102279,0.11415966594771,0.309295483804245,0.757444837299727,"",69.3278323590068,2418,0.377434064830304,PRK,full
average_burned_areas_ha,L1_average_ba_ha_nature,-0.124408265206809,0.0183494918845877,-6.7799297108223,1.56444569120682e-10,***,69.3278323590068,2418,0.386295689438177,PRK,full
total_counts_total,L1_total_counts_human,0.249441692943302,0.175856216675127,1.41844114276674,0.157744389261803,"",0.865177832919768,2418,0.431028547413794,PRK,full
total_counts_total,L1_total_counts_nature,-0.0249595832120038,0.0300639472415127,-0.830216438696356,0.407486499669914,"",0.865177832919768,2418,0.430848733981992,PRK,full
average_counts_total,L1_average_counts_human,0.249441692943302,0.175856216675127,1.41844114276674,0.157744389261803,"",0.865177832919768,2418,0.431028547413794,PRK,full
average_counts_total,L1_average_counts_nature,-0.0249595832120038,0.0300639472415127,-0.830216438696356,0.407486499669914,"",0.865177832919768,2418,0.430848733981992,PRK,full
total_burned_days_allfire,L1_total_burned_days_allfire,-0.0733472680619101,0.04645390267801,-1.5789258562474,0.120787679871594,"",3.18769230769231,650,0.480671089438066,PRK,nature_subsample
total_burned_days_allfire,L1_total_burned_days_allfire,0.0312374105856924,0.087381597961124,0.357482711629855,0.723006712650401,"",0.266968325791855,442,0.483907616200641,PRK,human_subsample
average_burned_days_allfire,L1_average_burned_days_allfire,-0.101082718967727,0.0287207188674137,-3.51950518489336,0.000944433487430954,***,0.592486827032008,650,0.439650948802277,PRK,nature_subsample
average_burned_days_allfire,L1_average_burned_days_allfire,-0.0849101958253486,0.0639609580149503,-1.32753164524993,0.193443875653266,"",0.123190045248869,442,0.440486766824041,PRK,human_subsample
total_burned_areas_ha,L1_total_burned_areas_ha,-0.0860280197283579,0.0372994060582752,-2.30641795190923,0.025357287094694,**,347.414028260836,650,0.42379537539994,PRK,nature_subsample
total_burned_areas_ha,L1_total_burned_areas_ha,0.144054731223299,0.0957180895016582,1.5049896208052,0.141838998707344,"",26.7309837710603,442,0.548747188689653,PRK,human_subsample
average_burned_areas_ha,L1_average_burned_areas_ha,-0.115055107316072,0.029339224250027,-3.92154565286321,0.000273694294704935,***,73.624997718152,650,0.329296506905463,PRK,nature_subsample
average_burned_areas_ha,L1_average_burned_areas_ha,-0.0836405133662151,0.0214029854718717,-3.9078900219849,0.000436663251668021,***,17.263023947403,442,0.543305323061783,PRK,human_subsample
total_counts_total,L1_total_counts_total,-0.0679984547877383,0.0378773017816563,-1.79522963857657,0.0787857057583073,*,1.39076923076923,650,0.48025733855677,PRK,nature_subsample
total_counts_total,L1_total_counts_total,-0.0644927876662929,0.0295409899431696,-2.18316271019905,0.0362405007482334,**,0.104072398190045,442,0.449789621544027,PRK,human_subsample
average_counts_total,L1_average_counts_total,-0.0679984547877383,0.0378773017816563,-1.79522963857657,0.0787857057583073,*,1.39076923076923,650,0.48025733855677,PRK,nature_subsample
average_counts_total,L1_average_counts_total,-0.0644927876662929,0.0295409899431696,-2.18316271019905,0.0362405007482334,**,0.104072398190045,442,0.449789621544027,PRK,human_subsample
total_burned_days_human,L1_total_burned_days_human,-0.0603847290443346,0.02716489854164,-2.22289543808799,0.0269532883263459,**,1.64169381107492,3991,0.536518648211941,PRT,full
average_burned_days_human,L1_average_burned_days_human,-0.0545335392433046,0.018987830024757,-2.87202588037716,0.00436335105786644,***,0.668354957565055,3991,0.466288513923102,PRT,full
total_ba_ha_human,L1_total_ba_ha_human,-0.0923427099873349,0.00672836396406974,-13.7243928064023,9.83741380162941e-34,***,1386.58312419906,3991,0.444829088271791,PRT,full
average_ba_ha_human,L1_average_ba_ha_human,-0.0896941254751488,0.00613613525459783,-14.6173644734999,4.56151966752423e-37,***,591.145232138709,3991,0.458707183588763,PRT,full
total_counts_human,L1_total_counts_human,-0.02577126647231,0.0356851011955682,-0.722185607127003,0.470731895505496,"",0.505136557253821,3991,0.542227552865531,PRT,full
average_counts_human,L1_average_counts_human,-0.02577126647231,0.0356851011955682,-0.722185607127003,0.470731895505496,"",0.505136557253821,3991,0.542227552865531,PRT,full
total_burned_days_nature,L1_total_burned_days_nature,-0.0846756519632984,0.0208096926533695,-4.06904865793813,6.01305026794366e-05,***,1.0012528188424,3991,0.549224147073967,PRT,full
average_burned_days_nature,L1_average_burned_days_nature,-0.0816368308757648,0.020376723323436,-4.00637676529039,7.74798772454641e-05,***,0.429498293497686,3991,0.407585553902847,PRT,full
total_ba_ha_nature,L1_total_ba_ha_nature,-0.100019775197721,0.0112411064967761,-8.89768059989525,5.10219383622683e-17,***,386.181349297806,3991,0.379134502834786,PRT,full
average_ba_ha_nature,L1_average_ba_ha_nature,-0.0937120344108619,0.0116304040804189,-8.05750460283978,1.76055548824591e-14,***,209.128903837766,3991,0.292439308589309,PRT,full
total_counts_nature,L1_total_counts_nature,-0.0358679057461666,0.027096242340293,-1.32372250350115,0.186583273516885,"",0.310949636682536,3991,0.603446251743615,PRT,full
average_counts_nature,L1_average_counts_nature,-0.0358679057461666,0.027096242340293,-1.32372250350115,0.186583273516885,"",0.310949636682536,3991,0.603446251743615,PRT,full
total_burned_days_allfire,L1_total_burned_days_allfire,-0.0739716110535333,0.0219652559869695,-3.36766441954583,0.00085497448687006,***,2.64294662991731,3991,0.555568545618533,PRT,full
average_burned_days_allfire,L1_average_burned_days_allfire,-0.0466558731518327,0.0175062531738358,-2.66509759047486,0.00810500591656901,***,0.975679301195113,3991,0.440139251077326,PRT,full
total_burned_areas_ha,L1_total_burned_areas_ha,-0.0954008691478456,0.00649863645905897,-14.6801363253454,2.65031288513663e-37,***,1772.76447349687,3991,0.451806647656259,PRT,full
average_burned_areas_ha,L1_average_burned_areas_ha,-0.0936342064017858,0.0066415543098756,-14.098236953744,4.00224741662981e-35,***,691.083307064331,3991,0.449699597241093,PRT,full
total_counts_total,L1_total_counts_total,-0.0382255739468883,0.0290206814715439,-1.31718388434021,0.188762465415438,"",0.816086193936357,3991,0.576465337255281,PRT,full
average_counts_total,L1_average_counts_total,-0.0382255739468883,0.0290206814715439,-1.31718388434021,0.188762465415438,"",0.816086193936357,3991,0.576465337255281,PRT,full
total_burned_days_allfire,L1_total_burned_days_human,-0.0870357300275784,0.0342098229875141,-2.54417364449225,0.0114450564207929,**,2.64294662991731,3991,0.555145334945196,PRT,full
total_burned_days_allfire,L1_total_burned_days_nature,-0.0620661461818066,0.0296291582472827,-2.09476575958748,0.0370138563698142,**,2.64294662991731,3991,0.553454980653036,PRT,full
average_burned_days_allfire,L1_average_burned_days_human,-0.0306701292168363,0.0210852381238934,-1.45457827114039,0.146811020785038,"",0.975679301195113,3991,0.439306803488837,PRT,full
average_burned_days_allfire,L1_average_burned_days_nature,-0.0393236049218697,0.023420392923369,-1.67903267253182,0.0941664422818602,*,0.975679301195113,3991,0.439323875414025,PRT,full
total_burned_areas_ha,L1_total_ba_ha_human,-0.095314619756275,0.00683735538047969,-13.9402758014295,1.55183281683996e-34,***,1772.76447349687,3991,0.451442101080617,PRT,full
total_burned_areas_ha,L1_total_ba_ha_nature,-0.177278023077955,0.0423203203956212,-4.18895748946876,3.66979025106441e-05,***,1772.76447349687,3991,0.447493560996022,PRT,full
average_burned_areas_ha,L1_average_ba_ha_human,-0.076764597291032,0.00863067139443734,-8.89439462849999,5.22356841148099e-17,***,691.083307064331,3991,0.448697689910977,PRT,full
average_burned_areas_ha,L1_average_ba_ha_nature,-0.100407722630315,0.0161628719327748,-6.21224514108227,1.7032248138078e-09,***,691.083307064331,3991,0.445487496902707,PRT,full
total_counts_total,L1_total_counts_human,-0.0550175157660694,0.0416835109671131,-1.31988679671145,0.187859362393588,"",0.816086193936357,3991,0.57661974719019,PRT,full
total_counts_total,L1_total_counts_nature,-0.0175431625118334,0.0378924449839535,-0.462972566675561,0.643713108602935,"",0.816086193936357,3991,0.575826894239283,PRT,full
average_counts_total,L1_average_counts_human,-0.0550175157660694,0.0416835109671131,-1.31988679671145,0.187859362393588,"",0.816086193936357,3991,0.57661974719019,PRT,full
average_counts_total,L1_average_counts_nature,-0.0175431625118334,0.0378924449839535,-0.462972566675561,0.643713108602935,"",0.816086193936357,3991,0.575826894239283,PRT,full
total_burned_days_allfire,L1_total_burned_days_allfire,-0.0624895166655228,0.0289837540909362,-2.15601872930134,0.032313254177712,**,2.90335305719921,2535,0.579537184781756,PRT,human_subsample
average_burned_days_allfire,L1_average_burned_days_allfire,-0.039178638721759,0.022736421507918,-1.72316644939552,0.0864517855534381,*,1.03391695275021,2535,0.473164610760685,PRT,human_subsample
total_burned_areas_ha,L1_total_burned_areas_ha,-0.111000178781231,0.0121613430399271,-9.12729609030885,9.18517850953625e-17,***,1988.47366121242,2535,0.490682815999136,PRT,human_subsample
average_burned_areas_ha,L1_average_burned_areas_ha,-0.103388204690663,0.0099541326303688,-10.3864604310413,2.23906936102163e-20,***,803.073427330058,2535,0.457734906859381,PRT,human_subsample
total_counts_total,L1_total_counts_total,-0.0244303140208805,0.0374994928020912,-0.651483852056744,0.515505198811973,"",0.915581854043393,2535,0.602506230053037,PRT,human_subsample
average_counts_total,L1_average_counts_total,-0.0244303140208805,0.0374994928020912,-0.651483852056744,0.515505198811973,"",0.915581854043393,2535,0.602506230053037,PRT,human_subsample
total_burned_days_human,L1_total_burned_days_human,0.260739592740214,0.0944777135428506,2.75979998840631,0.00627809175284599,***,8.84650670430487,2834,0.936110586270109,PRY,full
average_burned_days_human,L1_average_burned_days_human,-0.0858495184029116,0.0432589712757341,-1.98454831150986,0.0484545829134897,**,0.270125854551151,2834,0.412930612623127,PRY,full
total_ba_ha_human,L1_total_ba_ha_human,0.145754602073533,0.053062039781725,2.74687144846121,0.00652214851794951,***,610.277954003937,2834,0.897590400769267,PRY,full
average_ba_ha_human,L1_average_ba_ha_human,-0.118972529479597,0.0329732347997771,-3.60815462001324,0.000382818096923277,***,16.9171634109494,2834,0.430110766360897,PRY,full
total_counts_human,L1_total_counts_human,0.274897718161003,0.0686898972404319,4.00201090997111,8.61977530322841e-05,***,5.742413549753,2834,0.943248352454228,PRY,full
average_counts_human,L1_average_counts_human,0.274897718161003,0.0686898972404319,4.00201090997111,8.61977530322841e-05,***,5.742413549753,2834,0.943248352454228,PRY,full
total_burned_days_nature,L1_total_burned_days_nature,-0.100755184173111,0.0314805496419825,-3.2005535265097,0.00157720293717417,***,126.993295695131,2834,0.936240309037158,PRY,full
average_burned_days_nature,L1_average_burned_days_nature,-0.068442104958168,0.0260256887881835,-2.62979033966021,0.00915542632771767,***,1.56452104369205,2834,0.347732507319457,PRY,full
total_ba_ha_nature,L1_total_ba_ha_nature,-0.170792517528221,0.0235032518348187,-7.26676115835181,6.55250004876335e-12,***,13402.1989862323,2834,0.808515022745969,PRY,full
average_ba_ha_nature,L1_average_ba_ha_nature,-0.0777959333785063,0.00985297732539115,-7.89567770322844,1.4203112336213e-13,***,144.527286550044,2834,0.230907712616963,PRY,full
total_counts_nature,L1_total_counts_nature,0.04353945362636,0.0734610279509146,0.592687780729835,0.554007243988733,"",67.8740296400847,2834,0.942413388533277,PRY,full
average_counts_nature,L1_average_counts_nature,0.04353945362636,0.0734610279509146,0.592687780729835,0.554007243988733,"",67.8740296400847,2834,0.942413388533277,PRY,full
total_burned_days_allfire,L1_total_burned_days_allfire,-0.103992700044982,0.0334414959841137,-3.10969043054723,0.00212395174862747,***,135.969654199012,2834,0.941543657466432,PRY,full
average_burned_days_allfire,L1_average_burned_days_allfire,-0.0768827215552492,0.0217003724965602,-3.54292174327589,0.000484415782766997,***,1.58369186530823,2834,0.349984426748676,PRY,full
total_burned_areas_ha,L1_total_burned_areas_ha,-0.19968981953203,0.0244833093028019,-8.15616128777072,2.76584942824237e-14,***,14188.2177051215,2834,0.81995831330177,PRY,full
average_burned_areas_ha,L1_average_burned_areas_ha,-0.0754904128562802,0.0159355959312683,-4.73721931591872,3.91426467822511e-06,***,141.673664871165,2834,0.248890440025343,PRY,full
total_counts_total,L1_total_counts_total,0.0371669578254273,0.0729662697744503,0.509371767808824,0.611009250485045,"",73.6302046577276,2834,0.948228891974708,PRY,full
average_counts_total,L1_average_counts_total,0.0371669578254273,0.0729662697744503,0.509371767808824,0.611009250485045,"",73.6302046577276,2834,0.948228891974708,PRY,full
total_burned_days_allfire,L1_total_burned_days_human,0.0496760285406304,0.277380690231607,0.179089714208844,0.858034359468236,"",135.969654199012,2834,0.940831168281519,PRY,full
total_burned_days_allfire,L1_total_burned_days_nature,-0.107682494109567,0.0335661371793923,-3.20806929716292,0.00153839323834766,***,135.969654199012,2834,0.941571699946103,PRY,full
average_burned_days_allfire,L1_average_burned_days_human,0.00766161706263715,0.0277765476427539,0.275830429367123,0.782940805444289,"",1.58369186530823,2834,0.346175969115348,PRY,full
average_burned_days_allfire,L1_average_burned_days_nature,-0.0674732828019585,0.0213941107988338,-3.15382506131718,0.001839586936699,***,1.58369186530823,2834,0.34935387019817,PRY,full
total_burned_areas_ha,L1_total_ba_ha_human,-0.996258417540803,0.747935831451148,-1.33201054909732,0.184254002655259,"",14188.2177051215,2834,0.812571041905355,PRY,full
total_burned_areas_ha,L1_total_ba_ha_nature,-0.1937574808074,0.0264280807684045,-7.33150025177168,4.45326674071299e-12,***,14188.2177051215,2834,0.819423379810882,PRY,full
average_burned_areas_ha,L1_average_ba_ha_human,-0.0311794654312981,0.121108476646082,-0.257450727601953,0.797074813085506,"",141.673664871165,2834,0.244664396587303,PRY,full
average_burned_areas_ha,L1_average_ba_ha_nature,-0.061456134647351,0.0138987528117614,-4.42170139146195,1.5480184478554e-05,***,141.673664871165,2834,0.248905446123164,PRY,full
total_counts_total,L1_total_counts_human,0.0878128497917036,0.221635317359731,0.396204227908211,0.692343678857005,"",73.6302046577276,2834,0.948164030014343,PRY,full
total_counts_total,L1_total_counts_nature,0.0363968591649031,0.0756238098622583,0.481288356553268,0.630796528518773,"",73.6302046577276,2834,0.948222505813339,PRY,full
average_counts_total,L1_average_counts_human,0.0878128497917036,0.221635317359731,0.396204227908211,0.692343678857005,"",73.6302046577276,2834,0.948164030014343,PRY,full
average_counts_total,L1_average_counts_nature,0.0363968591649031,0.0756238098622583,0.481288356553268,0.630796528518773,"",73.6302046577276,2834,0.948222505813339,PRY,full
total_burned_days_allfire,L1_total_burned_days_allfire,-0.099840710556167,0.0400107244318202,-2.49534873397005,0.0165004172674427,**,134.412587412587,572,0.880849601778688,PRY,nature_subsample
total_burned_days_allfire,L1_total_burned_days_allfire,-0.12998949662299,0.0526485382469419,-2.46900485656961,0.0199150563702251,**,7.36870026525199,377,0.891000239112623,PRY,human_subsample
average_burned_days_allfire,L1_average_burned_days_allfire,0.00457287796316683,0.0387914711620318,0.117883592093374,0.906708838674517,"",1.88389662071803,572,0.535325588285641,PRY,nature_subsample
average_burned_days_allfire,L1_average_burned_days_allfire,-0.116342401893294,0.0456347460125764,-2.54942586644902,0.01655282003536,**,1.15985582178373,377,0.303398179919542,PRY,human_subsample
total_burned_areas_ha,L1_total_burned_areas_ha,0.0716412563231873,0.0671587424079207,1.06674505439724,0.292039856590442,"",13302.1936311321,572,0.795194632896409,PRY,nature_subsample
total_burned_areas_ha,L1_total_burned_areas_ha,-0.0863489722889872,0.0234214612815282,-3.68674572653962,0.0009667398540479,***,659.313445857335,377,0.594900333474291,PRY,human_subsample
average_burned_areas_ha,L1_average_burned_areas_ha,0.0463884293638294,0.0793325816903086,0.584733641278894,0.561782611429195,"",181.878182179983,572,0.623257805692296,PRY,nature_subsample
average_burned_areas_ha,L1_average_burned_areas_ha,-0.0729152813539829,0.0191589931626812,-3.80579922623548,0.000705550287765403,***,149.14154226075,377,0.217957815148424,PRY,human_subsample
total_counts_total,L1_total_counts_total,-0.0509484754639025,0.0586996194356528,-0.867952398222153,0.390238724710327,"",65.8986013986014,572,0.906901456278749,PRY,nature_subsample
total_counts_total,L1_total_counts_total,0.0459980444358135,0.0450459881491955,1.02113520705694,0.315932587606189,"",3.59681697612732,377,0.924422681606866,PRY,human_subsample
average_counts_total,L1_average_counts_total,-0.0509484754639025,0.0586996194356528,-0.867952398222153,0.390238724710327,"",65.8986013986014,572,0.906901456278749,PRY,nature_subsample
average_counts_total,L1_average_counts_total,0.0459980444358135,0.0450459881491955,1.02113520705694,0.315932587606189,"",3.59681697612732,377,0.924422681606866,PRY,human_subsample
total_burned_days_human,L1_total_burned_days_human,-0.183745577438479,0.103422716470638,-1.77664621186628,0.0959069744005739,*,0.014423076923077,208,0.211507691834699,PSE,full
average_burned_days_human,L1_average_burned_days_human,-0.183745577438479,0.103422716470638,-1.77664621186628,0.0959069744005739,*,0.00721153846153849,208,0.211507691834699,PSE,full
total_ba_ha_human,L1_total_ba_ha_human,-0.201020776003797,0.0890819146761766,-2.25658346853602,0.0393865336582383,**,4.64068868649323,208,0.234370239983265,PSE,full
average_ba_ha_human,L1_average_ba_ha_human,-0.209958274421185,0.0747025625249272,-2.81058998948162,0.013175110345116,**,2.83597471401667,208,0.257919594602861,PSE,full
total_counts_human,L1_total_counts_human,-0.209665092426125,0.0597033322588507,-3.51178208139367,0.00314653293592822,***,0.0192307692307692,208,0.285282655608081,PSE,full
average_counts_human,L1_average_counts_human,-0.209665092426125,0.0597033322588507,-3.51178208139367,0.00314653293592822,***,0.0192307692307692,208,0.285282655608081,PSE,full
total_burned_days_nature,L1_total_burned_days_nature,-0.308543281088206,0.132975522497155,-2.32030132534209,0.0348288187438855,**,0.235576923076924,208,0.451113756946155,PSE,full
average_burned_days_nature,L1_average_burned_days_nature,-0.245068593563725,0.162291797819947,-1.5100491636405,0.151806796529166,"",0.176282051282052,208,0.415824788946996,PSE,full
total_ba_ha_nature,L1_total_ba_ha_nature,-0.318023969538621,0.149439017508885,-2.12811871250233,0.0503157249633363,*,26.0923061828612,208,0.449025009032795,PSE,full
average_ba_ha_nature,L1_average_ba_ha_nature,-0.241194882338531,0.131099615898032,-1.83978328758896,0.0856735271319561,*,20.8325267917549,208,0.388674217484269,PSE,full
total_counts_nature,L1_total_counts_nature,-0.196235841890026,0.160910617584325,-1.21953320940546,0.241471485283237,"",0.100961538461538,208,0.443836966470287,PSE,full
average_counts_nature,L1_average_counts_nature,-0.196235841890026,0.160910617584325,-1.21953320940546,0.241471485283237,"",0.100961538461538,208,0.443836966470287,PSE,full
total_burned_days_allfire,L1_total_burned_days_allfire,-0.280432758364747,0.125995637759525,-2.22573386945333,0.041788340107327,**,0.25,208,0.400545516994885,PSE,full
average_burned_days_allfire,L1_average_burned_days_allfire,-0.273968974612255,0.184848624588523,-1.48212611926172,0.159009017041015,"",0.165064102564103,208,0.473737319948214,PSE,full
total_burned_areas_ha,L1_total_burned_areas_ha,-0.25347435806618,0.107235996205889,-2.36370591064888,0.0320130951610997,**,30.7329948693544,208,0.344622332267495,PSE,full
average_burned_areas_ha,L1_average_burned_areas_ha,-0.254201524551509,0.144745527447396,-1.75619605686187,0.0994456080270929,*,20.8669665262229,208,0.442318029705768,PSE,full
total_counts_total,L1_total_counts_total,-0.206556064112214,0.119042211683715,-1.73514975226616,0.103206712897506,"",0.120192307692308,208,0.385644294036934,PSE,full
average_counts_total,L1_average_counts_total,-0.206556064112214,0.119042211683715,-1.73514975226616,0.103206712897506,"",0.120192307692308,208,0.385644294036934,PSE,full
total_burned_days_allfire,L1_total_burned_days_human,-0.226704551596237,0.3202784095788,-0.70783588532982,0.489900473434074,"",0.25,208,0.351849581219833,PSE,full
total_burned_days_allfire,L1_total_burned_days_nature,-0.331570483043482,0.134436827922577,-2.46636645751889,0.0261851195753053,**,0.249999999999999,208,0.407857316152272,PSE,full
average_burned_days_allfire,L1_average_burned_days_human,0.122020671989646,0.275625153783539,0.442705138898443,0.664296380132704,"",0.165064102564103,208,0.427298504685938,PSE,full
average_burned_days_allfire,L1_average_burned_days_nature,-0.222008091650735,0.166709586452843,-1.33170561078402,0.202840488480438,"",0.165064102564102,208,0.464240115843857,PSE,full
total_burned_areas_ha,L1_total_ba_ha_human,-0.265861807753739,0.198168022019453,-1.34159792808368,0.199685287567234,"",30.7329948693544,208,0.311791310578618,PSE,full
total_burned_areas_ha,L1_total_ba_ha_nature,-0.375588875462924,0.163137654058875,-2.30228194483768,0.0360648609979986,**,30.7329948693545,208,0.354154175900524,PSE,full
average_burned_areas_ha,L1_average_ba_ha_human,-0.086791265236538,0.159113365085916,-0.545468101876129,0.593450945196962,"",20.8669665262229,208,0.406326340408885,PSE,full
average_burned_areas_ha,L1_average_ba_ha_nature,-0.213781833014274,0.129226234086517,-1.65432223979496,0.11883049335174,"",20.8669665262229,208,0.436972612314929,PSE,full
total_counts_total,L1_total_counts_human,-0.26345352525879,0.12420218776219,-2.12116654308236,0.0509806466706394,*,0.120192307692308,208,0.366853778554154,PSE,full
total_counts_total,L1_total_counts_nature,-0.228366482635157,0.172188319911246,-1.32626000853523,0.204594399006441,"",0.120192307692308,208,0.382236081394311,PSE,full
average_counts_total,L1_average_counts_human,-0.26345352525879,0.12420218776219,-2.12116654308236,0.0509806466706394,*,0.120192307692308,208,0.366853778554154,PSE,full
average_counts_total,L1_average_counts_nature,-0.228366482635157,0.172188319911246,-1.32626000853523,0.204594399006441,"",0.120192307692308,208,0.382236081394311,PSE,full
total_burned_days_nature,L1_total_burned_days_nature,-0.112302218342774,0.14351324875731,-0.782521609086305,0.44189078815851,"",0.096153846153846,312,0.543542244904725,REU,full
average_burned_days_nature,L1_average_burned_days_nature,-0.042257165900353,0.155760346630811,-0.271296044303963,0.788583453943037,"",0.0961538461538462,312,0.528813479865493,REU,full
total_ba_ha_nature,L1_total_ba_ha_nature,-0.115126163962094,0.0809320238455254,-1.42250444869431,0.16830155490419,"",32.9339009041914,312,0.534213549735127,REU,full
average_ba_ha_nature,L1_average_ba_ha_nature,-0.0753058610313753,0.0650894940646404,-1.15695877059037,0.259164485113873,"",32.9339009041913,312,0.53007223160995,REU,full
total_counts_nature,L1_total_counts_nature,-0.164781331113487,0.125913216082566,-1.30868971693515,0.203565988241754,"",0.016025641025641,312,0.555837163845063,REU,full
average_counts_nature,L1_average_counts_nature,-0.164781331113487,0.125913216082566,-1.30868971693515,0.203565988241754,"",0.016025641025641,312,0.555837163845063,REU,full
total_burned_days_allfire,L1_total_burned_days_allfire,-0.112302218342774,0.14351324875731,-0.782521609086305,0.44189078815851,"",0.096153846153846,312,0.543542244904725,REU,full
average_burned_days_allfire,L1_average_burned_days_allfire,-0.042257165900353,0.155760346630811,-0.271296044303963,0.788583453943037,"",0.0961538461538462,312,0.528813479865493,REU,full
total_burned_areas_ha,L1_total_burned_areas_ha,-0.115126163962094,0.0809320238455254,-1.42250444869431,0.16830155490419,"",32.9339009041914,312,0.534213549735127,REU,full
average_burned_areas_ha,L1_average_burned_areas_ha,-0.0753058610313753,0.0650894940646404,-1.15695877059037,0.259164485113873,"",32.9339009041913,312,0.53007223160995,REU,full
total_counts_total,L1_total_counts_total,-0.164781331113487,0.125913216082566,-1.30868971693515,0.203565988241754,"",0.016025641025641,312,0.555837163845063,REU,full
average_counts_total,L1_average_counts_total,-0.164781331113487,0.125913216082566,-1.30868971693515,0.203565988241754,"",0.016025641025641,312,0.555837163845063,REU,full
total_burned_days_allfire,L1_total_burned_days_nature,-0.112302218342774,0.14351324875731,-0.782521609086305,0.44189078815851,"",0.096153846153846,312,0.543542244904725,REU,full
average_burned_days_allfire,L1_average_burned_days_nature,-0.042257165900353,0.155760346630811,-0.271296044303963,0.788583453943037,"",0.0961538461538462,312,0.528813479865493,REU,full
total_burned_areas_ha,L1_total_ba_ha_nature,-0.115126163962094,0.0809320238455254,-1.42250444869431,0.16830155490419,"",32.9339009041914,312,0.534213549735127,REU,full
average_burned_areas_ha,L1_average_ba_ha_nature,-0.0753058610313753,0.0650894940646404,-1.15695877059037,0.259164485113873,"",32.9339009041913,312,0.53007223160995,REU,full
total_counts_total,L1_total_counts_nature,-0.164781331113487,0.125913216082566,-1.30868971693515,0.203565988241754,"",0.016025641025641,312,0.555837163845063,REU,full
average_counts_total,L1_average_counts_nature,-0.164781331113487,0.125913216082566,-1.30868971693515,0.203565988241754,"",0.016025641025641,312,0.555837163845063,REU,full
total_burned_days_human,L1_total_burned_days_human,0.0582347001283755,0.0183095953913443,3.18055636313544,0.00148523353737156,***,0.668071295835842,38207,0.449985924867538,ROU,full
average_burned_days_human,L1_average_burned_days_human,-0.0623819874071395,0.00879847552884995,-7.09009045971553,1.67174362840383e-12,***,0.208079469791428,38207,0.31593236851992,ROU,full
total_ba_ha_human,L1_total_ba_ha_human,0.0263543483629267,0.0173666174307878,1.51752916006575,0.12924072524672,"",45.8306043372678,38207,0.388673184715282,ROU,full
average_ba_ha_human,L1_average_ba_ha_human,-0.0514050374344092,0.0128521277985469,-3.99972971325583,6.49784953799518e-05,***,14.73297495402,38207,0.233500638088757,ROU,full
total_counts_human,L1_total_counts_human,0.10306888347724,0.0200784911014889,5.13329826211878,3.03262210352755e-07,***,0.242259271861177,38207,0.483429302675231,ROU,full
average_counts_human,L1_average_counts_human,0.10306888347724,0.0200784911014889,5.13329826211878,3.03262210352755e-07,***,0.242259271861177,38207,0.483429302675231,ROU,full
total_burned_days_nature,L1_total_burned_days_nature,0.0444140899756248,0.0179145663280572,2.47921658622933,0.0132228358279069,**,0.739576517392101,38207,0.43926213784221,ROU,full
average_burned_days_nature,L1_average_burned_days_nature,-0.0534511550405922,0.00954635793284471,-5.59911491027284,2.35333554140231e-08,***,0.252473388767948,38207,0.296991978924042,ROU,full
total_ba_ha_nature,L1_total_ba_ha_nature,-0.126664251463494,0.0374554308163682,-3.38173260066044,0.000729722602977931,***,56.3939512806663,38207,0.423384629026427,ROU,full
average_ba_ha_nature,L1_average_ba_ha_nature,-0.0707838262312239,0.00940824718713214,-7.52359337752481,7.04160122849598e-14,***,18.6815192664591,38207,0.252299296833491,ROU,full
total_counts_nature,L1_total_counts_nature,0.0383944069679509,0.0254915261984011,1.50616352544475,0.132132702886201,"",0.293584945167116,38207,0.464519820568627,ROU,full
average_counts_nature,L1_average_counts_nature,0.0383944069679509,0.0254915261984011,1.50616352544475,0.132132702886201,"",0.293584945167116,38207,0.464519820568627,ROU,full
total_burned_days_allfire,L1_total_burned_days_allfire,0.0517546141170715,0.0139518980661397,3.70950345764612,0.000211510990195526,***,1.40764781322794,38207,0.495051908832599,ROU,full
average_burned_days_allfire,L1_average_burned_days_allfire,-0.0594910216414435,0.00756649385723715,-7.86242912026446,5.24588137839794e-15,***,0.379051999009331,38207,0.326778566432323,ROU,full
total_burned_areas_ha,L1_total_burned_areas_ha,-0.0424568307379915,0.0288738877899645,-1.47042307038223,0.141554289007128,"",102.224555617934,38207,0.43785126908003,ROU,full
average_burned_areas_ha,L1_average_burned_areas_ha,-0.0671046678740217,0.00953175909958036,-7.04011370545192,2.38156168483659e-12,***,27.470147666678,38207,0.275842653556186,ROU,full
total_counts_total,L1_total_counts_total,0.0681947632220115,0.0192567489888297,3.54134351865777,0.000404282774390105,***,0.535844217028293,38207,0.51120128676421,ROU,full
average_counts_total,L1_average_counts_total,0.0681947632220115,0.0192567489888297,3.54134351865777,0.000404282774390105,***,0.535844217028293,38207,0.51120128676421,ROU,full
total_burned_days_allfire,L1_total_burned_days_human,0.0678472386831737,0.0187995529644046,3.608981490764,0.000312532239323132,***,1.40764781322794,38207,0.494851121604566,ROU,full
total_burned_days_allfire,L1_total_burned_days_nature,0.0384609519736461,0.0210289357729991,1.82895379912803,0.0675078450057244,*,1.40764781322794,38207,0.493849128628617,ROU,full
average_burned_days_allfire,L1_average_burned_days_human,-0.0423147984224675,0.00920717714332108,-4.59584927755656,4.49163469363108e-06,***,0.379051999009331,38207,0.325029619292379,ROU,full
average_burned_days_allfire,L1_average_burned_days_nature,-0.0475021372321491,0.00944561513615704,-5.02901468537658,5.22623473081604e-07,***,0.379051999009331,38207,0.325377118248461,ROU,full
total_burned_areas_ha,L1_total_ba_ha_human,0.0441016120741025,0.0210560130829152,2.09449015349855,0.0363017968970504,**,102.224555617934,38207,0.437260060886944,ROU,full
total_burned_areas_ha,L1_total_ba_ha_nature,-0.125691020862268,0.0384349470961632,-3.27022749758943,0.00108701549964184,***,102.224555617934,38207,0.442000610080174,ROU,full
average_burned_areas_ha,L1_average_ba_ha_human,-0.0229478374545441,0.0137498228821416,-1.66895513136747,0.0952328168189128,*,27.470147666678,38207,0.272476508722384,ROU,full
average_burned_areas_ha,L1_average_ba_ha_nature,-0.0579935888775906,0.00858001501232984,-6.75914771643773,1.66751416769684e-11,***,27.470147666678,38207,0.274171212219781,ROU,full
total_counts_total,L1_total_counts_human,0.112708493120485,0.0272395826690897,4.13767327090448,3.60696948848996e-05,***,0.535844217028293,38207,0.511568747294548,ROU,full
total_counts_total,L1_total_counts_nature,0.0430440462135882,0.0261381968331076,1.64678713257936,0.0997087534487153,*,0.535844217028293,38207,0.509122604892297,ROU,full
average_counts_total,L1_average_counts_human,0.112708493120485,0.0272395826690897,4.13767327090448,3.60696948848996e-05,***,0.535844217028293,38207,0.511568747294548,ROU,full
average_counts_total,L1_average_counts_nature,0.0430440462135882,0.0261381968331076,1.64678713257936,0.0997087534487153,*,0.535844217028293,38207,0.509122604892297,ROU,full
total_burned_days_allfire,L1_total_burned_days_allfire,-0.0330084809143238,0.0650737679017149,-0.507247113217398,0.612543099838154,"",0.903076923076923,2600,0.662483283307608,ROU,nature_subsample
total_burned_days_allfire,L1_total_burned_days_allfire,0.051630223964091,0.0168471093142513,3.06463399750223,0.0022276375475504,***,2.1191354100445,15730,0.534588451613726,ROU,human_subsample
average_burned_days_allfire,L1_average_burned_days_allfire,-0.0829853348625507,0.0243901342207816,-3.40241402984339,0.00080741273904439,***,0.186569853349358,2600,0.373463973954382,ROU,nature_subsample
average_burned_days_allfire,L1_average_burned_days_allfire,-0.057743055605323,0.011139702491281,-5.18353660257248,2.5496848680666e-07,***,0.512871573297477,15730,0.356674969439116,ROU,human_subsample
total_burned_areas_ha,L1_total_burned_areas_ha,-0.268711937290826,0.0197643030308757,-13.5958215612787,3.31559752565088e-30,***,122.674521050896,2600,0.673166784446651,ROU,nature_subsample
total_burned_areas_ha,L1_total_burned_areas_ha,0.0300042294947214,0.0189656095430054,1.58203349207867,0.113903473922276,"",143.907175678017,15730,0.481539351309389,ROU,human_subsample
average_burned_areas_ha,L1_average_burned_areas_ha,-0.13506476553074,0.0386708288585936,-3.49267831896303,0.000589149147413558,***,23.0961178311423,2600,0.434704610422908,ROU,nature_subsample
average_burned_areas_ha,L1_average_burned_areas_ha,-0.0574250434649614,0.0162643134378593,-3.53073885868985,0.00042998687687104,***,35.1363952134895,15730,0.303162857735284,ROU,human_subsample
total_counts_total,L1_total_counts_total,-0.0524991276654758,0.05065632931741,-1.03637844219858,0.301283327932936,"",0.476538461538462,2600,0.71015395396919,ROU,nature_subsample
total_counts_total,L1_total_counts_total,0.0811358104222158,0.0222739762692827,3.64262803557474,0.000281296172871016,***,0.765289256198347,15730,0.548830322629823,ROU,human_subsample
average_counts_total,L1_average_counts_total,-0.0524991276654758,0.05065632931741,-1.03637844219858,0.301283327932936,"",0.476538461538462,2600,0.71015395396919,ROU,nature_subsample
average_counts_total,L1_average_counts_total,0.0811358104222158,0.0222739762692827,3.64262803557474,0.000281296172871016,***,0.765289256198347,15730,0.548830322629823,ROU,human_subsample
total_burned_days_human,L1_total_burned_days_human,0.0824055325813074,0.0500724955873437,1.64572449634678,0.0999491288896633,*,3.93749213143649,31772,0.717474679519915,RUS,full
average_burned_days_human,L1_average_burned_days_human,-0.0682743480951915,0.00807891880696532,-8.45092638340766,4.89187030490816e-17,***,0.419656996105626,31772,0.332127724907163,RUS,full
total_ba_ha_human,L1_total_ba_ha_human,-0.0338401610924941,0.0317457771631337,-1.06597362284117,0.286540901275086,"",282.004578898096,31772,0.525073959926662,RUS,full
average_ba_ha_human,L1_average_ba_ha_human,-0.0767052735901577,0.00386137465922205,-19.8647581132704,1.59322668605826e-81,***,34.9365960481018,31772,0.155007420893738,RUS,full
total_counts_human,L1_total_counts_human,0.128408355162021,0.0489046305667396,2.62568909475317,0.0087013296382773,***,2.12155356918041,31772,0.745071635810283,RUS,full
average_counts_human,L1_average_counts_human,0.128408355162021,0.0489046305667396,2.62568909475317,0.0087013296382773,***,2.12155356918041,31772,0.745071635810283,RUS,full
total_burned_days_nature,L1_total_burned_days_nature,0.0951673460638979,0.0241399389860658,3.94231924607726,8.29655534865245e-05,***,25.0454488228629,31772,0.57395977126257,RUS,full
average_burned_days_nature,L1_average_burned_days_nature,-0.0678247788114141,0.00719976838201623,-9.42041121500916,1.00467553537464e-20,***,1.04437625408495,31772,0.371592486310302,RUS,full
total_ba_ha_nature,L1_total_ba_ha_nature,-0.0832239359181729,0.0104516013112788,-7.96279282375251,2.55264069657553e-15,***,9401.96484591111,31772,0.653206546824773,RUS,full
average_ba_ha_nature,L1_average_ba_ha_nature,-0.084143692185066,0.000914076629518437,-92.0532146515937,0,***,442.296258768104,31772,0.134837258965896,RUS,full
total_counts_nature,L1_total_counts_nature,0.0788836049170494,0.0224333984078036,3.51634663117334,0.000445501192019061,***,11.1449704142012,31772,0.57599636852449,RUS,full
average_counts_nature,L1_average_counts_nature,0.0788836049170494,0.0224333984078036,3.51634663117334,0.000445501192019061,***,11.1449704142012,31772,0.57599636852449,RUS,full
total_burned_days_allfire,L1_total_burned_days_allfire,0.0922792612815749,0.0232932996970258,3.96162254733525,7.65738907549354e-05,***,29.2486466070754,31772,0.58649648390073,RUS,full
average_burned_days_allfire,L1_average_burned_days_allfire,-0.0662706260381209,0.00678549409047933,-9.76651444308303,3.95927238689668e-22,***,1.15835695515118,31772,0.355511123694731,RUS,full
total_burned_areas_ha,L1_total_burned_areas_ha,-0.0854095111091302,0.0100157204314389,-8.52754544156742,2.57859110572004e-17,***,10359.981062593,31772,0.64556591835121,RUS,full
average_burned_areas_ha,L1_average_burned_areas_ha,-0.0841294759366433,0.000909347846425581,-92.5162755565269,0,***,459.230689665076,31772,0.134432058148437,RUS,full
total_counts_total,L1_total_counts_total,0.0834413674746327,0.021277670059181,3.92154626152918,9.040596824979e-05,***,13.2747072894372,31772,0.600150918868043,RUS,full
average_counts_total,L1_average_counts_total,0.0834413674746327,0.021277670059181,3.92154626152918,9.040596824979e-05,***,13.2747072894372,31772,0.600150918868043,RUS,full
total_burned_days_allfire,L1_total_burned_days_human,0.119345033843017,0.0582586593057815,2.04853725206088,0.040614035213692,**,29.2486466070754,31772,0.582693677293895,RUS,full
total_burned_days_allfire,L1_total_burned_days_nature,0.0957931328941829,0.0248623545420575,3.85293889732518,0.000119713830750153,***,29.2486466070754,31772,0.586421705101541,RUS,full
average_burned_days_allfire,L1_average_burned_days_human,-0.036918275610806,0.00850285649415209,-4.34186742257697,1.47035702879293e-05,***,1.15835695515118,31772,0.353130031727537,RUS,full
average_burned_days_allfire,L1_average_burned_days_nature,-0.0485613880312868,0.0069473892949688,-6.98987576044635,3.53587403390389e-12,***,1.15835695515118,31772,0.354137481861221,RUS,full
total_burned_areas_ha,L1_total_ba_ha_human,-0.0671258695872673,0.0795653993713039,-0.843656540627848,0.398943957289298,"",10359.981062593,31772,0.642957911669975,RUS,full
total_burned_areas_ha,L1_total_ba_ha_nature,-0.0855043380965525,0.0105951942982121,-8.07010571868239,1.09008312355262e-15,***,10359.981062593,31772,0.645405823767231,RUS,full
average_burned_areas_ha,L1_average_ba_ha_human,-0.088982704937637,0.0791166092347949,-1.12470321716597,0.260825308563557,"",459.230689665076,31772,0.128264755766814,RUS,full
average_burned_areas_ha,L1_average_ba_ha_nature,-0.0838591652024558,0.00098231835349433,-85.3686230173239,0,***,459.230689665076,31772,0.134375059835094,RUS,full
total_counts_total,L1_total_counts_human,0.184862349383211,0.0474835737017307,3.893185263275,0.000101587184841432,***,13.2747072894372,31772,0.597670383175404,RUS,full
total_counts_total,L1_total_counts_nature,0.0815391202876139,0.0226207308788831,3.60461917540128,0.000318864119123536,***,13.2747072894372,31772,0.59977911030052,RUS,full
average_counts_total,L1_average_counts_human,0.184862349383211,0.0474835737017307,3.893185263275,0.000101587184841432,***,13.2747072894372,31772,0.597670383175404,RUS,full
average_counts_total,L1_average_counts_nature,0.0815391202876139,0.0226207308788831,3.60461917540128,0.000318864119123536,***,13.2747072894372,31772,0.59977911030052,RUS,full
total_burned_days_allfire,L1_total_burned_days_allfire,0.101399672612459,0.0284749195240277,3.56101700399526,0.000396526992571626,***,57.0726495726496,8424,0.567639625960815,RUS,nature_subsample
total_burned_days_allfire,L1_total_burned_days_allfire,0.114186938278488,0.0746515698644503,1.52959862044193,0.126585281551796,"",13.8932193732194,8775,0.783348703617336,RUS,human_subsample
average_burned_days_allfire,L1_average_burned_days_allfire,-0.0821001732263007,0.0133411557491491,-6.15390261308784,1.32557169695005e-09,***,1.31115860671902,8424,0.44984848456684,RUS,nature_subsample
average_burned_days_allfire,L1_average_burned_days_allfire,-0.0731600915832715,0.013578946300804,-5.38775910609058,9.87038609006686e-08,***,0.778489162749378,8775,0.411397705580185,RUS,human_subsample
total_burned_areas_ha,L1_total_burned_areas_ha,-0.0884323094762288,0.0124249943948131,-7.1172916997971,2.93263272553401e-12,***,31260.5561723167,8424,0.688110828995536,RUS,nature_subsample
total_burned_areas_ha,L1_total_burned_areas_ha,-0.0695663019573476,0.0207887867180351,-3.34633775895137,0.000864326678552764,***,1112.45826501037,8775,0.644393921117416,RUS,human_subsample
average_burned_areas_ha,L1_average_burned_areas_ha,-0.0894754602357056,0.00328111859868764,-27.2698037405577,1.34591443888703e-109,***,1228.9183195627,8424,0.14465518366929,RUS,nature_subsample
average_burned_areas_ha,L1_average_burned_areas_ha,-0.0946195950462206,0.00579801786482279,-16.3193003630237,1.05760922672831e-50,***,87.0750720084818,8775,0.435139404900691,RUS,human_subsample
total_counts_total,L1_total_counts_total,0.0802256722355524,0.0272420433427044,2.94492124641001,0.00334633931768238,***,23.6119420702754,8424,0.556691381529337,RUS,nature_subsample
total_counts_total,L1_total_counts_total,0.161368304254695,0.0540384804643666,2.98617397950527,0.00292735973594502,***,7.35065527065527,8775,0.806058222394294,RUS,human_subsample
average_counts_total,L1_average_counts_total,0.0802256722355524,0.0272420433427044,2.94492124641001,0.00334633931768238,***,23.6119420702754,8424,0.556691381529337,RUS,nature_subsample
average_counts_total,L1_average_counts_total,0.161368304254695,0.0540384804643666,2.98617397950527,0.00292735973594502,***,7.35065527065527,8775,0.806058222394294,RUS,human_subsample
total_ba_ha_human,L1_total_ba_ha_human,-0.133953884508313,0.0505080128167993,-2.65213135575508,0.0128327696025188,**,0.547952049469302,390,0.429380992538697,RWA,full
average_ba_ha_human,L1_average_ba_ha_human,-0.183169791105343,0.0685325653932889,-2.6727409087079,0.0122193964199828,**,0.438361671689243,390,0.483307529844075,RWA,full
total_counts_human,L1_total_counts_human,-0.127485659463815,0.039356766714533,-3.2392310168289,0.00300137821870732,***,0.0153846153846154,390,0.442352298704411,RWA,full
average_counts_human,L1_average_counts_human,-0.127485659463815,0.039356766714533,-3.2392310168289,0.00300137821870732,***,0.0153846153846154,390,0.442352298704411,RWA,full
total_burned_days_nature,L1_total_burned_days_nature,0.214976345950727,0.0549997079411258,3.90868159119768,0.000512359520838981,***,12.3102564102564,390,0.860297249525829,RWA,full
average_burned_days_nature,L1_average_burned_days_nature,0.0786692423285438,0.0885876967964772,0.888038014006389,0.381826840088451,"",0.609047887771916,390,0.678488430023151,RWA,full
total_ba_ha_nature,L1_total_ba_ha_nature,-0.0186644221129209,0.0208604429979345,-0.894727984193287,0.378298784056328,"",3060.96874944108,390,0.518156976758451,RWA,full
average_ba_ha_nature,L1_average_ba_ha_nature,0.137356787870305,0.0080703168764259,17.0199993350368,1.23720782419114e-16,***,141.166847013283,390,0.507431772438915,RWA,full
total_counts_nature,L1_total_counts_nature,0.0855348177800328,0.148380825560174,0.576454656166777,0.568755558299752,"",4.54615384615385,390,0.783667225161583,RWA,full
average_counts_nature,L1_average_counts_nature,0.0855348177800328,0.148380825560174,0.576454656166777,0.568755558299752,"",4.54615384615385,390,0.783667225161583,RWA,full
total_burned_days_allfire,L1_total_burned_days_allfire,0.217577233783171,0.0527559525975473,4.12422149672806,0.0002852389488674,***,12.3512820512821,390,0.8611301396896,RWA,full
average_burned_days_allfire,L1_average_burned_days_allfire,0.0818387107355915,0.0883831893074802,0.925953355800267,0.362112274514347,"",0.609966388918252,390,0.679535706938132,RWA,full
total_burned_areas_ha,L1_total_burned_areas_ha,-0.0183283136831476,0.0209554789759322,-0.874631102643758,0.388960879382622,"",3068.20173083887,390,0.518849318976036,RWA,full
average_burned_areas_ha,L1_average_burned_areas_ha,0.137401509317918,0.00811229312227383,16.9374438579711,1.40689987802811e-16,***,141.235310560301,390,0.508041267609879,RWA,full
total_counts_total,L1_total_counts_total,0.0826534809903391,0.147638175227068,0.559838137143174,0.579888864825176,"",4.56410256410256,390,0.782816617019863,RWA,full
average_counts_total,L1_average_counts_total,0.0826534809903391,0.147638175227068,0.559838137143174,0.579888864825176,"",4.56410256410256,390,0.782816617019863,RWA,full
total_burned_days_allfire,L1_total_burned_days_nature,0.222753846768482,0.0534128243343124,4.1704188000668,0.000251402077251739,***,12.3512820512821,390,0.861471684316514,RWA,full
average_burned_days_allfire,L1_average_burned_days_nature,0.0797200151957441,0.0881794237658822,0.904065957693283,0.373409708255713,"",0.609966388918252,390,0.679415824121051,RWA,full
total_burned_areas_ha,L1_total_ba_ha_human,87.6851954428453,56.9679640322431,1.53920184672945,0.134596428790913,"",3068.20173083887,390,0.519574340417124,RWA,full
total_burned_areas_ha,L1_total_ba_ha_nature,-0.01806742115886,0.0211213191108416,-0.8554115897802,0.399335780413886,"",3068.20173083887,390,0.518841999903977,RWA,full
average_burned_areas_ha,L1_average_ba_ha_human,-2.75395615842495,3.94617824225669,-0.697879312428131,0.490810867250319,"",141.2353105603,390,0.411726476573845,RWA,full
average_burned_areas_ha,L1_average_ba_ha_nature,0.137391335814995,0.0081015107590169,16.9587302790507,1.36097081218366e-16,***,141.2353105603,390,0.508024476347337,RWA,full
total_counts_total,L1_total_counts_human,5.7431470402721,3.81076464486138,1.50708521136734,0.142605868175559,"",4.56410256410257,390,0.783524097211999,RWA,full
total_counts_total,L1_total_counts_nature,0.0832560923670833,0.15108703605876,0.55104722773636,0.585822107956903,"",4.56410256410257,390,0.782815944713525,RWA,full
average_counts_total,L1_average_counts_human,5.7431470402721,3.81076464486138,1.50708521136734,0.142605868175559,"",4.56410256410257,390,0.783524097211999,RWA,full
average_counts_total,L1_average_counts_nature,0.0832560923670833,0.15108703605876,0.55104722773636,0.585822107956903,"",4.56410256410257,390,0.782815944713525,RWA,full
total_burned_days_human,L1_total_burned_days_human,0.333249001355579,0.095501453642987,3.48946522428196,0.000640138972864146,***,0.246467817896389,1911,0.756482266350771,SAU,full
average_burned_days_human,L1_average_burned_days_human,-0.0182587030996842,0.0522929026804569,-0.349162164725423,0.727470638458894,"",0.0342194562579088,1911,0.375344430786944,SAU,full
total_ba_ha_human,L1_total_ba_ha_human,-0.0837700819056235,0.0240487964346767,-3.48333780998839,0.000653810623775881,***,31.379761452552,1911,0.346669416195526,SAU,full
average_ba_ha_human,L1_average_ba_ha_human,-0.114738894083945,0.00923021488739676,-12.4307933762857,1.18370862060353e-24,***,4.45931410601934,1911,0.280699746496535,SAU,full
total_counts_human,L1_total_counts_human,0.270884321200467,0.0450505348131098,6.01289912149144,1.39501918935702e-08,***,0.165358451072737,1911,0.771686159825194,SAU,full
average_counts_human,L1_average_counts_human,0.270884321200467,0.0450505348131098,6.01289912149144,1.39501918935702e-08,***,0.165358451072737,1911,0.771686159825194,SAU,full
total_burned_days_nature,L1_total_burned_days_nature,-0.251607943775533,0.0563912215927953,-4.46182821844879,1.61261882745804e-05,***,0.661433804290947,1911,0.805359401121694,SAU,full
average_burned_days_nature,L1_average_burned_days_nature,-0.0379236923393661,0.0298441764610389,-1.27072336503823,0.205848133334531,"",0.0842570272642221,1911,0.251221389189432,SAU,full
total_ba_ha_nature,L1_total_ba_ha_nature,-0.0908725162582483,0.0293052363665184,-3.10089688824593,0.00231605627846586,***,42.666971928609,1911,0.721411737871462,SAU,full
average_ba_ha_nature,L1_average_ba_ha_nature,-0.065235679325042,0.0192316423262056,-3.3921013202367,0.000892721143585889,***,7.58792491229779,1911,0.207596756392279,SAU,full
total_counts_nature,L1_total_counts_nature,0.0686508269630535,0.0127855713868466,5.36939843249237,3.04326514587752e-07,***,0.547357404500262,1911,0.788560935602429,SAU,full
average_counts_nature,L1_average_counts_nature,0.0686508269630535,0.0127855713868466,5.36939843249237,3.04326514587752e-07,***,0.547357404500262,1911,0.788560935602429,SAU,full
total_burned_days_allfire,L1_total_burned_days_allfire,-0.129239245753834,0.0223810338848172,-5.77449846235689,4.47504117282743e-08,***,0.907901622187337,1911,0.862893849661153,SAU,full
average_burned_days_allfire,L1_average_burned_days_allfire,-0.0635971466362122,0.030861039636535,-2.06075839910858,0.041100715438137,**,0.105186254556274,1911,0.261923457470707,SAU,full
total_burned_areas_ha,L1_total_burned_areas_ha,-0.00219607756445255,0.0642266992558094,-0.0341925957568793,0.972770273027812,"",74.046733381161,1911,0.598867742005712,SAU,full
average_burned_areas_ha,L1_average_burned_areas_ha,-0.0703489234574932,0.0211692662360703,-3.32316305501537,0.00112507343080066,***,10.248539870094,1911,0.242348154657784,SAU,full
total_counts_total,L1_total_counts_total,0.0628383958329456,0.0130698328623406,4.80789590003159,3.7545547117038e-06,***,0.712715855572998,1911,0.851127115177783,SAU,full
average_counts_total,L1_average_counts_total,0.0628383958329456,0.0130698328623406,4.80789590003159,3.7545547117038e-06,***,0.712715855572998,1911,0.851127115177783,SAU,full
total_burned_days_allfire,L1_total_burned_days_human,0.568972360809737,0.140064963281673,4.06220333393103,7.90534810353249e-05,***,0.907901622187337,1911,0.870029890214772,SAU,full
total_burned_days_allfire,L1_total_burned_days_nature,-0.258201700253848,0.0553588572340587,-4.66414433307689,6.93921930040622e-06,***,0.907901622187337,1911,0.869203579407079,SAU,full
average_burned_days_allfire,L1_average_burned_days_human,-0.0295657547556652,0.0409702076597011,-0.721640344155408,0.471669740890108,"",0.105186254556274,1911,0.258905672178537,SAU,full
average_burned_days_allfire,L1_average_burned_days_nature,-0.060090023848336,0.0322216047374091,-1.86489854673724,0.0642029152003025,*,0.105186254556274,1911,0.261159985370134,SAU,full
total_burned_areas_ha,L1_total_ba_ha_human,-0.0385541160922597,0.049229797844678,-0.783145935595744,0.434809924153514,"",74.046733381161,1911,0.599358425909957,SAU,full
total_burned_areas_ha,L1_total_ba_ha_nature,0.0849802004571365,0.0617939940006155,1.37521779958567,0.171170457799791,"",74.046733381161,1911,0.599869242836285,SAU,full
average_burned_areas_ha,L1_average_ba_ha_human,-0.042682436519582,0.0315683259308929,-1.35206525087898,0.178445172572615,"",10.248539870094,1911,0.239452919619092,SAU,full
average_burned_areas_ha,L1_average_ba_ha_nature,-0.0634926818899246,0.0203573135504089,-3.1189126076338,0.00218739212388108,***,10.248539870094,1911,0.240924075461155,SAU,full
total_counts_total,L1_total_counts_human,0.417895165710772,0.0571566290546202,7.31140328992149,1.60725858172641e-11,***,0.712715855572998,1911,0.853180068414556,SAU,full
total_counts_total,L1_total_counts_nature,0.00841711661351532,0.00908460534966622,0.926525290812393,0.35570210351869,"",0.712715855572998,1911,0.850699847029932,SAU,full
average_counts_total,L1_average_counts_human,0.417895165710772,0.0571566290546202,7.31140328992149,1.60725858172641e-11,***,0.712715855572998,1911,0.853180068414556,SAU,full
average_counts_total,L1_average_counts_nature,0.00841711661351532,0.00908460534966622,0.926525290812393,0.35570210351869,"",0.712715855572998,1911,0.850699847029932,SAU,full
total_burned_days_allfire,L1_total_burned_days_allfire,-0.130460378703687,0.0230364325174226,-5.66321971099557,1.64498910095834e-07,***,1.31833060556465,1222,0.868467909671937,SAU,nature_subsample
total_burned_days_allfire,L1_total_burned_days_allfire,0.0467456634125703,Inf,0,1,"",0.769230769230764,52,0.825372506395544,SAU,human_subsample
average_burned_days_allfire,L1_average_burned_days_allfire,-0.0589030906873039,0.051651175790845,-1.14040173888441,0.257047344027061,"",0.111138242599869,1222,0.315658586166427,SAU,nature_subsample
average_burned_days_allfire,L1_average_burned_days_allfire,0.249457510638335,Inf,0,1,"",0.158653846153846,52,0.792337316724211,SAU,human_subsample
total_burned_areas_ha,L1_total_burned_areas_ha,0.0471904908589927,0.0987555743933725,0.477851413946712,0.633877234347972,"",97.0760946744045,1222,0.693793656967043,SAU,nature_subsample
total_burned_areas_ha,L1_total_burned_areas_ha,0.00702177470124618,Inf,0,1,"",45.328660784037,52,0.823474618739876,SAU,human_subsample
average_burned_areas_ha,L1_average_burned_areas_ha,-0.0285446386750315,0.0435551196095197,-0.655368161789931,0.513848647644097,"",9.56653885892356,1222,0.253267858012359,SAU,nature_subsample
average_burned_areas_ha,L1_average_burned_areas_ha,0.0539377012700773,Inf,0,1,"",8.34460430108104,52,0.815784312175489,SAU,human_subsample
total_counts_total,L1_total_counts_total,0.0693194956995106,0.0117795328398406,5.88474064651011,6.25000567100582e-08,***,1.04828150572831,1222,0.852690365100256,SAU,nature_subsample
total_counts_total,L1_total_counts_total,-0.141186271036164,Inf,0,1,"",0.365384615384616,52,0.864397706128733,SAU,human_subsample
average_counts_total,L1_average_counts_total,0.0693194956995106,0.0117795328398406,5.88474064651011,6.25000567100582e-08,***,1.04828150572831,1222,0.852690365100256,SAU,nature_subsample
average_counts_total,L1_average_counts_total,-0.141186271036164,Inf,0,1,"",0.365384615384616,52,0.864397706128733,SAU,human_subsample
total_burned_days_human,L1_total_burned_days_human,0.313056622801041,0.0967690233624334,3.2350912711864,0.00177678923911257,***,1.53557692307692,1040,0.61054031921228,SDN,full
average_burned_days_human,L1_average_burned_days_human,-0.0456736805596173,0.0432283593075019,-1.05656752398861,0.293929333387407,"",0.169173310241268,1040,0.549396201472281,SDN,full
total_ba_ha_human,L1_total_ba_ha_human,0.536067233053778,0.111672402166484,4.80035552790021,7.36795005765632e-06,***,133.660743688283,1040,0.654234153804112,SDN,full
average_ba_ha_human,L1_average_ba_ha_human,0.145155808794755,0.0873807307133743,1.66118785697609,0.100639585877008,"",10.3293251511868,1040,0.677063914037035,SDN,full
total_counts_human,L1_total_counts_human,0.478003233145445,0.0982807285303874,4.86365170764533,5.76540094486344e-06,***,0.886538461538462,1040,0.666415317787255,SDN,full
average_counts_human,L1_average_counts_human,0.478003233145445,0.0982807285303874,4.86365170764533,5.76540094486344e-06,***,0.886538461538462,1040,0.666415317787255,SDN,full
total_burned_days_nature,L1_total_burned_days_nature,0.242503604086995,0.0823340041608403,2.94536390594173,0.0042364075614903,***,412.972115384615,1040,0.977080497701444,SDN,full
average_burned_days_nature,L1_average_burned_days_nature,-0.0157053806847473,0.0414513508578709,-0.378887065432396,0.7057881308482,"",1.71719540465571,1040,0.769600161677593,SDN,full
total_ba_ha_nature,L1_total_ba_ha_nature,0.0791361944014473,0.0367438838741093,2.15372426803278,0.0343106635314278,**,102462.750493507,1040,0.922985975384175,SDN,full
average_ba_ha_nature,L1_average_ba_ha_nature,0.0560104959730331,0.0819414748627943,0.683542687836887,0.496263972414125,"",492.027504668089,1040,0.671057317780321,SDN,full
total_counts_nature,L1_total_counts_nature,0.29881859363569,0.0981015371356349,3.04601336901117,0.00315127177648037,***,169.185576923077,1040,0.973566033465775,SDN,full
average_counts_nature,L1_average_counts_nature,0.29881859363569,0.0981015371356349,3.04601336901117,0.00315127177648037,***,169.185576923077,1040,0.973566033465775,SDN,full
total_burned_days_allfire,L1_total_burned_days_allfire,0.248961038685113,0.0823036733856788,3.02490798337117,0.003354785237456,***,420.232692307692,1040,0.977266132711381,SDN,full
average_burned_days_allfire,L1_average_burned_days_allfire,-0.0238450432014835,0.0422962269433571,-0.563762891508424,0.574512417069447,"",1.7498901808992,1040,0.759304267042449,SDN,full
total_burned_areas_ha,L1_total_burned_areas_ha,0.093776484424422,0.0781561698049822,1.19986028816939,0.233779611015283,"",214528.641507478,1040,0.675901706688147,SDN,full
average_burned_areas_ha,L1_average_burned_areas_ha,-0.0872677804556794,0.0362220910207352,-2.40924192934426,0.0183127341981809,**,616.037588786971,1040,0.713757504156854,SDN,full
total_counts_total,L1_total_counts_total,0.308733607508806,0.0952528961390446,3.24119916583045,0.00174356745321228,***,170.239423076923,1040,0.972766926847089,SDN,full
average_counts_total,L1_average_counts_total,0.308733607508806,0.0952528961390446,3.24119916583045,0.00174356745321228,***,170.239423076923,1040,0.972766926847089,SDN,full
total_burned_days_allfire,L1_total_burned_days_human,2.37096843440139,0.532326181952753,4.45397674355199,2.74160104329469e-05,***,420.232692307692,1040,0.976210768071569,SDN,full
total_burned_days_allfire,L1_total_burned_days_nature,0.249559763241023,0.0834083894866778,2.99202232265716,0.0036963267158577,***,420.232692307692,1040,0.977245509803332,SDN,full
average_burned_days_allfire,L1_average_burned_days_human,0.0228757025715423,0.0382338506561553,0.598310193165426,0.551344539667297,"",1.7498901808992,1040,0.759221478284862,SDN,full
average_burned_days_allfire,L1_average_burned_days_nature,-0.0221357874546347,0.0405160862849328,-0.546345648959351,0.586368096232954,"",1.7498901808992,1040,0.759280930122789,SDN,full
total_burned_areas_ha,L1_total_ba_ha_human,31.2759191595063,19.6949887049922,1.5880140693647,0.116277712079034,"",214528.641507478,1040,0.673067879287504,SDN,full
total_burned_areas_ha,L1_total_ba_ha_nature,-1.19023170947091,0.414422407880122,-2.87202546686424,0.00523438038451609,***,214528.641507478,1040,0.677317902951192,SDN,full
average_burned_areas_ha,L1_average_ba_ha_human,-0.0539606036136659,0.409235295548138,-0.131857159440243,0.895432518065903,"",616.037588786971,1040,0.711242114794479,SDN,full
average_burned_areas_ha,L1_average_ba_ha_nature,-0.0589432064774212,0.0455782004357042,-1.29323242062992,0.199699604216442,"",616.037588786971,1040,0.711895023185906,SDN,full
total_counts_total,L1_total_counts_human,2.44575292861249,0.516114800924221,4.73877696247581,9.33968366485886e-06,***,170.239423076923,1040,0.970750010046396,SDN,full
total_counts_total,L1_total_counts_nature,0.310704720919733,0.0993225672900189,3.12823892290746,0.00246288238559415,***,170.239423076923,1040,0.972704637015904,SDN,full
average_counts_total,L1_average_counts_human,2.44575292861249,0.516114800924221,4.73877696247581,9.33968366485886e-06,***,170.239423076923,1040,0.970750010046396,SDN,full
average_counts_total,L1_average_counts_nature,0.310704720919733,0.0993225672900189,3.12823892290746,0.00246288238559415,***,170.239423076923,1040,0.972704637015904,SDN,full
total_burned_days_allfire,L1_total_burned_days_allfire,0.198346177801816,0.108374218573993,1.83019707465198,0.0725443378726472,*,516.877192982456,741,0.981142699025322,SDN,nature_subsample
total_burned_days_allfire,L1_total_burned_days_allfire,-0.02373614894301,Inf,0,1,"",2.13461538461539,52,0.951779810341251,SDN,human_subsample
average_burned_days_allfire,L1_average_burned_days_allfire,-0.0658112382887804,0.0560655441136226,-1.17382680092085,0.245432521028021,"",1.71656107647572,741,0.754823960598694,SDN,nature_subsample
average_burned_days_allfire,L1_average_burned_days_allfire,0.0989912141666018,Inf,0,1,"",0.750801282051271,52,0.889147922795728,SDN,human_subsample
total_burned_areas_ha,L1_total_burned_areas_ha,0.0908591447791184,0.0888250189702821,1.02290037010312,0.310753573244667,"",289664.278501557,741,0.688158305596655,SDN,nature_subsample
total_burned_areas_ha,L1_total_burned_areas_ha,0.085764592281278,Inf,0,1,"",167.817767926619,52,0.788655757238404,SDN,human_subsample
average_burned_areas_ha,L1_average_burned_areas_ha,-0.090113478035852,0.0430003415270094,-2.09564563526199,0.0406466723002003,**,779.810754489311,741,0.71268157117457,SDN,nature_subsample
average_burned_areas_ha,L1_average_burned_areas_ha,0.364940674429297,Inf,0,1,"",50.2609156492669,52,0.88441727925482,SDN,human_subsample
total_counts_total,L1_total_counts_total,0.260341624911354,0.123501868821845,2.10799745295276,0.0395196572414763,**,210.46963562753,741,0.97754927718254,SDN,nature_subsample
total_counts_total,L1_total_counts_total,0.214705056600021,Inf,0,1,"",1.24999999999999,52,0.949769152288356,SDN,human_subsample
average_counts_total,L1_average_counts_total,0.260341624911354,0.123501868821845,2.10799745295276,0.0395196572414763,**,210.46963562753,741,0.97754927718254,SDN,nature_subsample
average_counts_total,L1_average_counts_total,0.214705056600021,Inf,0,1,"",1.24999999999999,52,0.949769152288356,SDN,human_subsample
total_burned_days_human,L1_total_burned_days_human,0.760683429719899,0.0165158214642164,46.0578622364025,7.18542047191084e-39,***,2.93504273504274,585,0.910587008771131,SEN,full
average_burned_days_human,L1_average_burned_days_human,0.0497031058200086,0.0638399588959832,0.778557923274851,0.440407193570045,"",0.32517058479099,585,0.695983033967657,SEN,full
total_ba_ha_human,L1_total_ba_ha_human,0.673220141559625,0.0762631720047672,8.82759166531313,2.70134404673032e-11,***,537.716413980705,585,0.904533647401316,SEN,full
average_ba_ha_human,L1_average_ba_ha_human,0.04747153961115,0.0774967834444924,0.612561418696194,0.543319480719125,"",48.8021594304805,585,0.684096433414216,SEN,full
total_counts_human,L1_total_counts_human,0.68625144481299,0.0450473142710582,15.2340146336735,3.69002253321211e-19,***,1.25811965811966,585,0.884661700707714,SEN,full
average_counts_human,L1_average_counts_human,0.68625144481299,0.0450473142710582,15.2340146336735,3.69002253321211e-19,***,1.25811965811966,585,0.884661700707714,SEN,full
total_burned_days_nature,L1_total_burned_days_nature,-0.0575265639657719,0.100647762086709,-0.571563269496366,0.570526297156492,"",471.476923076923,585,0.97746691708336,SEN,full
average_burned_days_nature,L1_average_burned_days_nature,0.166884851295154,0.0830738321942414,2.008873876252,0.0507109342839696,*,1.87867366067749,585,0.721136944635736,SEN,full
total_ba_ha_nature,L1_total_ba_ha_nature,0.0177247465024916,0.0824180226863857,0.215059108733259,0.830714959586703,"",129188.864640782,585,0.928005986252065,SEN,full
average_ba_ha_nature,L1_average_ba_ha_nature,0.013166701573832,0.0698956361106819,0.18837658982003,0.851447596779749,"",566.536873318438,585,0.711912294706263,SEN,full
total_counts_nature,L1_total_counts_nature,-0.104914827210523,0.112091691324015,-0.935973273052447,0.354395898817436,"",169.849572649573,585,0.982797105500613,SEN,full
average_counts_nature,L1_average_counts_nature,-0.104914827210523,0.112091691324015,-0.935973273052447,0.354395898817436,"",169.849572649573,585,0.982797105500613,SEN,full
total_burned_days_allfire,L1_total_burned_days_allfire,-0.0538537920580933,0.0983259207524477,-0.547706969291236,0.586660995833623,"",479.644444444445,585,0.978305187970804,SEN,full
average_burned_days_allfire,L1_average_burned_days_allfire,0.165690220894798,0.0693067659548343,2.39067886969037,0.0211624249338308,**,1.96931768459925,585,0.74283041693098,SEN,full
total_burned_areas_ha,L1_total_burned_areas_ha,0.267936824849907,0.100174371567395,2.67470432464501,0.0104605382476562,**,194316.738170634,585,0.948726901524557,SEN,full
average_burned_areas_ha,L1_average_burned_areas_ha,0.153196001552185,0.111159273888623,1.378166626976,0.175120181308553,"",903.385090377495,585,0.74794919465038,SEN,full
total_counts_total,L1_total_counts_total,-0.115829851440882,0.108689997296398,-1.06569007564711,0.29237684334818,"",171.241025641026,585,0.983080474218683,SEN,full
average_counts_total,L1_average_counts_total,-0.115829851440882,0.108689997296398,-1.06569007564711,0.29237684334818,"",171.241025641026,585,0.983080474218683,SEN,full
total_burned_days_allfire,L1_total_burned_days_human,0.18061905530411,1.4094708296195,0.128146714006752,0.898616795591236,"",479.644444444445,585,0.978247468844365,SEN,full
total_burned_days_allfire,L1_total_burned_days_nature,-0.0633568887161528,0.095580671031234,-0.662862982992126,0.510876047420203,"",479.644444444445,585,0.978330356838257,SEN,full
average_burned_days_allfire,L1_average_burned_days_human,-0.0323363480956782,0.0784334959674219,-0.412277276396163,0.682138051963008,"",1.96931768459925,585,0.735101924110271,SEN,full
average_burned_days_allfire,L1_average_burned_days_nature,0.176419952020251,0.072850890669634,2.42165813483715,0.0196395277955133,**,1.96931768459925,585,0.74555999266489,SEN,full
total_burned_areas_ha,L1_total_ba_ha_human,-0.034224531770646,1.04320466605375,-0.0328071114751729,0.973976781034708,"",194316.738170634,585,0.944939303865129,SEN,full
total_burned_areas_ha,L1_total_ba_ha_nature,0.170106330647417,0.109689434213236,1.55079959950136,0.128113488452409,"",194316.738170634,585,0.945637704272528,SEN,full
average_burned_areas_ha,L1_average_ba_ha_human,-0.0207540301805367,0.218711289439536,-0.0948923589345594,0.924831168423164,"",903.385090377495,585,0.739609733781536,SEN,full
average_burned_areas_ha,L1_average_ba_ha_nature,0.025495922410699,0.182653884174882,0.139585985405533,0.889624103363384,"",903.385090377495,585,0.73964489000538,SEN,full
total_counts_total,L1_total_counts_human,-0.0632021451299824,1.20128437484892,-0.0526121428474675,0.958279086032345,"",171.241025641026,585,0.982855342823541,SEN,full
total_counts_total,L1_total_counts_nature,-0.114155774157902,0.10846304090583,-1.05248546605857,0.298322755189333,"",171.241025641026,585,0.983077768430519,SEN,full
average_counts_total,L1_average_counts_human,-0.0632021451299824,1.20128437484892,-0.0526121428474675,0.958279086032345,"",171.241025641026,585,0.982855342823541,SEN,full
average_counts_total,L1_average_counts_nature,-0.114155774157902,0.10846304090583,-1.05248546605857,0.298322755189333,"",171.241025641026,585,0.983077768430519,SEN,full
total_burned_days_allfire,L1_total_burned_days_allfire,-0.175293984968779,0.132883578908653,-1.31915460441714,0.205685562265121,"",896.511312217195,221,0.977180083607731,SEN,nature_subsample
total_burned_days_allfire,L1_total_burned_days_allfire,0.599127453594729,0.120812911398491,4.95913430658549,0.00255446446813301,***,18.956043956044,91,0.927509700092193,SEN,human_subsample
average_burned_days_allfire,L1_average_burned_days_allfire,0.0714467629259374,0.0696058062316405,1.02644832082212,0.319949219100076,"",2.31022291556062,221,0.728487502324769,SEN,nature_subsample
average_burned_days_allfire,L1_average_burned_days_allfire,-0.420390087874578,0.364328665637397,-1.15387595741088,0.292433608071487,"",0.9885772070826,91,0.927304381234302,SEN,human_subsample
total_burned_areas_ha,L1_total_burned_areas_ha,0.273407008649351,0.122495179840393,2.23198177271621,0.0402640502766884,**,413676.44145641,221,0.940398424181945,SEN,nature_subsample
total_burned_areas_ha,L1_total_burned_areas_ha,0.482461240807038,0.123345407769025,3.91146496276934,0.00787908218335674,***,3971.86917967257,91,0.943926422511579,SEN,human_subsample
average_burned_areas_ha,L1_average_burned_areas_ha,0.130912353756936,0.123698295490742,1.05831978716905,0.305626715783679,"",1716.6073163103,221,0.757296812857501,SEN,nature_subsample
average_burned_areas_ha,L1_average_burned_areas_ha,0.441206757418653,0.0781380349868071,5.64650438794816,0.00132319117129914,***,187.697702411546,91,0.898550715902432,SEN,human_subsample
total_counts_total,L1_total_counts_total,-0.205579976042152,0.15489493210737,-1.32722209335841,0.203064002798547,"",332.981900452489,221,0.982674370182826,SEN,nature_subsample
total_counts_total,L1_total_counts_total,0.669320605646555,0.156630002015917,4.27325925449797,0.00524426653867385,***,6.98901098901099,91,0.911101690597551,SEN,human_subsample
average_counts_total,L1_average_counts_total,-0.205579976042152,0.15489493210737,-1.32722209335841,0.203064002798547,"",332.981900452489,221,0.982674370182826,SEN,nature_subsample
average_counts_total,L1_average_counts_total,0.669320605646555,0.156630002015917,4.27325925449797,0.00524426653867385,***,6.98901098901099,91,0.911101690597551,SEN,human_subsample
total_ba_ha_nature,L1_total_ba_ha_nature,-0.0681541379747953,0.0152000780707019,-4.48380183692361,1.36268612032324e-05,***,0.0393878398323447,2171,0.224114499772584,SLB,full
average_ba_ha_nature,L1_average_ba_ha_nature,-0.0716265207553257,0.0147315458626735,-4.86211843774059,2.67634687354096e-06,***,0.0246174870027699,2171,0.213782349779043,SLB,full
total_counts_nature,L1_total_counts_nature,-0.0697952752754326,0.015167096209574,-4.60175595321769,8.28467630261343e-06,***,0.00138185168125287,2171,0.219586700264209,SLB,full
average_counts_nature,L1_average_counts_nature,-0.0697952752754326,0.015167096209574,-4.60175595321769,8.28467630261343e-06,***,0.00138185168125287,2171,0.219586700264209,SLB,full
total_burned_areas_ha,L1_total_burned_areas_ha,-0.0681541379747953,0.0152000780707019,-4.48380183692361,1.36268612032324e-05,***,0.0393878398323447,2171,0.224114499772584,SLB,full
average_burned_areas_ha,L1_average_burned_areas_ha,-0.0716265207553257,0.0147315458626735,-4.86211843774059,2.67634687354096e-06,***,0.0246174870027699,2171,0.213782349779043,SLB,full
total_counts_total,L1_total_counts_total,-0.0697952752754326,0.015167096209574,-4.60175595321769,8.28467630261343e-06,***,0.00138185168125287,2171,0.219586700264209,SLB,full
average_counts_total,L1_average_counts_total,-0.0697952752754326,0.015167096209574,-4.60175595321769,8.28467630261343e-06,***,0.00138185168125287,2171,0.219586700264209,SLB,full
total_burned_areas_ha,L1_total_ba_ha_nature,-0.0681541379747953,0.0152000780707019,-4.48380183692361,1.36268612032324e-05,***,0.0393878398323447,2171,0.224114499772584,SLB,full
average_burned_areas_ha,L1_average_ba_ha_nature,-0.0716265207553257,0.0147315458626735,-4.86211843774059,2.67634687354096e-06,***,0.0246174870027699,2171,0.213782349779043,SLB,full
total_counts_total,L1_total_counts_nature,-0.0697952752754326,0.015167096209574,-4.60175595321769,8.28467630261343e-06,***,0.00138185168125287,2171,0.219586700264209,SLB,full
average_counts_total,L1_average_counts_nature,-0.0697952752754326,0.015167096209574,-4.60175595321769,8.28467630261343e-06,***,0.00138185168125287,2171,0.219586700264209,SLB,full
total_burned_areas_ha,L1_total_burned_areas_ha,-0.0674230572468995,0.0159538250630416,-4.22613742976853,4.08481708128729e-05,***,0.042991955895435,1989,0.226205607437401,SLB,nature_subsample
average_burned_areas_ha,L1_average_burned_areas_ha,-0.0711044763396088,0.0154395689799748,-4.6053407599546,8.64493190498871e-06,***,0.0268700675128273,1989,0.215248585067137,SLB,nature_subsample
total_counts_total,L1_total_counts_total,-0.0691692549973504,0.0159104188864205,-4.34741885120235,2.51095030703822e-05,***,0.00150829562594269,1989,0.221350903347779,SLB,nature_subsample
average_counts_total,L1_average_counts_total,-0.0691692549973504,0.0159104188864205,-4.34741885120235,2.51095030703822e-05,***,0.00150829562594269,1989,0.221350903347779,SLB,nature_subsample
total_burned_days_human,L1_total_burned_days_human,0.332895466458824,0.0562344108675575,5.91978223516655,5.06882920798795e-05,***,142.532967032967,182,0.863147689476507,SLE,full
average_burned_days_human,L1_average_burned_days_human,-0.109600398300013,0.0323276405915584,-3.39029995058263,0.00483154272747393,***,0.83312350644815,182,0.474366993009859,SLE,full
total_ba_ha_human,L1_total_ba_ha_human,0.237326680995786,0.0655311923675886,3.6215834386857,0.00310120587246731,***,10542.0153872577,182,0.833009161425445,SLE,full
average_ba_ha_human,L1_average_ba_ha_human,-0.0516026033328233,0.120522123616485,-0.428158762759846,0.675543757307528,"",58.7725781478875,182,0.72602046365547,SLE,full
total_counts_human,L1_total_counts_human,0.182695870828427,0.139087966482024,1.31352751391357,0.211715776961618,"",112.362637362637,182,0.916654520588148,SLE,full
average_counts_human,L1_average_counts_human,0.182695870828427,0.139087966482024,1.31352751391357,0.211715776961618,"",112.362637362637,182,0.916654520588148,SLE,full
total_burned_days_nature,L1_total_burned_days_nature,-0.210500190181512,0.12754584718379,-1.65038842760742,0.122802428373198,"",603.774725274725,182,0.963419280592577,SLE,full
average_burned_days_nature,L1_average_burned_days_nature,-0.0198534999479148,0.140456833349303,-0.141349477091948,0.889760773984408,"",1.35755133668933,182,0.864584555537236,SLE,full
total_ba_ha_nature,L1_total_ba_ha_nature,-0.249184944326135,0.0937831864846193,-2.65703217886504,0.0197457826180188,**,64910.5195954382,182,0.902867350901333,SLE,full
average_ba_ha_nature,L1_average_ba_ha_nature,-0.193046567477583,0.0790664736828209,-2.44157300162392,0.029679109363145,**,134.24901809079,182,0.815615638355645,SLE,full
total_counts_nature,L1_total_counts_nature,-0.11628190490848,0.135900682760727,-0.85563885733533,0.407691743289709,"",355.741758241758,182,0.959149521604899,SLE,full
average_counts_nature,L1_average_counts_nature,-0.11628190490848,0.135900682760727,-0.85563885733533,0.407691743289709,"",355.741758241758,182,0.959149521604899,SLE,full
total_burned_days_allfire,L1_total_burned_days_allfire,-0.00649122801936127,0.127004341010747,-0.051110284638318,0.960014627420056,"",746.395604395604,182,0.948195618205816,SLE,full
average_burned_days_allfire,L1_average_burned_days_allfire,-0.151007212032316,0.078802483256222,-1.91627478973377,0.0775794892035308,*,1.31617465358188,182,0.87799827823677,SLE,full
total_burned_areas_ha,L1_total_burned_areas_ha,-0.305637714398575,0.117670841948929,-2.59739549183498,0.0221149932507278,**,75462.4011431401,182,0.908380462592794,SLE,full
average_burned_areas_ha,L1_average_burned_areas_ha,-0.203742177302968,0.0856908571195033,-2.37764195798429,0.033455004109727,**,123.305989232973,182,0.818391086398457,SLE,full
total_counts_total,L1_total_counts_total,-0.0138701787928747,0.138984420315059,-0.0997966445550723,0.922028343656975,"",468.131868131868,182,0.947213231004656,SLE,full
average_counts_total,L1_average_counts_total,-0.0138701787928747,0.138984420315059,-0.0997966445550723,0.922028343656975,"",468.131868131868,182,0.947213231004656,SLE,full
total_burned_days_allfire,L1_total_burned_days_human,0.328938602694889,0.202901244909328,1.62117587224211,0.128971056138651,"",746.395604395605,182,0.949587714496475,SLE,full
total_burned_days_allfire,L1_total_burned_days_nature,-0.153136904002103,0.140339266018009,-1.09119071481001,0.29500069628744,"",746.395604395604,182,0.94889251007041,SLE,full
average_burned_days_allfire,L1_average_burned_days_human,0.0347950665256871,0.0214580619467519,1.62153817115595,0.128892931546323,"",1.31617465358188,182,0.876467887497998,SLE,full
average_burned_days_allfire,L1_average_burned_days_nature,-0.191343178781836,0.0440805043424744,-4.34076655056473,0.000800539763513103,***,1.31617465358188,182,0.882101488821169,SLE,full
total_burned_areas_ha,L1_total_ba_ha_human,-0.692251835432452,0.463499685299358,-1.49353248208864,0.159167634536042,"",75462.4011431401,182,0.901903333731541,SLE,full
total_burned_areas_ha,L1_total_ba_ha_nature,-0.265719259986841,0.0942262987336721,-2.82001164810568,0.0144647256955774,**,75462.4011431401,182,0.906096867437897,SLE,full
average_burned_areas_ha,L1_average_ba_ha_human,-0.378410309684644,0.16868045772817,-2.24335595706324,0.0429306750883815,**,123.305989232973,182,0.824864161304512,SLE,full
average_burned_areas_ha,L1_average_ba_ha_nature,-0.127485140800929,0.0840122778055367,-1.51745844929974,0.15308764574421,"",123.305989232973,182,0.81427351022531,SLE,full
total_counts_total,L1_total_counts_human,0.132483207695885,0.314797308692662,0.420852415308383,0.680737067389363,"",468.131868131868,182,0.947457141148521,SLE,full
total_counts_total,L1_total_counts_nature,-0.0956171243582311,0.150383120219174,-0.635823516754243,0.535924873560485,"",468.131868131868,182,0.947455917568961,SLE,full
average_counts_total,L1_average_counts_human,0.132483207695885,0.314797308692662,0.420852415308383,0.680737067389363,"",468.131868131868,182,0.947457141148521,SLE,full
average_counts_total,L1_average_counts_nature,-0.0956171243582311,0.150383120219174,-0.635823516754243,0.535924873560485,"",468.131868131868,182,0.947455917568961,SLE,full
total_burned_days_human,L1_total_burned_days_human,-0.0840456391889547,0.0350768461206326,-2.39604321608373,0.0172669789118682,**,0.55320994794679,3458,0.601197939628455,SLV,full
average_burned_days_human,L1_average_burned_days_human,-0.0782275442645321,0.0441907946969337,-1.77022261765209,0.0778398161558499,*,0.205477956591317,3458,0.393890969602986,SLV,full
total_ba_ha_human,L1_total_ba_ha_human,-0.119360923700532,0.0337346164811852,-3.53823271615087,0.000475492163237568,***,21.608209601528,3458,0.557225391985448,SLV,full
average_ba_ha_human,L1_average_ba_ha_human,-0.0692181757967268,0.0335769394842566,-2.06147960058068,0.040232653245653,**,8.13472768565684,3458,0.41573848985798,SLV,full
total_counts_human,L1_total_counts_human,-0.107831087851315,0.0561807071053292,-1.91936152831168,0.0560123998311036,*,0.193753614806246,3458,0.641397111190336,SLV,full
average_counts_human,L1_average_counts_human,-0.107831087851315,0.0561807071053292,-1.91936152831168,0.0560123998311036,*,0.193753614806246,3458,0.641397111190336,SLV,full
total_burned_days_nature,L1_total_burned_days_nature,-0.111648714237599,0.0765751348061385,-1.45802830801741,0.146016833742482,"",0.875650665124349,3458,0.563733107321165,SLV,full
average_burned_days_nature,L1_average_burned_days_nature,-0.12302172872212,0.0328369775383351,-3.74643886083912,0.000220117741620606,***,0.302310474832918,3458,0.416215675709196,SLV,full
total_ba_ha_nature,L1_total_ba_ha_nature,-0.20750754528665,0.0566209268815371,-3.66485602965843,0.000298898433521992,***,53.9764581005545,3458,0.494015135367442,SLV,full
average_ba_ha_nature,L1_average_ba_ha_nature,-0.105276019901846,0.026248945962513,-4.01067608780157,7.8797292280598e-05,***,20.366271527626,3458,0.380519552384965,SLV,full
total_counts_nature,L1_total_counts_nature,-0.0142298831047588,0.0445539830351258,-0.319385207233664,0.749686055440271,"",0.316078658183921,3458,0.661334515249247,SLV,full
average_counts_nature,L1_average_counts_nature,-0.0142298831047588,0.0445539830351258,-0.319385207233664,0.749686055440271,"",0.316078658183921,3458,0.661334515249247,SLV,full
total_burned_days_allfire,L1_total_burned_days_allfire,-0.104345518988038,0.0504019014202709,-2.07026949475505,0.0393957340879075,**,1.42886061307114,3458,0.584124367915251,SLV,full
average_burned_days_allfire,L1_average_burned_days_allfire,-0.0929104848401117,0.0316024159918599,-2.93998043896528,0.0035719703857139,***,0.470130432980644,3458,0.394082879941601,SLV,full
total_burned_areas_ha,L1_total_burned_areas_ha,-0.193152958196508,0.0526318684269697,-3.66988602094795,0.000293358502756717,***,75.5846677020824,3458,0.506651547640898,SLV,full
average_burned_areas_ha,L1_average_burned_areas_ha,-0.100553073790919,0.0248457276802123,-4.0470971542927,6.80989186960941e-05,***,26.4435190649825,3458,0.377100021880025,SLV,full
total_counts_total,L1_total_counts_total,-0.0555611750673785,0.0443624709504813,-1.2524364373075,0.211515032475228,"",0.509832272990168,3458,0.658130660513113,SLV,full
average_counts_total,L1_average_counts_total,-0.0555611750673785,0.0443624709504813,-1.2524364373075,0.211515032475228,"",0.509832272990168,3458,0.658130660513113,SLV,full
total_burned_days_allfire,L1_total_burned_days_human,-0.105018269322979,0.0447756749601285,-2.34543129537399,0.0197429337547876,**,1.42886061307114,3458,0.58134719971609,SLV,full
total_burned_days_allfire,L1_total_burned_days_nature,-0.108784643279935,0.0805542195666455,-1.3504524513447,0.178023028919484,"",1.42886061307114,3458,0.582514099597832,SLV,full
average_burned_days_allfire,L1_average_burned_days_human,-0.0615614900345317,0.0500446207776011,-1.23013201175231,0.219738572207795,"",0.470130432980644,3458,0.390113744523533,SLV,full
average_burned_days_allfire,L1_average_burned_days_nature,-0.117463243040619,0.0332453213410759,-3.53322627973786,0.000484171766719565,***,0.470130432980644,3458,0.393826833090835,SLV,full
total_burned_areas_ha,L1_total_ba_ha_human,-0.155596867838364,0.0467264045216694,-3.32995593029645,0.000991977686560563,***,75.5846677020824,3458,0.489735282539074,SLV,full
total_burned_areas_ha,L1_total_ba_ha_nature,-0.206374004231286,0.0586522994087283,-3.51860040120737,0.000510387341681878,***,75.5846677020824,3458,0.505605808723665,SLV,full
average_burned_areas_ha,L1_average_ba_ha_human,-0.0662940930475532,0.040003266318439,-1.65721700122762,0.0986589801446329,*,26.4435190649825,3458,0.371097161076515,SLV,full
average_burned_areas_ha,L1_average_ba_ha_nature,-0.104604737868585,0.0262167542741153,-3.98999573993278,8.55643665071851e-05,***,26.4435190649825,3458,0.377134401765398,SLV,full
total_counts_total,L1_total_counts_human,-0.141978769502679,0.0639096037450325,-2.22155609146167,0.0271583876093539,**,0.509832272990168,3458,0.659668417997841,SLV,full
total_counts_total,L1_total_counts_nature,-0.00180872250132801,0.0621298271860298,-0.0291119834586424,0.976797190525714,"",0.509832272990168,3458,0.657112462002639,SLV,full
average_counts_total,L1_average_counts_human,-0.141978769502679,0.0639096037450325,-2.22155609146167,0.0271583876093539,**,0.509832272990168,3458,0.659668417997841,SLV,full
average_counts_total,L1_average_counts_nature,-0.00180872250132801,0.0621298271860298,-0.0291119834586424,0.976797190525714,"",0.509832272990168,3458,0.657112462002639,SLV,full
total_burned_days_human,L1_total_burned_days_human,-0.0698791982741315,0.0166453327964729,-4.19812563248594,7.49596283417522e-05,***,0.00207900207900208,962,0.223188160258538,SOM,full
average_burned_days_human,L1_average_burned_days_human,-0.0698791982741319,0.0166453327948374,-4.19812563289844,7.49596282319081e-05,***,0.000693000693000693,962,0.223188160258538,SOM,full
total_ba_ha_human,L1_total_ba_ha_human,-0.0698791982741316,0.0166453327936685,-4.19812563319323,7.49596281534087e-05,***,0.199929642916732,962,0.223188160258538,SOM,full
average_ba_ha_human,L1_average_ba_ha_human,-0.0698791982741315,0.016645332796087,-4.19812563258324,7.49596283158411e-05,***,0.0666432143055774,962,0.223188160258538,SOM,full
total_counts_human,L1_total_counts_human,-0.0698791982741309,0.0166453327955796,-4.1981256327112,7.49596282817669e-05,***,0.00311850311850312,962,0.223188160258538,SOM,full
average_counts_human,L1_average_counts_human,-0.0698791982741309,0.0166453327955796,-4.1981256327112,7.49596282817669e-05,***,0.00311850311850312,962,0.223188160258538,SOM,full
total_burned_days_nature,L1_total_burned_days_nature,0.130400494593631,0.0303670045371584,4.29415072645928,5.31868378886891e-05,***,2.32224532224532,962,0.480643189572177,SOM,full
average_burned_days_nature,L1_average_burned_days_nature,-0.000628825291404198,0.0436933339376146,-0.0143917901138429,0.98855667012088,"",0.239487685601365,962,0.433603949551424,SOM,full
total_ba_ha_nature,L1_total_ba_ha_nature,0.0218069878881236,0.0805413244254664,0.270755268102202,0.787343350389747,"",248.564611650629,962,0.429713477327453,SOM,full
average_ba_ha_nature,L1_average_ba_ha_nature,-0.0274637477745824,0.0710903211360015,-0.386321897773426,0.700382008136673,"",20.7958266928232,962,0.443339273082677,SOM,full
total_counts_nature,L1_total_counts_nature,0.102581084767438,0.0392958035709179,2.61048446514926,0.0109653758070696,**,1.24844074844075,962,0.492748833147877,SOM,full
average_counts_nature,L1_average_counts_nature,0.102581084767438,0.0392958035709179,2.61048446514926,0.0109653758070696,**,1.24844074844075,962,0.492748833147877,SOM,full
total_burned_days_allfire,L1_total_burned_days_allfire,0.130279551643237,0.0304279003201663,4.28158204386169,5.56427296346659e-05,***,2.32432432432432,962,0.480768836179425,SOM,full
average_burned_days_allfire,L1_average_burned_days_allfire,-0.00325838383080073,0.0436328687237334,-0.0746772771561633,0.940675750601142,"",0.240180686294365,962,0.433944094205913,SOM,full
total_burned_areas_ha,L1_total_burned_areas_ha,0.0217516757678137,0.0805387603104192,0.27007711174069,0.787862980483115,"",248.764541293546,962,0.429790837100577,SOM,full
average_burned_areas_ha,L1_average_burned_areas_ha,-0.0292088784205804,0.0709128719186194,-0.41189811708798,0.681621076288272,"",20.8624699071288,962,0.443394812826554,SOM,full
total_counts_total,L1_total_counts_total,0.102798339419887,0.0393615144464386,2.61164594059942,0.0109314331532132,**,1.25155925155925,962,0.493393133533589,SOM,full
average_counts_total,L1_average_counts_total,0.102798339419887,0.0393615144464386,2.61164594059942,0.0109314331532132,**,1.25155925155925,962,0.493393133533589,SOM,full
total_burned_days_allfire,L1_total_burned_days_human,-4.43718689871779,3.37307401514923,-1.31547273460036,0.192467815683531,"",2.32432432432432,962,0.470623248715614,SOM,full
total_burned_days_allfire,L1_total_burned_days_nature,0.130345872658076,0.0303782900979827,4.29075738751773,5.38393611246353e-05,***,2.32432432432432,962,0.480781257377115,SOM,full
average_burned_days_allfire,L1_average_burned_days_human,-1.07642805258402,0.447496344879358,-2.4054454631897,0.0186874513277023,**,0.240180686294365,962,0.434487603074657,SOM,full
average_burned_days_allfire,L1_average_burned_days_nature,-0.00234655352011832,0.0437028765750645,-0.0536933424985849,0.957326157803168,"",0.240180686294365,962,0.433941230990923,SOM,full
total_burned_areas_ha,L1_total_ba_ha_human,-4.98583795794865,4.34467591400293,-1.1475741934811,0.254891417185252,"",248.764541293546,962,0.429636896697504,SOM,full
total_burned_areas_ha,L1_total_ba_ha_nature,0.021795523912216,0.080531290375633,0.27064664940239,0.78742657182023,"",248.764541293546,962,0.429792019961314,SOM,full
average_burned_areas_ha,L1_average_ba_ha_human,-1.56056579816303,0.602316118201764,-2.59094145250861,0.0115510116807394,**,20.8624699071288,962,0.44389336053796,SOM,full
average_burned_areas_ha,L1_average_ba_ha_nature,-0.0277270513598175,0.0710062224180467,-0.390487627923302,0.697313192997765,"",20.8624699071288,962,0.443365845761895,SOM,full
total_counts_total,L1_total_counts_human,0.68612576940106,1.13960718088837,0.602072170926649,0.548991610504863,"",1.25155925155925,962,0.487377683810945,SOM,full
total_counts_total,L1_total_counts_nature,0.102552871323478,0.0393265470025433,2.60772631059741,0.011046362690161,**,1.25155925155925,962,0.493369314326776,SOM,full
average_counts_total,L1_average_counts_human,0.68612576940106,1.13960718088837,0.602072170926649,0.548991610504863,"",1.25155925155925,962,0.487377683810945,SOM,full
average_counts_total,L1_average_counts_nature,0.102552871323478,0.0393265470025433,2.60772631059741,0.011046362690161,**,1.25155925155925,962,0.493369314326776,SOM,full
total_burned_days_human,L1_total_burned_days_human,0.0163222579327461,0.0265888889121443,0.613875141104187,0.540169649234671,"",1.87482083134257,2093,0.688705355103167,SRB,full
average_burned_days_human,L1_average_burned_days_human,-0.0178339085055546,0.0422192066248554,-0.422412213095815,0.673291264523142,"",0.317508898868878,2093,0.465718274582348,SRB,full
total_ba_ha_human,L1_total_ba_ha_human,-0.0406945252319139,0.0290822999154083,-1.39928841083003,0.163662197893115,"",239.706988270545,2093,0.686473931294117,SRB,full
average_ba_ha_human,L1_average_ba_ha_human,-0.111040778809728,0.0325727642605377,-3.40900692129024,0.00082511663908962,***,35.6790561212653,2093,0.538427027942884,SRB,full
total_counts_human,L1_total_counts_human,0.0385358307406519,0.03866019388336,0.996783173331118,0.320374859112394,"",0.814620162446249,2093,0.692363833181104,SRB,full
average_counts_human,L1_average_counts_human,0.0385358307406519,0.03866019388336,0.996783173331118,0.320374859112394,"",0.814620162446249,2093,0.692363833181104,SRB,full
total_burned_days_nature,L1_total_burned_days_nature,-0.0312785154710104,0.0384388489228653,-0.813721439311996,0.417013868676503,"",1.49020544672719,2093,0.600934720564962,SRB,full
average_burned_days_nature,L1_average_burned_days_nature,-0.0262719658269345,0.0374799801761096,-0.700959971256355,0.484346166238194,"",0.388580205967365,2093,0.382997691428481,SRB,full
total_ba_ha_nature,L1_total_ba_ha_nature,0.103479161995484,0.0801530005090109,1.29102044013749,0.198558799892228,"",134.53497339138,2093,0.546874477213645,SRB,full
average_ba_ha_nature,L1_average_ba_ha_nature,0.105674917588175,0.0957983952438009,1.1030969497896,0.271641435826427,"",28.8764183339518,2093,0.418032967225808,SRB,full
total_counts_nature,L1_total_counts_nature,0.0248663892828034,0.0467100314196557,0.532356509448623,0.595217600684813,"",0.654562828475872,2093,0.628611527159333,SRB,full
average_counts_nature,L1_average_counts_nature,0.0248663892828034,0.0467100314196557,0.532356509448623,0.595217600684813,"",0.654562828475872,2093,0.628611527159333,SRB,full
total_burned_days_allfire,L1_total_burned_days_allfire,-0.0230194964950496,0.0272904629047503,-0.843499671493028,0.400208333278282,"",3.36502627806976,2093,0.726887406321291,SRB,full
average_burned_days_allfire,L1_average_burned_days_allfire,-0.0337593681191397,0.0351808096855358,-0.959596109950232,0.338706369528677,"",0.577453845393825,2093,0.391375543084026,SRB,full
total_burned_areas_ha,L1_total_burned_areas_ha,-0.0173460251404759,0.0342224048419683,-0.506861666226441,0.61294970108763,"",374.241961661925,2093,0.720554806363017,SRB,full
average_burned_areas_ha,L1_average_burned_areas_ha,0.0443214063886243,0.0794641725254058,0.557753324297867,0.577792375841485,"",51.7175045580409,2093,0.522856217014414,SRB,full
total_counts_total,L1_total_counts_total,0.013542561273616,0.0298646426228223,0.453464702211666,0.650828567465661,"",1.46918299092212,2093,0.721667337114742,SRB,full
average_counts_total,L1_average_counts_total,0.013542561273616,0.0298646426228223,0.453464702211666,0.650828567465661,"",1.46918299092212,2093,0.721667337114742,SRB,full
total_burned_days_allfire,L1_total_burned_days_human,-0.00974916841169082,0.0469765163994133,-0.207532809133812,0.835857681902302,"",3.36502627806976,2093,0.72675351570383,SRB,full
total_burned_days_allfire,L1_total_burned_days_nature,-0.0540108102926346,0.0560471130551423,-0.963668016932394,0.33666659560381,"",3.36502627806976,2093,0.726999219108006,SRB,full
average_burned_days_allfire,L1_average_burned_days_human,-0.0377755699780224,0.0516748474346564,-0.731024315568423,0.465833486818183,"",0.577453845393825,2093,0.391017557758191,SRB,full
average_burned_days_allfire,L1_average_burned_days_nature,-0.0381189770145914,0.041695290600659,-0.914227397517859,0.361973031046208,"",0.577453845393825,2093,0.391370684715259,SRB,full
total_burned_areas_ha,L1_total_ba_ha_human,-0.0526048548912732,0.044266389445338,-1.18837012800043,0.236448532358468,"",374.241961661925,2093,0.721038300800529,SRB,full
total_burned_areas_ha,L1_total_ba_ha_nature,0.0911040354911496,0.0881831816968543,1.03312257210605,0.303105590998883,"",374.241961661925,2093,0.721006319877938,SRB,full
average_burned_areas_ha,L1_average_ba_ha_human,-0.0692307319664158,0.0289627899165825,-2.39033367178409,0.0179956164840037,**,51.7175045580409,2093,0.523391687817552,SRB,full
average_burned_areas_ha,L1_average_ba_ha_nature,0.100786574117983,0.0919446825270841,1.09616533928751,0.274653582767333,"",51.7175045580409,2093,0.524903944468126,SRB,full
total_counts_total,L1_total_counts_human,0.0609992167684581,0.0432846434187778,1.40925769396532,0.160699591682126,"",1.46918299092212,2093,0.722150413045797,SRB,full
total_counts_total,L1_total_counts_nature,-0.0564822007502387,0.0717719116357711,-0.786968041716308,0.432464702812831,"",1.46918299092212,2093,0.721892971983094,SRB,full
average_counts_total,L1_average_counts_human,0.0609992167684581,0.0432846434187778,1.40925769396532,0.160699591682126,"",1.46918299092212,2093,0.722150413045797,SRB,full
average_counts_total,L1_average_counts_nature,-0.0564822007502387,0.0717719116357711,-0.786968041716308,0.432464702812831,"",1.46918299092212,2093,0.721892971983094,SRB,full
total_burned_days_allfire,L1_total_burned_days_allfire,-0.0906772702643272,0.0611137255319785,-1.48374640025634,0.153465424550277,"",0.835164835164835,273,0.584658763393891,SRB,nature_subsample
total_burned_days_allfire,L1_total_burned_days_allfire,-0.0453531714056518,0.0443412445606241,-1.02282134511683,0.310071264601067,"",5.48642533936652,884,0.825177422215967,SRB,human_subsample
average_burned_days_allfire,L1_average_burned_days_allfire,-0.0384607158080227,0.0351789791163725,-1.09328686545434,0.287261878490207,"",0.409462759462759,273,0.560833316461847,SRB,nature_subsample
average_burned_days_allfire,L1_average_burned_days_allfire,0.0277454438256811,0.0660395805807805,0.420133555992872,0.675732227851929,"",0.739087160835282,884,0.458387288345004,SRB,human_subsample
total_burned_areas_ha,L1_total_burned_areas_ha,-0.13841577775437,0.0728023257492946,-1.9012548889032,0.0717754578430675,*,50.8847763797559,273,0.6033796235855,SRB,nature_subsample
total_burned_areas_ha,L1_total_burned_areas_ha,-0.040084961399534,0.0525264664302305,-0.763138359074235,0.448059644593952,"",661.978096319915,884,0.815902708282737,SRB,human_subsample
average_burned_areas_ha,L1_average_burned_areas_ha,-0.160886228154222,0.0683618252686734,-2.35345132348225,0.0289413879347514,**,25.0345832587514,273,0.573425132907545,SRB,nature_subsample
average_burned_areas_ha,L1_average_burned_areas_ha,0.119739313716249,0.112703830809134,1.0624245232536,0.291857490597409,"",78.1994403119923,884,0.605780585793242,SRB,human_subsample
total_counts_total,L1_total_counts_total,0.00343350515853639,0.0777838189676848,0.0441416377352575,0.965229253506639,"",0.289377289377289,273,0.706130629392444,SRB,nature_subsample
total_counts_total,L1_total_counts_total,-0.0191252066575848,0.0446043807589693,-0.42877417715835,0.669463038659667,"",2.38122171945701,884,0.795886058159562,SRB,human_subsample
average_counts_total,L1_average_counts_total,0.00343350515853639,0.0777838189676848,0.0441416377352575,0.965229253506639,"",0.289377289377289,273,0.706130629392444,SRB,nature_subsample
average_counts_total,L1_average_counts_total,-0.0191252066575848,0.0446043807589693,-0.42877417715835,0.669463038659667,"",2.38122171945701,884,0.795886058159562,SRB,human_subsample
total_burned_days_human,L1_total_burned_days_human,-0.106408427132838,0.00913197804723233,-11.6522867863319,4.87038590827033e-15,***,0.102564102564103,585,0.333878803148822,SSD,full
average_burned_days_human,L1_average_burned_days_human,-0.0626655739048858,0.083102205964819,-0.754078344579866,0.45481900751519,"",0.0475783475783476,585,0.359421965729031,SSD,full
total_ba_ha_human,L1_total_ba_ha_human,-0.157239765454102,0.0078988160456659,-19.906751156761,1.24027104699233e-23,***,7.34472480935571,585,0.305828961133456,SSD,full
average_ba_ha_human,L1_average_ba_ha_human,-0.102933917891087,0.020446863477405,-5.03421554141227,8.61088103495519e-06,***,3.02052582296973,585,0.366360296165006,SSD,full
total_counts_human,L1_total_counts_human,-0.107867315964109,0.0140874731427952,-7.65696692875513,1.26037336192554e-09,***,0.052991452991453,585,0.413099732454353,SSD,full
average_counts_human,L1_average_counts_human,-0.107867315964109,0.0140874731427952,-7.65696692875513,1.26037336192554e-09,***,0.052991452991453,585,0.413099732454353,SSD,full
total_burned_days_nature,L1_total_burned_days_nature,-0.0164028568517078,0.0868368669825527,-0.188892775864466,0.85104545446697,"",1809.20854700855,585,0.913929509705181,SSD,full
average_burned_days_nature,L1_average_burned_days_nature,-0.05922265073907,0.0799122389633496,-0.741096126292138,0.462572245278562,"",2.83901199704614,585,0.705211170751937,SSD,full
total_ba_ha_nature,L1_total_ba_ha_nature,-0.1053618881268,0.0531465377831367,-1.98247886921114,0.0536915344410843,*,513225.278202954,585,0.844993586701943,SSD,full
average_ba_ha_nature,L1_average_ba_ha_nature,-0.0960664285098997,0.0940490250792696,-1.02145055123038,0.312624562493904,"",872.355789873111,585,0.593503254280911,SSD,full
total_counts_nature,L1_total_counts_nature,-0.0857061653911501,0.0872614889710642,-0.982176288781529,0.331383035922415,"",670.292307692308,585,0.935617081881355,SSD,full
average_counts_nature,L1_average_counts_nature,-0.0857061653911501,0.0872614889710642,-0.982176288781529,0.331383035922415,"",670.292307692308,585,0.935617081881355,SSD,full
total_burned_days_allfire,L1_total_burned_days_allfire,-0.0249511275518373,0.082239586778319,-0.303395585134618,0.763018394962323,"",1887.13504273504,585,0.917917254492765,SSD,full
average_burned_days_allfire,L1_average_burned_days_allfire,-0.0543549486539379,0.067690998675702,-0.802986360333444,0.426299061283529,"",2.95083430297946,585,0.713332911349478,SSD,full
total_burned_areas_ha,L1_total_burned_areas_ha,0.0258930713388278,0.123910961846666,0.20896513878142,0.835439885775038,"",3158702.26227437,585,0.898351656772032,SSD,full
average_burned_areas_ha,L1_average_burned_areas_ha,-0.11252329694195,0.114385109507552,-0.983723296033743,0.330630177789665,"",4018.80696808632,585,0.796294128322126,SSD,full
total_counts_total,L1_total_counts_total,-0.0871047301951216,0.0872015749723802,-0.998889414815165,0.323310182017496,"",671.545299145299,585,0.935677161727097,SSD,full
average_counts_total,L1_average_counts_total,-0.0871047301951216,0.0872015749723802,-0.998889414815165,0.323310182017496,"",671.545299145299,585,0.935677161727097,SSD,full
total_burned_days_allfire,L1_total_burned_days_human,-15.8189301600562,9.04378968765862,-1.74914838871619,0.087238527934659,*,1887.13504273504,585,0.917995566307458,SSD,full
total_burned_days_allfire,L1_total_burned_days_nature,-0.0276616271341848,0.0869940940160867,-0.317971322617254,0.752010941455824,"",1887.13504273504,585,0.917925637084573,SSD,full
average_burned_days_allfire,L1_average_burned_days_human,0.0132833922460377,0.0413475482965537,0.321261907737946,0.749533033564616,"",2.95083430297946,585,0.712536197022088,SSD,full
average_burned_days_allfire,L1_average_burned_days_nature,-0.0426623903152706,0.0751399100817672,-0.567772709188039,0.573075297333809,"",2.95083430297946,585,0.713008435159146,SSD,full
total_burned_areas_ha,L1_total_ba_ha_human,14.6216841757701,184.553035029199,0.0792275465611107,0.937210872711535,"",3158702.26227437,585,0.898290882312399,SSD,full
total_burned_areas_ha,L1_total_ba_ha_nature,-0.912014866676165,0.422306495687765,-2.15960416424773,0.0362940567191028,**,3158702.26227437,585,0.899564584124752,SSD,full
average_burned_areas_ha,L1_average_ba_ha_human,2.71367304502949,3.80129441949494,0.713881311353421,0.479070518451967,"",4018.80696808632,585,0.793357025695038,SSD,full
average_burned_areas_ha,L1_average_ba_ha_nature,0.0303594229628673,0.180260531929877,0.168419690310674,0.867024934300273,"",4018.80696808632,585,0.793260036235576,SSD,full
total_counts_total,L1_total_counts_human,-13.2669598024576,12.7713609379233,-1.03880548572256,0.304570270051166,"",671.545299145299,585,0.935273653781532,SSD,full
total_counts_total,L1_total_counts_nature,-0.0862295794923127,0.0873199009667652,-0.987513482466414,0.328790508159421,"",671.545299145299,585,0.935665959416177,SSD,full
average_counts_total,L1_average_counts_human,-13.2669598024576,12.7713609379233,-1.03880548572256,0.304570270051166,"",671.545299145299,585,0.935273653781532,SSD,full
average_counts_total,L1_average_counts_nature,-0.0862295794923127,0.0873199009667652,-0.987513482466414,0.328790508159421,"",671.545299145299,585,0.935665959416177,SSD,full
total_burned_days_human,L1_total_burned_days_human,-0.174967865604929,0.0149884464837522,-11.6735157172292,3.45083023809987e-17,***,0.0198511166253102,806,0.338199246897232,SUR,full
average_burned_days_human,L1_average_burned_days_human,-0.163526249473977,0.0242134928144174,-6.75351758324636,6.13476513422944e-09,***,0.0186104218362283,806,0.330872694703329,SUR,full
total_ba_ha_human,L1_total_ba_ha_human,-0.188801786378343,0.0318062313551279,-5.93599990738619,1.49689697624876e-07,***,0.689422441975439,806,0.467525694374044,SUR,full
average_ba_ha_human,L1_average_ba_ha_human,-0.137259465048794,0.0074838757628146,-18.3406926302545,1.65647494073634e-26,***,0.583358140529767,806,0.436751261164944,SUR,full
total_counts_human,L1_total_counts_human,-0.209430494184674,0.0108674259878685,-19.2713982518459,1.25269198008731e-27,***,0.0136476426799008,806,0.560877592005376,SUR,full
average_counts_human,L1_average_counts_human,-0.209430494184674,0.0108674259878685,-19.2713982518459,1.25269198008731e-27,***,0.0136476426799008,806,0.560877592005376,SUR,full
total_burned_days_nature,L1_total_burned_days_nature,-0.0259262035175911,0.0339011305924571,-0.764759259190005,0.447363456986944,"",5.71588089330025,806,0.850448404187138,SUR,full
average_burned_days_nature,L1_average_burned_days_nature,-0.196522489178513,0.0443906307655386,-4.42711639346828,4.0238085817847e-05,***,0.337048190115627,806,0.609751885907918,SUR,full
total_ba_ha_nature,L1_total_ba_ha_nature,-0.311558619465143,0.0840162101588254,-3.7083155604873,0.000452570669945495,***,792.527110725325,806,0.6701291044129,SUR,full
average_ba_ha_nature,L1_average_ba_ha_nature,-0.368014538551969,0.0225533429517657,-16.3175161810395,6.29498412196092e-24,***,38.8112411692764,806,0.690788580775058,SUR,full
total_counts_nature,L1_total_counts_nature,0.169327008230263,0.062229695400387,2.72100011322263,0.00846968721191633,***,2.212158808933,806,0.860466212461801,SUR,full
average_counts_nature,L1_average_counts_nature,0.169327008230263,0.062229695400387,2.72100011322263,0.00846968721191633,***,2.212158808933,806,0.860466212461801,SUR,full
total_burned_days_allfire,L1_total_burned_days_allfire,-0.0255152785655764,0.0338306775197113,-0.75420536732408,0.453627625601177,"",5.73573200992556,806,0.85034716801768,SUR,full
average_burned_days_allfire,L1_average_burned_days_allfire,-0.199062944918991,0.0404316364743264,-4.92344516021244,6.80001371989002e-06,***,0.352867048676421,806,0.609451849163783,SUR,full
total_burned_areas_ha,L1_total_burned_areas_ha,-0.311570289866147,0.0840145069693032,-3.70852964690951,0.000452259071541384,***,793.2165331673,806,0.670121274245035,SUR,full
average_burned_areas_ha,L1_average_burned_areas_ha,-0.367353447986334,0.0227550029936392,-16.143854082947,1.07150532657076e-23,***,39.1714235074405,806,0.690797947981295,SUR,full
total_counts_total,L1_total_counts_total,0.169150857876644,0.0623299968382283,2.71379538676472,0.00863540488363997,***,2.2258064516129,806,0.860308998076932,SUR,full
average_counts_total,L1_average_counts_total,0.169150857876644,0.0623299968382283,2.71379538676472,0.00863540488363997,***,2.2258064516129,806,0.860308998076932,SUR,full
total_burned_days_allfire,L1_total_burned_days_human,0.118734725790656,0.312678413694755,0.379734323158515,0.705461508036903,"",5.73573200992556,806,0.850245023774776,SUR,full
total_burned_days_allfire,L1_total_burned_days_nature,-0.0255921763438023,0.0338503308550268,-0.756039178860843,0.452535556289293,"",5.73573200992556,806,0.850347752909776,SUR,full
average_burned_days_allfire,L1_average_burned_days_human,-0.195775784785819,0.118855894177766,-1.64716934015076,0.104665753349246,"",0.352867048676421,806,0.59521507856263,SUR,full
average_burned_days_allfire,L1_average_burned_days_nature,-0.19158202293286,0.0455098469710368,-4.20968286390385,8.54711863924884e-05,***,0.352867048676421,806,0.607435041148708,SUR,full
total_burned_areas_ha,L1_total_ba_ha_human,-9.81397763356827,11.4507590584372,-0.85705913324035,0.394766858609254,"",793.2165331673,806,0.639485895090846,SUR,full
total_burned_areas_ha,L1_total_ba_ha_nature,-0.311544169813641,0.0840166186901219,-3.70812554314651,0.000452847408220973,***,793.2165331673,806,0.670116456982299,SUR,full
average_burned_areas_ha,L1_average_ba_ha_human,-0.127035892517451,0.418939981889636,-0.303231722941442,0.762745056018599,"",39.1714235074405,806,0.64100121569747,SUR,full
average_burned_areas_ha,L1_average_ba_ha_nature,-0.36753363438104,0.0227245661881824,-16.1734059668066,9.78532241868452e-24,***,39.1714235074405,806,0.690858197618894,SUR,full
total_counts_total,L1_total_counts_human,0.126621682816159,0.181731087805865,0.696753012073661,0.488604144286901,"",2.2258064516129,806,0.855978526947157,SUR,full
total_counts_total,L1_total_counts_nature,0.169273675831055,0.0623236913255337,2.71604059757777,0.00858344642822449,***,2.2258064516129,806,0.860310182314626,SUR,full
average_counts_total,L1_average_counts_human,0.126621682816159,0.181731087805865,0.696753012073661,0.488604144286901,"",2.2258064516129,806,0.855978526947157,SUR,full
average_counts_total,L1_average_counts_nature,0.169273675831055,0.0623236913255337,2.71604059757777,0.00858344642822449,***,2.2258064516129,806,0.860310182314626,SUR,full
total_burned_days_allfire,L1_total_burned_days_allfire,-0.047943550129056,0.0563053409053238,-0.851492049567235,0.401985362761123,"",12.4945054945055,364,0.878957504289132,SUR,nature_subsample
total_burned_days_allfire,L1_total_burned_days_allfire,-0.141864446627737,0.0481437667038491,-2.94668357589051,0.00828224877675276,***,0.0269230769230765,260,0.244332803690355,SUR,human_subsample
average_burned_days_allfire,L1_average_burned_days_allfire,-0.199298948430016,0.060986892739235,-3.2678980593776,0.0029504664473937,***,0.63024956382746,364,0.727641858629304,SUR,nature_subsample
average_burned_days_allfire,L1_average_burned_days_allfire,-0.141864446627737,0.0481437667038491,-2.94668357589051,0.00828224877675276,***,0.0269230769230765,260,0.244332803690355,SUR,human_subsample
total_burned_areas_ha,L1_total_burned_areas_ha,-0.345681253996815,0.101907365502316,-3.39211255528884,0.00215323072860545,***,1746.89612964803,364,0.682722072588838,SUR,nature_subsample
total_burned_areas_ha,L1_total_burned_areas_ha,-0.140093375826637,0.0466477117056331,-3.00322075197785,0.00730940713076521,***,1.72627266307852,260,0.242855503244863,SUR,human_subsample
average_burned_areas_ha,L1_average_burned_areas_ha,-0.389481198475835,0.029098711462947,-13.3848262996725,1.96030711306254e-13,***,80.3122476989531,364,0.700849209178325,SUR,nature_subsample
average_burned_areas_ha,L1_average_burned_areas_ha,-0.140093375826637,0.0466477117056331,-3.00322075197785,0.00730940713076521,***,1.72627266307852,260,0.242855503244863,SUR,human_subsample
total_counts_total,L1_total_counts_total,0.146674082142041,0.0725620266701568,2.02136143204452,0.0532579827186739,*,4.81593406593407,364,0.892475019933019,SUR,nature_subsample
total_counts_total,L1_total_counts_total,-0.14216951401778,0.0491479027131804,-2.8926873003607,0.00932732171910752,***,0.00769230769230764,260,0.248155170955207,SUR,human_subsample
average_counts_total,L1_average_counts_total,0.146674082142041,0.0725620266701568,2.02136143204452,0.0532579827186739,*,4.81593406593407,364,0.892475019933019,SUR,nature_subsample
average_counts_total,L1_average_counts_total,-0.14216951401778,0.0491479027131804,-2.8926873003607,0.00932732171910752,***,0.00769230769230764,260,0.248155170955207,SUR,human_subsample
total_burned_days_human,L1_total_burned_days_human,-0.100983251172771,0.0448761353446727,-2.25026621381645,0.0272494898154434,**,0.288218111002921,1027,0.315757809752631,SVK,full
average_burned_days_human,L1_average_burned_days_human,-0.086730285176373,0.0292633768947445,-2.9637825288697,0.00402845397961322,***,0.0779999833553874,1027,0.43030310519557,SVK,full
total_ba_ha_human,L1_total_ba_ha_human,-0.16413968342945,0.0731053770597411,-2.24524775100081,0.0275840263850697,**,15.5560004188395,1027,0.396923290772539,SVK,full
average_ba_ha_human,L1_average_ba_ha_human,-0.179635655394644,0.0307569960864572,-5.84048113442849,1.13920663795941e-07,***,5.08251364639822,1027,0.451615089770413,SVK,full
total_counts_human,L1_total_counts_human,-0.0991906685597907,0.0679832557021189,-1.45904557725821,0.148568055582056,"",0.15968841285297,1027,0.301763157500246,SVK,full
average_counts_human,L1_average_counts_human,-0.0991906685597907,0.0679832557021189,-1.45904557725821,0.148568055582056,"",0.15968841285297,1027,0.301763157500246,SVK,full
total_burned_days_nature,L1_total_burned_days_nature,-0.0791612364920698,0.00507385628910268,-15.6017892469851,1.06955589295971e-25,***,0.0194741966893865,1027,0.185520908714795,SVK,full
average_burned_days_nature,L1_average_burned_days_nature,-0.0800829493805861,0.00468812265119257,-17.0820934815378,4.42158453533306e-28,***,0.0181759169100941,1027,0.185210217384155,SVK,full
total_ba_ha_nature,L1_total_ba_ha_nature,-0.108278780285558,0.0247122676485054,-4.38158010530071,3.62979701284747e-05,***,1.11118861025388,1027,0.216798125435111,SVK,full
average_ba_ha_nature,L1_average_ba_ha_nature,-0.0935566685984096,0.0205118801160094,-4.56109669466083,1.86181948819493e-05,***,0.936464199513256,1027,0.207397113517925,SVK,full
total_counts_nature,L1_total_counts_nature,-0.183137043027314,0.0310026426624504,-5.90714298201181,8.62047892879351e-08,***,0.0243427458617332,1027,0.252163242390839,SVK,full
average_counts_nature,L1_average_counts_nature,-0.183137043027314,0.0310026426624504,-5.90714298201181,8.62047892879351e-08,***,0.0243427458617332,1027,0.252163242390839,SVK,full
total_burned_days_allfire,L1_total_burned_days_allfire,-0.0953370154028753,0.0443958570406952,-2.14743045314983,0.0348645688274371,**,0.307692307692308,1027,0.307088890165063,SVK,full
average_burned_days_allfire,L1_average_burned_days_allfire,-0.0797125350098174,0.0215670350883458,-3.69603585672709,0.000405070474429442,***,0.090901638662106,1027,0.366379135334409,SVK,full
total_burned_areas_ha,L1_total_burned_areas_ha,-0.15945923381494,0.0722003499202487,-2.20856594173125,0.0301408018092502,**,16.6671890290934,1027,0.391393828649018,SVK,full
average_burned_areas_ha,L1_average_burned_areas_ha,-0.16903773173774,0.0313575114882114,-5.39066155811785,7.25238729214653e-07,***,5.91764204166263,1027,0.435459719232461,SVK,full
total_counts_total,L1_total_counts_total,-0.104340187924903,0.0650043760794203,-1.6051255964279,0.112507639007105,"",0.184031158714703,1027,0.295863350396714,SVK,full
average_counts_total,L1_average_counts_total,-0.104340187924903,0.0650043760794203,-1.6051255964279,0.112507639007105,"",0.184031158714703,1027,0.295863350396714,SVK,full
total_burned_days_allfire,L1_total_burned_days_human,-0.0988631302259874,0.0454434454434227,-2.17552012751922,0.0326195137459461,**,0.307692307692308,1027,0.307275795533447,SVK,full
total_burned_days_allfire,L1_total_burned_days_nature,-0.0213128375835728,0.0508132193400671,-0.419434900216355,0.676051278607074,"",0.307692307692308,1027,0.300788630426303,SVK,full
average_burned_days_allfire,L1_average_burned_days_human,-0.0830894887112527,0.029740827837326,-2.79378533663316,0.00655218333970455,***,0.090901638662106,1027,0.365434264410638,SVK,full
average_burned_days_allfire,L1_average_burned_days_nature,-0.0417830623791033,0.0261363931981463,-1.59865449154885,0.113940675857976,"",0.090901638662106,1027,0.362932023441705,SVK,full
total_burned_areas_ha,L1_total_ba_ha_human,-0.163471611248542,0.0735233946818563,-2.22339585863657,0.0290831403245771,**,16.6671890290934,1027,0.391902704614531,SVK,full
total_burned_areas_ha,L1_total_ba_ha_nature,0.0685577010386549,0.117641883326879,0.582766095712368,0.561731784716178,"",16.6671890290934,1027,0.375544575482141,SVK,full
average_burned_areas_ha,L1_average_ba_ha_human,-0.181374311704431,0.0343217258563701,-5.28453354774316,1.11298259386763e-06,***,5.91764204166263,1027,0.43639216868473,SVK,full
average_burned_areas_ha,L1_average_ba_ha_nature,-0.0102041181948439,0.05344729140587,-0.190919276289522,0.849084907550207,"",5.91764204166263,1027,0.419021588549543,SVK,full
total_counts_total,L1_total_counts_human,-0.10215783102019,0.068245295563989,-1.49692121890517,0.138449514259239,"",0.184031158714703,1027,0.295161891264491,SVK,full
total_counts_total,L1_total_counts_nature,-0.162115353073368,0.0471506448710761,-3.43824254189183,0.000942361411579906,***,0.184031158714703,1027,0.288878157845818,SVK,full
average_counts_total,L1_average_counts_human,-0.10215783102019,0.068245295563989,-1.49692121890517,0.138449514259239,"",0.184031158714703,1027,0.295161891264491,SVK,full
average_counts_total,L1_average_counts_nature,-0.162115353073368,0.0471506448710761,-3.43824254189183,0.000942361411579906,***,0.184031158714703,1027,0.288878157845818,SVK,full
total_burned_days_human,L1_total_burned_days_human,-0.0721745472715231,0.00927569679352186,-7.78103778919658,4.39799598343675e-13,***,0.0236378205128205,2496,0.241492174996955,SVN,full
average_burned_days_human,L1_average_burned_days_human,-0.0738580088073686,0.00625084939709786,-11.8156756170864,1.54530484220968e-24,***,0.0186298076923077,2496,0.237498069664029,SVN,full
total_ba_ha_human,L1_total_ba_ha_human,-0.0744705844825336,0.00910862536401315,-8.17583131443259,3.99803805336822e-14,***,5.97430086077549,2496,0.25076427518393,SVN,full
average_ba_ha_human,L1_average_ba_ha_human,-0.0778796343066738,0.00565441246938379,-13.7732496043326,2.00740055568924e-30,***,5.00875127924057,2496,0.235745784916692,SVN,full
total_counts_human,L1_total_counts_human,-0.122104009054271,0.0244606836337672,-4.99184777017885,1.34252335027863e-06,***,0.00681089743589744,2496,0.280792345850798,SVN,full
average_counts_human,L1_average_counts_human,-0.122104009054271,0.0244606836337672,-4.99184777017885,1.34252335027863e-06,***,0.00681089743589744,2496,0.280792345850798,SVN,full
total_burned_days_nature,L1_total_burned_days_nature,-0.0858168707154549,0.00682599396540056,-12.5720695257631,8.36201451729178e-27,***,0.0136217948717949,2496,0.299031747574041,SVN,full
average_burned_days_nature,L1_average_burned_days_nature,-0.0921111060199039,0.0124538622813363,-7.39618794066353,4.30434171523595e-12,***,0.00784588675213675,2496,0.333896899847771,SVN,full
total_ba_ha_nature,L1_total_ba_ha_nature,-0.072047353380749,0.00921505904787865,-7.81843643175945,3.51283546778603e-13,***,1.73285795511876,2496,0.255864836422364,SVN,full
average_ba_ha_nature,L1_average_ba_ha_nature,-0.0741960871585496,0.00848884684365634,-8.74042005057446,1.18304132167227e-15,***,1.07175484867444,2496,0.235363940834793,SVN,full
total_counts_nature,L1_total_counts_nature,-0.0728531286992612,0.00877545526127463,-8.30192013179717,1.83765809808137e-14,***,0.0200320512820513,2496,0.275040363402527,SVN,full
average_counts_nature,L1_average_counts_nature,-0.0728531286992612,0.00877545526127463,-8.30192013179717,1.83765809808137e-14,***,0.0200320512820513,2496,0.275040363402527,SVN,full
total_burned_days_allfire,L1_total_burned_days_allfire,-0.0699085799744316,0.0103711731729916,-6.74066268187346,1.81533331908554e-10,***,0.0372596153846154,2496,0.251079262787424,SVN,full
average_burned_days_allfire,L1_average_burned_days_allfire,-0.072253337640693,0.00719855726736088,-10.0371970322857,2.62054048063974e-19,***,0.0256543803418803,2496,0.246869649142106,SVN,full
total_burned_areas_ha,L1_total_burned_areas_ha,-0.0728531285707188,0.00902722999289152,-8.07037470277005,7.6275423826083e-14,***,7.70715881589425,2496,0.250863484526282,SVN,full
average_burned_areas_ha,L1_average_burned_areas_ha,-0.0767917235172645,0.00573446383907403,-13.3912647585313,2.85009112206407e-29,***,5.85319704882588,2496,0.235793972925824,SVN,full
total_counts_total,L1_total_counts_total,-0.0709115451446214,0.0101082792167297,-7.01519453748959,3.87707923761332e-11,***,0.0268429487179487,2496,0.284219116309829,SVN,full
average_counts_total,L1_average_counts_total,-0.0709115451446214,0.0101082792167297,-7.01519453748959,3.87707923761332e-11,***,0.0268429487179487,2496,0.284219116309829,SVN,full
total_burned_days_allfire,L1_total_burned_days_human,-0.0716899547285874,0.00881278057088918,-8.13477133033327,5.14367820427031e-14,***,0.0372596153846154,2496,0.250727977589028,SVN,full
total_burned_days_allfire,L1_total_burned_days_nature,-0.0577793595838713,0.028183024751012,-2.05014756557657,0.0417163235902296,**,0.0372596153846154,2496,0.247697728808066,SVN,full
average_burned_days_allfire,L1_average_burned_days_human,-0.0723208382822885,0.00590374659582994,-12.2499902576055,7.7515489429189e-26,***,0.0256543803418803,2496,0.246706056935562,SVN,full
average_burned_days_allfire,L1_average_burned_days_nature,-0.05575350746643,0.0350918087736045,-1.58878978926749,0.113761800570913,"",0.0256543803418803,2496,0.243017510637022,SVN,full
total_burned_areas_ha,L1_total_ba_ha_human,-0.0739064412495231,0.00886677839013809,-8.33520789599571,1.49540536349354e-14,***,7.70715881589425,2496,0.25087754600599,SVN,full
total_burned_areas_ha,L1_total_ba_ha_nature,-0.0330621672161312,0.0364012374283433,-0.908270420235433,0.364879947604543,"",7.70715881589425,2496,0.246811538853891,SVN,full
average_burned_areas_ha,L1_average_ba_ha_human,-0.077395686141914,0.00564465976154958,-13.7113111173006,3.08655983457858e-30,***,5.85319704882588,2496,0.235823579572159,SVN,full
average_burned_areas_ha,L1_average_ba_ha_nature,-0.0171403383871362,0.0240232520324851,-0.713489512742005,0.476413787326138,"",5.85319704882588,2496,0.231189868978363,SVN,full
total_counts_total,L1_total_counts_human,-0.0829743770124864,0.0701997896062513,-1.18197472496552,0.238685176570177,"",0.0268429487179487,2496,0.281299795570134,SVN,full
total_counts_total,L1_total_counts_nature,-0.0809986090978846,0.00950492269930474,-8.52175358604541,4.68050871356372e-15,***,0.0268429487179487,2496,0.28405034415605,SVN,full
average_counts_total,L1_average_counts_human,-0.0829743770124864,0.0701997896062513,-1.18197472496552,0.238685176570177,"",0.0268429487179487,2496,0.281299795570134,SVN,full
average_counts_total,L1_average_counts_nature,-0.0809986090978846,0.00950492269930474,-8.52175358604541,4.68050871356372e-15,***,0.0268429487179487,2496,0.28405034415605,SVN,full
total_burned_days_human,L1_total_burned_days_human,-0.0841679679989214,0.000642543960153072,-130.991765884579,2.20178209158175e-259,***,0.00928381962864722,3770,0.240182868127437,SWE,full
average_burned_days_human,L1_average_burned_days_human,-0.0837936389605452,0.000557177471066411,-150.389495828265,1.82357234656605e-276,***,0.00307692307692308,3770,0.230562127274343,SWE,full
total_ba_ha_human,L1_total_ba_ha_human,-0.0842913418227343,0.000757728369541473,-111.242161717849,2.85256590680494e-239,***,0.395035969028369,3770,0.237127551014319,SWE,full
average_ba_ha_human,L1_average_ba_ha_human,-0.0841191094329842,0.00151102867175353,-55.6700948204807,1.62292911492675e-156,***,0.154019146798754,3770,0.20255244191512,SWE,full
total_counts_human,L1_total_counts_human,-0.0842942945706526,0.000841554515750398,-100.164983958869,1.94068150328522e-226,***,0.00397877984084881,3770,0.241758069103332,SWE,full
average_counts_human,L1_average_counts_human,-0.0842942945706526,0.000841554515750398,-100.164983958869,1.94068150328522e-226,***,0.00397877984084881,3770,0.241758069103332,SWE,full
total_burned_days_nature,L1_total_burned_days_nature,-0.0759633048723395,0.0066402338679205,-11.4398538339627,3.0242772627146e-25,***,0.0416445623342175,3770,0.319568875949071,SWE,full
average_burned_days_nature,L1_average_burned_days_nature,-0.0805896205654954,0.00327224974308335,-24.6281998297471,5.99652926670106e-73,***,0.0115456956836267,3770,0.324258771147417,SWE,full
total_ba_ha_nature,L1_total_ba_ha_nature,-0.0815081200113102,0.00267422689791225,-30.4791340162434,2.84661112932585e-92,***,17.1787677308999,3770,0.394662015308771,SWE,full
average_ba_ha_nature,L1_average_ba_ha_nature,-0.0830965501331566,0.000808568361953973,-102.769974739485,1.42303593369591e-229,***,4.71845862878119,3770,0.360422963511104,SWE,full
total_counts_nature,L1_total_counts_nature,-0.0740478458598734,0.00736161438338404,-10.0586423036511,1.32612770586775e-20,***,0.010079575596817,3770,0.289421078492699,SWE,full
average_counts_nature,L1_average_counts_nature,-0.0740478458598734,0.00736161438338404,-10.0586423036511,1.32612770586775e-20,***,0.010079575596817,3770,0.289421078492699,SWE,full
total_burned_days_allfire,L1_total_burned_days_allfire,-0.0765301139800751,0.00597751069253952,-12.8030074585382,4.94615031642055e-30,***,0.0509283819628647,3770,0.311095241598825,SWE,full
average_burned_days_allfire,L1_average_burned_days_allfire,-0.0802174195278693,0.00286429023617972,-28.0060374170951,2.49453413138456e-84,***,0.01382686279238,3770,0.320667007490077,SWE,full
total_burned_areas_ha,L1_total_burned_areas_ha,-0.0813961707688848,0.00267284191421986,-30.4530433827182,3.43859105666392e-92,***,17.5738036999282,3770,0.394446678050658,SWE,full
average_burned_areas_ha,L1_average_burned_areas_ha,-0.0828345088182295,0.000905276238638953,-91.5019143137656,1.97351256956418e-215,***,4.84858910404305,3770,0.360088901212031,SWE,full
total_counts_total,L1_total_counts_total,-0.0739995511202665,0.00605474953034304,-12.2217361344878,5.69746406100961e-28,***,0.0140583554376658,3770,0.276653948159186,SWE,full
average_counts_total,L1_average_counts_total,-0.0739995511202665,0.00605474953034304,-12.2217361344878,5.69746406100961e-28,***,0.0140583554376658,3770,0.276653948159186,SWE,full
total_burned_days_allfire,L1_total_burned_days_human,-0.0815884366636468,0.0035011589272188,-23.3032656785043,2.52183111013642e-68,***,0.0509283819628647,3770,0.307284496765174,SWE,full
total_burned_days_allfire,L1_total_burned_days_nature,-0.0762403758977967,0.00657264882179644,-11.5996423915067,8.48660377643323e-26,***,0.0509283819628647,3770,0.310596167193087,SWE,full
average_burned_days_allfire,L1_average_burned_days_human,-0.082352326221477,0.00418944615038109,-19.6570914783058,3.30611422444806e-55,***,0.01382686279238,3770,0.316656697468105,SWE,full
average_burned_days_allfire,L1_average_burned_days_nature,-0.0763328394609607,0.00444447755786736,-17.1747609178138,4.72081694177273e-46,***,0.01382686279238,3770,0.319969698420326,SWE,full
total_burned_areas_ha,L1_total_ba_ha_human,-0.0110934563861643,0.0569025805913259,-0.194955242290985,0.84556497093501,"",17.5738036999282,3770,0.390317309632474,SWE,full
total_burned_areas_ha,L1_total_ba_ha_nature,-0.0814768227992957,0.00266852121237794,-30.5325745290557,1.93365423951162e-92,***,17.5738036999282,3770,0.394450151160351,SWE,full
average_burned_areas_ha,L1_average_ba_ha_human,0.0326425684009288,0.107234776780244,0.304402819505311,0.761040094939856,"",4.84858910404305,3770,0.355621666183697,SWE,full
average_burned_areas_ha,L1_average_ba_ha_nature,-0.0829691286059463,0.000853948071019568,-97.1594543294484,1.00406450158267e-222,***,4.84858910404305,3770,0.360097706691365,SWE,full
total_counts_total,L1_total_counts_human,-0.0796924718075545,0.00440867491257415,-18.076286727393,2.17761066344175e-49,***,0.0140583554376658,3770,0.273492324661669,SWE,full
total_counts_total,L1_total_counts_nature,-0.0740021763773594,0.00725810425688041,-10.1957995859881,4.71105541344624e-21,***,0.0140583554376658,3770,0.275737774979382,SWE,full
average_counts_total,L1_average_counts_human,-0.0796924718075545,0.00440867491257415,-18.076286727393,2.17761066344175e-49,***,0.0140583554376658,3770,0.273492324661669,SWE,full
average_counts_total,L1_average_counts_nature,-0.0740021763773594,0.00725810425688041,-10.1957995859881,4.71105541344624e-21,***,0.0140583554376658,3770,0.275737774979382,SWE,full
total_burned_days_allfire,L1_total_burned_days_allfire,-0.0765497496848627,0.00724789737083643,-10.5616492298688,1.05236723525339e-10,***,0.177514792899408,338,0.369478793721924,SWE,nature_subsample
total_burned_days_allfire,L1_total_burned_days_allfire,-0.0867916387123886,0.00229796957987131,-37.7688370954192,3.28391245631444e-60,***,0.0124320124320124,1287,0.522554547582716,SWE,human_subsample
average_burned_days_allfire,L1_average_burned_days_allfire,-0.0767451342240198,0.00720191738054848,-10.6562086412292,8.7566945198384e-11,***,0.0562130177514793,338,0.417660645052224,SWE,nature_subsample
average_burned_days_allfire,L1_average_burned_days_allfire,-0.0872876287121555,0.00349791089316351,-24.9542173537796,2.99225663947598e-44,***,0.00435120435120435,1287,0.307769229993214,SWE,human_subsample
total_burned_areas_ha,L1_total_burned_areas_ha,-0.0786745288535142,0.00672870848863405,-11.6923669655788,1.25080569062044e-11,***,32.9020637655506,338,0.394994878648407,SWE,nature_subsample
total_burned_areas_ha,L1_total_burned_areas_ha,-0.0868417376653404,0.00221878221487191,-39.1393698233486,1.23801190384715e-61,***,0.503009286009664,1287,0.508478281979101,SWE,human_subsample
average_burned_areas_ha,L1_average_burned_areas_ha,-0.0802449932082501,0.00601807164820084,-13.3340042955853,7.26069754071663e-13,***,10.7704193950014,338,0.506424920217654,SWE,nature_subsample
average_burned_areas_ha,L1_average_burned_areas_ha,-0.0873584826949641,0.00387276056827748,-22.5571607525996,1.38862326988536e-40,***,0.194499807848445,1287,0.255132320971782,SWE,human_subsample
total_counts_total,L1_total_counts_total,-0.0738042370330676,0.00906146311959182,-8.14484769832537,1.69148475620025e-08,***,0.0355029585798817,338,0.458312847793247,SWE,nature_subsample
total_counts_total,L1_total_counts_total,-0.086772612813083,0.00234105018812404,-37.0656781530245,1.83834032172082e-59,***,0.00466200466200466,1287,0.527525815809044,SWE,human_subsample
average_counts_total,L1_average_counts_total,-0.0738042370330676,0.00906146311959182,-8.14484769832537,1.69148475620025e-08,***,0.0355029585798817,338,0.458312847793247,SWE,nature_subsample
average_counts_total,L1_average_counts_total,-0.086772612813083,0.00234105018812404,-37.0656781530245,1.83834032172082e-59,***,0.00466200466200466,1287,0.527525815809044,SWE,human_subsample
total_burned_days_human,L1_total_burned_days_human,-0.0396592233891103,0.0689886259664764,-0.574866115008319,0.567769335523068,"",0.629370629370629,715,0.52290091106987,SWZ,full
average_burned_days_human,L1_average_burned_days_human,-0.140504887891833,0.04426453646869,-3.17420895147557,0.00248123630323318,***,0.336769896769897,715,0.46517495137792,SWZ,full
total_ba_ha_human,L1_total_ba_ha_human,-0.047569155146836,0.0796960816854748,-0.596881981407448,0.553080607666821,"",36.5299329781155,715,0.519022683366262,SWZ,full
average_ba_ha_human,L1_average_ba_ha_human,-0.0745462580981768,0.0639893488539698,-1.16497916345889,0.24914804380071,"",17.3069801503471,715,0.504894142630915,SWZ,full
total_counts_human,L1_total_counts_human,-0.160822546648027,0.0632336653259493,-2.54330578211841,0.0138777880091021,**,0.309090909090909,715,0.628445944667827,SWZ,full
average_counts_human,L1_average_counts_human,-0.160822546648027,0.0632336653259493,-2.54330578211841,0.0138777880091021,**,0.309090909090909,715,0.628445944667827,SWZ,full
total_burned_days_nature,L1_total_burned_days_nature,-0.0269508336775906,0.0711474947731345,-0.378802286201752,0.706320015706251,"",25.1692307692308,715,0.906526649657642,SWZ,full
average_burned_days_nature,L1_average_burned_days_nature,-0.15272431333547,0.0380100229369448,-4.01800108326232,0.000183053299419624,***,2.11231243935396,715,0.387897686482024,SWZ,full
total_ba_ha_nature,L1_total_ba_ha_nature,-0.0334061662651655,0.0534034382206838,-0.625543361592528,0.534249421782629,"",1922.62504817481,715,0.819915631699487,SWZ,full
average_ba_ha_nature,L1_average_ba_ha_nature,-0.0281484871735517,0.0391203150004161,-0.719536311843406,0.474913217121888,"",202.385490991274,715,0.301000978727202,SWZ,full
total_counts_nature,L1_total_counts_nature,-0.00193178820986629,0.0514566596649288,-0.0375420445564394,0.970191262679413,"",10.2965034965035,715,0.91949830476904,SWZ,full
average_counts_nature,L1_average_counts_nature,-0.00193178820986629,0.0514566596649288,-0.0375420445564394,0.970191262679413,"",10.2965034965035,715,0.91949830476904,SWZ,full
total_burned_days_allfire,L1_total_burned_days_allfire,-0.037254844947125,0.0769120791559134,-0.484382236912402,0.630073530311723,"",25.7986013986014,715,0.90792096922906,SWZ,full
average_burned_days_allfire,L1_average_burned_days_allfire,-0.135827006226885,0.0372094695532794,-3.6503343868527,0.000591738099603471,***,2.14002311532269,715,0.380952753004855,SWZ,full
total_burned_areas_ha,L1_total_burned_areas_ha,-0.0329127101753741,0.0537866368327915,-0.611912402660368,0.543163654986635,"",1959.15498115292,715,0.823502355802972,SWZ,full
average_burned_areas_ha,L1_average_burned_areas_ha,-0.0262705474620614,0.0398675373942855,-0.658945828588525,0.512730723280599,"",202.431617845874,715,0.299613863534661,SWZ,full
total_counts_total,L1_total_counts_total,-0.0155560074204553,0.0529842929552486,-0.293596584059244,0.770191651069272,"",10.6055944055944,715,0.919456884480501,SWZ,full
average_counts_total,L1_average_counts_total,-0.0155560074204553,0.0529842929552486,-0.293596584059244,0.770191651069272,"",10.6055944055944,715,0.919456884480501,SWZ,full
total_burned_days_allfire,L1_total_burned_days_human,0.436779567453232,0.520740200421193,0.838766753747741,0.405297941218413,"",25.7986013986014,715,0.908005702490334,SWZ,full
total_burned_days_allfire,L1_total_burned_days_nature,-0.0432423787681443,0.07455930611069,-0.579972923888899,0.564345088798782,"",25.7986013986014,715,0.907963504383891,SWZ,full
average_burned_days_allfire,L1_average_burned_days_human,-0.0387088208153509,0.0598383036645724,-0.646890343555456,0.520443280758473,"",2.14002311532269,715,0.37026160405795,SWZ,full
average_burned_days_allfire,L1_average_burned_days_nature,-0.133704587807637,0.0390016635286427,-3.42817653686603,0.00117016511899849,***,2.14002311532269,715,0.381137816908995,SWZ,full
total_burned_areas_ha,L1_total_ba_ha_human,0.243517428154988,0.413878273164204,0.58837934712841,0.558730717629663,"",1959.15498115292,715,0.823400628933119,SWZ,full
total_burned_areas_ha,L1_total_ba_ha_nature,-0.035600090500349,0.0536553764104494,-0.663495308056695,0.509836161937456,"",1959.15498115292,715,0.823534243273586,SWZ,full
average_burned_areas_ha,L1_average_ba_ha_human,-0.153182518060385,0.0679807647248342,-2.25332148998944,0.0283222478391008,**,202.431617845874,715,0.29983385364478,SWZ,full
average_burned_areas_ha,L1_average_ba_ha_nature,-0.0278955288942216,0.0392174249426793,-0.71130445038128,0.479957045281407,"",202.431617845874,715,0.299689864396941,SWZ,full
total_counts_total,L1_total_counts_human,-0.287885752756593,0.567860263779865,-0.506965834940325,0.61424285291871,"",10.6055944055944,715,0.91951394868783,SWZ,full
total_counts_total,L1_total_counts_nature,-0.0126471528244585,0.0509881711397158,-0.24804091893791,0.805043561787363,"",10.6055944055944,715,0.919449933628752,SWZ,full
average_counts_total,L1_average_counts_human,-0.287885752756593,0.567860263779865,-0.506965834940325,0.61424285291871,"",10.6055944055944,715,0.91951394868783,SWZ,full
average_counts_total,L1_average_counts_nature,-0.0126471528244585,0.0509881711397158,-0.24804091893791,0.805043561787363,"",10.6055944055944,715,0.919449933628752,SWZ,full
total_burned_days_human,L1_total_burned_days_human,0.237595708997185,0.0513334503410994,4.62847728758566,2.06798837485302e-05,***,13.4205128205128,780,0.83743895156807,SYR,full
average_burned_days_human,L1_average_burned_days_human,-0.0465015860428075,0.0457845043010586,-1.01566210561184,0.313937363424261,"",0.728705857434064,780,0.507974406976196,SYR,full
total_ba_ha_human,L1_total_ba_ha_human,0.088289555999478,0.05537450223828,1.59440811981591,0.116188151552773,"",2517.54358941697,780,0.826457557082522,SYR,full
average_ba_ha_human,L1_average_ba_ha_human,0.0528110117798682,0.0361042166893206,1.46273805728319,0.148845984693524,"",175.932900234559,780,0.61299649696232,SYR,full
total_counts_human,L1_total_counts_human,0.283332369499036,0.0476987258734139,5.94004062605284,1.62592747576469e-07,***,6.22051282051282,780,0.835519049980367,SYR,full
average_counts_human,L1_average_counts_human,0.283332369499036,0.0476987258734139,5.94004062605284,1.62592747576469e-07,***,6.22051282051282,780,0.835519049980367,SYR,full
total_burned_days_nature,L1_total_burned_days_nature,0.0490060790988297,0.0463740489733196,1.05675653051181,0.294930582022935,"",7.33589743589743,780,0.796753788340184,SYR,full
average_burned_days_nature,L1_average_burned_days_nature,-0.0496549842907297,0.0390434284025879,-1.27178852683538,0.208438608317544,"",0.449640941518657,780,0.517765302880403,SYR,full
total_ba_ha_nature,L1_total_ba_ha_nature,0.00979314463520652,0.0602223111949872,0.162616552584612,0.87137603810524,"",989.230249248472,780,0.742430896636711,SYR,full
average_ba_ha_nature,L1_average_ba_ha_nature,-0.0473302754550813,0.0543974957948056,-0.87008188085748,0.387781898993667,"",65.5591675044353,780,0.379412296422433,SYR,full
total_counts_nature,L1_total_counts_nature,0.0348093359973473,0.0340505027803207,1.0222855216536,0.310819270118149,"",3.89230769230769,780,0.777784636253691,SYR,full
average_counts_nature,L1_average_counts_nature,0.0348093359973473,0.0340505027803207,1.0222855216536,0.310819270118149,"",3.89230769230769,780,0.777784636253691,SYR,full
total_burned_days_allfire,L1_total_burned_days_allfire,0.195427965410688,0.0790937062730412,2.4708409128793,0.0163875897446399,**,20.7564102564103,780,0.892148635375693,SYR,full
average_burned_days_allfire,L1_average_burned_days_allfire,-0.0576800598379756,0.044674936542178,-1.2911055796021,0.20170299270735,"",0.962456793379877,780,0.482732655395203,SYR,full
total_burned_areas_ha,L1_total_burned_areas_ha,0.0041909746940109,0.052076081477165,0.0804779195195133,0.936129525917693,"",3506.77383866544,780,0.883163314486189,SYR,full
average_burned_areas_ha,L1_average_burned_areas_ha,0.0321286831521921,0.0293645519368473,1.09413156452342,0.278344164701333,"",201.868835123329,780,0.614864778122897,SYR,full
total_counts_total,L1_total_counts_total,0.119185726522418,0.0889628055604033,1.33972535793618,0.185472227199428,"",10.1128205128205,780,0.885189815721057,SYR,full
average_counts_total,L1_average_counts_total,0.119185726522418,0.0889628055604033,1.33972535793618,0.185472227199428,"",10.1128205128205,780,0.885189815721057,SYR,full
total_burned_days_allfire,L1_total_burned_days_human,0.281992971484139,0.07142056115447,3.94834438326853,0.000212321405191423,***,20.7564102564103,780,0.895415010324457,SYR,full
total_burned_days_allfire,L1_total_burned_days_nature,-0.0867927723133756,0.240760436767706,-0.360494329876616,0.719764941447892,"",20.7564102564102,780,0.887984515823075,SYR,full
average_burned_days_allfire,L1_average_burned_days_human,-0.0503865056443189,0.0516449328879149,-0.975633093641012,0.333229689021916,"",0.962456793379877,780,0.482173558218198,SYR,full
average_burned_days_allfire,L1_average_burned_days_nature,-0.0687163049619847,0.0635527471531164,-1.08124838091464,0.283986437751342,"",0.962456793379877,780,0.481866601204018,SYR,full
total_burned_areas_ha,L1_total_ba_ha_human,0.0400904070514678,0.065734217455117,0.609886427549569,0.544278922167838,"",3506.77383866544,780,0.883373125765908,SYR,full
total_burned_areas_ha,L1_total_ba_ha_nature,-0.103834411454143,0.0901004390712678,-1.15242958330106,0.253792659112101,"",3506.77383866544,780,0.883655095752705,SYR,full
average_burned_areas_ha,L1_average_ba_ha_human,0.0876475919745503,0.0255143737085352,3.43522412016839,0.00108992133334263,***,201.868835123329,780,0.618002676212792,SYR,full
average_burned_areas_ha,L1_average_ba_ha_nature,0.514667153742287,0.451076500492476,1.14097531833377,0.258490347806778,"",201.868835123328,780,0.624116094528463,SYR,full
total_counts_total,L1_total_counts_human,0.313222794675274,0.0559535883786539,5.59790361532501,5.94588669056956e-07,***,10.1128205128205,780,0.892857632349647,SYR,full
total_counts_total,L1_total_counts_nature,-0.216271095950089,0.201450966291726,-1.07356693259491,0.28738812150497,"",10.1128205128205,780,0.886723442447242,SYR,full
average_counts_total,L1_average_counts_human,0.313222794675274,0.0559535883786539,5.59790361532501,5.94588669056956e-07,***,10.1128205128205,780,0.892857632349647,SYR,full
average_counts_total,L1_average_counts_nature,-0.216271095950089,0.201450966291726,-1.07356693259491,0.28738812150497,"",10.1128205128205,780,0.886723442447242,SYR,full
total_burned_days_allfire,L1_total_burned_days_allfire,0.0299344931310925,0.0726866505551368,0.411829309817839,0.691277738842439,"",6.49572649572653,117,0.865208134120372,SYR,nature_subsample
total_burned_days_allfire,L1_total_burned_days_allfire,0.0837141331287569,0.13353310896102,0.626916678418641,0.535456098886888,"",18.5334987593052,403,0.964263202533126,SYR,human_subsample
average_burned_days_allfire,L1_average_burned_days_allfire,0.137646102786108,0.102527075368439,1.34253417735233,0.21627021179921,"",0.644086768705432,117,0.80583286539653,SYR,nature_subsample
average_burned_days_allfire,L1_average_burned_days_allfire,-0.100172380896632,0.0736387116334605,-1.36032229074354,0.18386246745406,"",1.02656028202391,403,0.464142397538942,SYR,human_subsample
total_burned_areas_ha,L1_total_burned_areas_ha,-0.169012121174772,0.185574800811721,-0.910749306670397,0.389044439936728,"",1182.00271848442,117,0.907546708563341,SYR,nature_subsample
total_burned_areas_ha,L1_total_burned_areas_ha,0.277194014252885,0.0943913742797769,2.93664560313826,0.00631693213765913,***,2662.7689381763,403,0.947213515173212,SYR,human_subsample
average_burned_areas_ha,L1_average_burned_areas_ha,-0.422051878420068,0.212633406875773,-1.98488038460788,0.0824237313467168,*,93.9705674491457,117,0.853489524649855,SYR,nature_subsample
average_burned_areas_ha,L1_average_burned_areas_ha,-0.0999995608390963,0.0770179410861,-1.29839306827619,0.204045269942425,"",127.461557102475,403,0.538467218232743,SYR,human_subsample
total_counts_total,L1_total_counts_total,0.0149789507634215,0.0638060033932941,0.234757702517312,0.8202938863895,"",3.56410256410256,117,0.848385258520941,SYR,nature_subsample
total_counts_total,L1_total_counts_total,0.188524680903354,0.118326718306413,1.59325538307553,0.121586048030963,"",8.44665012406948,403,0.974612394195195,SYR,human_subsample
average_counts_total,L1_average_counts_total,0.0149789507634215,0.0638060033932941,0.234757702517312,0.8202938863895,"",3.56410256410256,117,0.848385258520941,SYR,nature_subsample
average_counts_total,L1_average_counts_total,0.188524680903354,0.118326718306413,1.59325538307553,0.121586048030963,"",8.44665012406948,403,0.974612394195195,SYR,human_subsample
total_burned_days_human,L1_total_burned_days_human,-0.097705505878503,0.0181138393674159,-5.39396998596889,1.56436784660344e-06,***,0.034965034965035,715,0.350217663639444,TCD,full
average_burned_days_human,L1_average_burned_days_human,-0.0976595148882472,0.0179267980501781,-5.4476831063134,1.2879757648468e-06,***,0.0272727272727273,715,0.337651763296639,TCD,full
total_ba_ha_human,L1_total_ba_ha_human,-0.0705441261339951,0.0118712257756674,-5.94244667459616,2.10880337295059e-07,***,1.49496457390151,715,0.396575037987961,TCD,full
average_ba_ha_human,L1_average_ba_ha_human,-0.0617458725313578,0.0382878866904149,-1.6126738211126,0.112645107084313,"",0.891969705133827,715,0.388688748783099,TCD,full
total_counts_human,L1_total_counts_human,0.0731317124735241,0.0870573304962486,0.840040833513444,0.404589507783885,"",0.013986013986014,715,0.428018102336686,TCD,full
average_counts_human,L1_average_counts_human,0.0731317124735241,0.0870573304962486,0.840040833513444,0.404589507783885,"",0.013986013986014,715,0.428018102336686,TCD,full
total_burned_days_nature,L1_total_burned_days_nature,0.112882004711804,0.0798374521598816,1.41389788448845,0.163131427572083,"",799.055944055944,715,0.985689032560412,TCD,full
average_burned_days_nature,L1_average_burned_days_nature,-0.0863101448368762,0.0659090549812062,-1.30953394585141,0.19589799311604,"",2.18162494793337,715,0.776173901152142,TCD,full
total_ba_ha_nature,L1_total_ba_ha_nature,-0.08611957004014,0.0801893320762938,-1.07395295371963,0.287619415137823,"",196674.89967638,715,0.958340855825087,TCD,full
average_ba_ha_nature,L1_average_ba_ha_nature,0.126090349189116,0.106586485575532,1.18298627174232,0.24199684665657,"",1420.00489280162,715,0.716443303683774,TCD,full
total_counts_nature,L1_total_counts_nature,0.0834823186296228,0.0713669005659696,1.16976242442327,0.247233806795412,"",303.342657342657,715,0.986181840058298,TCD,full
average_counts_nature,L1_average_counts_nature,0.0834823186296228,0.0713669005659696,1.16976242442327,0.247233806795412,"",303.342657342657,715,0.986181840058298,TCD,full
total_burned_days_allfire,L1_total_burned_days_allfire,0.110920161208585,0.0845310713376566,1.31218212963986,0.195009294242042,"",804.230769230769,715,0.986025120862564,TCD,full
average_burned_days_allfire,L1_average_burned_days_allfire,-0.0831980700890967,0.0663706792408314,-1.25353651703949,0.215410712183585,"",2.19097923879251,715,0.778001699311523,TCD,full
total_burned_areas_ha,L1_total_burned_areas_ha,-0.0514366041432263,0.052385948984813,-0.981877872597823,0.330538854801319,"",224323.599564933,715,0.965863807706919,TCD,full
average_burned_areas_ha,L1_average_burned_areas_ha,0.120643004882979,0.105977867957355,1.13837924095175,0.259987542690759,"",1500.5505640278,715,0.728046959929856,TCD,full
total_counts_total,L1_total_counts_total,0.0822623610113421,0.0716014903215272,1.14889174292242,0.25566422526587,"",303.535664335664,715,0.986200591164713,TCD,full
average_counts_total,L1_average_counts_total,0.0822623610113421,0.0716014903215272,1.14889174292242,0.25566422526587,"",303.535664335664,715,0.986200591164713,TCD,full
total_burned_days_allfire,L1_total_burned_days_human,28.8801749197416,16.9657921668502,1.70225914803856,0.0944576778001042,*,804.230769230769,715,0.985923556936081,TCD,full
total_burned_days_allfire,L1_total_burned_days_nature,0.117530317193492,0.0851295314926613,1.38060570912015,0.173088312393315,"",804.230769230769,715,0.98604828128245,TCD,full
average_burned_days_allfire,L1_average_burned_days_human,0.067421719881741,0.0284640810016853,2.36865964082062,0.0214601375001489,**,2.19097923879251,715,0.776947127878219,TCD,full
average_burned_days_allfire,L1_average_burned_days_nature,-0.0858865620006865,0.0659853375113949,-1.30160070767017,0.198578551510255,"",2.19097923879251,715,0.77810645418216,TCD,full
total_burned_areas_ha,L1_total_ba_ha_human,306.320483302172,99.2765175337889,3.08552808772644,0.00320185256799059,***,224323.599564933,715,0.965955444150513,TCD,full
total_burned_areas_ha,L1_total_ba_ha_nature,-0.0691482149138774,0.0550473063896131,-1.25615982777542,0.214465566365182,"",224323.599564933,715,0.965913554959928,TCD,full
average_burned_areas_ha,L1_average_ba_ha_human,0.719397609488026,3.56571772379841,0.20175394274387,0.840867209560233,"",1500.5505640278,715,0.723789574120413,TCD,full
average_burned_areas_ha,L1_average_ba_ha_nature,0.136064697267405,0.100477906848095,1.35417527629344,0.181320439203141,"",1500.5505640278,715,0.729307027434981,TCD,full
total_counts_total,L1_total_counts_human,23.3872754586912,25.9395929114018,0.901605338933875,0.371270439043292,"",303.535664335664,715,0.986140158962165,TCD,full
total_counts_total,L1_total_counts_nature,0.082980362602472,0.0715591927646129,1.15960450917086,0.251311633890927,"",303.535664335664,715,0.986202169463578,TCD,full
average_counts_total,L1_average_counts_human,23.3872754586912,25.9395929114018,0.901605338933875,0.371270439043292,"",303.535664335664,715,0.986140158962165,TCD,full
average_counts_total,L1_average_counts_nature,0.082980362602472,0.0715591927646129,1.15960450917086,0.251311633890927,"",303.535664335664,715,0.986202169463578,TCD,full
total_burned_days_human,L1_total_burned_days_human,-0.029750115820195,0.0983614873290419,-0.302456953712726,0.763911027934664,"",5.10961538461539,520,0.787799265023007,TGO,full
average_burned_days_human,L1_average_burned_days_human,-0.121305319773606,0.0670160962404143,-1.81009229989216,0.0779919828232189,*,0.325604295251476,520,0.542145922073753,TGO,full
total_ba_ha_human,L1_total_ba_ha_human,-0.0720406084502017,0.0385904084317123,-1.86680088078573,0.069460378358405,*,660.608376570698,520,0.632491657351958,TGO,full
average_ba_ha_human,L1_average_ba_ha_human,-0.139800360185584,0.0210260561506003,-6.64891024661287,6.52508055336082e-08,***,41.5219558992174,520,0.391538480259112,TGO,full
total_counts_human,L1_total_counts_human,-0.175834099421923,0.119262838076798,-1.47434106262586,0.148416924598573,"",3.58461538461538,520,0.793315944805336,TGO,full
average_counts_human,L1_average_counts_human,-0.175834099421923,0.119262838076798,-1.47434106262586,0.148416924598573,"",3.58461538461538,520,0.793315944805336,TGO,full
total_burned_days_nature,L1_total_burned_days_nature,0.0371191840957086,0.0844215989996814,0.439688237791477,0.662589882647428,"",220,520,0.891118800401079,TGO,full
average_burned_days_nature,L1_average_burned_days_nature,-0.0632379244547786,0.0378913637023364,-1.66892711889595,0.103141554639649,"",1.89444996998891,520,0.568502830765242,TGO,full
total_ba_ha_nature,L1_total_ba_ha_nature,-0.0388726957457375,0.0371285353794719,-1.04697627709899,0.301556142552873,"",54504.9149150718,520,0.635438199026551,TGO,full
average_ba_ha_nature,L1_average_ba_ha_nature,-0.101803862311144,0.014410386022514,-7.06461729422733,1.74747209332624e-08,***,692.095273784731,520,0.222647402999154,TGO,full
total_counts_nature,L1_total_counts_nature,-0.035508416697472,0.0739073842643045,-0.480444776268746,0.633595269438259,"",100.9,520,0.880741795092147,TGO,full
average_counts_nature,L1_average_counts_nature,-0.035508416697472,0.0739073842643045,-0.480444776268746,0.633595269438259,"",100.9,520,0.880741795092147,TGO,full
total_burned_days_allfire,L1_total_burned_days_allfire,0.0303352597645301,0.0826364708153152,0.367092876368433,0.715534183014584,"",225.111538461538,520,0.88865130812781,TGO,full
average_burned_days_allfire,L1_average_burned_days_allfire,-0.0607027404101007,0.0461803513774976,-1.31447116791925,0.196365985361405,"",1.95713440157218,520,0.491447378777883,TGO,full
total_burned_areas_ha,L1_total_burned_areas_ha,-0.0312303904297358,0.0384282514151458,-0.812693507501799,0.421327278382955,"",55165.8932457464,520,0.64031533792595,TGO,full
average_burned_areas_ha,L1_average_burned_areas_ha,-0.100741763540564,0.0149238921977432,-6.75036794729717,4.72647449610942e-08,***,679.277584022631,520,0.221083600167767,TGO,full
total_counts_total,L1_total_counts_total,-0.0571921580700338,0.0813927361626421,-0.7026690681064,0.486435291933858,"",104.486538461538,520,0.874084893530845,TGO,full
average_counts_total,L1_average_counts_total,-0.0571921580700338,0.0813927361626421,-0.7026690681064,0.486435291933858,"",104.486538461538,520,0.874084893530845,TGO,full
total_burned_days_allfire,L1_total_burned_days_human,-0.392303979331056,0.333488431783688,-1.17636458102246,0.246579845217368,"",225.111538461538,520,0.888716506467581,TGO,full
total_burned_days_allfire,L1_total_burned_days_nature,0.0348804108880271,0.0839609705609503,0.415436013364163,0.680099634222909,"",225.111538461538,520,0.888680035370652,TGO,full
average_burned_days_allfire,L1_average_burned_days_human,0.0513175107218947,0.130307777875133,0.393817710337058,0.695860630477964,"",1.95713440157218,520,0.490104368506119,TGO,full
average_burned_days_allfire,L1_average_burned_days_nature,-0.0769213591834613,0.0386896114645446,-1.98816571869564,0.0538448861752349,*,1.95713440157218,520,0.492283578159427,TGO,full
total_burned_areas_ha,L1_total_ba_ha_human,-1.82650892308511,1.48878251268969,-1.22684737865793,0.227235080755678,"",55165.8932457464,520,0.641397001264535,TGO,full
total_burned_areas_ha,L1_total_ba_ha_nature,-0.0293030130800377,0.0381368030663342,-0.768365744477029,0.446897856693898,"",55165.8932457464,520,0.640259582949416,TGO,full
average_burned_areas_ha,L1_average_ba_ha_human,-0.25056416562769,0.205200486953765,-1.22107003422534,0.229390290637642,"",679.27758402263,520,0.212909630146346,TGO,full
average_burned_areas_ha,L1_average_ba_ha_nature,-0.100767456626099,0.0149104009437827,-6.75819899183302,4.61038744936993e-08,***,679.277584022631,520,0.221116058635204,TGO,full
total_counts_total,L1_total_counts_human,-0.827705044879868,0.32158058067492,-2.57386513558348,0.0139712285358186,**,104.486538461538,520,0.875425721290627,TGO,full
total_counts_total,L1_total_counts_nature,-0.0437669738871689,0.078386180033276,-0.558350641255758,0.579796653799187,"",104.486538461538,520,0.87389526065889,TGO,full
average_counts_total,L1_average_counts_human,-0.827705044879868,0.32158058067492,-2.57386513558348,0.0139712285358186,**,104.486538461538,520,0.875425721290627,TGO,full
average_counts_total,L1_average_counts_nature,-0.0437669738871689,0.078386180033276,-0.558350641255758,0.579796653799187,"",104.486538461538,520,0.87389526065889,TGO,full
total_burned_days_allfire,L1_total_burned_days_allfire,-0.103329826745298,0.160828725982354,-0.642483649075445,0.548855797473773,"",390.051282051282,78,0.933592585381784,TGO,nature_subsample
total_burned_days_allfire,L1_total_burned_days_allfire,-0.722747387922135,0.264875675648918,-2.72862876574634,0.034248266982248,**,51.6923076923077,91,0.960206961694722,TGO,human_subsample
average_burned_days_allfire,L1_average_burned_days_allfire,-0.301588177415189,0.12350157971825,-2.44197829779357,0.0585110440843217,*,2.25229455033107,78,0.870398339604686,TGO,nature_subsample
average_burned_days_allfire,L1_average_burned_days_allfire,-0.177966630328817,0.16701913924825,-1.06554632678531,0.327617464870509,"",0.94389073959881,91,0.452220105127467,TGO,human_subsample
total_burned_areas_ha,L1_total_burned_areas_ha,0.400166886703789,0.15135701491722,2.64386085390656,0.0457630775295623,**,94196.3537083857,78,0.926882586136693,TGO,nature_subsample
total_burned_areas_ha,L1_total_burned_areas_ha,0.138441101291766,0.0316519507623433,4.37385683843762,0.00469935458116206,***,23666.7584059841,91,0.845869915688469,TGO,human_subsample
average_burned_areas_ha,L1_average_burned_areas_ha,0.130985967926514,0.133074595799886,0.984304833985649,0.37016749734228,"",548.06102853636,78,0.819320370306396,TGO,nature_subsample
average_burned_areas_ha,L1_average_burned_areas_ha,0.00576560264467371,0.0769255182408914,0.0749504556682841,0.942690597258223,"",225.496644625567,91,0.850260863715939,TGO,human_subsample
total_counts_total,L1_total_counts_total,-0.380192522844295,0.462413382072052,-0.822191868973755,0.448386022834052,"",168.179487179487,78,0.956119590721985,TGO,nature_subsample
total_counts_total,L1_total_counts_total,-0.80103273435936,0.104432760603085,-7.67032040265436,0.000256790553434079,***,33.4395604395604,91,0.953276095895399,TGO,human_subsample
average_counts_total,L1_average_counts_total,-0.380192522844295,0.462413382072052,-0.822191868973755,0.448386022834052,"",168.179487179487,78,0.956119590721985,TGO,nature_subsample
average_counts_total,L1_average_counts_total,-0.80103273435936,0.104432760603085,-7.67032040265436,0.000256790553434079,***,33.4395604395604,91,0.953276095895399,TGO,human_subsample
total_burned_days_human,L1_total_burned_days_human,0.157127134299006,0.034006782425283,4.62046459832632,4.37079562519477e-06,***,10.5234420380051,12051,0.752001972007485,THA,full
average_burned_days_human,L1_average_burned_days_human,-0.0883059333110118,0.0113241280887895,-7.79803377519474,1.68921973183782e-14,***,0.81615840570837,12051,0.403210819799033,THA,full
total_ba_ha_human,L1_total_ba_ha_human,0.0279933402182698,0.0519455989156693,0.538897246400323,0.590087285963628,"",763.104978776814,12051,0.522516039485329,THA,full
average_ba_ha_human,L1_average_ba_ha_human,-0.0921154297574903,0.0112043909558755,-8.22136875803905,6.75695037713828e-16,***,56.1795535502742,12051,0.304754327082705,THA,full
total_counts_human,L1_total_counts_human,0.19479129282501,0.0390896723765097,4.9831907248746,7.46241117334285e-07,***,5.57630072193179,12051,0.788309709016313,THA,full
average_counts_human,L1_average_counts_human,0.19479129282501,0.0390896723765097,4.9831907248746,7.46241117334285e-07,***,5.57630072193179,12051,0.788309709016313,THA,full
total_burned_days_nature,L1_total_burned_days_nature,-0.0504790159272973,0.0193391303218881,-2.6102009287442,0.00919504753237893,***,12.890548502199,12051,0.841601533481259,THA,full
average_burned_days_nature,L1_average_burned_days_nature,-0.180456225730264,0.0187726327033679,-9.61272873025898,6.43922985244496e-21,***,0.600775934409203,12051,0.439403090371412,THA,full
total_ba_ha_nature,L1_total_ba_ha_nature,-0.201469669302393,0.0422447778325987,-4.76910235155566,2.14855986922736e-06,***,1706.89745345153,12051,0.730710376243036,THA,full
average_ba_ha_nature,L1_average_ba_ha_nature,-0.155894153358063,0.0163150426967655,-9.55524029299472,1.06865921357231e-20,***,107.856459629814,12051,0.418167748257183,THA,full
total_counts_nature,L1_total_counts_nature,0.0199590554872574,0.0246789572517349,0.808747925759883,0.418867888793182,"",7.00315326528919,12051,0.851340286412854,THA,full
average_counts_nature,L1_average_counts_nature,0.0199590554872574,0.0246789572517349,0.808747925759883,0.418867888793182,"",7.00315326528919,12051,0.851340286412854,THA,full
total_burned_days_allfire,L1_total_burned_days_allfire,0.0483488473588673,0.0271647141464668,1.77984009322461,0.0754300054329668,*,23.420214090117,12051,0.808839334661806,THA,full
average_burned_days_allfire,L1_average_burned_days_allfire,-0.0877658818485455,0.0105852301808796,-8.29135317312984,3.91459377080447e-16,***,1.09817601906496,12051,0.393239943322619,THA,full
total_burned_areas_ha,L1_total_burned_areas_ha,-0.180368866051085,0.0414854195894905,-4.34776525911716,1.52772097851479e-05,***,2472.9973603455,12051,0.720140971684062,THA,full
average_burned_areas_ha,L1_average_burned_areas_ha,-0.0775133478290032,0.0160571493276128,-4.82734178075476,1.6179586162606e-06,***,88.5461182602401,12051,0.317345890049521,THA,full
total_counts_total,L1_total_counts_total,0.0991607930949487,0.028785950692693,3.44476352904057,0.000597211536851736,***,12.579785909883,12051,0.828533035536402,THA,full
average_counts_total,L1_average_counts_total,0.0991607930949487,0.028785950692693,3.44476352904057,0.000597211536851736,***,12.579785909883,12051,0.828533035536402,THA,full
total_burned_days_allfire,L1_total_burned_days_human,0.195048214356457,0.066012720685766,2.95470649187338,0.00320891349359637,***,23.420214090117,12051,0.811147541084228,THA,full
total_burned_days_allfire,L1_total_burned_days_nature,-0.0344802529671203,0.0193977497944207,-1.77753880385846,0.0758077758592745,*,23.420214090117,12051,0.808510613641575,THA,full
average_burned_days_allfire,L1_average_burned_days_human,-0.0696451885810211,0.0117533118485944,-5.92557991127835,4.38555729521018e-09,***,1.09817601906496,12051,0.391314811094687,THA,full
average_burned_days_allfire,L1_average_burned_days_nature,-0.0292022957680498,0.00999322940293771,-2.92220808615333,0.00356009865808281,***,1.09817601906496,12051,0.389178708396317,THA,full
total_burned_areas_ha,L1_total_ba_ha_human,0.0987227822344061,0.0706871164754105,1.39661634477265,0.162863614219095,"",2472.9973603455,12051,0.710789287490536,THA,full
total_burned_areas_ha,L1_total_ba_ha_nature,-0.199562613490561,0.042619598876266,-4.68241416513409,3.25883310056777e-06,***,2472.9973603455,12051,0.721377590888239,THA,full
average_burned_areas_ha,L1_average_ba_ha_human,-0.0687927429321139,0.0160241318586036,-4.29307144618745,1.94785386025857e-05,***,88.5461182602401,12051,0.315095535240201,THA,full
average_burned_areas_ha,L1_average_ba_ha_nature,-0.00662510389376153,0.00125890923206994,-5.26257471546882,1.76576176303811e-07,***,88.5461182602401,12051,0.314016129925074,THA,full
total_counts_total,L1_total_counts_human,0.275267579010422,0.0902570175910142,3.0498191316021,0.00235495354986796,***,12.579785909883,12051,0.831085394713368,THA,full
total_counts_total,L1_total_counts_nature,0.02021447998198,0.0252799031306396,0.79962648106352,0.424132308425845,"",12.579785909883,12051,0.826782296505767,THA,full
average_counts_total,L1_average_counts_human,0.275267579010422,0.0902570175910142,3.0498191316021,0.00235495354986796,***,12.579785909883,12051,0.831085394713368,THA,full
average_counts_total,L1_average_counts_nature,0.02021447998198,0.0252799031306396,0.79962648106352,0.424132308425845,"",12.579785909883,12051,0.826782296505767,THA,full
total_burned_days_allfire,L1_total_burned_days_allfire,-0.0295887984192634,0.0510644779682419,-0.579439947230349,0.56769212816176,"",112.412307692308,325,0.917033895839789,THA,nature_subsample
total_burned_days_allfire,L1_total_burned_days_allfire,0.116381502322126,0.0312427355741086,3.725074011079,0.000213717241374653,***,16.0914102564103,7800,0.756490746002932,THA,human_subsample
average_burned_days_allfire,L1_average_burned_days_allfire,0.0564334319649787,0.0737423173919525,0.7652787973156,0.451566076510463,"",1.40427941474358,325,0.835356936705689,THA,nature_subsample
average_burned_days_allfire,L1_average_burned_days_allfire,-0.0868439196745002,0.0131319887886849,-6.61315822545694,8.3417419815268e-11,***,1.10812050947092,7800,0.392991598904802,THA,human_subsample
total_burned_areas_ha,L1_total_burned_areas_ha,-0.203010368208779,0.079162959027669,-2.56446159545177,0.0170144887209513,**,25753.3132079591,325,0.747919766110784,THA,nature_subsample
total_burned_areas_ha,L1_total_burned_areas_ha,0.0717716176623396,0.0319548298369025,2.24603348002985,0.0250655230204088,**,1273.19142124673,7800,0.620621310415365,THA,human_subsample
average_burned_areas_ha,L1_average_burned_areas_ha,-0.215341732159998,0.0707695360675241,-3.04285917537359,0.00560365798550792,***,258.164765568917,325,0.732529168624422,THA,nature_subsample
average_burned_areas_ha,L1_average_burned_areas_ha,-0.086877200172848,0.0107753499638242,-8.06258733725761,4.07556175671907e-15,***,81.61269254182,7800,0.324835491526525,THA,human_subsample
total_counts_total,L1_total_counts_total,-0.00463822871149614,0.0487770710218577,-0.0950903490990199,0.925032565552017,"",58.8646153846154,325,0.931110354145364,THA,nature_subsample
total_counts_total,L1_total_counts_total,0.133908811952766,0.028873105039,4.63783897754989,4.32579067464094e-06,***,8.44089743589744,7800,0.784718888932119,THA,human_subsample
average_counts_total,L1_average_counts_total,-0.00463822871149614,0.0487770710218577,-0.0950903490990199,0.925032565552017,"",58.8646153846154,325,0.931110354145364,THA,nature_subsample
average_counts_total,L1_average_counts_total,0.133908811952766,0.028873105039,4.63783897754989,4.32579067464094e-06,***,8.44089743589744,7800,0.784718888932119,THA,human_subsample
total_burned_days_human,L1_total_burned_days_human,0.00646161974079036,0.0215514184007253,0.299823409329425,0.765383769345635,"",0.029986962190352,767,0.189309306989647,TJK,full
average_burned_days_human,L1_average_burned_days_human,0.033417154384351,0.0830894215592666,0.402183018695286,0.68902768954433,"",0.0234680573663624,767,0.195673749071941,TJK,full
total_ba_ha_human,L1_total_ba_ha_human,0.0601446226554504,0.00911280570396089,6.60001152326868,1.37225994459872e-08,***,1.4839677463737,767,0.285296962549017,TJK,full
average_ba_ha_human,L1_average_ba_ha_human,0.113622852227413,0.0277181579940338,4.09922088804999,0.000130636549916659,***,1.18998475502364,767,0.347586067556513,TJK,full
total_counts_human,L1_total_counts_human,0.107151369102273,0.0817602140104267,1.3105563677782,0.195173721718854,"",0.0117340286831812,767,0.319974584584626,TJK,full
average_counts_human,L1_average_counts_human,0.107151369102273,0.0817602140104267,1.3105563677782,0.195173721718854,"",0.0117340286831812,767,0.319974584584626,TJK,full
total_burned_days_nature,L1_total_burned_days_nature,-0.0933984027998483,0.00852830925095687,-10.9515731725335,9.59995502205896e-16,***,0.624511082138201,767,0.351608837779475,TJK,full
average_burned_days_nature,L1_average_burned_days_nature,-0.146989907076714,0.0359022264292184,-4.09417247051534,0.000132860791238429,***,0.218207015673922,767,0.246384540450329,TJK,full
total_ba_ha_nature,L1_total_ba_ha_nature,-0.0298424785163065,0.0471816350686219,-0.632501999409368,0.529544618038949,"",63.3418165876057,767,0.32822860860233,TJK,full
average_ba_ha_nature,L1_average_ba_ha_nature,-0.073770458633664,0.022666164823467,-3.25465111580267,0.00189680692979632,***,28.5002533954413,767,0.195871031371472,TJK,full
total_counts_nature,L1_total_counts_nature,-0.0918208319845329,0.0065895836278764,-13.9342388183825,3.66122540731081e-20,***,0.353324641460235,767,0.338604956083674,TJK,full
average_counts_nature,L1_average_counts_nature,-0.0918208319845329,0.0065895836278764,-13.9342388183825,3.66122540731081e-20,***,0.353324641460235,767,0.338604956083674,TJK,full
total_burned_days_allfire,L1_total_burned_days_allfire,-0.0942210954123241,0.00913611029164074,-10.3130426849743,9.78164040242173e-15,***,0.654498044328553,767,0.352807961563735,TJK,full
average_burned_days_allfire,L1_average_burned_days_allfire,-0.163180935752461,0.0351037162016491,-4.64853734616264,1.97409126416963e-05,***,0.223161383340154,767,0.272401676988404,TJK,full
total_burned_areas_ha,L1_total_burned_areas_ha,-0.0347657301601332,0.0430843723737615,-0.80692205188779,0.423008053517015,"",64.8257843339794,767,0.332803189917902,TJK,full
average_burned_areas_ha,L1_average_burned_areas_ha,-0.0888035324592855,0.0239387333996209,-3.70961700340803,0.000466706543086316,***,29.0169806261947,767,0.207784587446283,TJK,full
total_counts_total,L1_total_counts_total,-0.0917961678541988,0.00666264052836246,-13.7777458446734,6.07019964938196e-20,***,0.365058670143416,767,0.338861729169394,TJK,full
average_counts_total,L1_average_counts_total,-0.0917961678541988,0.00666264052836246,-13.7777458446734,6.07019964938196e-20,***,0.365058670143416,767,0.338861729169394,TJK,full
total_burned_days_allfire,L1_total_burned_days_human,-0.154814653912924,0.094389365452177,-1.64017051254955,0.10638272503893,"",0.654498044328553,767,0.346566448074859,TJK,full
total_burned_days_allfire,L1_total_burned_days_nature,-0.0939474939574009,0.00948171462458323,-9.90828111550872,4.36251218032765e-14,***,0.654498044328553,767,0.352730415299625,TJK,full
average_burned_days_allfire,L1_average_burned_days_human,0.0754322762010118,0.281711466263644,0.267764309353377,0.789830693437845,"",0.223161383340154,767,0.252294379701903,TJK,full
average_burned_days_allfire,L1_average_burned_days_nature,-0.143737684937361,0.0364151344274892,-3.94719632914099,0.000216272913009965,***,0.223161383340154,767,0.2694343199421,TJK,full
total_burned_areas_ha,L1_total_ba_ha_human,-1.53914243765232,0.420418386583674,-3.66097793714355,0.0005446794223801,***,64.8257843339794,767,0.335138424217215,TJK,full
total_burned_areas_ha,L1_total_ba_ha_nature,-0.0317612863260419,0.045780641543766,-0.693771106192959,0.490595096528627,"",64.8257843339794,767,0.332662538678304,TJK,full
average_burned_areas_ha,L1_average_ba_ha_human,-1.97188173219414,1.19819141292231,-1.64571512608728,0.105231511783705,"",29.0169806261947,767,0.213035459540474,TJK,full
average_burned_areas_ha,L1_average_ba_ha_nature,-0.0792566342605292,0.0234453216983808,-3.38048823898215,0.00129987321764865,***,29.0169806261947,767,0.20654566152208,TJK,full
total_counts_total,L1_total_counts_human,0.11806478460884,0.218729044698838,0.539776437881853,0.591417670597404,"",0.365058670143416,767,0.332650178804722,TJK,full
total_counts_total,L1_total_counts_nature,-0.0919702072068243,0.00663201654038955,-13.8676082375124,4.53890296087962e-20,***,0.365058670143416,767,0.338878268778328,TJK,full
average_counts_total,L1_average_counts_human,0.11806478460884,0.218729044698838,0.539776437881853,0.591417670597404,"",0.365058670143416,767,0.332650178804722,TJK,full
average_counts_total,L1_average_counts_nature,-0.0919702072068243,0.00663201654038955,-13.8676082375124,4.53890296087962e-20,***,0.365058670143416,767,0.338878268778328,TJK,full
total_burned_days_allfire,L1_total_burned_days_allfire,-0.115127814130769,0.0329072992154211,-3.49854946700754,0.00193488903042155,***,0.756410256410256,312,0.396876894915291,TJK,nature_subsample
average_burned_days_allfire,L1_average_burned_days_allfire,-0.173167677740065,0.0183891245105052,-9.41685275126278,2.3459120035542e-09,***,0.130843315241125,312,0.378480522420149,TJK,nature_subsample
total_burned_areas_ha,L1_total_burned_areas_ha,-0.121586145836217,0.0286089291215834,-4.24993698014682,0.000302012319694443,***,49.570219427635,312,0.394950425712909,TJK,nature_subsample
average_burned_areas_ha,L1_average_burned_areas_ha,-0.221655360564498,0.11875306840379,-1.86652322793728,0.0747695174241832,*,13.3458325201921,312,0.359123052402855,TJK,nature_subsample
total_counts_total,L1_total_counts_total,-0.112428623274661,0.0327658881244162,-3.43127043734494,0.00227894470367551,***,0.544871794871795,312,0.381628861966466,TJK,nature_subsample
average_counts_total,L1_average_counts_total,-0.112428623274661,0.0327658881244162,-3.43127043734494,0.00227894470367551,***,0.544871794871795,312,0.381628861966466,TJK,nature_subsample
total_burned_days_human,L1_total_burned_days_human,0.176550968354167,0.0721266918710771,2.44778962925047,0.0174764360207533,**,1.60477453580902,754,0.449112487847884,TKM,full
average_burned_days_human,L1_average_burned_days_human,-0.0988594545585651,0.0595680270604221,-1.65960599061453,0.102486434236704,"",0.338916353921158,754,0.376543424667909,TKM,full
total_ba_ha_human,L1_total_ba_ha_human,0.00415436248598263,0.0569427242517257,0.0729568621904619,0.942095858221956,"",190.524547871017,754,0.409790950127196,TKM,full
average_ba_ha_human,L1_average_ba_ha_human,-0.0731855941873331,0.0239479974539426,-3.05602146183978,0.00340982195520207,***,45.1493779782477,754,0.372119665506281,TKM,full
total_counts_human,L1_total_counts_human,0.176562209435583,0.0901907903425145,1.95765231422253,0.0551730029900552,*,0.942970822281167,754,0.548206982012324,TKM,full
average_counts_human,L1_average_counts_human,0.176562209435583,0.0901907903425145,1.95765231422253,0.0551730029900552,*,0.942970822281167,754,0.548206982012324,TKM,full
total_burned_days_nature,L1_total_burned_days_nature,-0.103590862980705,0.0601498061167378,-1.72221441212392,0.090453388631864,*,12.6816976127321,754,0.592975524820988,TKM,full
average_burned_days_nature,L1_average_burned_days_nature,-0.0362125395890654,0.0371429421073646,-0.974950758730695,0.33370427152522,"",0.833807456823338,754,0.455744957315481,TKM,full
total_ba_ha_nature,L1_total_ba_ha_nature,-0.0745984122520854,0.0386427796392263,-1.93046185984925,0.0585298408593562,*,2880.15901671992,754,0.374449363043023,TKM,full
average_ba_ha_nature,L1_average_ba_ha_nature,-0.0582832357522238,0.0182782243642981,-3.18867055084767,0.00232252469878949,***,440.772324458071,754,0.297679899403335,TKM,full
total_counts_nature,L1_total_counts_nature,-0.081084932804195,0.0570572680513163,-1.42111488287993,0.160731367844065,"",6.88992042440318,754,0.641667427573873,TKM,full
average_counts_nature,L1_average_counts_nature,-0.081084932804195,0.0570572680513163,-1.42111488287993,0.160731367844065,"",6.88992042440318,754,0.641667427573873,TKM,full
total_burned_days_allfire,L1_total_burned_days_allfire,-0.0884776316375454,0.0614018355771948,-1.44096069451068,0.155066889295886,"",14.2864721485411,754,0.588895260872788,TKM,full
average_burned_days_allfire,L1_average_burned_days_allfire,-0.0374384785213302,0.0345386008639534,-1.08396048435197,0.282946115058661,"",0.94914604370984,754,0.429707841266013,TKM,full
total_burned_areas_ha,L1_total_burned_areas_ha,-0.078840234065125,0.0387669125754416,-2.03369907035283,0.0466463228100699,**,3070.68356459094,754,0.375362641899682,TKM,full
average_burned_areas_ha,L1_average_burned_areas_ha,-0.05919487937145,0.0177231244640888,-3.33997989414298,0.00148225825256614,***,453.972041937585,754,0.297467164528646,TKM,full
total_counts_total,L1_total_counts_total,-0.066220034635798,0.0565765582295193,-1.17045003634115,0.246690280916277,"",7.83289124668435,754,0.643190210283885,TKM,full
average_counts_total,L1_average_counts_total,-0.066220034635798,0.0565765582295193,-1.17045003634115,0.246690280916277,"",7.83289124668435,754,0.643190210283885,TKM,full
total_burned_days_allfire,L1_total_burned_days_human,0.264527692893027,0.17242848728085,1.53412987067599,0.13053002839495,"",14.2864721485411,754,0.586311506563177,TKM,full
total_burned_days_allfire,L1_total_burned_days_nature,-0.10203643094246,0.0606864549588619,-1.68137076076743,0.0981629364692386,*,14.2864721485411,754,0.589814546572228,TKM,full
average_burned_days_allfire,L1_average_burned_days_human,-0.0143846047702046,0.0555918755585241,-0.258753723015898,0.79675739540771,"",0.94914604370984,754,0.428967941187375,TKM,full
average_burned_days_allfire,L1_average_burned_days_nature,-0.0332311818410259,0.0370055035352863,-0.898006476505275,0.372959735470827,"",0.94914604370984,754,0.429474097545698,TKM,full
total_burned_areas_ha,L1_total_ba_ha_human,1.05224229975039,0.462306177162807,2.27607233415751,0.0266174133480919,**,3070.68356459094,754,0.372443638098108,TKM,full
total_burned_areas_ha,L1_total_ba_ha_nature,-0.0821873428572778,0.0386878263309899,-2.12437220313522,0.0379889532717241,**,3070.68356459094,754,0.375750945672993,TKM,full
average_burned_areas_ha,L1_average_ba_ha_human,0.342966371299795,0.242048925455104,1.41692994775723,0.161946095235278,"",453.972041937585,754,0.295108882200334,TKM,full
average_burned_areas_ha,L1_average_ba_ha_nature,-0.0591371204414865,0.0177382902358534,-3.33386812681393,0.00150972638116867,***,453.972041937585,754,0.297460758002928,TKM,full
total_counts_total,L1_total_counts_human,0.195729261705964,0.285892715813611,0.684624864082131,0.496355133647322,"",7.83289124668435,754,0.64187506202744,TKM,full
total_counts_total,L1_total_counts_nature,-0.0771581370801304,0.0583161918783189,-1.32309971887613,0.191085472703285,"",7.83289124668435,754,0.64362666268104,TKM,full
average_counts_total,L1_average_counts_human,0.195729261705964,0.285892715813611,0.684624864082131,0.496355133647322,"",7.83289124668435,754,0.64187506202744,TKM,full
average_counts_total,L1_average_counts_nature,-0.0771581370801304,0.0583161918783189,-1.32309971887613,0.191085472703285,"",7.83289124668435,754,0.64362666268104,TKM,full
total_burned_days_allfire,L1_total_burned_days_allfire,-0.0819538733768957,0.0514119437019431,-1.59406292537814,0.12017713565061,"",20.7318681318681,455,0.647399006540134,TKM,nature_subsample
total_burned_days_allfire,L1_total_burned_days_allfire,0.024202684397128,0.164321924299685,0.147288224016826,0.885164310214904,"",1.63186813186813,182,0.588534229334376,TKM,human_subsample
average_burned_days_allfire,L1_average_burned_days_allfire,-0.078499729114372,0.0477438103908992,-1.64418651279948,0.109354169992783,"",1.2652124106789,455,0.429275867425989,TKM,nature_subsample
average_burned_days_allfire,L1_average_burned_days_allfire,0.184196677652415,0.0585291041064679,3.14709545728481,0.00771465492901033,***,0.341968258288471,182,0.624990588166728,TKM,human_subsample
total_burned_areas_ha,L1_total_burned_areas_ha,-0.0777785180789751,0.0461839159347371,-1.68410401120781,0.101322047554658,"",4675.79045517205,455,0.446508194471336,TKM,nature_subsample
total_burned_areas_ha,L1_total_burned_areas_ha,0.0780683364125455,0.0530500120968554,1.47159884280541,0.164919594486725,"",242.202547577722,182,0.597194225317383,TKM,human_subsample
average_burned_areas_ha,L1_average_burned_areas_ha,-0.0554006606290897,0.0220769846728051,-2.50943058801565,0.0170206865603429,**,712.850675633838,455,0.384513948986818,TKM,nature_subsample
average_burned_areas_ha,L1_average_burned_areas_ha,0.0329510760558661,0.0895881924982592,0.367806014799398,0.718936894000552,"",58.8297246390208,182,0.602500361567749,TKM,human_subsample
total_counts_total,L1_total_counts_total,-0.0532665088152329,0.0505010375290341,-1.05476068258219,0.298972699251171,"",11.2197802197802,455,0.689191238598834,TKM,nature_subsample
total_counts_total,L1_total_counts_total,-0.0137306659982086,0.0937260543788438,-0.146497855790545,0.885775792859313,"",0.813186813186813,182,0.717838777010598,TKM,human_subsample
average_counts_total,L1_average_counts_total,-0.0532665088152329,0.0505010375290341,-1.05476068258219,0.298972699251171,"",11.2197802197802,455,0.689191238598834,TKM,nature_subsample
average_counts_total,L1_average_counts_total,-0.0137306659982086,0.0937260543788438,-0.146497855790545,0.885775792859313,"",0.813186813186813,182,0.717838777010598,TKM,human_subsample
total_burned_days_nature,L1_total_burned_days_nature,-0.142092862223001,0.0484050022989376,-2.93549954497408,0.00468989245529667,***,2.60173697270472,806,0.656298531943392,TLS,full
average_burned_days_nature,L1_average_burned_days_nature,-0.118060452410637,0.0360085027347714,-3.2786826289401,0.00172509281413615,***,0.591069813067708,806,0.43948807647214,TLS,full
total_ba_ha_nature,L1_total_ba_ha_nature,-0.118990853041087,0.0372365042203312,-3.19554307077294,0.00221103889260991,***,148.707630426504,806,0.645817412476709,TLS,full
average_ba_ha_nature,L1_average_ba_ha_nature,-0.112077267756357,0.0117066858097482,-9.57378284322192,9.1826162139956e-14,***,36.174385349559,806,0.383517420977723,TLS,full
total_counts_nature,L1_total_counts_nature,-0.181820418120325,0.0421491902290033,-4.3137345494057,5.97266896480697e-05,***,1.21091811414392,806,0.663575764183662,TLS,full
average_counts_nature,L1_average_counts_nature,-0.181820418120325,0.0421491902290033,-4.3137345494057,5.97266896480697e-05,***,1.21091811414392,806,0.663575764183662,TLS,full
total_burned_days_allfire,L1_total_burned_days_allfire,-0.142092862223001,0.0484050022989376,-2.93549954497408,0.00468989245529667,***,2.60173697270472,806,0.656298531943392,TLS,full
average_burned_days_allfire,L1_average_burned_days_allfire,-0.118060452410637,0.0360085027347714,-3.2786826289401,0.00172509281413615,***,0.591069813067708,806,0.43948807647214,TLS,full
total_burned_areas_ha,L1_total_burned_areas_ha,-0.118990853041087,0.0372365042203312,-3.19554307077294,0.00221103889260991,***,148.707630426504,806,0.645817412476709,TLS,full
average_burned_areas_ha,L1_average_burned_areas_ha,-0.112077267756357,0.0117066858097482,-9.57378284322192,9.1826162139956e-14,***,36.174385349559,806,0.383517420977723,TLS,full
total_counts_total,L1_total_counts_total,-0.181820418120325,0.0421491902290033,-4.3137345494057,5.97266896480697e-05,***,1.21091811414392,806,0.663575764183662,TLS,full
average_counts_total,L1_average_counts_total,-0.181820418120325,0.0421491902290033,-4.3137345494057,5.97266896480697e-05,***,1.21091811414392,806,0.663575764183662,TLS,full
total_burned_days_allfire,L1_total_burned_days_nature,-0.142092862223001,0.0484050022989376,-2.93549954497408,0.00468989245529667,***,2.60173697270472,806,0.656298531943392,TLS,full
average_burned_days_allfire,L1_average_burned_days_nature,-0.118060452410637,0.0360085027347714,-3.2786826289401,0.00172509281413615,***,0.591069813067708,806,0.43948807647214,TLS,full
total_burned_areas_ha,L1_total_ba_ha_nature,-0.118990853041087,0.0372365042203312,-3.19554307077294,0.00221103889260991,***,148.707630426504,806,0.645817412476709,TLS,full
average_burned_areas_ha,L1_average_ba_ha_nature,-0.112077267756357,0.0117066858097482,-9.57378284322192,9.1826162139956e-14,***,36.174385349559,806,0.383517420977723,TLS,full
total_counts_total,L1_total_counts_nature,-0.181820418120325,0.0421491902290033,-4.3137345494057,5.97266896480697e-05,***,1.21091811414392,806,0.663575764183662,TLS,full
average_counts_total,L1_average_counts_nature,-0.181820418120325,0.0421491902290033,-4.3137345494057,5.97266896480697e-05,***,1.21091811414392,806,0.663575764183662,TLS,full
total_burned_days_human,L1_total_burned_days_human,-0.175315061213526,0.0541842645757701,-3.23553457052775,0.00136780117577261,***,0.10746182656295,3471,0.402837445454552,TUN,full
average_burned_days_human,L1_average_burned_days_human,-0.130711820826097,0.0245226069846477,-5.33025794965147,2.09423281824813e-07,***,0.0658222551480978,3471,0.317366077115084,TUN,full
total_ba_ha_human,L1_total_ba_ha_human,-0.130038856427155,0.0495943870855115,-2.62204785801546,0.00924399517406571,***,7.89999371306691,3471,0.371619443407465,TUN,full
average_ba_ha_human,L1_average_ba_ha_human,-0.116123158268895,0.0236081923803816,-4.91876533357095,1.52734273445864e-06,***,5.40621008801229,3471,0.31029018076781,TUN,full
total_counts_human,L1_total_counts_human,-0.133729557539184,0.0462483603568664,-2.89155240331303,0.00415011120098537,***,0.0463843272832037,3471,0.442009889591667,TUN,full
average_counts_human,L1_average_counts_human,-0.133729557539184,0.0462483603568664,-2.89155240331303,0.00415011120098537,***,0.0463843272832037,3471,0.442009889591667,TUN,full
total_burned_days_nature,L1_total_burned_days_nature,-0.0596816059172696,0.037218473261025,-1.6035479343471,0.110000420358225,"",0.4673004897724,3471,0.408657388150208,TUN,full
average_burned_days_nature,L1_average_burned_days_nature,-0.0672563431833916,0.031492997905,-2.13559672490606,0.0336256977151518,**,0.242577740611449,3471,0.36478857081482,TUN,full
total_ba_ha_nature,L1_total_ba_ha_nature,-0.0756563306320418,0.0243201656551233,-3.11084766875771,0.00206854487877214,***,64.908690973156,3471,0.391250586128452,TUN,full
average_ba_ha_nature,L1_average_ba_ha_nature,-0.102852453103546,0.0188429466639195,-5.45840599870123,1.10083676864126e-07,***,35.450470887558,3471,0.362249310278357,TUN,full
total_counts_nature,L1_total_counts_nature,-0.0838192767330127,0.040954292144655,-2.04665426610119,0.0416748711287764,**,0.130509939498704,3471,0.413606580344509,TUN,full
average_counts_nature,L1_average_counts_nature,-0.0838192767330127,0.040954292144655,-2.04665426610119,0.0416748711287764,**,0.130509939498704,3471,0.413606580344509,TUN,full
total_burned_days_allfire,L1_total_burned_days_allfire,-0.10336817321849,0.040356826957644,-2.56135531485115,0.0109784786597013,**,0.57476231633535,3471,0.427962163213005,TUN,full
average_burned_days_allfire,L1_average_burned_days_allfire,-0.0901399522667533,0.0268068100617541,-3.36257660121067,0.000885683580967004,***,0.283548063863535,3471,0.362501259538282,TUN,full
total_burned_areas_ha,L1_total_burned_areas_ha,-0.0794560838523711,0.0238506202186212,-3.33140535231601,0.000986554236732904,***,72.8086846862228,3471,0.393011578604236,TUN,full
average_burned_areas_ha,L1_average_burned_areas_ha,-0.105534292611193,0.0183647554054396,-5.74656674054772,2.48815111662679e-08,***,39.0081313089099,3471,0.361026987996836,TUN,full
total_counts_total,L1_total_counts_total,-0.117831608497066,0.0410553556803677,-2.87006668300313,0.00443357065665967,***,0.176894266781907,3471,0.459283866231084,TUN,full
average_counts_total,L1_average_counts_total,-0.117831608497066,0.0410553556803677,-2.87006668300313,0.00443357065665967,***,0.176894266781907,3471,0.459283866231084,TUN,full
total_burned_days_allfire,L1_total_burned_days_human,-0.310568786530899,0.0859936047868027,-3.61153352392737,0.000363771902574541,***,0.57476231633535,3471,0.429217172500827,TUN,full
total_burned_days_allfire,L1_total_burned_days_nature,-0.0748213915303283,0.0455903302837944,-1.64116800787742,0.101944357703256,"",0.57476231633535,3471,0.424431475025334,TUN,full
average_burned_days_allfire,L1_average_burned_days_human,-0.131800068583307,0.0276704741012559,-4.76320239765334,3.13576853960544e-06,***,0.283548063863535,3471,0.359735154670868,TUN,full
average_burned_days_allfire,L1_average_burned_days_nature,-0.0741598748969181,0.0315462924049019,-2.35082696708266,0.0194621220983819,**,0.283548063863535,3471,0.360213121256879,TUN,full
total_burned_areas_ha,L1_total_ba_ha_human,-0.232808896997251,0.125144481850312,-1.86032091511409,0.0639437019077137,*,72.8086846862229,3471,0.389864272008799,TUN,full
total_burned_areas_ha,L1_total_ba_ha_nature,-0.0756055912581362,0.0247903609929135,-3.04979791459062,0.0025210921461559,***,72.8086846862229,3471,0.392526611133923,TUN,full
average_burned_areas_ha,L1_average_ba_ha_human,-0.15819258227479,0.0308032673609315,-5.13557800285269,5.44252767226015e-07,***,39.0081313089099,3471,0.353590039893334,TUN,full
average_burned_areas_ha,L1_average_ba_ha_nature,-0.102096390944278,0.0190846032876471,-5.34967321067462,1.90119503844188e-07,***,39.0081313089099,3471,0.360309044126379,TUN,full
total_counts_total,L1_total_counts_human,-0.223226561946443,0.0814176387909143,-2.74174693913321,0.00652590772756679,***,0.176894266781907,3471,0.457398266736257,TUN,full
total_counts_total,L1_total_counts_nature,-0.0957336282208523,0.0459790297899409,-2.08211501326191,0.0382878082397701,**,0.176894266781907,3471,0.455406456516879,TUN,full
average_counts_total,L1_average_counts_human,-0.223226561946443,0.0814176387909143,-2.74174693913321,0.00652590772756679,***,0.176894266781907,3471,0.457398266736257,TUN,full
average_counts_total,L1_average_counts_nature,-0.0957336282208523,0.0459790297899409,-2.08211501326191,0.0382878082397701,**,0.176894266781907,3471,0.455406456516879,TUN,full
total_burned_days_allfire,L1_total_burned_days_allfire,-0.11072970563985,0.0352742813320093,-3.13910592813041,0.00268376807957332,***,0.281167108753316,754,0.645946614059012,TUN,nature_subsample
total_burned_days_allfire,L1_total_burned_days_allfire,-0.220990515955248,0.0675230512439055,-3.27281590337187,0.00139403722616433,***,0.4,1560,0.443426926071472,TUN,human_subsample
average_burned_days_allfire,L1_average_burned_days_allfire,-0.12450592901273,0.079582717625644,-1.56448451029788,0.123239269379453,"",0.114982000757863,754,0.645638209668146,TUN,nature_subsample
average_burned_days_allfire,L1_average_burned_days_allfire,-0.122308288956412,0.0312419126971512,-3.9148783924348,0.000151232247401722,***,0.185976037851038,1560,0.34273289051335,TUN,human_subsample
total_burned_areas_ha,L1_total_burned_areas_ha,-0.0822735244259605,0.106603474971744,-0.771771506020487,0.443437748722705,"",50.1899237241768,754,0.684764034112067,TUN,nature_subsample
total_burned_areas_ha,L1_total_burned_areas_ha,-0.106865147558801,0.0394841465554396,-2.70653304887194,0.00779905112298484,***,35.4570462058982,1560,0.324245165258704,TUN,human_subsample
average_burned_areas_ha,L1_average_burned_areas_ha,-0.172099117870457,0.10676314017779,-1.61197130005604,0.112492118056146,"",22.534350960787,754,0.644584770549116,TUN,nature_subsample
average_burned_areas_ha,L1_average_burned_areas_ha,-0.0857169505983885,0.0257864685244871,-3.32410583934712,0.00117936424342522,***,18.8409744942212,1560,0.30905592430615,TUN,human_subsample
total_counts_total,L1_total_counts_total,-0.110982307150313,0.0286766658289474,-3.87012590000203,0.000282250583667664,***,0.0689655172413793,754,0.633399885527364,TUN,nature_subsample
total_counts_total,L1_total_counts_total,-0.233359096356135,0.0639488197983718,-3.64915407496038,0.000391965763734529,***,0.146794871794872,1560,0.55221234614537,TUN,human_subsample
average_counts_total,L1_average_counts_total,-0.110982307150313,0.0286766658289474,-3.87012590000203,0.000282250583667664,***,0.0689655172413793,754,0.633399885527364,TUN,nature_subsample
average_counts_total,L1_average_counts_total,-0.233359096356135,0.0639488197983718,-3.64915407496038,0.000391965763734529,***,0.146794871794872,1560,0.55221234614537,TUN,human_subsample
total_burned_days_human,L1_total_burned_days_human,0.158754102549828,0.0417913110384162,3.79873467965375,0.000154904431507774,***,5.20559741657696,12077,0.799703711749024,TUR,full
average_burned_days_human,L1_average_burned_days_human,-0.0527766029923282,0.0200704691407031,-2.62956499035175,0.00869089314619037,***,0.254688079418731,12077,0.502213573179523,TUR,full
total_ba_ha_human,L1_total_ba_ha_human,0.267420294484795,0.0533247127732386,5.01494111411327,6.35465650164924e-07,***,817.751112567571,12077,0.840946250627747,TUR,full
average_ba_ha_human,L1_average_ba_ha_human,-0.0236265984253635,0.0237218297010409,-0.995985500407113,0.319516815934801,"",29.8705110758925,12077,0.35237150426853,TUR,full
total_counts_human,L1_total_counts_human,0.142988758205717,0.0673268491848325,2.12379993920657,0.0339508547740737,**,2.7934089591786,12077,0.846868959735743,TUR,full
average_counts_human,L1_average_counts_human,0.142988758205717,0.0673268491848325,2.12379993920657,0.0339508547740737,**,2.7934089591786,12077,0.846868959735743,TUR,full
total_burned_days_nature,L1_total_burned_days_nature,0.121972809249695,0.0234204449920033,5.20796292689319,2.35210431358311e-07,***,1.73014821561646,12077,0.583814484325688,TUR,full
average_burned_days_nature,L1_average_burned_days_nature,-0.0834293530338653,0.0178443718226379,-4.67538750386407,3.36876722694788e-06,***,0.314276226579788,12077,0.384778142925029,TUR,full
total_ba_ha_nature,L1_total_ba_ha_nature,0.0202161973559672,0.0271006999931573,0.745965873983758,0.455876943372118,"",199.372793847867,12077,0.441215732862199,TUR,full
average_ba_ha_nature,L1_average_ba_ha_nature,-0.0855339433271598,0.0104548974891345,-8.18123213700114,9.20211654518767e-16,***,45.6667160279373,12077,0.322932606509961,TUR,full
total_counts_nature,L1_total_counts_nature,0.139096664052254,0.0286473835787332,4.85547532360039,1.40878666626567e-06,***,0.813198642046866,12077,0.654531086849151,TUR,full
average_counts_nature,L1_average_counts_nature,0.139096664052254,0.0286473835787332,4.85547532360039,1.40878666626567e-06,***,0.813198642046866,12077,0.654531086849151,TUR,full
total_burned_days_allfire,L1_total_burned_days_allfire,0.158432659749051,0.0345754365687975,4.58223164973794,5.22859421929295e-06,***,6.93574563219343,12077,0.79246976686054,TUR,full
average_burned_days_allfire,L1_average_burned_days_allfire,-0.0496684729409793,0.0167389483239473,-2.96723975603185,0.00308197768305778,***,0.458359620421502,12077,0.451430227905109,TUR,full
total_burned_areas_ha,L1_total_burned_areas_ha,0.24352856266509,0.0449546823289565,5.41720128023742,7.7159158750699e-08,***,1017.12390641544,12077,0.828140126552602,TUR,full
average_burned_areas_ha,L1_average_burned_areas_ha,-0.0686408233823735,0.00796080080289016,-8.62235158018947,2.80261827660935e-17,***,60.6627075455296,12077,0.327140760989764,TUR,full
total_counts_total,L1_total_counts_total,0.150861952740378,0.0599889854096542,2.51482754225911,0.0120771250324328,**,3.60660760122547,12077,0.844007966969876,TUR,full
average_counts_total,L1_average_counts_total,0.150861952740378,0.0599889854096542,2.51482754225911,0.0120771250324328,**,3.60660760122547,12077,0.844007966969876,TUR,full
total_burned_days_allfire,L1_total_burned_days_human,0.166927212617544,0.0420687335216278,3.96796382120051,7.80782510529714e-05,***,6.93574563219343,12077,0.791799516181174,TUR,full
total_burned_days_allfire,L1_total_burned_days_nature,0.186363567535121,0.0507351695135354,3.67326194673306,0.000253172331189098,***,6.93574563219343,12077,0.7877960391243,TUR,full
average_burned_days_allfire,L1_average_burned_days_human,0.0328790798023599,0.0393319589531148,0.835938017772088,0.403404954136297,"",0.458359620421502,12077,0.45039721015372,TUR,full
average_burned_days_allfire,L1_average_burned_days_nature,-0.0445098458613786,0.0162705735094962,-2.73560399302463,0.00634539263974398,***,0.458359620421502,12077,0.451119328377082,TUR,full
total_burned_areas_ha,L1_total_ba_ha_human,0.276837619822163,0.0543127881716232,5.09709829197835,4.17951929448875e-07,***,1017.12390641544,12077,0.829058814626751,TUR,full
total_burned_areas_ha,L1_total_ba_ha_nature,0.0929827203120741,0.0500931735535463,1.85619543973755,0.063742505499757,*,1017.12390641544,12077,0.81674641057098,TUR,full
average_burned_areas_ha,L1_average_ba_ha_human,0.0223164306023747,0.0312700041817064,0.713668935657843,0.475611361124036,"",60.6627075455296,12077,0.324024634017123,TUR,full
average_burned_areas_ha,L1_average_ba_ha_nature,-0.0638554686964405,0.012522993250059,-5.0990579824947,4.13765372952372e-07,***,60.6627075455296,12077,0.327078110427525,TUR,full
total_counts_total,L1_total_counts_human,0.15247622216432,0.0682643375408062,2.23361461719562,0.0257460677661021,**,3.60660760122547,12077,0.843520139965291,TUR,full
total_counts_total,L1_total_counts_nature,0.247345870280019,0.0975818273927335,2.53475341555694,0.0114159673424461,**,3.60660760122547,12077,0.841002051821173,TUR,full
average_counts_total,L1_average_counts_human,0.15247622216432,0.0682643375408062,2.23361461719562,0.0257460677661021,**,3.60660760122547,12077,0.843520139965291,TUR,full
average_counts_total,L1_average_counts_nature,0.247345870280019,0.0975818273927335,2.53475341555694,0.0114159673424461,**,3.60660760122547,12077,0.841002051821173,TUR,full
total_burned_days_allfire,L1_total_burned_days_allfire,-0.0240800238336458,0.0516659544341114,-0.466071402287837,0.641827239025402,"",1.56643356643357,2002,0.628591523803373,TUR,nature_subsample
total_burned_days_allfire,L1_total_burned_days_allfire,0.161839583182849,0.0484498961545801,3.34034943370153,0.000974946568786664,***,18.1660614064048,3029,0.824271671979293,TUR,human_subsample
average_burned_days_allfire,L1_average_burned_days_allfire,-0.117938994138801,0.0284083386639143,-4.15156252303528,5.46628072947843e-05,***,0.293319614058235,2002,0.530257682298876,TUR,nature_subsample
average_burned_days_allfire,L1_average_burned_days_allfire,-0.0626210379400079,0.0285311456433628,-2.19483082532914,0.0291674373612587,**,0.676840555575992,3029,0.590078217668547,TUR,human_subsample
total_burned_areas_ha,L1_total_burned_areas_ha,-0.0589721239947695,0.0159346367871818,-3.70087657361655,0.000299225190613258,***,203.333488120222,2002,0.639517872948082,TUR,nature_subsample
total_burned_areas_ha,L1_total_burned_areas_ha,0.260420054789606,0.0705369746518173,3.69196518669938,0.000277445803969533,***,2754.43435931532,3029,0.855829508196665,TUR,human_subsample
average_burned_areas_ha,L1_average_burned_areas_ha,-0.0868145284368625,0.0062715589957325,-13.8425754259724,9.05261084476091e-29,***,51.1871952072679,2002,0.573100508787348,TUR,nature_subsample
average_burned_areas_ha,L1_average_burned_areas_ha,-0.061849002257735,0.0216570205904155,-2.85584076533163,0.00468151742163478,***,86.384801415415,3029,0.457417237101924,TUR,human_subsample
total_counts_total,L1_total_counts_total,-0.0473740483092323,0.0664552801865127,-0.712871094309929,0.477011342290765,"",0.854145854145854,2002,0.621265301947332,TUR,nature_subsample
total_counts_total,L1_total_counts_total,0.141424893971823,0.0793639958162087,1.78197799288401,0.0760607219819884,*,9.9877847474414,3029,0.866809947862441,TUR,human_subsample
average_counts_total,L1_average_counts_total,-0.0473740483092323,0.0664552801865127,-0.712871094309929,0.477011342290765,"",0.854145854145854,2002,0.621265301947332,TUR,nature_subsample
average_counts_total,L1_average_counts_total,0.141424893971823,0.0793639958162087,1.78197799288401,0.0760607219819884,*,9.9877847474414,3029,0.866809947862441,TUR,human_subsample
total_burned_days_human,L1_total_burned_days_human,-0.184782094061413,0.0177398202573498,-10.4162325987973,9.44146275789002e-10,***,0.262237762237762,286,0.595085681877007,TWN,full
average_burned_days_human,L1_average_burned_days_human,-0.139582275444523,0.0224770283975984,-6.20999684546543,3.68341479071848e-06,***,0.10545843045843,286,0.804564274270944,TWN,full
total_ba_ha_human,L1_total_ba_ha_human,-0.245316492333064,0.0239408284114644,-10.2467837836217,1.26207393474831e-09,***,14.9780709559018,286,0.601663651192311,TWN,full
average_ba_ha_human,L1_average_ba_ha_human,-0.206733315785903,0.0176915458266526,-11.6854297420667,1.18657440422996e-10,***,5.52724277739737,286,0.835090570918475,TWN,full
total_counts_human,L1_total_counts_human,-0.468712483925873,0.0652881428723923,-7.17913641443265,4.46386399533365e-07,***,0.13986013986014,286,0.472919120072839,TWN,full
average_counts_human,L1_average_counts_human,-0.468712483925873,0.0652881428723923,-7.17913641443265,4.46386399533365e-07,***,0.13986013986014,286,0.472919120072839,TWN,full
total_burned_days_nature,L1_total_burned_days_nature,-0.109789586725144,0.0315064979086476,-3.4846648790823,0.00221085092057007,***,0.020979020979021,286,0.352371591613051,TWN,full
average_burned_days_nature,L1_average_burned_days_nature,-0.0640281214796677,0.0520782467029562,-1.22946000553496,0.232497175259282,"",0.0104895104895105,286,0.566677983798254,TWN,full
total_ba_ha_nature,L1_total_ba_ha_nature,-0.112995088117392,0.0284113152611258,-3.97711570474173,0.000686221831252851,***,0.599067115426606,286,0.317463659455315,TWN,full
average_ba_ha_nature,L1_average_ba_ha_nature,-0.0821423731388505,0.049614921565566,-1.65559816577155,0.112671836106827,"",0.262104691417577,286,0.50883915275085,TWN,full
total_counts_nature,L1_total_counts_nature,-0.113864199444625,0.0274721280640917,-4.14471711761766,0.000459702424224295,***,0.0174825174825175,286,0.30324064242046,TWN,full
average_counts_nature,L1_average_counts_nature,-0.113864199444625,0.0274721280640917,-4.14471711761766,0.000459702424224295,***,0.0174825174825175,286,0.30324064242046,TWN,full
total_burned_days_allfire,L1_total_burned_days_allfire,-0.175768549761119,0.0154338630390877,-11.3885000350184,1.89852032091081e-10,***,0.283216783216783,286,0.583043322709211,TWN,full
average_burned_days_allfire,L1_average_burned_days_allfire,-0.13744920710889,0.0255143335383276,-5.38713687748941,2.41691961321499e-05,***,0.109654234654235,286,0.811798284405164,TWN,full
total_burned_areas_ha,L1_total_burned_areas_ha,-0.240297004882255,0.0203123445134832,-11.8300969502928,9.46764148759262e-11,***,15.5771380713284,286,0.598038467530686,TWN,full
average_burned_areas_ha,L1_average_burned_areas_ha,-0.205630617585371,0.0174031407501069,-11.8157188140944,9.68159054664238e-11,***,5.64707543015833,286,0.836671227438526,TWN,full
total_counts_total,L1_total_counts_total,-0.341776769404376,0.134896518004012,-2.53362187891471,0.019319156961651,**,0.157342657342657,286,0.43312089235469,TWN,full
average_counts_total,L1_average_counts_total,-0.341776769404376,0.134896518004012,-2.53362187891471,0.019319156961651,**,0.157342657342657,286,0.43312089235469,TWN,full
total_burned_days_allfire,L1_total_burned_days_human,-0.186417887561782,0.0211332653812685,-8.82106405226963,1.66117846071898e-08,***,0.283216783216783,286,0.583513168174309,TWN,full
total_burned_days_allfire,L1_total_burned_days_nature,-0.10844663425108,0.0791486427721341,-1.37016416773303,0.18510710686199,"",0.283216783216783,286,0.569579771251287,TWN,full
average_burned_days_allfire,L1_average_burned_days_human,-0.13028041331973,0.0211478403803917,-6.16045945951653,4.11614381332314e-06,***,0.109654234654235,286,0.811461572951552,TWN,full
average_burned_days_allfire,L1_average_burned_days_nature,-0.0838051496065427,0.0791958381564341,-1.05820143529517,0.30198476318014,"",0.109654234654235,286,0.808071890660338,TWN,full
total_burned_areas_ha,L1_total_ba_ha_human,-0.246613644593986,0.0248578581765429,-9.9209530781981,2.22587240696248e-09,***,15.5771380713284,286,0.598593652406185,TWN,full
total_burned_areas_ha,L1_total_ba_ha_nature,-0.0211877510954385,0.187741521907611,-0.11285596750337,0.911216634492399,"",15.5771380713284,286,0.575848349542171,TWN,full
average_burned_areas_ha,L1_average_ba_ha_human,-0.203563945994934,0.0178080228453509,-11.4310245310629,1.77395572925639e-10,***,5.64707543015833,286,0.836478363737235,TWN,full
average_burned_areas_ha,L1_average_ba_ha_nature,-0.109509760661034,0.148175139090304,-0.739056236649078,0.468053826798465,"",5.64707543015833,286,0.82891839111568,TWN,full
total_counts_total,L1_total_counts_human,-0.482385390289096,0.0701898510279614,-6.87258034066676,8.58788082849193e-07,***,0.157342657342657,286,0.444883142579614,TWN,full
total_counts_total,L1_total_counts_nature,-0.105530253169782,0.053253570662992,-1.98165591257,0.0607595207352749,*,0.157342657342657,286,0.396566314691139,TWN,full
average_counts_total,L1_average_counts_human,-0.482385390289096,0.0701898510279614,-6.87258034066676,8.58788082849193e-07,***,0.157342657342657,286,0.444883142579614,TWN,full
average_counts_total,L1_average_counts_nature,-0.105530253169782,0.053253570662992,-1.98165591257,0.0607595207352749,*,0.157342657342657,286,0.396566314691139,TWN,full
total_burned_days_human,L1_total_burned_days_human,0.0281581315432825,0.069180652579592,0.407023213764667,0.68446147147496,"",1.50992555831266,2418,0.692900513651953,TZA,full
average_burned_days_human,L1_average_burned_days_human,-0.0375400148142655,0.0205332266629287,-1.82825697249236,0.069121543317328,*,0.146413850591465,2418,0.506783140704931,TZA,full
total_ba_ha_human,L1_total_ba_ha_human,0.0676480188998128,0.0501097888663492,1.34999608719647,0.178666642783402,"",71.6875162240534,2418,0.692565574542681,TZA,full
average_ba_ha_human,L1_average_ba_ha_human,-0.0408848908118265,0.0119645660581619,-3.41716453510122,0.000778042623799647,***,8.41385898998021,2418,0.510066562272589,TZA,full
total_counts_human,L1_total_counts_human,-0.00581999760689312,0.0465718990755036,-0.124968011234792,0.900684564939402,"",0.897435897435897,2418,0.700198350769406,TZA,full
average_counts_human,L1_average_counts_human,-0.00581999760689312,0.0465718990755036,-0.124968011234792,0.900684564939402,"",0.897435897435897,2418,0.700198350769406,TZA,full
total_burned_days_nature,L1_total_burned_days_nature,0.35647097945939,0.074060185304098,4.81326070135643,3.07483804984776e-06,***,469.403639371381,2418,0.970754258353777,TZA,full
average_burned_days_nature,L1_average_burned_days_nature,-0.0579667833248332,0.0206566628022017,-2.80620271918534,0.00554956158668024,***,1.83913114638065,2418,0.614455671619683,TZA,full
total_ba_ha_nature,L1_total_ba_ha_nature,0.175225067299634,0.0661492931204955,2.64893332995184,0.00877273565618729,***,83966.5569868327,2418,0.935339078889611,TZA,full
average_ba_ha_nature,L1_average_ba_ha_nature,0.0568929353122324,0.0568185294974412,1.00130953432708,0.317985073478884,"",406.515268007079,2418,0.43600283611687,TZA,full
total_counts_nature,L1_total_counts_nature,0.185116469603256,0.0636066089044194,2.9103338912695,0.00405370670197019,***,181.358974358974,2418,0.961144579401356,TZA,full
average_counts_nature,L1_average_counts_nature,0.185116469603256,0.0636066089044194,2.9103338912695,0.00405370670197019,***,181.358974358974,2418,0.961144579401356,TZA,full
total_burned_days_allfire,L1_total_burned_days_allfire,0.355190827096976,0.0742248633057105,4.78533487672519,3.48056326015333e-06,***,471.220843672457,2418,0.970629234528867,TZA,full
average_burned_days_allfire,L1_average_burned_days_allfire,-0.0626032941101128,0.0193196764431865,-3.24039040168249,0.00141547237663029,***,1.86794020711144,2418,0.614348411905395,TZA,full
total_burned_areas_ha,L1_total_burned_areas_ha,0.220065889985177,0.0815884213272978,2.69726863695973,0.00763712404957759,***,84957.112511155,2418,0.933243412783123,TZA,full
average_burned_areas_ha,L1_average_burned_areas_ha,0.057408859620212,0.0568762991139286,1.00936348733269,0.314118684971594,"",410.114922754215,2418,0.436472854670518,TZA,full
total_counts_total,L1_total_counts_total,0.182838618734084,0.0638471174045708,2.86369418333356,0.00467101934020879,***,182.27088502895,2418,0.961001921220817,TZA,full
average_counts_total,L1_average_counts_total,0.182838618734084,0.0638471174045708,2.86369418333356,0.00467101934020879,***,182.27088502895,2418,0.961001921220817,TZA,full
total_burned_days_allfire,L1_total_burned_days_human,-1.11331148780611,0.722661112884025,-1.54057201633981,0.125129698214307,"",471.220843672457,2418,0.966014155399155,TZA,full
total_burned_days_allfire,L1_total_burned_days_nature,0.356009050647153,0.0743654710430004,4.78728966083329,3.45055438247921e-06,***,471.220843672457,2418,0.970647602184768,TZA,full
average_burned_days_allfire,L1_average_burned_days_human,-0.0204054294438512,0.0319051331161298,-0.639565720336556,0.523246156622168,"",1.86794020711144,2418,0.612825961081484,TZA,full
average_burned_days_allfire,L1_average_burned_days_nature,-0.0634097456796795,0.0198156291638977,-3.19998649324779,0.00161744714546472,***,1.86794020711144,2418,0.614358475243512,TZA,full
total_burned_areas_ha,L1_total_ba_ha_human,-0.329999403801839,1.2172607879769,-0.271100003435008,0.786616369097146,"",84957.112511155,2418,0.929489415790083,TZA,full
total_burned_areas_ha,L1_total_ba_ha_nature,0.22705117967807,0.0879200578839254,2.58247304588709,0.0105823453725935,**,84957.112511155,2418,0.933183638038664,TZA,full
average_burned_areas_ha,L1_average_ba_ha_human,-0.212876666563097,0.376766267179048,-0.565009888377119,0.572751544861257,"",410.114922754215,2418,0.434596922989379,TZA,full
average_burned_areas_ha,L1_average_ba_ha_nature,0.057211303165953,0.0567311589223451,1.00846350141137,0.314549179542267,"",410.114922754215,2418,0.436459805201207,TZA,full
total_counts_total,L1_total_counts_human,-0.696374392776678,0.926509833324669,-0.751610363678302,0.453240513909752,"",182.27088502895,2418,0.959457878188261,TZA,full
total_counts_total,L1_total_counts_nature,0.183948834073673,0.0636435023035006,2.8903003042866,0.00430909950261223,***,182.27088502895,2418,0.961023677476464,TZA,full
average_counts_total,L1_average_counts_human,-0.696374392776678,0.926509833324669,-0.751610363678302,0.453240513909752,"",182.27088502895,2418,0.959457878188261,TZA,full
average_counts_total,L1_average_counts_nature,0.183948834073673,0.0636435023035006,2.8903003042866,0.00430909950261223,***,182.27088502895,2418,0.961023677476464,TZA,full
total_burned_days_allfire,L1_total_burned_days_allfire,0.398190390431593,0.112027021437328,3.55441379519633,0.000778089455230444,***,1081.73414304993,741,0.988177979160982,TZA,nature_subsample
total_burned_days_allfire,L1_total_burned_days_allfire,0.00405588960255333,0.379115813741574,0.0106982865276046,0.991575700570278,"",8.06538461538462,260,0.989870206895362,TZA,human_subsample
average_burned_days_allfire,L1_average_burned_days_allfire,-0.0649987901256327,0.0249435872472826,-2.60583169057666,0.0117198169877056,**,2.53754719834632,741,0.689835635515822,TZA,nature_subsample
average_burned_days_allfire,L1_average_burned_days_allfire,-0.0566890297629093,0.103830338652225,-0.545977510029958,0.591435064877979,"",0.670372190978103,260,0.794890870402909,TZA,human_subsample
total_burned_areas_ha,L1_total_burned_areas_ha,0.283835906433242,0.136419050973364,2.08061780527018,0.0420554925673542,**,223723.436276448,741,0.969163165304506,TZA,nature_subsample
total_burned_areas_ha,L1_total_burned_areas_ha,0.0784231860701797,0.112295303863774,0.698365678455395,0.493408335591161,"",413.743486936006,260,0.983175314063755,TZA,human_subsample
average_burned_areas_ha,L1_average_burned_areas_ha,0.215091503435031,0.0200281558311889,10.7394562558815,3.23439406336901e-15,***,707.520269855475,741,0.605236041263095,TZA,nature_subsample
average_burned_areas_ha,L1_average_burned_areas_ha,-0.0479256171020811,0.0695858115679296,-0.688726854256721,0.499319508658766,"",43.0162531409862,260,0.650874382536943,TZA,human_subsample
total_counts_total,L1_total_counts_total,0.286117959135584,0.124253206580827,2.30270080755994,0.0250343571418811,**,391.85290148448,741,0.987505455463249,TZA,nature_subsample
total_counts_total,L1_total_counts_total,-0.0908022499796055,0.297058728735466,-0.305671038067579,0.763178890077704,"",4.46153846153846,260,0.98987359361329,TZA,human_subsample
average_counts_total,L1_average_counts_total,0.286117959135584,0.124253206580827,2.30270080755994,0.0250343571418811,**,391.85290148448,741,0.987505455463249,TZA,nature_subsample
average_counts_total,L1_average_counts_total,-0.0908022499796055,0.297058728735466,-0.305671038067579,0.763178890077704,"",4.46153846153846,260,0.98987359361329,TZA,human_subsample
total_burned_days_human,L1_total_burned_days_human,-0.163041103531635,0.0532742887179757,-3.06040882863297,0.00258069070919955,***,0.760889712696942,2158,0.58600147129256,UGA,full
average_burned_days_human,L1_average_burned_days_human,-0.0343239857168566,0.0362023725888736,-0.948114260538982,0.344457823253032,"",0.16901121133697,2158,0.537627979825744,UGA,full
total_ba_ha_human,L1_total_ba_ha_human,-0.208832042024014,0.0436074958115359,-4.78890241545973,3.70956848194956e-06,***,49.7807558684887,2158,0.589757088475015,UGA,full
average_ba_ha_human,L1_average_ba_ha_human,-0.159476641177938,0.0511790604795734,-3.11605253561831,0.00216227952473919,***,9.80506652577851,2158,0.553007234683457,UGA,full
total_counts_human,L1_total_counts_human,-0.169081527759766,0.0509801730492898,-3.31661345276901,0.00112068508105292,***,0.594531974050046,2158,0.612625068163635,UGA,full
average_counts_human,L1_average_counts_human,-0.169081527759766,0.0509801730492898,-3.31661345276901,0.00112068508105292,***,0.594531974050046,2158,0.612625068163635,UGA,full
total_burned_days_nature,L1_total_burned_days_nature,-0.193932096325287,0.0655364786282634,-2.9591473387716,0.00353899437697613,***,130.672845227062,2158,0.965895219209872,UGA,full
average_burned_days_nature,L1_average_burned_days_nature,-0.0998977448239751,0.0565961587198463,-1.76509761587308,0.0793973028083346,*,1.51383211526637,2158,0.587228201834304,UGA,full
total_ba_ha_nature,L1_total_ba_ha_nature,-0.0771004777344334,0.0445492439795389,-1.73067982410308,0.0853784139539404,*,22281.6075455614,2158,0.898537319473076,UGA,full
average_ba_ha_nature,L1_average_ba_ha_nature,-0.102890002430656,0.0302339909987922,-3.40312340619425,0.000836157714034698,***,242.493258425594,2158,0.524712409504883,UGA,full
total_counts_nature,L1_total_counts_nature,-0.142855131757361,0.0616876996215107,-2.31577984969222,0.0218009338381436,**,51.67562557924,2158,0.956558999111358,UGA,full
average_counts_nature,L1_average_counts_nature,-0.142855131757361,0.0616876996215107,-2.31577984969222,0.0218009338381436,**,51.67562557924,2158,0.956558999111358,UGA,full
total_burned_days_allfire,L1_total_burned_days_allfire,-0.186352263030203,0.0672514255798904,-2.77097862868094,0.0062304955522328,***,134.224745134384,2158,0.967311892915424,UGA,full
average_burned_days_allfire,L1_average_burned_days_allfire,-0.102696983404726,0.0475239254115486,-2.16095329910963,0.0321410081172939,**,1.56567639004276,2158,0.580394739795556,UGA,full
total_burned_areas_ha,L1_total_burned_areas_ha,-0.0922738952045193,0.0259547532649865,-3.55518290859651,0.000492991831652167,***,37061.0076935494,2158,0.78557089226208,UGA,full
average_burned_areas_ha,L1_average_burned_areas_ha,-0.0589384467492488,0.0093243196832698,-6.32093801492021,2.33433184118112e-09,***,382.844469243248,2158,0.53204323385419,UGA,full
total_counts_total,L1_total_counts_total,-0.141428087082754,0.0611121813962866,-2.31423725763694,0.0218874989470668,**,52.3294717330862,2158,0.956159193935118,UGA,full
average_counts_total,L1_average_counts_total,-0.141428087082754,0.0611121813962866,-2.31423725763694,0.0218874989470668,**,52.3294717330862,2158,0.956159193935118,UGA,full
total_burned_days_allfire,L1_total_burned_days_human,0.827438679717752,0.43078445779014,1.92077189590913,0.0564848091693512,*,134.224745134384,2158,0.966192781676287,UGA,full
total_burned_days_allfire,L1_total_burned_days_nature,-0.191779474919242,0.0664687759806516,-2.88525660492179,0.00443376624878997,***,134.224745134384,2158,0.967389222767713,UGA,full
average_burned_days_allfire,L1_average_burned_days_human,0.00831681904555296,0.0374169155326065,0.222274309016877,0.82437523903854,"",1.56567639004276,2158,0.575913514909233,UGA,full
average_burned_days_allfire,L1_average_burned_days_nature,-0.103590134648624,0.0552411339068886,-1.87523548707798,0.0625271962536905,*,1.56567639004276,2158,0.580072853916659,UGA,full
total_burned_areas_ha,L1_total_ba_ha_human,1.03534539111799,1.75933935709138,0.588485323735196,0.55701127706714,"",37061.0076935494,2158,0.783031004634694,UGA,full
total_burned_areas_ha,L1_total_ba_ha_nature,0.718241278798267,0.331223293027973,2.16845038956125,0.0315565669786163,**,37061.0076935494,2158,0.793721523158192,UGA,full
average_burned_areas_ha,L1_average_ba_ha_human,0.0535286393095189,0.284650570305804,0.188050349774505,0.85106825197277,"",382.844469243248,2158,0.529401960579049,UGA,full
average_burned_areas_ha,L1_average_ba_ha_nature,0.0429283529998283,0.130595444078204,0.328712485361447,0.742789836509362,"",382.844469243248,2158,0.529504664518612,UGA,full
total_counts_total,L1_total_counts_human,0.106191077288417,0.244522517940577,0.434279338290728,0.664652967059478,"",52.3294717330862,2158,0.955277999578635,UGA,full
total_counts_total,L1_total_counts_nature,-0.143947621266903,0.0615624309857331,-2.33823809362341,0.0205742829066732,**,52.3294717330862,2158,0.956178915757335,UGA,full
average_counts_total,L1_average_counts_human,0.106191077288417,0.244522517940577,0.434279338290728,0.664652967059478,"",52.3294717330862,2158,0.955277999578635,UGA,full
average_counts_total,L1_average_counts_nature,-0.143947621266903,0.0615624309857331,-2.33823809362341,0.0205742829066732,**,52.3294717330862,2158,0.956178915757335,UGA,full
total_burned_days_allfire,L1_total_burned_days_allfire,-0.070388167717429,0.13204703976195,-0.533053734823002,0.599592840142132,"",606.43006993007,286,0.966263599136044,UGA,nature_subsample
total_burned_days_allfire,L1_total_burned_days_allfire,-0.316645551632927,0.123774141354591,-2.55825286418909,0.0152959415047202,**,4.44570135746606,442,0.822864263885325,UGA,human_subsample
average_burned_days_allfire,L1_average_burned_days_allfire,-0.0790575198814078,0.115933430703289,-0.681921680414524,0.502740949188786,"",3.04610870867855,286,0.690485477346412,UGA,nature_subsample
average_burned_days_allfire,L1_average_burned_days_allfire,-0.0875404789413852,0.0428710341214305,-2.04194931928701,0.0492157734458369,**,0.577450523302048,442,0.717251548470747,UGA,human_subsample
total_burned_areas_ha,L1_total_burned_areas_ha,-0.233362778870636,0.0838083706442597,-2.78448056055389,0.0111092544142505,**,201349.911417514,286,0.842010168749652,UGA,nature_subsample
total_burned_areas_ha,L1_total_burned_areas_ha,-0.261623096546973,0.10885429493897,-2.40342465764584,0.0220208937032457,**,294.732638620597,442,0.766771514592743,UGA,human_subsample
average_burned_areas_ha,L1_average_burned_areas_ha,-0.0782517373366447,0.0257465481315467,-3.03930984988098,0.00623477469798777,***,1541.3573661315,286,0.549105531553325,UGA,nature_subsample
average_burned_areas_ha,L1_average_burned_areas_ha,-0.0395840519969414,0.183901509116317,-0.215245933473578,0.830900364440971,"",33.1593555113261,442,0.685039264197612,UGA,human_subsample
total_counts_total,L1_total_counts_total,-0.074408799065608,0.120815824546272,-0.615886199883608,0.544587959684163,"",206.423076923077,286,0.959035965409965,UGA,nature_subsample
total_counts_total,L1_total_counts_total,-0.316991147812943,0.0572089441030574,-5.54093687242171,3.73554947591681e-06,***,2.77149321266968,442,0.858138352956914,UGA,human_subsample
average_counts_total,L1_average_counts_total,-0.074408799065608,0.120815824546272,-0.615886199883608,0.544587959684163,"",206.423076923077,286,0.959035965409965,UGA,nature_subsample
average_counts_total,L1_average_counts_total,-0.316991147812943,0.0572089441030574,-5.54093687242171,3.73554947591681e-06,***,2.77149321266968,442,0.858138352956914,UGA,human_subsample
total_burned_days_human,L1_total_burned_days_human,-0.0841668582132689,0.0469762100546062,-1.79169111589529,0.0753425209100742,*,0.0823786142935079,1833,0.327093229946893,URY,full
average_burned_days_human,L1_average_burned_days_human,-0.00491525892945895,0.0552377986239808,-0.0889836136106454,0.929222099908246,"",0.0605382796872159,1833,0.326932862488303,URY,full
total_ba_ha_human,L1_total_ba_ha_human,-0.0840550793424171,0.054928468206105,-1.53026439818096,0.128207731502543,"",5.04561661637724,1833,0.344260371475122,URY,full
average_ba_ha_human,L1_average_ba_ha_human,0.0264041160861329,0.100758707511136,0.262052945480812,0.7936658017026,"",3.29501541857678,1833,0.370666510550184,URY,full
total_counts_human,L1_total_counts_human,-0.119889416396982,0.0447066220497311,-2.68169257484088,0.00820595985960932,***,0.0763775231860338,1833,0.335012153325465,URY,full
average_counts_human,L1_average_counts_human,-0.119889416396982,0.0447066220497311,-2.68169257484088,0.00820595985960932,***,0.0763775231860338,1833,0.335012153325465,URY,full
total_burned_days_nature,L1_total_burned_days_nature,-0.144528749884602,0.0305409922825698,-4.73228729922722,5.36892643293337e-06,***,3.17894162575014,1833,0.654515659544472,URY,full
average_burned_days_nature,L1_average_burned_days_nature,-0.0378127337323929,0.0349948344668717,-1.08052329175007,0.28176707901604,"",0.58047949042072,1833,0.427325014002988,URY,full
total_ba_ha_nature,L1_total_ba_ha_nature,-0.145013640345018,0.0228204623093194,-6.3545443724774,2.74672766120042e-09,***,217.327507652074,1833,0.754084323657959,URY,full
average_ba_ha_nature,L1_average_ba_ha_nature,-0.0833504815749879,0.00571451175985352,-14.5857572926098,6.96100837776341e-30,***,46.2853196632737,1833,0.697842330292826,URY,full
total_counts_nature,L1_total_counts_nature,-0.202474768167039,0.0564520967137609,-3.58666515424011,0.000461911783002613,***,1.84888161483906,1833,0.717631832679794,URY,full
average_counts_nature,L1_average_counts_nature,-0.202474768167039,0.0564520967137609,-3.58666515424011,0.000461911783002613,***,1.84888161483906,1833,0.717631832679794,URY,full
total_burned_days_allfire,L1_total_burned_days_allfire,-0.141791192342769,0.0297843131844232,-4.76059969772692,4.75962763948293e-06,***,3.27386797599564,1833,0.653825991353682,URY,full
average_burned_days_allfire,L1_average_burned_days_allfire,-0.0362459544957441,0.0325275216215314,-1.11431651379647,0.267052763133433,"",0.615619781943452,1833,0.409009419250215,URY,full
total_burned_areas_ha,L1_total_burned_areas_ha,-0.14502088623733,0.0242903798145876,-5.97030130217386,1.8521599006896e-08,***,223.075378466559,1833,0.7548791133947,URY,full
average_burned_areas_ha,L1_average_burned_areas_ha,-0.0813444451258444,0.00628410301861508,-12.9444798859729,1.07492336090143e-25,***,48.3522765453829,1833,0.696750736235009,URY,full
total_counts_total,L1_total_counts_total,-0.203909805774115,0.0575182418285625,-3.54513280120564,0.000534039939093343,***,1.92580469176214,1833,0.719165233057224,URY,full
average_counts_total,L1_average_counts_total,-0.203909805774115,0.0575182418285625,-3.54513280120564,0.000534039939093343,***,1.92580469176214,1833,0.719165233057224,URY,full
total_burned_days_allfire,L1_total_burned_days_human,0.114716204301989,0.275680424360836,0.416120239831892,0.677959220146868,"",3.27386797599564,1833,0.645136171003204,URY,full
total_burned_days_allfire,L1_total_burned_days_nature,-0.141712960046954,0.030021617068176,-4.72036398722756,5.64752389702602e-06,***,3.27386797599564,1833,0.653759325952295,URY,full
average_burned_days_allfire,L1_average_burned_days_human,0.0286977210553398,0.058266683140033,0.492523677491135,0.623120709551133,"",0.615619781943452,1833,0.408327345415587,URY,full
average_burned_days_allfire,L1_average_burned_days_nature,-0.0331178454529141,0.034466510374201,-0.96087027939166,0.33827398830689,"",0.615619781943452,1833,0.408857956238648,URY,full
total_burned_areas_ha,L1_total_ba_ha_human,2.47747233858651,2.21061337107702,1.12071715977158,0.264327054171946,"",223.075378466559,1833,0.752996471044723,URY,full
total_burned_areas_ha,L1_total_ba_ha_nature,-0.147319132421283,0.0232056691978159,-6.34841129404487,2.83306123726605e-09,***,223.075378466559,1833,0.755070784516754,URY,full
average_burned_areas_ha,L1_average_ba_ha_human,0.123108546001214,0.144373161133897,0.852710746473426,0.395276176973327,"",48.3522765453829,1833,0.694780963744471,URY,full
average_burned_areas_ha,L1_average_ba_ha_nature,-0.0825644335914129,0.00602522525134798,-13.7031281233745,1.21732212147946e-27,***,48.3522765453829,1833,0.696801542338686,URY,full
total_counts_total,L1_total_counts_human,-0.0873092374302592,0.295536349600551,-0.295426391874525,0.768105869611176,"",1.92580469176214,1833,0.70537076252856,URY,full
total_counts_total,L1_total_counts_nature,-0.204215006035631,0.0571335712036461,-3.57434345050355,0.000482290822239905,***,1.92580469176214,1833,0.71911250810449,URY,full
average_counts_total,L1_average_counts_human,-0.0873092374302592,0.295536349600551,-0.295426391874525,0.768105869611176,"",1.92580469176214,1833,0.70537076252856,URY,full
average_counts_total,L1_average_counts_nature,-0.204215006035631,0.0571335712036461,-3.57434345050355,0.000482290822239905,***,1.92580469176214,1833,0.71911250810449,URY,full
total_burned_days_allfire,L1_total_burned_days_allfire,-0.138702903225302,0.0555605549454256,-2.49642760698742,0.0163636881494789,**,4.28717948717949,585,0.707973452734552,URY,nature_subsample
total_burned_days_allfire,L1_total_burned_days_allfire,-0.143240596278804,0.0752039023618979,-1.90469632266552,0.0671393308244952,*,0.267904509283819,377,0.490537246061135,URY,human_subsample
average_burned_days_allfire,L1_average_burned_days_allfire,-0.0556916708125492,0.072851458261918,-0.764455127477676,0.448676598838967,"",0.709076378553255,585,0.48067872455637,URY,nature_subsample
average_burned_days_allfire,L1_average_burned_days_allfire,-0.0637766625089126,0.100834106175793,-0.632490978773843,0.53219760514111,"",0.174977895667551,377,0.446271246368655,URY,human_subsample
total_burned_areas_ha,L1_total_burned_areas_ha,-0.0596869274735914,0.10757960814128,-0.554816368128121,0.58182986904308,"",244.627240235874,585,0.705201162168258,URY,nature_subsample
total_burned_areas_ha,L1_total_burned_areas_ha,-0.139171306117402,0.090911115180887,-1.53085027986392,0.137027480262443,"",17.5348605837797,377,0.595927644368904,URY,human_subsample
average_burned_areas_ha,L1_average_burned_areas_ha,-0.018612025588967,0.0397727035529026,-0.4679597796064,0.642123111367026,"",39.1014390399408,585,0.378439938663246,URY,nature_subsample
average_burned_areas_ha,L1_average_burned_areas_ha,-0.032545468786073,0.148862186833436,-0.218628178709269,0.828525439448736,"",10.7381959197652,377,0.51031642029263,URY,human_subsample
total_counts_total,L1_total_counts_total,-0.209040463572016,0.118001534954562,-1.7715063083926,0.0834023758365658,*,2.34700854700855,585,0.709389527603258,URY,nature_subsample
total_counts_total,L1_total_counts_total,-0.186385779803558,0.0548542745024247,-3.39783510937364,0.00205396223611265,***,0.220159151193634,377,0.447972419062256,URY,human_subsample
average_counts_total,L1_average_counts_total,-0.209040463572016,0.118001534954562,-1.7715063083926,0.0834023758365658,*,2.34700854700855,585,0.709389527603258,URY,nature_subsample
average_counts_total,L1_average_counts_total,-0.186385779803558,0.0548542745024247,-3.39783510937364,0.00205396223611265,***,0.220159151193634,377,0.447972419062256,URY,human_subsample
total_burned_days_human,L1_total_burned_days_human,-0.0266779865414301,0.0412713647929337,-0.646404272678617,0.518064710530807,"",3.54100283452253,40924,0.894173203987596,USA,full
average_burned_days_human,L1_average_burned_days_human,-0.067957165559925,0.00957118088286001,-7.10018610991066,1.53340482051754e-12,***,0.347406404946159,40924,0.326095588304078,USA,full
total_ba_ha_human,L1_total_ba_ha_human,-0.0666614309497242,0.0356152012698496,-1.87171288025703,0.0613390300930029,*,231.443059386797,40924,0.71713326849304,USA,full
average_ba_ha_human,L1_average_ba_ha_human,-0.0138437551081782,0.0431357236592899,-0.320934806090744,0.748281106900641,"",28.2458812725965,40924,0.198977679094563,USA,full
total_counts_human,L1_total_counts_human,-0.00770219292902134,0.042480670352847,-0.181310531708809,0.856135516013268,"",1.52475320105562,40924,0.865899208526227,USA,full
average_counts_human,L1_average_counts_human,-0.00770219292902134,0.042480670352847,-0.181310531708809,0.856135516013268,"",1.52475320105562,40924,0.865899208526227,USA,full
total_burned_days_nature,L1_total_burned_days_nature,-0.227260362747748,0.0377818433020004,-6.01506816200561,2.00489172578188e-09,***,5.92302805199883,40924,0.537115212228644,USA,full
average_burned_days_nature,L1_average_burned_days_nature,-0.0744694719537932,0.00778905276722288,-9.56078668091301,2.27341391551096e-21,***,0.737608325587276,40924,0.35821943500075,USA,full
total_ba_ha_nature,L1_total_ba_ha_nature,-0.0448192116051066,0.043349242813874,-1.03390990697448,0.301257727117376,"",1469.72833615256,40924,0.355868553262828,USA,full
average_ba_ha_nature,L1_average_ba_ha_nature,-0.0633663738432594,0.022709624197858,-2.79028720559965,0.00529785426563499,***,193.473579726575,40924,0.232471450256824,USA,full
total_counts_nature,L1_total_counts_nature,-0.228249306625966,0.0296569782726291,-7.69631027570401,1.86147329908098e-14,***,2.59942820838628,40924,0.448605594311285,USA,full
average_counts_nature,L1_average_counts_nature,-0.228249306625966,0.0296569782726291,-7.69631027570401,1.86147329908098e-14,***,2.59942820838628,40924,0.448605594311285,USA,full
total_burned_days_allfire,L1_total_burned_days_allfire,-0.194296640212944,0.0506287325126888,-3.83767537858564,0.000126645394990274,***,9.48463004593881,40924,0.729631228784183,USA,full
average_burned_days_allfire,L1_average_burned_days_allfire,-0.0730027526749717,0.00658635131606315,-11.083944534955,4.92319878604514e-28,***,0.909750213805345,40924,0.336841164888439,USA,full
total_burned_areas_ha,L1_total_burned_areas_ha,-0.0551002561142501,0.0491263959024232,-1.12160184157805,0.262117341601016,"",1742.64337848883,40924,0.376123725673659,USA,full
average_burned_areas_ha,L1_average_burned_areas_ha,-0.0173334470472272,0.0324261869667704,-0.534550888298712,0.592998213809002,"",191.340095165748,40924,0.219022913530057,USA,full
total_counts_total,L1_total_counts_total,-0.211682069664473,0.038567395678749,-5.4886275295252,4.37201779299082e-08,***,4.12545205747239,40924,0.559742666031639,USA,full
average_counts_total,L1_average_counts_total,-0.211682069664473,0.038567395678749,-5.4886275295252,4.37201779299082e-08,***,4.12545205747239,40924,0.559742666031639,USA,full
total_burned_days_allfire,L1_total_burned_days_human,-0.0408239125106234,0.0541894137399469,-0.753355862208362,0.451292453797887,"",9.48463004593881,40924,0.719433482722221,USA,full
total_burned_days_allfire,L1_total_burned_days_nature,-0.231741280995167,0.0386377138083833,-5.99780002886416,2.22740206018577e-09,***,9.48463004593881,40924,0.730981353929262,USA,full
average_burned_days_allfire,L1_average_burned_days_human,-0.0461293953959026,0.00909491452202308,-5.07199878395796,4.16456894170889e-07,***,0.909750213805345,40924,0.333944015290961,USA,full
average_burned_days_allfire,L1_average_burned_days_nature,-0.0626991660652839,0.00735768201371121,-8.52159225533837,2.40457719216688e-17,***,0.909750213805345,40924,0.335637038542113,USA,full
total_burned_areas_ha,L1_total_ba_ha_human,-0.16276178753763,0.0624023390935101,-2.6082642077524,0.00914329791206283,***,1742.64337848883,40924,0.374397431730968,USA,full
total_burned_areas_ha,L1_total_ba_ha_nature,-0.0471062583263752,0.0475508763005919,-0.990649636582804,0.321932852361,"",1742.64337848883,40924,0.375517627078436,USA,full
average_burned_areas_ha,L1_average_ba_ha_human,-0.0182628872273289,0.0700996368035584,-0.260527558488032,0.794473905582873,"",191.340095165748,40924,0.218793516384709,USA,full
average_burned_areas_ha,L1_average_ba_ha_nature,-0.0233362643713592,0.0198334951416502,-1.17660877241718,0.239440684231,"",191.340095165748,40924,0.219501584162529,USA,full
total_counts_total,L1_total_counts_human,-0.0132537045051278,0.0514031205044822,-0.257838519822393,0.796548393722552,"",4.12545205747239,40924,0.540479725956492,USA,full
total_counts_total,L1_total_counts_nature,-0.22925074383394,0.0293017615153007,-7.82378710284126,6.94267691789634e-15,***,4.12545205747239,40924,0.561233347716095,USA,full
average_counts_total,L1_average_counts_human,-0.0132537045051278,0.0514031205044822,-0.257838519822393,0.796548393722552,"",4.12545205747239,40924,0.540479725956492,USA,full
average_counts_total,L1_average_counts_nature,-0.22925074383394,0.0293017615153007,-7.82378710284126,6.94267691789634e-15,***,4.12545205747239,40924,0.561233347716095,USA,full
total_burned_days_allfire,L1_total_burned_days_allfire,-0.255981113434099,0.0325586432104667,-7.86215542765025,8.97452941663334e-14,***,17.3735859728507,3536,0.491214321268994,USA,nature_subsample
total_burned_days_allfire,L1_total_burned_days_allfire,-0.0593867196853526,0.0570465881767978,-1.0410214104532,0.298037848261017,"",7.11322740187309,19006,0.922319445556853,USA,human_subsample
average_burned_days_allfire,L1_average_burned_days_allfire,-0.0782357317201868,0.0198826421985556,-3.93487600585954,0.000105845276077843,***,1.6211821569389,3536,0.33704679957429,USA,nature_subsample
average_burned_days_allfire,L1_average_burned_days_allfire,-0.0628056818059172,0.0106421204365433,-5.90161351587909,4.46739951319386e-09,***,0.611951233403744,19006,0.353685892413577,USA,human_subsample
total_burned_areas_ha,L1_total_burned_areas_ha,-0.1297307033236,0.0769260965241827,-1.68643294259469,0.0928632513332269,*,6314.45799740529,3536,0.442913909875222,USA,nature_subsample
total_burned_areas_ha,L1_total_burned_areas_ha,-0.0458141466287931,0.0261512676631823,-1.75189008880413,0.0800025034306446,*,564.753681971818,19006,0.618179290844948,USA,human_subsample
average_burned_areas_ha,L1_average_burned_areas_ha,-0.0524541828929274,0.0245502026663545,-2.13660895617838,0.0335254999281593,**,722.167360557454,3536,0.34250550710824,USA,nature_subsample
average_burned_areas_ha,L1_average_burned_areas_ha,-0.0460134123097921,0.0335646667164704,-1.37088840173744,0.170620298623911,"",62.8651409877558,19006,0.401362378428544,USA,human_subsample
total_counts_total,L1_total_counts_total,-0.238824341331955,0.0276951258581187,-8.62333475411684,5.54694165754805e-16,***,8.27828054298643,3536,0.434746454183839,USA,nature_subsample
total_counts_total,L1_total_counts_total,-0.0550133069212378,0.0672279814424664,-0.818309664232862,0.413313832140884,"",2.98826686309586,19006,0.909435721782321,USA,human_subsample
average_counts_total,L1_average_counts_total,-0.238824341331955,0.0276951258581187,-8.62333475411684,5.54694165754805e-16,***,8.27828054298643,3536,0.434746454183839,USA,nature_subsample
average_counts_total,L1_average_counts_total,-0.0550133069212378,0.0672279814424664,-0.818309664232862,0.413313832140884,"",2.98826686309586,19006,0.909435721782321,USA,human_subsample
total_burned_days_human,L1_total_burned_days_human,-0.131803589145133,0.0444362367745651,-2.96612851834871,0.00347817773426119,***,0.869087434304826,2093,0.512566564479673,UZB,full
average_burned_days_human,L1_average_burned_days_human,-0.137450926779015,0.0232157589352231,-5.9205872684383,1.89563243876484e-08,***,0.203548781591489,2093,0.409246575762917,UZB,full
total_ba_ha_human,L1_total_ba_ha_human,-0.0432814172249467,0.0466391809885712,-0.928005516125009,0.354802530680931,"",53.4703350062125,2093,0.489796246156265,UZB,full
average_ba_ha_human,L1_average_ba_ha_human,-0.111013487875675,0.032299570755822,-3.43699576427545,0.000749680042099508,***,14.1141335222729,2093,0.408693269249923,UZB,full
total_counts_human,L1_total_counts_human,-0.0365695583059224,0.0449000770711862,-0.814465379378831,0.416588970229612,"",0.482560917343526,2093,0.567886985985282,UZB,full
average_counts_human,L1_average_counts_human,-0.0365695583059224,0.0449000770711862,-0.814465379378831,0.416588970229612,"",0.482560917343526,2093,0.567886985985282,UZB,full
total_burned_days_nature,L1_total_burned_days_nature,-0.0654133713169224,0.0492663318758355,-1.32774998312807,0.1861518771394,"",2.83420926899188,2093,0.831710187720497,UZB,full
average_burned_days_nature,L1_average_burned_days_nature,-0.061613386903736,0.0271497035809487,-2.269394460239,0.0245801276740297,**,0.236132251434322,2093,0.486251143231274,UZB,full
total_ba_ha_nature,L1_total_ba_ha_nature,-0.0433417496957827,0.0159273043656973,-2.72122317126858,0.00722442175663827,***,317.251596991814,2093,0.760503799947248,UZB,full
average_ba_ha_nature,L1_average_ba_ha_nature,0.0647722345756788,0.0463294170562192,1.39808006858968,0.164024090430523,"",26.8550808939721,2093,0.292165248311397,UZB,full
total_counts_nature,L1_total_counts_nature,0.03923805412785,0.0344448421457706,1.13915616050131,0.25634065476677,"",1.15336837075968,2093,0.808136169143604,UZB,full
average_counts_nature,L1_average_counts_nature,0.03923805412785,0.0344448421457706,1.13915616050131,0.25634065476677,"",1.15336837075968,2093,0.808136169143604,UZB,full
total_burned_days_allfire,L1_total_burned_days_allfire,-0.0850343544375101,0.0470779126413523,-1.80624733907207,0.0727590986854609,*,3.7032967032967,2093,0.819032907227069,UZB,full
average_burned_days_allfire,L1_average_burned_days_allfire,-0.0927000039142042,0.0261655136556715,-3.54283142055234,0.000518984279817352,***,0.387166541789671,2093,0.454012558184889,UZB,full
total_burned_areas_ha,L1_total_burned_areas_ha,-0.047610449638237,0.0160767464984576,-2.96144805435632,0.00352864801176079,***,370.721931998027,2093,0.758707557637112,UZB,full
average_burned_areas_ha,L1_average_burned_areas_ha,0.0596032075240531,0.041414881380086,1.43917368679734,0.152054784975507,"",37.5229427027327,2093,0.296126685367062,UZB,full
total_counts_total,L1_total_counts_total,0.0132701843332192,0.0330704044798533,0.401270699343986,0.688756238424235,"",1.6359292881032,2093,0.799107889984429,UZB,full
average_counts_total,L1_average_counts_total,0.0132701843332192,0.0330704044798533,0.401270699343986,0.688756238424235,"",1.6359292881032,2093,0.799107889984429,UZB,full
total_burned_days_allfire,L1_total_burned_days_human,-0.260629261060382,0.123244850366233,-2.11472739255149,0.036002542601732,**,3.7032967032967,2093,0.818757792513165,UZB,full
total_burned_days_allfire,L1_total_burned_days_nature,-0.0687419546252907,0.05182444241445,-1.32643886596112,0.186584570307902,"",3.7032967032967,2093,0.818432945186887,UZB,full
average_burned_days_allfire,L1_average_burned_days_human,-0.0611521571088491,0.0602358118619261,-1.01521263213026,0.311537200398371,"",0.387166541789671,2093,0.450552741342483,UZB,full
average_burned_days_allfire,L1_average_burned_days_nature,-0.0611106052004457,0.0260029847949405,-2.35013809692863,0.0199865950027031,**,0.387166541789671,2093,0.450847511569133,UZB,full
total_burned_areas_ha,L1_total_ba_ha_human,-0.455542494372178,0.432554861329613,-1.05314385549131,0.29386290006047,"",370.721931998027,2093,0.758913691209358,UZB,full
total_burned_areas_ha,L1_total_ba_ha_nature,-0.041477170235172,0.0155489895920809,-2.66751546713339,0.00842745195477097,***,370.721931998027,2093,0.758552009815466,UZB,full
average_burned_areas_ha,L1_average_ba_ha_human,0.0943112114268751,0.144163725926355,0.654195157768422,0.513925289398983,"",37.5229427027327,2093,0.294042864208831,UZB,full
average_burned_areas_ha,L1_average_ba_ha_nature,0.0620129251154744,0.0488708054491424,1.26891555286537,0.206314056123499,"",37.5229427027327,2093,0.29618103077013,UZB,full
total_counts_total,L1_total_counts_human,-0.110180426962647,0.100572835852279,-1.09552868852659,0.27493139082201,"",1.6359292881032,2093,0.799405360220182,UZB,full
total_counts_total,L1_total_counts_nature,0.0304608821145152,0.0328379277115969,0.927612801332702,0.355005648399572,"",1.6359292881032,2093,0.799251177455995,UZB,full
average_counts_total,L1_average_counts_human,-0.110180426962647,0.100572835852279,-1.09552868852659,0.27493139082201,"",1.6359292881032,2093,0.799405360220182,UZB,full
average_counts_total,L1_average_counts_nature,0.0304608821145152,0.0328379277115969,0.927612801332702,0.355005648399572,"",1.6359292881032,2093,0.799251177455995,UZB,full
total_burned_days_allfire,L1_total_burned_days_allfire,-0.0655455462712952,0.0658781457917075,-0.9949512920193,0.328930111380484,"",13.3219373219373,351,0.850237496543717,UZB,nature_subsample
total_burned_days_allfire,L1_total_burned_days_allfire,0.00703799617600215,0.0715682222838923,0.0983396813754053,0.92190552043266,"",1.0703564727955,1066,0.653112107103375,UZB,human_subsample
average_burned_days_allfire,L1_average_burned_days_allfire,-0.0244383742075325,0.0497526939306296,-0.491197004158349,0.627407958322408,"",0.655200324319218,351,0.618484111298064,UZB,nature_subsample
average_burned_days_allfire,L1_average_burned_days_allfire,-0.143451751633702,0.0322141791670806,-4.45306245084445,2.68239602975298e-05,***,0.264442665383547,1066,0.447380627795346,UZB,human_subsample
total_burned_areas_ha,L1_total_burned_areas_ha,-0.0492599804315219,0.0122126871979093,-4.03350873016341,0.000428366112471116,***,1611.70774619183,351,0.787430109354121,UZB,nature_subsample
total_burned_areas_ha,L1_total_burned_areas_ha,0.0670037814054561,0.0825019692263862,0.812147661852738,0.419087329398447,"",67.0656937571662,1066,0.688648905011016,UZB,human_subsample
average_burned_areas_ha,L1_average_burned_areas_ha,0.149275271974067,0.0231375474748008,6.45164627481125,7.75868979864617e-07,***,88.2508984834675,351,0.526960220599871,UZB,nature_subsample
average_burned_areas_ha,L1_average_burned_areas_ha,-0.127305159159017,0.0377533436208853,-3.37202342757773,0.00114607473779947,***,19.6641083937283,1066,0.448684429311659,UZB,human_subsample
total_counts_total,L1_total_counts_total,0.0275954100312858,0.0425313045931922,0.648825854161617,0.522141194439648,"",5.44729344729345,351,0.825008534803195,UZB,nature_subsample
total_counts_total,L1_total_counts_total,0.114393227417019,0.0641207213910844,1.78402901488449,0.0781639359448076,*,0.550656660412758,1066,0.72393365089564,UZB,human_subsample
average_counts_total,L1_average_counts_total,0.0275954100312858,0.0425313045931922,0.648825854161617,0.522141194439648,"",5.44729344729345,351,0.825008534803195,UZB,nature_subsample
average_counts_total,L1_average_counts_total,0.114393227417019,0.0641207213910844,1.78402901488449,0.0781639359448076,*,0.550656660412758,1066,0.72393365089564,UZB,human_subsample
total_burned_days_human,L1_total_burned_days_human,-0.0213449912666749,0.0308348488604515,-0.692235962085475,0.489268686706325,"",3.29922161172161,4368,0.750185087206431,VEN,full
average_burned_days_human,L1_average_burned_days_human,-0.0340720693152662,0.0275674373508971,-1.23595345049936,0.217341800170962,"",0.362565685955438,4368,0.443150107820879,VEN,full
total_ba_ha_human,L1_total_ba_ha_human,-0.0353126207518828,0.0329056634482926,-1.07314720480784,0.283977488805595,"",171.731639178428,4368,0.715180275043597,VEN,full
average_ba_ha_human,L1_average_ba_ha_human,-0.174270958514922,0.0487662886711152,-3.57359485956011,0.000403795833059145,***,20.6532865177517,4368,0.456973557473065,VEN,full
total_counts_human,L1_total_counts_human,0.0597155597112802,0.0209257906948002,2.85368235696435,0.00459042499445424,***,1.60004578754579,4368,0.787257551624897,VEN,full
average_counts_human,L1_average_counts_human,0.0597155597112802,0.0209257906948002,2.85368235696435,0.00459042499445424,***,1.60004578754579,4368,0.787257551624897,VEN,full
total_burned_days_nature,L1_total_burned_days_nature,0.155435243465457,0.0391857338444701,3.9666283674152,8.91803421193846e-05,***,98.7992216117216,4368,0.943644084297475,VEN,full
average_burned_days_nature,L1_average_burned_days_nature,-0.0751374900946836,0.0173795849346491,-4.32331901925255,2.0296429758197e-05,***,1.19683165948903,4368,0.47242969245053,VEN,full
total_ba_ha_nature,L1_total_ba_ha_nature,0.0585778125957522,0.076019374855693,0.770564250323685,0.441508344697762,"",9803.61102525331,4368,0.959351458672071,VEN,full
average_ba_ha_nature,L1_average_ba_ha_nature,-0.06769376743783,0.0192478593183204,-3.51695044723224,0.000496702155847778,***,81.1075594884928,4368,0.597158333467136,VEN,full
total_counts_nature,L1_total_counts_nature,0.0739312451262784,0.0409851569410202,1.80385414243184,0.072152375495107,*,38.9995421245421,4368,0.934972840196578,VEN,full
average_counts_nature,L1_average_counts_nature,0.0739312451262784,0.0409851569410202,1.80385414243184,0.072152375495107,*,38.9995421245421,4368,0.934972840196578,VEN,full
total_burned_days_allfire,L1_total_burned_days_allfire,0.159261678282575,0.0407848199332221,3.90492537525819,0.000113999841900438,***,102.221611721612,4368,0.94107505266404,VEN,full
average_burned_days_allfire,L1_average_burned_days_allfire,-0.065049684375072,0.0175167994921254,-3.7135599116902,0.000239308610863879,***,1.26204713233603,4368,0.460298764346546,VEN,full
total_burned_areas_ha,L1_total_burned_areas_ha,0.0564396264339717,0.077151351513354,0.731544235154489,0.464958202176495,"",10048.143427301,4368,0.959784288824471,VEN,full
average_burned_areas_ha,L1_average_burned_areas_ha,-0.0732728921077931,0.0197023384855886,-3.71899468488926,0.000234419368014505,***,84.8936172202116,4368,0.592264780290378,VEN,full
total_counts_total,L1_total_counts_total,0.0871576081685685,0.0458120639565785,1.90250341593817,0.0579626638984854,*,40.6101190476191,4368,0.931690364462965,VEN,full
average_counts_total,L1_average_counts_total,0.0871576081685685,0.0458120639565785,1.90250341593817,0.0579626638984854,*,40.6101190476191,4368,0.931690364462965,VEN,full
total_burned_days_allfire,L1_total_burned_days_human,0.660301410895722,0.37765072052534,1.74844472685553,0.0813030386625379,*,102.221611721612,4368,0.939599018245679,VEN,full
total_burned_days_allfire,L1_total_burned_days_nature,0.16265232897327,0.0428985262370259,3.79155983295492,0.000177531957238602,***,102.221611721612,4368,0.941043021138035,VEN,full
average_burned_days_allfire,L1_average_burned_days_human,-0.0147411599587369,0.0250167614308491,-0.589251330532299,0.556089840325556,"",1.26204713233603,4368,0.457953967564193,VEN,full
average_burned_days_allfire,L1_average_burned_days_nature,-0.0713110046005423,0.0177772876402031,-4.01135460278391,7.44947883309667e-05,***,1.26204713233603,4368,0.460800016077096,VEN,full
total_burned_areas_ha,L1_total_ba_ha_human,0.713539081741533,0.537921197064719,1.32647511500776,0.185585931421917,"",10048.143427301,4368,0.959705665143675,VEN,full
total_burned_areas_ha,L1_total_ba_ha_nature,0.0709328077707693,0.0747565035604877,0.948851329214126,0.343380214890793,"",10048.143427301,4368,0.959857979062283,VEN,full
average_burned_areas_ha,L1_average_ba_ha_human,-0.0865445147323986,0.0252902158131832,-3.42205520789921,0.000698470097355153,***,84.8936172202116,4368,0.591323410559801,VEN,full
average_burned_areas_ha,L1_average_ba_ha_nature,-0.0549948895598381,0.0223028519405663,-2.46582319186762,0.014170394982199,**,84.8936172202116,4368,0.591301445975591,VEN,full
total_counts_total,L1_total_counts_human,0.893362787197753,0.398206206807137,2.24346776098956,0.0255196981293896,**,40.6101190476191,4368,0.931803407684227,VEN,full
total_counts_total,L1_total_counts_nature,0.082603120089774,0.0451507482428989,1.82949615021641,0.0682139690182723,*,40.6101190476191,4368,0.931590296673065,VEN,full
average_counts_total,L1_average_counts_human,0.893362787197753,0.398206206807137,2.24346776098956,0.0255196981293896,**,40.6101190476191,4368,0.931803407684227,VEN,full
average_counts_total,L1_average_counts_nature,0.082603120089774,0.0451507482428989,1.82949615021641,0.0682139690182723,*,40.6101190476191,4368,0.931590296673065,VEN,full
total_burned_days_allfire,L1_total_burned_days_allfire,0.0578817829067765,0.0780787799472715,0.741325401675915,0.462347531654651,"",429.919732441472,598,0.968328088671593,VEN,nature_subsample
total_burned_days_allfire,L1_total_burned_days_allfire,0.0152746935076937,0.111130850825793,0.137447822941966,0.891129514613594,"",9.52481389578164,806,0.904709010054705,VEN,human_subsample
average_burned_days_allfire,L1_average_burned_days_allfire,-0.0450192339551139,0.04623252656369,-0.973756731488497,0.33538289879392,"",1.7818880905961,598,0.638964669211408,VEN,nature_subsample
average_burned_days_allfire,L1_average_burned_days_allfire,-0.0417443005286685,0.0389318510989635,-1.0722403212361,0.287835905394636,"",0.846197705953751,806,0.577905878808978,VEN,human_subsample
total_burned_areas_ha,L1_total_burned_areas_ha,0.0170172926606272,0.0867674299594268,0.196125351051478,0.845395065801731,"",50433.1446650654,598,0.97679647170849,VEN,nature_subsample
total_burned_areas_ha,L1_total_burned_areas_ha,0.00116178856328177,0.124378534993655,0.00934074809082639,0.992577751565969,"",530.60663300072,806,0.837090395641563,VEN,human_subsample
average_burned_areas_ha,L1_average_burned_areas_ha,0.00566081173734961,0.048096919481997,0.117695931430047,0.90683236360637,"",156.582321357866,598,0.804177383411379,VEN,nature_subsample
average_burned_areas_ha,L1_average_burned_areas_ha,-0.163741300623228,0.0667410582112292,-2.45338184637412,0.0170246905318698,**,49.6320248130742,806,0.573785145418973,VEN,human_subsample
total_counts_total,L1_total_counts_total,-0.074554580229687,0.0534032664628701,-1.39606779075064,0.169543734888794,"",163.030100334448,598,0.962236254708214,VEN,nature_subsample
total_counts_total,L1_total_counts_total,0.0809111018647684,0.0734900379155793,1.10098054320932,0.275230702736886,"",4.22828784119107,806,0.932366900041485,VEN,human_subsample
average_counts_total,L1_average_counts_total,-0.074554580229687,0.0534032664628701,-1.39606779075064,0.169543734888794,"",163.030100334448,598,0.962236254708214,VEN,nature_subsample
average_counts_total,L1_average_counts_total,0.0809111018647684,0.0734900379155793,1.10098054320932,0.275230702736886,"",4.22828784119107,806,0.932366900041485,VEN,human_subsample
total_ba_ha_human,L1_total_ba_ha_human,-0.103176270519041,0.0173144350408899,-5.95897413201062,1.55487544066817e-05,***,0.0914376884443639,234,0.223004013246364,VIR,full
average_ba_ha_human,L1_average_ba_ha_human,-0.103176270519041,0.0173144350408899,-5.95897413201062,1.55487544066817e-05,***,0.0914376884443639,234,0.223004013246364,VIR,full
total_counts_human,L1_total_counts_human,-0.103176270519041,0.0173144350409692,-5.95897413198334,1.554875440752e-05,***,0.00427350427350428,234,0.223004013246364,VIR,full
average_counts_human,L1_average_counts_human,-0.103176270519041,0.0173144350409692,-5.95897413198334,1.554875440752e-05,***,0.00427350427350428,234,0.223004013246364,VIR,full
total_ba_ha_nature,L1_total_ba_ha_nature,-0.105869268286023,0.0222939948677183,-4.74877961146934,0.000185951026423714,***,0.182892062567035,234,0.314140860239221,VIR,full
average_ba_ha_nature,L1_average_ba_ha_nature,-0.105869268286023,0.0222939948677183,-4.74877961146934,0.000185951026423714,***,0.182892062567035,234,0.314140860239221,VIR,full
total_counts_nature,L1_total_counts_nature,-0.105869268286024,0.022293994867475,-4.7487796115212,0.000185951026403298,***,0.00427350427350426,234,0.314140860239221,VIR,full
average_counts_nature,L1_average_counts_nature,-0.105869268286024,0.022293994867475,-4.7487796115212,0.000185951026403298,***,0.00427350427350426,234,0.314140860239221,VIR,full
total_burned_areas_ha,L1_total_burned_areas_ha,-0.0984647998716888,0.0193975560562292,-5.07614462287215,9.34689494693612e-05,***,0.274329751011396,234,0.291979206416758,VIR,full
average_burned_areas_ha,L1_average_burned_areas_ha,-0.0984647998716888,0.0193975560562292,-5.07614462287215,9.34689494693612e-05,***,0.274329751011396,234,0.291979206416758,VIR,full
total_counts_total,L1_total_counts_total,-0.0960934401545981,0.0132324442993757,-7.26195689779941,1.32839988043321e-06,***,0.00854700854700858,234,0.263549307984651,VIR,full
average_counts_total,L1_average_counts_total,-0.0960934401545981,0.0132324442993757,-7.26195689779941,1.32839988043321e-06,***,0.00854700854700858,234,0.263549307984651,VIR,full
total_burned_areas_ha,L1_total_ba_ha_human,-0.0770380715813428,0.0327428501230256,-2.35282118972189,0.030933984056212,**,0.274329751011395,234,0.285547527551816,VIR,full
total_burned_areas_ha,L1_total_ba_ha_nature,-0.105240776677276,0.0228445587321876,-4.60682028972588,0.000251380398952491,***,0.274329751011395,234,0.291214224757986,VIR,full
average_burned_areas_ha,L1_average_ba_ha_human,-0.0770380715813428,0.0327428501230256,-2.35282118972189,0.030933984056212,**,0.274329751011395,234,0.285547527551816,VIR,full
average_burned_areas_ha,L1_average_ba_ha_nature,-0.105240776677276,0.0228445587321876,-4.60682028972588,0.000251380398952491,***,0.274329751011395,234,0.291214224757986,VIR,full
total_counts_total,L1_total_counts_human,-0.0901083633752522,0.0232674544774252,-3.87272116348947,0.00122191794148636,***,0.00854700854700861,234,0.259591950468036,VIR,full
total_counts_total,L1_total_counts_nature,-0.104612170380496,0.0235789106832257,-4.43668377160943,0.000361589054739339,***,0.00854700854700861,234,0.260482664392081,VIR,full
average_counts_total,L1_average_counts_human,-0.0901083633752522,0.0232674544774252,-3.87272116348947,0.00122191794148636,***,0.00854700854700861,234,0.259591950468036,VIR,full
average_counts_total,L1_average_counts_nature,-0.104612170380496,0.0235789106832257,-4.43668377160943,0.000361589054739339,***,0.00854700854700861,234,0.260482664392081,VIR,full
total_burned_days_human,L1_total_burned_days_human,0.189723982122654,0.0342956362709167,5.53201522852465,4.46447200082434e-08,***,11.5920679886686,9178,0.873269605978868,VNM,full
average_burned_days_human,L1_average_burned_days_human,-0.014950621695984,0.0221429258710402,-0.675187271233079,0.499778170227412,"",0.702313129241246,9178,0.489544110429379,VNM,full
total_ba_ha_human,L1_total_ba_ha_human,0.0171956799206142,0.0222274920511591,0.773622137892856,0.439413600930221,"",4621.7293704289,9178,0.787114482907271,VNM,full
average_ba_ha_human,L1_average_ba_ha_human,-0.103610608943177,0.0993098133377248,-1.04330685418597,0.297163811719264,"",263.730865315907,9178,0.492226070270051,VNM,full
total_counts_human,L1_total_counts_human,0.232351209550357,0.0348374226926051,6.66958665687051,5.1854346730213e-11,***,4.51874046633254,9178,0.860067645368852,VNM,full
average_counts_human,L1_average_counts_human,0.232351209550357,0.0348374226926051,6.66958665687051,5.1854346730213e-11,***,4.51874046633254,9178,0.860067645368852,VNM,full
total_burned_days_nature,L1_total_burned_days_nature,-0.0475379757753781,0.0355541195023121,-1.33705957117815,0.181634447072175,"",6.63652211810852,9178,0.820509079623422,VNM,full
average_burned_days_nature,L1_average_burned_days_nature,-0.0253224251208991,0.0347201225957308,-0.729329945511564,0.466042087562465,"",0.527918930122339,9178,0.468470964355032,VNM,full
total_ba_ha_nature,L1_total_ba_ha_nature,-0.16168705995005,0.0630359220646112,-2.56499872857134,0.0105234350485967,**,3525.74862593585,9178,0.617278818410169,VNM,full
average_ba_ha_nature,L1_average_ba_ha_nature,-0.094498754970274,0.00944449810483679,-10.0056936770286,3.96374168648359e-22,***,278.962633603669,9178,0.512160562520604,VNM,full
total_counts_nature,L1_total_counts_nature,-0.00156616773354291,0.0327912677313388,-0.0477617317626947,0.961919661938379,"",3.9129439965134,9178,0.842428778219622,VNM,full
average_counts_nature,L1_average_counts_nature,-0.00156616773354291,0.0327912677313388,-0.0477617317626947,0.961919661938379,"",3.9129439965134,9178,0.842428778219622,VNM,full
total_burned_days_allfire,L1_total_burned_days_allfire,0.0674563310349251,0.0348708844792261,1.93445999556195,0.0534563860117327,*,18.2285901067771,9178,0.861381459012375,VNM,full
average_burned_days_allfire,L1_average_burned_days_allfire,-0.0303653598016653,0.0213802505358229,-1.42025275853469,0.155976181111347,"",0.877337485956961,9178,0.49279544906492,VNM,full
total_burned_areas_ha,L1_total_burned_areas_ha,-0.138134547551068,0.0561986634569627,-2.45796855394706,0.0142120780907504,**,8147.47799636475,9178,0.657428012896793,VNM,full
average_burned_areas_ha,L1_average_burned_areas_ha,-0.120661028242487,0.0657911330527059,-1.83400137136754,0.0670751298458951,*,331.731134296437,9178,0.473673765302913,VNM,full
total_counts_total,L1_total_counts_total,0.111791615699494,0.0318518718468355,3.50973456872679,0.000477072914888154,***,8.43168446284594,9178,0.852060869488087,VNM,full
average_counts_total,L1_average_counts_total,0.111791615699494,0.0318518718468355,3.50973456872679,0.000477072914888154,***,8.43168446284594,9178,0.852060869488087,VNM,full
total_burned_days_allfire,L1_total_burned_days_human,0.17219538693186,0.0368021046276491,4.67895487701243,3.45743342864518e-06,***,18.2285901067771,9178,0.862936849025782,VNM,full
total_burned_days_allfire,L1_total_burned_days_nature,-0.0381809684941521,0.0389252964959567,-0.98087803899241,0.326989367273816,"",18.2285901067771,9178,0.860793517629501,VNM,full
average_burned_days_allfire,L1_average_burned_days_human,-0.0152786807841892,0.0216945134369683,-0.704264736269849,0.481500482810005,"",0.877337485956961,9178,0.492444090386458,VNM,full
average_burned_days_allfire,L1_average_burned_days_nature,-0.0325242124085045,0.018728841627572,-1.73658430431829,0.0828973867175759,*,0.877337485956961,9178,0.493229231109397,VNM,full
total_burned_areas_ha,L1_total_ba_ha_human,-0.0156166988242296,0.0216215976316181,-0.722273122009848,0.470366079500221,"",8147.47799636475,9178,0.649022591975299,VNM,full
total_burned_areas_ha,L1_total_ba_ha_nature,-0.154263637997994,0.0628022172923043,-2.45634063014042,0.0142760663994945,**,8147.47799636475,9178,0.658278599679527,VNM,full
average_burned_areas_ha,L1_average_ba_ha_human,-0.102558524053809,0.0994657990624699,-1.03109335088533,0.302850637647458,"",331.731134296437,9178,0.469210795151804,VNM,full
average_burned_areas_ha,L1_average_ba_ha_nature,-0.049679802301748,0.0177723672194009,-2.79533962406066,0.0053255512753515,***,331.731134296437,9178,0.468411328256057,VNM,full
total_counts_total,L1_total_counts_human,0.27896934672959,0.0411103502659993,6.78586645271944,2.4478276821094e-11,***,8.43168446284594,9178,0.854413958640148,VNM,full
total_counts_total,L1_total_counts_nature,0.0306775597791333,0.0385607757455664,0.795563864730095,0.426553348620241,"",8.43168446284594,9178,0.850038622280505,VNM,full
average_counts_total,L1_average_counts_human,0.27896934672959,0.0411103502659993,6.78586645271944,2.4478276821094e-11,***,8.43168446284594,9178,0.854413958640148,VNM,full
average_counts_total,L1_average_counts_nature,0.0306775597791333,0.0385607757455664,0.795563864730095,0.426553348620241,"",8.43168446284594,9178,0.850038622280505,VNM,full
total_burned_days_allfire,L1_total_burned_days_allfire,-0.272874599820246,0.106677069891031,-2.55794989587718,0.0175851576480879,**,7.64423076923077,312,0.991353544872757,VNM,nature_subsample
total_burned_days_allfire,L1_total_burned_days_allfire,0.184250516961635,0.0365104104469693,5.04652001185404,7.02090577295227e-07,***,19.6814935727403,4901,0.894202117955677,VNM,human_subsample
average_burned_days_allfire,L1_average_burned_days_allfire,0.0214060545723754,0.0653463090347633,0.327578632803693,0.746193356347686,"",0.352691548054189,312,0.961953323519117,VNM,nature_subsample
average_burned_days_allfire,L1_average_burned_days_allfire,-0.0174484622018314,0.0271177171100432,-0.64343403727629,0.520334733468518,"",0.992339671223141,4901,0.560754797845975,VNM,human_subsample
total_burned_areas_ha,L1_total_burned_areas_ha,-0.152611434428801,0.0434768898193488,-3.5101736822233,0.00188082507103496,***,444.114435672757,312,0.983516774406965,VNM,nature_subsample
total_burned_areas_ha,L1_total_burned_areas_ha,0.0375409038569983,0.0300466834193761,1.24941922318087,0.212288978727118,"",8443.50588571498,4901,0.836872929972752,VNM,human_subsample
average_burned_areas_ha,L1_average_burned_areas_ha,-0.0764753820176599,0.0331234738504454,-2.30879714980835,0.030285621297877,**,21.0304942874792,312,0.945184429046665,VNM,nature_subsample
average_burned_areas_ha,L1_average_burned_areas_ha,-0.106922711984374,0.10606178995544,-1.00811717423678,0.31404652133421,"",444.161197625363,4901,0.50375895002527,VNM,human_subsample
total_counts_total,L1_total_counts_total,-0.195705883690153,0.0795609689649499,-2.45982277787957,0.0218407830203958,**,4.70512820512821,312,0.979164272303999,VNM,nature_subsample
total_counts_total,L1_total_counts_total,0.231207302134359,0.0341284459640176,6.77462145150488,4.82634109903619e-11,***,6.93185064272598,4901,0.896869522286952,VNM,human_subsample
average_counts_total,L1_average_counts_total,-0.195705883690153,0.0795609689649499,-2.45982277787957,0.0218407830203958,**,4.70512820512821,312,0.979164272303999,VNM,nature_subsample
average_counts_total,L1_average_counts_total,0.231207302134359,0.0341284459640176,6.77462145150488,4.82634109903619e-11,***,6.93185064272598,4901,0.896869522286952,VNM,human_subsample
total_burned_days_nature,L1_total_burned_days_nature,-0.0850422444265823,0.00986376702537985,-8.6216801560464,7.41439538538217e-12,***,0.12280701754386,741,0.250265429076344,VUT,full
average_burned_days_nature,L1_average_burned_days_nature,-0.0997480338896501,0.0169669273583998,-5.87896864191313,2.39007929030039e-07,***,0.025606422367556,741,0.284983132054973,VUT,full
total_ba_ha_nature,L1_total_ba_ha_nature,-0.0862785332724915,0.0105066019368586,-8.21183992607682,3.46917890457041e-11,***,6.35094937469349,741,0.271513876828199,VUT,full
average_ba_ha_nature,L1_average_ba_ha_nature,-0.099794950219731,0.0147583919498753,-6.7619121757079,8.55611057178632e-09,***,1.53116262754592,741,0.276262042282274,VUT,full
total_counts_nature,L1_total_counts_nature,-0.0906489533968902,0.0156903106083364,-5.77738425068064,3.48969410696674e-07,***,0.0418353576248313,741,0.268512604467186,VUT,full
average_counts_nature,L1_average_counts_nature,-0.0906489533968902,0.0156903106083364,-5.77738425068064,3.48969410696674e-07,***,0.0418353576248313,741,0.268512604467186,VUT,full
total_burned_days_allfire,L1_total_burned_days_allfire,-0.0850422444265823,0.00986376702537985,-8.6216801560464,7.41439538538217e-12,***,0.12280701754386,741,0.250265429076344,VUT,full
average_burned_days_allfire,L1_average_burned_days_allfire,-0.0997480338896501,0.0169669273583998,-5.87896864191313,2.39007929030039e-07,***,0.025606422367556,741,0.284983132054973,VUT,full
total_burned_areas_ha,L1_total_burned_areas_ha,-0.0862785332724915,0.0105066019368586,-8.21183992607682,3.46917890457041e-11,***,6.35094937469349,741,0.271513876828199,VUT,full
average_burned_areas_ha,L1_average_burned_areas_ha,-0.099794950219731,0.0147583919498753,-6.7619121757079,8.55611057178632e-09,***,1.53116262754592,741,0.276262042282274,VUT,full
total_counts_total,L1_total_counts_total,-0.0906489533968902,0.0156903106083364,-5.77738425068064,3.48969410696674e-07,***,0.0418353576248313,741,0.268512604467186,VUT,full
average_counts_total,L1_average_counts_total,-0.0906489533968902,0.0156903106083364,-5.77738425068064,3.48969410696674e-07,***,0.0418353576248313,741,0.268512604467186,VUT,full
total_burned_days_allfire,L1_total_burned_days_nature,-0.0850422444265823,0.00986376702537985,-8.6216801560464,7.41439538538217e-12,***,0.12280701754386,741,0.250265429076344,VUT,full
average_burned_days_allfire,L1_average_burned_days_nature,-0.0997480338896501,0.0169669273583998,-5.87896864191313,2.39007929030039e-07,***,0.025606422367556,741,0.284983132054973,VUT,full
total_burned_areas_ha,L1_total_ba_ha_nature,-0.0862785332724915,0.0105066019368586,-8.21183992607682,3.46917890457041e-11,***,6.35094937469349,741,0.271513876828199,VUT,full
average_burned_areas_ha,L1_average_ba_ha_nature,-0.099794950219731,0.0147583919498753,-6.7619121757079,8.55611057178632e-09,***,1.53116262754592,741,0.276262042282274,VUT,full
total_counts_total,L1_total_counts_nature,-0.0906489533968902,0.0156903106083364,-5.77738425068064,3.48969410696674e-07,***,0.0418353576248313,741,0.268512604467186,VUT,full
average_counts_total,L1_average_counts_nature,-0.0906489533968902,0.0156903106083364,-5.77738425068064,3.48969410696674e-07,***,0.0418353576248313,741,0.268512604467186,VUT,full
total_burned_days_nature,L1_total_burned_days_nature,-0.0740724320838983,0.0121307528767299,-6.10616940569198,2.79405879320058e-07,***,0.0393559928443648,559,0.432720806922333,WSM,full
average_burned_days_nature,L1_average_burned_days_nature,-0.0740724320838983,0.0121307528767299,-6.10616940569198,2.79405879320058e-07,***,0.0196779964221824,559,0.432720806922333,WSM,full
total_ba_ha_nature,L1_total_ba_ha_nature,-0.0740724320838983,0.0121307528763099,-6.1061694059034,2.79405879124305e-07,***,2.52500786271943,559,0.432720806922333,WSM,full
average_ba_ha_nature,L1_average_ba_ha_nature,-0.0740724320838982,0.0121307528763097,-6.10616940590349,2.79405879124214e-07,***,1.26250393135971,559,0.432720806922333,WSM,full
total_counts_nature,L1_total_counts_nature,-0.0740724320838975,0.012130752876397,-6.10616940585949,2.7940587916496e-07,***,0.00357781753130591,559,0.432720806922333,WSM,full
average_counts_nature,L1_average_counts_nature,-0.0740724320838975,0.012130752876397,-6.10616940585949,2.7940587916496e-07,***,0.00357781753130591,559,0.432720806922333,WSM,full
total_burned_days_allfire,L1_total_burned_days_allfire,-0.0740724320838983,0.0121307528767299,-6.10616940569198,2.79405879320058e-07,***,0.0393559928443648,559,0.432720806922333,WSM,full
average_burned_days_allfire,L1_average_burned_days_allfire,-0.0740724320838983,0.0121307528767299,-6.10616940569198,2.79405879320058e-07,***,0.0196779964221824,559,0.432720806922333,WSM,full
total_burned_areas_ha,L1_total_burned_areas_ha,-0.0740724320838983,0.0121307528763099,-6.1061694059034,2.79405879124305e-07,***,2.52500786271943,559,0.432720806922333,WSM,full
average_burned_areas_ha,L1_average_burned_areas_ha,-0.0740724320838982,0.0121307528763097,-6.10616940590349,2.79405879124214e-07,***,1.26250393135971,559,0.432720806922333,WSM,full
total_counts_total,L1_total_counts_total,-0.0740724320838975,0.012130752876397,-6.10616940585949,2.7940587916496e-07,***,0.00357781753130591,559,0.432720806922333,WSM,full
average_counts_total,L1_average_counts_total,-0.0740724320838975,0.012130752876397,-6.10616940585949,2.7940587916496e-07,***,0.00357781753130591,559,0.432720806922333,WSM,full
total_burned_days_allfire,L1_total_burned_days_nature,-0.0740724320838983,0.0121307528767299,-6.10616940569198,2.79405879320058e-07,***,0.0393559928443648,559,0.432720806922333,WSM,full
average_burned_days_allfire,L1_average_burned_days_nature,-0.0740724320838983,0.0121307528767299,-6.10616940569198,2.79405879320058e-07,***,0.0196779964221824,559,0.432720806922333,WSM,full
total_burned_areas_ha,L1_total_ba_ha_nature,-0.0740724320838983,0.0121307528763099,-6.1061694059034,2.79405879124305e-07,***,2.52500786271943,559,0.432720806922333,WSM,full
average_burned_areas_ha,L1_average_ba_ha_nature,-0.0740724320838982,0.0121307528763097,-6.10616940590349,2.79405879124214e-07,***,1.26250393135971,559,0.432720806922333,WSM,full
total_counts_total,L1_total_counts_nature,-0.0740724320838975,0.012130752876397,-6.10616940585949,2.7940587916496e-07,***,0.00357781753130591,559,0.432720806922333,WSM,full
average_counts_total,L1_average_counts_nature,-0.0740724320838975,0.012130752876397,-6.10616940585949,2.7940587916496e-07,***,0.00357781753130591,559,0.432720806922333,WSM,full
total_burned_days_human,L1_total_burned_days_human,0.363986932220349,0.0725006756786401,5.02046262070334,2.39637081650575e-05,***,0.492307692307692,390,0.59878352506198,XKO,full
average_burned_days_human,L1_average_burned_days_human,0.0914957662516334,0.0641258071274279,1.42681660239874,0.164311425112391,"",0.260616605616606,390,0.514854346954953,XKO,full
total_ba_ha_human,L1_total_ba_ha_human,0.282734287312344,0.125866267737837,2.2463070717346,0.032468964323832,**,24.3681813697243,390,0.624707744688564,XKO,full
average_ba_ha_human,L1_average_ba_ha_human,0.0477365041699952,0.0921062815576338,0.518276314738914,0.60819753136455,"",11.656259921542,390,0.5927680284108,XKO,full
total_counts_human,L1_total_counts_human,0.431425201580738,0.102751398747475,4.19872825907727,0.00023265580861947,***,0.182051282051282,390,0.627902253793202,XKO,full
average_counts_human,L1_average_counts_human,0.431425201580738,0.102751398747475,4.19872825907727,0.00023265580861947,***,0.182051282051282,390,0.627902253793202,XKO,full
total_burned_days_nature,L1_total_burned_days_nature,-0.0859773437101288,0.0468522028590006,-1.8350758014276,0.0767709961745743,*,1.78205128205128,390,0.661469425187605,XKO,full
average_burned_days_nature,L1_average_burned_days_nature,-0.0788971616883722,0.0456389730254784,-1.72872342338481,0.0944930292237854,*,0.797523402523403,390,0.561152003284007,XKO,full
total_ba_ha_nature,L1_total_ba_ha_nature,-0.121579638443064,0.0295868970706721,-4.10923924035209,0.000297147223347557,***,137.329419929845,390,0.60959923255777,XKO,full
average_ba_ha_nature,L1_average_ba_ha_nature,-0.122925584046057,0.0488600912117581,-2.51586890235841,0.017664641816462,**,58.3624143329502,390,0.552089886806154,XKO,full
total_counts_nature,L1_total_counts_nature,-0.21776309357996,0.0560556840862291,-3.88476382243378,0.000546550874453653,***,0.523076923076923,390,0.672889256313665,XKO,full
average_counts_nature,L1_average_counts_nature,-0.21776309357996,0.0560556840862291,-3.88476382243378,0.000546550874453653,***,0.523076923076923,390,0.672889256313665,XKO,full
total_burned_days_allfire,L1_total_burned_days_allfire,0.0127738352601711,0.0617109907691997,0.206994493216702,0.8374607467158,"",2.27435897435897,390,0.646724410354826,XKO,full
average_burned_days_allfire,L1_average_burned_days_allfire,-0.0295749203975867,0.04625274528089,-0.639419784014551,0.527569006682631,"",0.996003256003256,390,0.522728033688106,XKO,full
total_burned_areas_ha,L1_total_burned_areas_ha,-0.0984749088824684,0.0318246504785284,-3.09429663489652,0.00434023877681304,***,161.697601299569,390,0.611650557548611,XKO,full
average_burned_areas_ha,L1_average_burned_areas_ha,-0.124926296353407,0.0448373070875833,-2.78621318870425,0.00930433884425676,***,64.1335400281819,390,0.52255753895161,XKO,full
total_counts_total,L1_total_counts_total,-0.0671739733570529,0.126011592983142,-0.533077725364835,0.598041682980278,"",0.705128205128205,390,0.638027078639561,XKO,full
average_counts_total,L1_average_counts_total,-0.0671739733570529,0.126011592983142,-0.533077725364835,0.598041682980278,"",0.705128205128205,390,0.638027078639561,XKO,full
total_burned_days_allfire,L1_total_burned_days_human,0.437502932574661,0.161352179675187,2.71147829211471,0.0111398139805434,**,2.27435897435897,390,0.659268782869211,XKO,full
total_burned_days_allfire,L1_total_burned_days_nature,-0.0707443413266855,0.0470631285539567,-1.50317973964648,0.143605582483821,"",2.27435897435897,390,0.648341172861086,XKO,full
average_burned_days_allfire,L1_average_burned_days_human,0.21886403431946,0.0782583908565418,2.79668457176262,0.00907107565218284,***,0.996003256003256,390,0.526411103070051,XKO,full
average_burned_days_allfire,L1_average_burned_days_nature,-0.065891778847051,0.0491996247443704,-1.33927401254398,0.190884381963597,"",0.996003256003256,390,0.524254562523763,XKO,full
total_burned_areas_ha,L1_total_ba_ha_human,0.312143274066661,0.229949551292114,1.3574424142717,0.185111306865089,"",161.697601299569,390,0.609536404479614,XKO,full
total_burned_areas_ha,L1_total_ba_ha_nature,-0.116980654897066,0.0291082780073137,-4.01881055511678,0.000380132949125496,***,161.697601299569,390,0.612994539990685,XKO,full
average_burned_areas_ha,L1_average_ba_ha_human,0.220150908672572,0.165044756877321,1.33388610967031,0.192622957822225,"",64.1335400281818,390,0.515687243931845,XKO,full
average_burned_areas_ha,L1_average_ba_ha_nature,-0.117851340820642,0.0464778894946765,-2.53564312196534,0.0168720859658028,**,64.1335400281819,390,0.521929358843068,XKO,full
total_counts_total,L1_total_counts_human,0.450637984641875,0.176939025373061,2.54685467884625,0.0164374371910164,**,0.705128205128205,390,0.659114835368338,XKO,full
total_counts_total,L1_total_counts_nature,-0.239868844211598,0.0594369361968852,-4.03568655384644,0.000363084039169986,***,0.705128205128205,390,0.655305197979285,XKO,full
average_counts_total,L1_average_counts_human,0.450637984641875,0.176939025373061,2.54685467884625,0.0164374371910164,**,0.705128205128205,390,0.659114835368338,XKO,full
average_counts_total,L1_average_counts_nature,-0.239868844211598,0.0594369361968852,-4.03568655384644,0.000363084039169986,***,0.705128205128205,390,0.655305197979285,XKO,full
total_burned_days_human,L1_total_burned_days_human,-0.0859602586723037,0.00294094562984852,-29.2287819944265,1.05666623909695e-93,***,0.00139017608897127,4316,0.194594623802048,YEM,full
average_burned_days_human,L1_average_burned_days_human,-0.0859602586723037,0.00294094562984852,-29.2287819944265,1.05666623909695e-93,***,0.000695088044485635,4316,0.194594623802048,YEM,full
total_ba_ha_human,L1_total_ba_ha_human,-0.0817273972299673,0.0030747867852146,-26.5798583573213,4.08132117788094e-84,***,0.0545151203790481,4316,0.185299895661848,YEM,full
average_ba_ha_human,L1_average_ba_ha_human,-0.0799788095676625,0.00380770163544124,-21.0044843911187,7.50946757267372e-63,***,0.0297351561671598,4316,0.179799760149823,YEM,full
total_counts_human,L1_total_counts_human,-0.0804639660943741,0.00284124979877775,-28.3199196807645,1.86869437071676e-90,***,0.00162187210379981,4316,0.174001667657624,YEM,full
average_counts_human,L1_average_counts_human,-0.0804639660943741,0.00284124979877775,-28.3199196807645,1.86869437071676e-90,***,0.00162187210379981,4316,0.174001667657624,YEM,full
total_burned_days_nature,L1_total_burned_days_nature,-0.134546169402218,0.0163105286374879,-8.24903793081103,3.81766333696e-15,***,0.0278035217794254,4316,0.243521996346372,YEM,full
average_burned_days_nature,L1_average_burned_days_nature,-0.143923234410757,0.018178118357592,-7.91738900471224,3.70205242182346e-14,***,0.0176732571310885,4316,0.227387982836211,YEM,full
total_ba_ha_nature,L1_total_ba_ha_nature,-0.0861865198994696,0.0103921549513957,-8.29342136472806,2.80418104637494e-15,***,1.42719283080238,4316,0.210174058319779,YEM,full
average_ba_ha_nature,L1_average_ba_ha_nature,-0.102073505393413,0.0107542280696659,-9.49147672266019,4.67396156919138e-19,***,0.910172232101715,4316,0.205539760799494,YEM,full
total_counts_nature,L1_total_counts_nature,-0.100674605278574,0.0640509960557569,-1.5717882855551,0.116955027442617,"",0.0185356811862836,4316,0.321249367894632,YEM,full
average_counts_nature,L1_average_counts_nature,-0.100674605278574,0.0640509960557569,-1.5717882855551,0.116955027442617,"",0.0185356811862836,4316,0.321249367894632,YEM,full
total_burned_days_allfire,L1_total_burned_days_allfire,-0.131574380587275,0.016798357821838,-7.83257399221648,6.55454824357545e-14,***,0.0291936978683967,4316,0.241248328289045,YEM,full
average_burned_days_allfire,L1_average_burned_days_allfire,-0.142013207606489,0.0181060004920157,-7.843433323064,6.09361375202594e-14,***,0.0182911131706312,4316,0.22467148371719,YEM,full
total_burned_areas_ha,L1_total_burned_areas_ha,-0.0855418296174406,0.0103634219019289,-8.25420700102149,3.6831191843841e-15,***,1.48170795118143,4316,0.21010731825358,YEM,full
average_burned_areas_ha,L1_average_burned_areas_ha,-0.10207995301124,0.0106642128071472,-9.57219767246453,2.53915717741196e-19,***,0.929170268218998,4316,0.205803734401459,YEM,full
total_counts_total,L1_total_counts_total,-0.0776702623147934,0.0594993057345041,-1.30539779172166,0.192664070405367,"",0.0201575532900834,4316,0.307707567428827,YEM,full
average_counts_total,L1_average_counts_total,-0.0776702623147934,0.0594993057345041,-1.30539779172166,0.192664070405367,"",0.0201575532900834,4316,0.307707567428827,YEM,full
total_burned_days_allfire,L1_total_burned_days_human,-0.05669047333282,0.0175236858036682,-3.23507702477483,0.00133886331285199,***,0.0291936978683967,4316,0.231803415055267,YEM,full
total_burned_days_allfire,L1_total_burned_days_nature,-0.134443155361084,0.0166439486799389,-8.07759972987236,1.24470490085908e-14,***,0.0291936978683967,4316,0.241307219515807,YEM,full
average_burned_days_allfire,L1_average_burned_days_human,-0.0512732923014605,0.0188571370595024,-2.71903906407804,0.00689239226499163,***,0.0182911131706312,4316,0.210944669964512,YEM,full
average_burned_days_allfire,L1_average_burned_days_nature,-0.142826126437007,0.0186623637959675,-7.65316376845403,2.16536120084108e-13,***,0.0182911131706312,4316,0.224517418190856,YEM,full
total_burned_areas_ha,L1_total_ba_ha_human,0.0114734594000261,0.0881172373072472,0.130206753532461,0.896481944653263,"",1.48170795118143,4316,0.204746482812936,YEM,full
total_burned_areas_ha,L1_total_ba_ha_nature,-0.086269847695596,0.0104268236047383,-8.27383784035551,3.21353977220308e-15,***,1.48170795118143,4316,0.210157484220698,YEM,full
average_burned_areas_ha,L1_average_ba_ha_human,0.070364780949906,0.135038575142893,0.521071707661669,0.602665240615312,"",0.929170268218998,4316,0.198035565666034,YEM,full
average_burned_areas_ha,L1_average_ba_ha_nature,-0.102111119431166,0.0107248573872419,-9.52097689920199,3.7409594577721e-19,***,0.929170268218998,4316,0.20577898330183,YEM,full
total_counts_total,L1_total_counts_human,0.0502291072238367,0.147444695183468,0.340664051435256,0.733572617916355,"",0.0201575532900834,4316,0.305593288787498,YEM,full
total_counts_total,L1_total_counts_nature,-0.108094172954604,0.0615919482201698,-1.75500493292086,0.0801836048609201,*,0.0201575532900834,4316,0.308869137567324,YEM,full
average_counts_total,L1_average_counts_human,0.0502291072238367,0.147444695183468,0.340664051435256,0.733572617916355,"",0.0201575532900834,4316,0.305593288787498,YEM,full
average_counts_total,L1_average_counts_nature,-0.108094172954604,0.0615919482201698,-1.75500493292086,0.0801836048609201,*,0.0201575532900834,4316,0.308869137567324,YEM,full
total_burned_days_allfire,L1_total_burned_days_allfire,-0.141436000263749,0.0235142534185733,-6.01490499171164,6.35623986394049e-09,***,0.0334048421697824,3263,0.278058016609716,YEM,nature_subsample
total_burned_days_allfire,L1_total_burned_days_allfire,-0.19136300897824,0.0689312922252549,-2.77614132566819,0.0116553772305916,**,0.0402930402930404,273,0.780076200929378,YEM,human_subsample
average_burned_days_allfire,L1_average_burned_days_allfire,-0.155788165597887,0.023993810049603,-6.49284816691564,4.5047971751642e-10,***,0.0195968263697347,3263,0.256570890168385,YEM,nature_subsample
average_burned_days_allfire,L1_average_burned_days_allfire,-0.19136300897824,0.0689312922252549,-2.77614132566819,0.0116553772305917,**,0.0329670329670331,273,0.689255193554119,YEM,human_subsample
total_burned_areas_ha,L1_total_burned_areas_ha,-0.0969625307675093,0.0151859662632212,-6.38500896728198,8.28444491263535e-10,***,1.80911524408133,3263,0.239701615134122,YEM,nature_subsample
total_burned_areas_ha,L1_total_burned_areas_ha,-0.11780164111165,0.0592512044514531,-1.98817293593026,0.0606538365907282,*,1.09679114572502,273,0.884241212124829,YEM,human_subsample
average_burned_areas_ha,L1_average_burned_areas_ha,-0.1105472596454,0.0123384611014499,-8.9595662486961,7.72155895678857e-17,***,1.09793341395558,3263,0.232260174759551,YEM,nature_subsample
average_burned_areas_ha,L1_average_burned_areas_ha,-0.11780164111165,0.0592512044514523,-1.98817293593029,0.0606538365907246,*,0.861749651345837,273,0.799444259321483,YEM,human_subsample
total_counts_total,L1_total_counts_total,-0.0882551210103914,0.0662408162875904,-1.33233746135048,0.183962503098698,"",0.0226785167024211,3263,0.342224865568068,YEM,nature_subsample
total_counts_total,L1_total_counts_total,-0.0796780880910576,0.0348182503788983,-2.28840011269914,0.0331338075774358,**,0.0329670329670329,273,0.860046005617572,YEM,human_subsample
average_counts_total,L1_average_counts_total,-0.0882551210103914,0.0662408162875904,-1.33233746135048,0.183962503098698,"",0.0226785167024211,3263,0.342224865568068,YEM,nature_subsample
average_counts_total,L1_average_counts_total,-0.0796780880910576,0.0348182503788983,-2.28840011269914,0.0331338075774358,**,0.0329670329670329,273,0.860046005617572,YEM,human_subsample
total_burned_days_human,L1_total_burned_days_human,0.138656797941335,0.0346963195288019,3.99629700856986,0.000655488585423323,***,3.42657342657343,286,0.732812586960957,Z01,full
average_burned_days_human,L1_average_burned_days_human,-0.0358823296737838,0.0541666523381174,-0.662443184596313,0.514892406752484,"",0.345898761680534,286,0.678860852451895,Z01,full
total_ba_ha_human,L1_total_ba_ha_human,0.23975921754,0.062523435176368,3.8347096071046,0.00096389729066994,***,440.617160407675,286,0.641199640346696,Z01,full
average_ba_ha_human,L1_average_ba_ha_human,0.0041452398714011,0.0194685752567288,0.21291952886837,0.833443068692587,"",38.5334479888651,286,0.581357476502012,Z01,full
total_counts_human,L1_total_counts_human,0.0255846203488132,0.0110659359709652,2.31201593936041,0.031011182319099,**,1.2027972027972,286,0.711778418510476,Z01,full
average_counts_human,L1_average_counts_human,0.0255846203488132,0.0110659359709652,2.31201593936041,0.031011182319099,**,1.2027972027972,286,0.711778418510476,Z01,full
total_burned_days_nature,L1_total_burned_days_nature,-0.433865684186164,0.0522921302311764,-8.29695945198833,4.56850872613102e-08,***,5.42307692307692,286,0.662899996689066,Z01,full
average_burned_days_nature,L1_average_burned_days_nature,-0.243020183708844,0.0666487710693578,-3.64628154142477,0.00150869278568938,***,0.760006975567696,286,0.490899433802834,Z01,full
total_ba_ha_nature,L1_total_ba_ha_nature,-0.645127554605504,0.0479420373898311,-13.4564067304812,8.56538567071336e-12,***,774.863796796845,286,0.724409019802807,Z01,full
average_ba_ha_nature,L1_average_ba_ha_nature,-0.337093881833044,0.0602477030395191,-5.59513250840335,1.49197608622855e-05,***,97.3460181227155,286,0.476047349633644,Z01,full
total_counts_nature,L1_total_counts_nature,-0.271302316880368,0.0413471302323409,-6.56157550368901,1.68916617036926e-06,***,1.68881118881119,286,0.608647203380791,Z01,full
average_counts_nature,L1_average_counts_nature,-0.271302316880368,0.0413471302323409,-6.56157550368901,1.68916617036926e-06,***,1.68881118881119,286,0.608647203380791,Z01,full
total_burned_days_allfire,L1_total_burned_days_allfire,-0.212402347656361,0.120484563693555,-1.76290091564421,0.0924656021526244,*,8.84965034965035,286,0.722252349194805,Z01,full
average_burned_days_allfire,L1_average_burned_days_allfire,-0.200317363302004,0.0741068377208692,-2.70308880344509,0.0133183444476764,**,0.860755522224624,286,0.494457199906205,Z01,full
total_burned_areas_ha,L1_total_burned_areas_ha,-0.264726171961916,0.150939376149453,-1.75385759975447,0.0940393440062769,*,1215.48095720452,286,0.706836171254812,Z01,full
average_burned_areas_ha,L1_average_burned_areas_ha,-0.172079094933055,0.0858394676364849,-2.00466172113019,0.0580622267310409,*,104.801625164854,286,0.441607009068379,Z01,full
total_counts_total,L1_total_counts_total,-0.163119162173519,0.0527882040517615,-3.09006841781494,0.00554848471516522,***,2.89160839160839,286,0.715088927390234,Z01,full
average_counts_total,L1_average_counts_total,-0.163119162173519,0.0527882040517615,-3.09006841781494,0.00554848471516522,***,2.89160839160839,286,0.715088927390234,Z01,full
total_burned_days_allfire,L1_total_burned_days_human,0.127185346525158,0.061564045995944,2.06590298716783,0.0513951650270655,*,8.84965034965035,286,0.707589402116384,Z01,full
total_burned_days_allfire,L1_total_burned_days_nature,-0.396902720721107,0.0631941851328153,-6.28068420989901,3.14513829786697e-06,***,8.84965034965035,286,0.741552036735242,Z01,full
average_burned_days_allfire,L1_average_burned_days_human,-0.0317156616976443,0.0348992546728354,-0.908777622759115,0.373779660236044,"",0.860755522224624,286,0.473950383850148,Z01,full
average_burned_days_allfire,L1_average_burned_days_nature,-0.0942645450202292,0.0929391096734017,-1.01426133036442,0.322002186298834,"",0.860755522224624,286,0.479275152583325,Z01,full
total_burned_areas_ha,L1_total_ba_ha_human,0.256871727851399,0.0472779423555961,5.4332256238938,2.17111294804204e-05,***,1215.48095720452,286,0.691285652935055,Z01,full
total_burned_areas_ha,L1_total_ba_ha_nature,-0.611920248757773,0.0317270847520207,-19.2869989014291,7.74182780570079e-15,***,1215.48095720452,286,0.763395601246104,Z01,full
average_burned_areas_ha,L1_average_ba_ha_human,0.0139228509536287,0.0191030429467239,0.728828961566902,0.474156711323243,"",104.801625164854,286,0.419613797015247,Z01,full
average_burned_areas_ha,L1_average_ba_ha_nature,-0.208011592789771,0.0634451870674543,-3.27860319126517,0.00358439125693459,***,104.801625164854,286,0.447980258782871,Z01,full
total_counts_total,L1_total_counts_human,-0.0899481607337035,0.0717566615951078,-1.25351652005834,0.223794430491045,"",2.89160839160839,286,0.705201208133655,Z01,full
total_counts_total,L1_total_counts_nature,-0.238483441389165,0.044881041030632,-5.31367891458658,2.86866486005257e-05,***,2.89160839160839,286,0.717332190247874,Z01,full
average_counts_total,L1_average_counts_human,-0.0899481607337035,0.0717566615951078,-1.25351652005834,0.223794430491045,"",2.89160839160839,286,0.705201208133655,Z01,full
average_counts_total,L1_average_counts_nature,-0.238483441389165,0.044881041030632,-5.31367891458658,2.86866486005257e-05,***,2.89160839160839,286,0.717332190247874,Z01,full
total_burned_days_nature,L1_total_burned_days_nature,-0.198126000400876,0.172960698114985,-1.14549722890897,0.272653602094737,"",10.021978021978,182,0.431016253318896,Z07,full
average_burned_days_nature,L1_average_burned_days_nature,-0.0406338955842579,0.110115422719333,-0.369011847575862,0.718059269813604,"",0.849486353565961,182,0.539046717723499,Z07,full
total_ba_ha_nature,L1_total_ba_ha_nature,-0.307551346218157,0.159574608744519,-1.92732007076733,0.0760777829198116,*,640.614555362164,182,0.466554436927988,Z07,full
average_ba_ha_nature,L1_average_ba_ha_nature,-0.0958396129008472,0.074166969102201,-1.29221423041815,0.218781527403609,"",49.7863897822382,182,0.527336378231918,Z07,full
total_counts_nature,L1_total_counts_nature,-0.399239931002407,0.163086774090606,-2.44802151019678,0.0293217845920068,**,7.15934065934066,182,0.517326349857271,Z07,full
average_counts_nature,L1_average_counts_nature,-0.399239931002407,0.163086774090606,-2.44802151019678,0.0293217845920068,**,7.15934065934066,182,0.517326349857271,Z07,full
total_burned_days_allfire,L1_total_burned_days_allfire,-0.198126000400876,0.172960698114985,-1.14549722890897,0.272653602094737,"",10.021978021978,182,0.431016253318896,Z07,full
average_burned_days_allfire,L1_average_burned_days_allfire,-0.0407405747485301,0.110175471986308,-0.369778989951531,0.717501147938365,"",0.849344804258954,182,0.539025356020462,Z07,full
total_burned_areas_ha,L1_total_burned_areas_ha,-0.306497550806359,0.160036150640219,-1.91517697457872,0.0777302119945279,*,641.085545064145,182,0.466092493728779,Z07,full
average_burned_areas_ha,L1_average_burned_areas_ha,-0.0958485324672616,0.0741673200091146,-1.29232837933854,0.218743185989333,"",49.786005534091,182,0.527338458411406,Z07,full
total_counts_total,L1_total_counts_total,-0.397548697677708,0.164488567363361,-2.41687737968749,0.0310865734548358,**,7.16483516483517,182,0.516432214333536,Z07,full
average_counts_total,L1_average_counts_total,-0.397548697677708,0.164488567363361,-2.41687737968749,0.0310865734548358,**,7.16483516483517,182,0.516432214333536,Z07,full
total_burned_days_allfire,L1_total_burned_days_nature,-0.198126000400876,0.172960698114985,-1.14549722890897,0.272653602094737,"",10.021978021978,182,0.431016253318896,Z07,full
average_burned_days_allfire,L1_average_burned_days_nature,-0.0406364223130692,0.110116276905926,-0.369031931108473,0.718044656220243,"",0.849344804258954,182,0.53902163401652,Z07,full
total_burned_areas_ha,L1_total_ba_ha_nature,-0.307521826186222,0.159680230608402,-1.92586035863378,0.076274713747076,*,641.085545064145,182,0.46635666323788,Z07,full
average_burned_areas_ha,L1_average_ba_ha_nature,-0.0958409608957412,0.0741670719939761,-1.29223061284562,0.218776024387866,"",49.786005534091,182,0.527337825679336,Z07,full
total_counts_total,L1_total_counts_nature,-0.39879518726968,0.163650629127714,-2.43686925858658,0.0299423859857896,**,7.16483516483517,182,0.516795546482786,Z07,full
average_counts_total,L1_average_counts_nature,-0.39879518726968,0.163650629127714,-2.43686925858658,0.0299423859857896,**,7.16483516483517,182,0.516795546482786,Z07,full
total_burned_days_human,L1_total_burned_days_human,-0.00473425629739749,0.14469666658244,-0.0327184890240728,0.97402679494877,"",59.6494082840237,676,0.941657839818182,ZAF,full
average_burned_days_human,L1_average_burned_days_human,-0.0674725737208013,0.0690732324160294,-0.976826642691523,0.333265895903365,"",1.0625980943966,676,0.573397959699295,ZAF,full
total_ba_ha_human,L1_total_ba_ha_human,0.0145957038329718,0.04655192206902,0.313536008488147,0.755152257689618,"",5162.58056471714,676,0.927443393277738,ZAF,full
average_ba_ha_human,L1_average_ba_ha_human,-0.165507762127637,0.0655027420617793,-2.52673028514649,0.0146576536259443,**,84.3706258652774,676,0.576210684235684,ZAF,full
total_counts_human,L1_total_counts_human,0.0278006874390176,0.116620898228739,0.23838512531853,0.812537652953981,"",29.8742603550296,676,0.948166541410326,ZAF,full
average_counts_human,L1_average_counts_human,0.0278006874390176,0.116620898228739,0.23838512531853,0.812537652953981,"",29.8742603550296,676,0.948166541410326,ZAF,full
total_burned_days_nature,L1_total_burned_days_nature,0.120963840716866,0.0545717695895286,2.2166010306559,0.0311365408552195,**,453.242603550296,676,0.925055668835044,ZAF,full
average_burned_days_nature,L1_average_burned_days_nature,-0.111163754260434,0.135856576283381,-0.818243454248101,0.417024974972674,"",2.3201446080724,676,0.503304750444236,ZAF,full
total_ba_ha_nature,L1_total_ba_ha_nature,0.0824599535438377,0.0489257991361835,1.68540841436872,0.098019912620225,*,82985.2100675167,676,0.573581837505773,ZAF,full
average_ba_ha_nature,L1_average_ba_ha_nature,-0.0841226087847272,0.0314517727443524,-2.67465396842639,0.0100279084007538,**,595.407788779567,676,0.386104858213488,ZAF,full
total_counts_nature,L1_total_counts_nature,0.0927801514991756,0.0635730770252029,1.45942521332409,0.15058051661663,"",187.591715976331,676,0.926556045388381,ZAF,full
average_counts_nature,L1_average_counts_nature,0.0927801514991756,0.0635730770252029,1.45942521332409,0.15058051661663,"",187.591715976331,676,0.926556045388381,ZAF,full
total_burned_days_allfire,L1_total_burned_days_allfire,0.111836881831156,0.0541415457898848,2.06563887675425,0.0439615946495654,**,513.399408284024,676,0.9242973372877,ZAF,full
average_burned_days_allfire,L1_average_burned_days_allfire,0.0724813335071784,0.132693038986369,0.546233126174945,0.587287457622616,"",2.29308332933488,676,0.513036248171831,ZAF,full
total_burned_areas_ha,L1_total_burned_areas_ha,0.080525484573722,0.0484086387950504,1.6634527757462,0.102355798110768,"",88511.6110527948,676,0.575176488571651,ZAF,full
average_burned_areas_ha,L1_average_burned_areas_ha,-0.0661239471448631,0.0419714415674761,-1.57545094176853,0.121335999099375,"",511.336544332721,676,0.391827733949336,ZAF,full
total_counts_total,L1_total_counts_total,0.0816675737450423,0.0629442085473737,1.29745969692473,0.200311416256144,"",217.534023668639,676,0.925690304142484,ZAF,full
average_counts_total,L1_average_counts_total,0.0816675737450423,0.0629442085473737,1.29745969692473,0.200311416256144,"",217.534023668639,676,0.925690304142484,ZAF,full
total_burned_days_allfire,L1_total_burned_days_human,-0.0513604347381461,0.255789755422989,-0.200791601888877,0.841660157188896,"",513.399408284024,676,0.923439200725197,ZAF,full
total_burned_days_allfire,L1_total_burned_days_nature,0.127275787285246,0.056333591806661,2.25932313568894,0.0281661840771379,**,513.399408284024,676,0.92444528840321,ZAF,full
average_burned_days_allfire,L1_average_burned_days_human,-0.041583792838115,0.037609539635386,-1.10567141319086,0.274057420494433,"",2.29308332933488,676,0.512209348724331,ZAF,full
average_burned_days_allfire,L1_average_burned_days_nature,0.0340970122711076,0.078467416514579,0.434537210292535,0.665731462029447,"",2.29308332933488,676,0.511805055440739,ZAF,full
total_burned_areas_ha,L1_total_ba_ha_human,-0.154409917803603,0.384455030187481,-0.401633235825538,0.689632075487724,"",88511.6110527948,676,0.572623595976913,ZAF,full
total_burned_areas_ha,L1_total_ba_ha_nature,0.0818642682428844,0.0492130338909626,1.66346721123238,0.102352896524139,"",88511.6110527948,676,0.575254846600682,ZAF,full
average_burned_areas_ha,L1_average_ba_ha_human,-0.0083412041730869,0.288708695863065,-0.0288914199419998,0.977063951901622,"",511.336544332721,676,0.389162545841709,ZAF,full
average_burned_areas_ha,L1_average_ba_ha_nature,-0.0537432862189757,0.041911193403244,-1.28231343120895,0.20553087849013,"",511.336544332721,676,0.391306191705587,ZAF,full
total_counts_total,L1_total_counts_human,0.0607698286145453,0.237516779632898,0.255854886162023,0.799092050620844,"",217.534023668639,676,0.925245995793483,ZAF,full
total_counts_total,L1_total_counts_nature,0.0893238115317863,0.0666838440153521,1.33951203399765,0.18634294548112,"",217.534023668639,676,0.925712346438961,ZAF,full
average_counts_total,L1_average_counts_human,0.0607698286145453,0.237516779632898,0.255854886162023,0.799092050620844,"",217.534023668639,676,0.925245995793483,ZAF,full
average_counts_total,L1_average_counts_nature,0.0893238115317863,0.0666838440153521,1.33951203399765,0.18634294548112,"",217.534023668639,676,0.925712346438961,ZAF,full
total_burned_days_allfire,L1_total_burned_days_allfire,0.00985661930197425,0.115660753405369,0.085220085567216,0.932978019133282,"",396.434615384615,260,0.903077918126873,ZAF,nature_subsample
total_burned_days_allfire,L1_total_burned_days_allfire,-0.153875327998258,0.380575915605867,-0.404322295995249,0.698044177516998,"",220.855769230769,104,0.955336581735641,ZAF,human_subsample
average_burned_days_allfire,L1_average_burned_days_allfire,-0.244853325481739,0.142850126947914,-1.71405745807294,0.102785778697489,"",2.45036880744717,260,0.717468235218314,ZAF,nature_subsample
average_burned_days_allfire,L1_average_burned_days_allfire,-0.049620251200508,0.0986568267556203,-0.502958110779508,0.630429343536172,"",2.18880798305385,104,0.98018454994148,ZAF,human_subsample
total_burned_areas_ha,L1_total_burned_areas_ha,0.0021522148547327,0.12190726683082,0.0176545247111437,0.986098534923029,"",94812.936070346,260,0.544594867900715,ZAF,nature_subsample
total_burned_areas_ha,L1_total_burned_areas_ha,-0.111128993261376,0.48013098481076,-0.231455575201372,0.823581061984385,"",25763.7307042914,104,0.922542935752247,ZAF,human_subsample
average_burned_areas_ha,L1_average_burned_areas_ha,-0.141666828767055,0.113296571990779,-1.25040701830401,0.226331998575908,"",786.537084893884,260,0.453493489076481,ZAF,nature_subsample
average_burned_areas_ha,L1_average_burned_areas_ha,0.0357935166979123,0.216345468988657,0.165446112022752,0.873269637121098,"",293.108421515169,104,0.990098660496188,ZAF,human_subsample
total_counts_total,L1_total_counts_total,-0.00626457709120738,0.0880050056868269,-0.0711843268722735,0.943995005374222,"",160.526923076923,260,0.905121250855482,ZAF,nature_subsample
total_counts_total,L1_total_counts_total,0.0839092655304043,0.320572146801792,0.261748459332885,0.801050193000312,"",104.913461538462,104,0.965755789512331,ZAF,human_subsample
average_counts_total,L1_average_counts_total,-0.00626457709120738,0.0880050056868269,-0.0711843268722735,0.943995005374222,"",160.526923076923,260,0.905121250855482,ZAF,nature_subsample
average_counts_total,L1_average_counts_total,0.0839092655304043,0.320572146801792,0.261748459332885,0.801050193000312,"",104.913461538462,104,0.965755789512331,ZAF,human_subsample
total_burned_days_human,L1_total_burned_days_human,0.31479267682835,0.100972215727839,3.11761680734869,0.00230811550269595,***,4.91772575250836,1495,0.893654571982061,ZMB,full
average_burned_days_human,L1_average_burned_days_human,0.0152481962851369,0.0584831150702562,0.260728182259429,0.794772521357406,"",0.418876455606729,1495,0.691811295960841,ZMB,full
total_ba_ha_human,L1_total_ba_ha_human,0.327220534606009,0.113992203108575,2.87055189462684,0.00488570427405147,***,318.446846258536,1495,0.893485307231769,ZMB,full
average_ba_ha_human,L1_average_ba_ha_human,-0.00791475899837437,0.0205669114846066,-0.384829730234323,0.701080573916721,"",27.2504287887423,1495,0.728725662465053,ZMB,full
total_counts_human,L1_total_counts_human,0.357953556123102,0.0753583259282698,4.75002001058015,5.96938428864654e-06,***,2.05351170568562,1495,0.910639053804843,ZMB,full
average_counts_human,L1_average_counts_human,0.357953556123102,0.0753583259282698,4.75002001058015,5.96938428864654e-06,***,2.05351170568562,1495,0.910639053804843,ZMB,full
total_burned_days_nature,L1_total_burned_days_nature,0.257442289919958,0.0449043757918028,5.73312256056243,8.20486374005328e-08,***,1487.76321070234,1495,0.978282766892256,ZMB,full
average_burned_days_nature,L1_average_burned_days_nature,0.0706912383340612,0.0547227132371303,1.29180799255575,0.199036458840098,"",2.89887663395395,1495,0.671274195186882,ZMB,full
total_ba_ha_nature,L1_total_ba_ha_nature,0.191180853833094,0.112101258868148,1.70543003498256,0.0908376386143742,*,647938.264732161,1495,0.93395212118402,ZMB,full
average_ba_ha_nature,L1_average_ba_ha_nature,0.0841479953348149,0.0837685129770188,1.00453013124275,0.317250602571529,"",2246.51078898801,1495,0.920959401121752,ZMB,full
total_counts_nature,L1_total_counts_nature,0.263749378280883,0.0502100772550027,5.25291719710717,7.03917945245933e-07,***,507.542474916388,1495,0.982895844739229,ZMB,full
average_counts_nature,L1_average_counts_nature,0.263749378280883,0.0502100772550027,5.25291719710717,7.03917945245933e-07,***,507.542474916388,1495,0.982895844739229,ZMB,full
total_burned_days_allfire,L1_total_burned_days_allfire,0.258515324419091,0.0452529290958327,5.71267605399929,9.00889885295365e-08,***,1493.01404682274,1495,0.978158078545132,ZMB,full
average_burned_days_allfire,L1_average_burned_days_allfire,0.0328461014628604,0.0613495342447058,0.535392841481838,0.593421153688568,"",2.88711958134061,1495,0.679910250833297,ZMB,full
total_burned_areas_ha,L1_total_burned_areas_ha,0.191065519648526,0.112336828344276,1.70082707928136,0.0917017735461214,*,648542.898091134,1495,0.933968607847689,ZMB,full
average_burned_areas_ha,L1_average_burned_areas_ha,0.0835143253804445,0.0833560982986032,1.00189820643085,0.318514658198833,"",2243.78262602873,1495,0.921050336901865,ZMB,full
total_counts_total,L1_total_counts_total,0.265892523129861,0.0501690721667455,5.29992905282605,5.72880153928951e-07,***,509.624080267559,1495,0.982796538034511,ZMB,full
average_counts_total,L1_average_counts_total,0.265892523129861,0.0501690721667455,5.29992905282605,5.72880153928951e-07,***,509.624080267559,1495,0.982796538034511,ZMB,full
total_burned_days_allfire,L1_total_burned_days_human,1.20174866816374,1.22297177383767,0.982646283317456,0.32786243455848,"",1493.01404682274,1495,0.976683202462263,ZMB,full
total_burned_days_allfire,L1_total_burned_days_nature,0.257917300101113,0.0452530943197702,5.69944009305975,9.57007486011333e-08,***,1493.01404682274,1495,0.978146138778255,ZMB,full
average_burned_days_allfire,L1_average_burned_days_human,-0.00145937430438951,0.0120636951128096,-0.120972412742752,0.903925850465286,"",2.88711958134061,1495,0.679568785352373,ZMB,full
average_burned_days_allfire,L1_average_burned_days_nature,0.0439772934701027,0.0534721686296153,0.822433325543975,0.412547247177355,"",2.88711958134061,1495,0.680247133089306,ZMB,full
total_burned_areas_ha,L1_total_ba_ha_human,-1.67201999578517,4.15434433133336,-0.402475062833447,0.688088125248152,"",648542.898091134,1495,0.931276674731614,ZMB,full
total_burned_areas_ha,L1_total_ba_ha_nature,0.190778163238115,0.112229039890369,1.69990016331314,0.0918765950085638,*,648542.898091134,1495,0.93396188743115,ZMB,full
average_burned_areas_ha,L1_average_ba_ha_human,0.114808738253332,0.167666492071803,0.684744678764826,0.494894873057603,"",2243.78262602873,1495,0.920504423747846,ZMB,full
average_burned_areas_ha,L1_average_ba_ha_nature,0.083675124499158,0.0834230283109266,1.00302190166595,0.317974563809524,"",2243.78262602873,1495,0.921053021850226,ZMB,full
total_counts_total,L1_total_counts_human,0.93099467039631,0.601643302348392,1.54741965340985,0.124533745537771,"",509.624080267559,1495,0.981568015632073,ZMB,full
total_counts_total,L1_total_counts_nature,0.265253043628163,0.050297923748442,5.27363803235277,6.42904315862999e-07,***,509.624080267559,1495,0.982787174434038,ZMB,full
average_counts_total,L1_average_counts_human,0.93099467039631,0.601643302348392,1.54741965340985,0.124533745537771,"",509.624080267559,1495,0.981568015632073,ZMB,full
average_counts_total,L1_average_counts_nature,0.265253043628163,0.050297923748442,5.27363803235277,6.42904315862999e-07,***,509.624080267559,1495,0.982787174434038,ZMB,full
total_burned_days_human,L1_total_burned_days_human,0.181261745659844,0.0672930149904018,2.6936190284489,0.00843109093770372,***,3.50633981403212,1183,0.907458424032505,ZWE,full
average_burned_days_human,L1_average_burned_days_human,0.0452758076403358,0.0711552940016997,0.636295700489331,0.526198641824531,"",0.345401894040611,1183,0.580194966621734,ZWE,full
total_ba_ha_human,L1_total_ba_ha_human,0.565313529879865,0.11130995580274,5.0787328572989,2.04009796099052e-06,***,310.703942402684,1183,0.894608153937055,ZWE,full
average_ba_ha_human,L1_average_ba_ha_human,0.141512421497541,0.0955808385381344,1.48055220755446,0.142218285983332,"",27.9768556335453,1183,0.595238528221365,ZWE,full
total_counts_human,L1_total_counts_human,0.160921242865371,0.106911179791909,1.50518629743481,0.13577778231113,"",1.54015215553677,1183,0.922111104947864,ZWE,full
average_counts_human,L1_average_counts_human,0.160921242865371,0.106911179791909,1.50518629743481,0.13577778231113,"",1.54015215553677,1183,0.922111104947864,ZWE,full
total_burned_days_nature,L1_total_burned_days_nature,0.424172117333314,0.104988402102569,4.04018071366508,0.000112251920378745,***,225.677092138631,1183,0.955855794384405,ZWE,full
average_burned_days_nature,L1_average_burned_days_nature,-0.0194573641713604,0.0440187798194096,-0.442024159942317,0.659532065975076,"",2.12837686055748,1183,0.493472346599923,ZWE,full
total_ba_ha_nature,L1_total_ba_ha_nature,0.229954790670551,0.038172398275693,6.02411168954451,3.65345695479137e-08,***,38213.1929722669,1183,0.878493521719164,ZWE,full
average_ba_ha_nature,L1_average_ba_ha_nature,-0.0922249062230055,0.0228613986099322,-4.03408854360023,0.000114744052236251,***,433.714386164548,1183,0.370460065580432,ZWE,full
total_counts_nature,L1_total_counts_nature,0.388509002316116,0.103658537293748,3.7479691732014,0.000314538235475357,***,84.3786982248521,1183,0.958825990795533,ZWE,full
average_counts_nature,L1_average_counts_nature,0.388509002316116,0.103658537293748,3.7479691732014,0.000314538235475357,***,84.3786982248521,1183,0.958825990795533,ZWE,full
total_burned_days_allfire,L1_total_burned_days_allfire,0.422732287674348,0.104225960065926,4.05592126382867,0.000106050917838076,***,229.375316990702,1183,0.956290867732248,ZWE,full
average_burned_days_allfire,L1_average_burned_days_allfire,0.00325653643932498,0.0472659974774933,0.0688980792349861,0.945223594363525,"",2.17839876670977,1183,0.452785036992016,ZWE,full
total_burned_areas_ha,L1_total_burned_areas_ha,0.240159446656483,0.0361951247049865,6.63513245537727,2.36447011744417e-09,***,39092.1483686428,1183,0.883207611444274,ZWE,full
average_burned_areas_ha,L1_average_burned_areas_ha,-0.105166215504585,0.0149684135111224,-7.02587588366932,3.93591448678739e-10,***,438.310492785839,1183,0.380559026460009,ZWE,full
total_counts_total,L1_total_counts_total,0.385114893516305,0.102648548425619,3.75178119343175,0.000310434164184506,***,85.9340659340659,1183,0.959286357795413,ZWE,full
average_counts_total,L1_average_counts_total,0.385114893516305,0.102648548425619,3.75178119343175,0.000310434164184506,***,85.9340659340659,1183,0.959286357795413,ZWE,full
total_burned_days_allfire,L1_total_burned_days_human,0.175204462389131,0.42284722543248,0.41434459504833,0.679607642988771,"",229.375316990702,1183,0.946225418800944,ZWE,full
total_burned_days_allfire,L1_total_burned_days_nature,0.426608636711413,0.103881725370727,4.1066764648831,8.82160446722573e-05,***,229.375316990702,1183,0.9563725394861,ZWE,full
average_burned_days_allfire,L1_average_burned_days_human,0.127923210994978,0.0611329263279354,2.09254191937025,0.0392051896031104,**,2.17839876670977,1183,0.455398054156321,ZWE,full
average_burned_days_allfire,L1_average_burned_days_nature,-0.0291856843712754,0.0440542159786172,-0.662494694842405,0.509347242838599,"",2.17839876670977,1183,0.45325268643049,ZWE,full
total_burned_areas_ha,L1_total_ba_ha_human,2.58950593021664,1.49283394604219,1.73462422735091,0.086230911154069,*,39092.1483686428,1183,0.873968716750929,ZWE,full
total_burned_areas_ha,L1_total_ba_ha_nature,0.274095327367871,0.0362424978677583,7.56281557546034,3.21591846449654e-11,***,39092.1483686428,1183,0.885941219190181,ZWE,full
average_burned_areas_ha,L1_average_ba_ha_human,0.436072799617714,0.344065461948465,1.26741230331056,0.208277434898134,"",438.310492785839,1183,0.373778955864562,ZWE,full
average_burned_areas_ha,L1_average_ba_ha_nature,-0.0978816980651447,0.0189263348772341,-5.17171965412509,1.39264712289795e-06,***,438.310492785839,1183,0.379490835962628,ZWE,full
total_counts_total,L1_total_counts_human,-0.312582000870965,0.61131601752504,-0.51132637115657,0.610374736208845,"",85.9340659340659,1183,0.951980348288377,ZWE,full
total_counts_total,L1_total_counts_nature,0.390339614466108,0.102619981661146,3.80373888347613,0.000259338111454364,***,85.9340659340659,1183,0.959402323660266,ZWE,full
average_counts_total,L1_average_counts_human,-0.312582000870965,0.61131601752504,-0.51132637115657,0.610374736208845,"",85.9340659340659,1183,0.951980348288377,ZWE,full
average_counts_total,L1_average_counts_nature,0.390339614466108,0.102619981661146,3.80373888347613,0.000259338111454364,***,85.9340659340659,1183,0.959402323660266,ZWE,full
total_burned_days_allfire,L1_total_burned_days_allfire,0.498053802014366,0.100518806326728,4.95483203805151,2.4445140930463e-05,***,339.3125,416,0.974839468921868,ZWE,nature_subsample
total_burned_days_allfire,L1_total_burned_days_allfire,-0.172616184308654,0.196645518758743,-0.877803803505079,0.398817340238885,"",8.28205128205129,156,0.923680031720516,ZWE,human_subsample
average_burned_days_allfire,L1_average_burned_days_allfire,-0.0726535176284187,0.0810823421654785,-0.896046114209951,0.377133776066725,"",2.5415538309779,416,0.445830266783602,ZWE,nature_subsample
average_burned_days_allfire,L1_average_burned_days_allfire,0.120382203389615,0.222899484037459,0.540073943685684,0.599909290650811,"",1.89709579309206,156,0.783369707499329,ZWE,human_subsample
total_burned_areas_ha,L1_total_burned_areas_ha,0.190893723705289,0.0330439677124226,5.77696133123639,2.31777830055272e-06,***,72516.3375034187,416,0.90939626703836,ZWE,nature_subsample
total_burned_areas_ha,L1_total_burned_areas_ha,0.0900482918926694,0.133447902816682,0.674782368190298,0.513746761582659,"",748.032549462242,156,0.939084046992661,ZWE,human_subsample
average_burned_areas_ha,L1_average_burned_areas_ha,-0.0931537640251367,0.0299255975981948,-3.1128455737424,0.00396472698489292,***,801.378248339375,416,0.437554492031031,ZWE,nature_subsample
average_burned_areas_ha,L1_average_burned_areas_ha,-0.074599039481812,0.243143855511784,-0.306810300942179,0.76471754988914,"",143.246608279292,156,0.810309863739242,ZWE,human_subsample
total_counts_total,L1_total_counts_total,0.415345978472044,0.106107678683743,3.91438191490358,0.000463190248145006,***,121.612980769231,416,0.97516431522004,ZWE,nature_subsample
total_counts_total,L1_total_counts_total,0.0465969948628311,0.245385808935387,0.189892785833841,0.852851933498834,"",3.01282051282051,156,0.918865900896738,ZWE,human_subsample
average_counts_total,L1_average_counts_total,0.415345978472044,0.106107678683743,3.91438191490358,0.000463190248145006,***,121.612980769231,416,0.97516431522004,ZWE,nature_subsample
average_counts_total,L1_average_counts_total,0.0465969948628311,0.245385808935387,0.189892785833841,0.852851933498834,"",3.01282051282051,156,0.918865900896738,ZWE,human_subsample
