city,country_iso,iso3_r250_id,year,month,kwh_diff,price_usd_per_kwh,total_savings_usd
22_10000,ITA,380.0,2019,5,5898.221379790185,0.168,990.9011918047512
22_10000,ITA,380.0,2019,6,21537.918999481997,0.168,3618.3703919129753
22_10000,ITA,380.0,2019,7,19970.708906933727,0.168,3355.0790963648665
22_10000,ITA,380.0,2019,8,17335.946458150953,0.168,2912.43900496936
22_10000,ITA,380.0,2019,9,28100.30962733588,0.168,4720.852017392429
22_10000,ITA,380.0,2019,10,8411.167418486892,0.168,1413.076126305798
22_10000,ITA,380.0,2019,11,5220.216172709645,0.168,876.9963170152205
22_9673,ITA,380.0,2019,6,13550.674471525492,0.168,2276.5133112162825
22_9673,ITA,380.0,2019,7,11610.188940243304,0.168,1950.5117419608755
22_9673,ITA,380.0,2019,8,33977.8817234078,0.168,5708.284129532511
22_9673,ITA,380.0,2019,9,17706.318310864044,0.168,2974.66147622516
22_9674,ITA,380.0,2019,6,11046.568242893509,0.168,1855.823464806109
22_9674,ITA,380.0,2019,7,22837.71249132398,0.168,3836.735698542429
22_9674,ITA,380.0,2019,8,7795.610643489391,0.168,1309.6625881062178
22_9674,ITA,380.0,2019,9,13572.15426772782,0.168,2280.121916978274
22_9675,ITA,380.0,2019,6,19059.24782300216,0.168,3201.953634264363
22_9675,ITA,380.0,2019,7,23385.718162202607,0.168,3928.8006512500383
22_9675,ITA,380.0,2019,8,13807.198135029124,0.168,2319.609286684893
22_9675,ITA,380.0,2019,9,6547.495660922491,0.168,1099.9792710349786
22_9676,ITA,380.0,2019,6,18330.10062410921,0.168,3079.456904850348
22_9676,ITA,380.0,2019,7,94442.03385370338,0.168,15866.26168742217
22_9676,ITA,380.0,2019,8,44838.09481248612,0.168,7532.799928497668
22_9676,ITA,380.0,2019,9,21464.69333020153,0.168,3606.0684794738577
22_9677,ITA,380.0,2019,6,2493.3855753735247,0.168,418.88877666275215
22_9677,ITA,380.0,2019,7,16662.080698890284,0.168,2799.229557413568
22_9677,ITA,380.0,2019,8,22664.905048844936,0.168,3807.704048205949
22_9677,ITA,380.0,2019,9,7809.634551781954,0.168,1312.0186046993686
22_9680,ITA,380.0,2019,6,1924.190616479487,0.168,323.26402356855385
22_9680,ITA,380.0,2019,7,3525.726926735233,0.168,592.3221236915192
22_9680,ITA,380.0,2019,8,7279.743985812528,0.168,1222.9969896165048
22_9680,ITA,380.0,2019,9,3889.3763728534095,0.168,653.415230639373
22_9681,ITA,380.0,2019,5,13075.87258937993,0.168,2196.7465950158285
22_9681,ITA,380.0,2019,6,8068.350455068169,0.168,1355.4828764514525
22_9681,ITA,380.0,2019,7,12160.745572354772,0.168,2043.0052561556015
22_9681,ITA,380.0,2019,8,6214.430222264047,0.168,1044.02427734036
22_9681,ITA,380.0,2019,9,3945.1297646220073,0.168,662.7818004564973
22_9682,ITA,380.0,2019,6,6447.509175177638,0.168,1083.1815414298433
22_9682,ITA,380.0,2019,7,16938.698516090473,0.168,2845.7013507032
22_9682,ITA,380.0,2019,8,5418.756536667991,0.168,910.3510981602226
22_9682,ITA,380.0,2019,9,6366.719983746663,0.168,1069.6089572694395
22_9683,ITA,380.0,2019,6,11976.665819734922,0.168,2012.0798577154671
22_9683,ITA,380.0,2019,7,16418.81449478235,0.168,2758.3608351234348
22_9683,ITA,380.0,2019,8,17914.911298489187,0.168,3009.7050981461834
22_9683,ITA,380.0,2019,9,3064.425083900011,0.168,514.8234140952019
22_9684,ITA,380.0,2019,6,11416.602479333633,0.168,1917.98921652805
22_9684,ITA,380.0,2019,7,11727.551872637508,0.168,1970.2287146031013
22_9684,ITA,380.0,2019,8,12305.271336675709,0.168,2067.285584561519
22_9684,ITA,380.0,2019,9,4287.685775126457,0.168,720.3312102212448
22_9685,ITA,380.0,2019,5,895.5238804418186,0.168,150.44801191422553
22_9685,ITA,380.0,2019,6,9688.99604014868,0.168,1627.751334744978
22_9685,ITA,380.0,2019,7,18661.8307764251,0.168,3135.187570439417
22_9685,ITA,380.0,2019,8,11472.909608794162,0.168,1927.4488142774192
22_9685,ITA,380.0,2019,9,10531.173290562856,0.168,1769.23711281456
22_9686,ITA,380.0,2019,6,44141.837941335245,0.168,7415.828774144322
22_9686,ITA,380.0,2019,7,119281.13738076945,0.168,20039.231079969268
22_9686,ITA,380.0,2019,8,81332.7353315171,0.168,13663.899535694874
22_9686,ITA,380.0,2019,9,26185.8016162608,0.168,4399.214671531815
22_9687,ITA,380.0,2019,6,8473.958483977825,0.168,1423.6250253082746
22_9687,ITA,380.0,2019,7,11725.770868528856,0.168,1969.929505912848
22_9687,ITA,380.0,2019,8,7938.19288591079,0.168,1333.616404833013
22_9687,ITA,380.0,2019,9,3041.6385749263013,0.168,510.99528058761865
22_9688,ITA,380.0,2019,6,1110.6245312651838,0.168,186.58492125255088
22_9688,ITA,380.0,2019,7,3997.810889994768,0.168,671.6322295191211
22_9688,ITA,380.0,2019,8,2177.9233369711683,0.168,365.8911206111563
22_9688,ITA,380.0,2019,9,735.5264431399837,0.168,123.56844244751728
22_9689,ITA,380.0,2019,5,6606.916047753446,0.168,1109.961896022579
22_9689,ITA,380.0,2019,6,35141.43122838302,0.168,5903.760446368348
22_9689,ITA,380.0,2019,7,18777.14609580988,0.168,3154.56054409606
22_9689,ITA,380.0,2019,8,14723.827106878614,0.168,2473.6029539556075
22_9689,ITA,380.0,2019,9,8340.950920689473,0.168,1401.2797546758316
22_9690,ITA,380.0,2019,6,19927.50977508688,0.168,3347.821642214596
22_9690,ITA,380.0,2019,7,13543.60050413891,0.168,2275.324884695337
22_9690,ITA,380.0,2019,8,19627.644723705875,0.168,3297.4443135825877
22_9690,ITA,380.0,2019,9,10332.362747888845,0.168,1735.836941645326
22_9691,ITA,380.0,2019,5,22625.527939412437,0.168,3801.088693821289
22_9691,ITA,380.0,2019,6,13968.201922862272,0.168,2346.657923040862
22_9691,ITA,380.0,2019,7,27571.823830146885,0.168,4632.066403464677
22_9691,ITA,380.0,2019,8,24116.98260021997,0.168,4051.6530768369535
22_9691,ITA,380.0,2019,9,10965.443734536057,0.168,1842.1945474020572
22_9692,ITA,380.0,2019,6,33710.18433310398,0.168,5663.310967961469
22_9692,ITA,380.0,2019,7,6161.517520247191,0.168,1035.134943401528
22_9692,ITA,380.0,2019,8,20013.682855125902,0.168,3362.2987196611525
22_9692,ITA,380.0,2019,9,11811.794878390294,0.168,1984.3815395695692
22_9692,ITA,380.0,2019,10,12326.569784025858,0.168,2070.8637237163443
22_9693,ITA,380.0,2019,5,35113.36145395099,0.168,5899.044724263767
22_9693,ITA,380.0,2019,6,28254.5110895489,0.168,4746.757863044216
22_9693,ITA,380.0,2019,7,23294.86350242297,0.168,3913.5370684070585
22_9693,ITA,380.0,2019,8,28534.409607971174,0.168,4793.780814139158
22_9693,ITA,380.0,2019,9,20836.54916765463,0.168,3500.540260165978
22_9694,ITA,380.0,2019,5,1059.4824563486668,0.168,177.99305266657603
22_9694,ITA,380.0,2019,6,11312.723859911132,0.168,1900.5376084650704
22_9694,ITA,380.0,2019,7,12087.183953999243,0.168,2030.6469042718732
22_9694,ITA,380.0,2019,8,25690.79845251728,0.168,4316.054140022903
22_9694,ITA,380.0,2019,9,10884.851517098316,0.168,1828.6550548725168
22_9695,ITA,380.0,2019,5,38973.60300375699,0.168,6547.565304631175
22_9695,ITA,380.0,2019,6,33485.85428160035,0.168,5625.623519308859
22_9695,ITA,380.0,2019,7,26873.81515236077,0.168,4514.80094559661
22_9695,ITA,380.0,2019,8,28174.91358179119,0.168,4733.38548174092
22_9695,ITA,380.0,2019,9,26073.64262779976,0.168,4380.37196147036
22_9696,ITA,380.0,2019,6,12308.91766214599,0.168,2067.8981672405266
22_9696,ITA,380.0,2019,7,15398.983000722716,0.168,2587.0291441214167
22_9696,ITA,380.0,2019,8,28537.74788166464,0.168,4794.34164411966
22_9696,ITA,380.0,2019,9,11067.961698827416,0.168,1859.417565403006
22_9697,ITA,380.0,2019,5,15970.84100658165,0.168,2683.101289105717
22_9697,ITA,380.0,2019,6,9533.360192191996,0.168,1601.6045122882554
22_9697,ITA,380.0,2019,7,2862.505740527601,0.168,480.900964408637
22_9697,ITA,380.0,2019,8,4889.609403372615,0.168,821.4543797665993
22_9697,ITA,380.0,2019,9,2634.177086726152,0.168,442.5417505699936
22_9698,ITA,380.0,2019,6,8637.251169442505,0.168,1451.0581964663409
22_9698,ITA,380.0,2019,7,8723.414250194346,0.168,1465.5335940326502
22_9698,ITA,380.0,2019,8,11355.215918587508,0.168,1907.6762743227011
22_9698,ITA,380.0,2019,9,3677.624693257693,0.168,617.8409484672925
22_9698,ITA,380.0,2019,10,992.18038041022,0.168,166.68630390891698
22_9706,ITA,380.0,2019,5,47035.15229372878,0.168,7901.905585346436
22_9706,ITA,380.0,2019,6,287359.6419701772,0.168,48276.41985098977
22_9706,ITA,380.0,2019,7,432946.0716503621,0.168,72734.94003726084
22_9706,ITA,380.0,2019,8,436506.2580575164,0.168,73333.05135366275
22_9706,ITA,380.0,2019,9,257156.04783789843,0.168,43202.216036766935
22_9706,ITA,380.0,2019,10,97678.98555731589,0.168,16410.06957362907
22_9707,ITA,380.0,2019,6,11435.453893756345,0.168,1921.1562541510657
22_9707,ITA,380.0,2019,7,15685.554275546576,0.168,2635.1731182918247
22_9707,ITA,380.0,2019,8,31423.33081055281,0.168,5279.119576172873
22_9707,ITA,380.0,2019,9,6054.49256757639,0.168,1017.1547513528336
22_9708,ITA,380.0,2019,6,24715.29057918853,0.168,4152.168817303675
22_9708,ITA,380.0,2019,7,37157.79121692151,0.168,6242.508924442814
22_9708,ITA,380.0,2019,8,24317.932451686404,0.168,4085.412651883316
22_9708,ITA,380.0,2019,9,12950.55577496909,0.168,2175.693370194808
22_9709,ITA,380.0,2019,5,16041.328651848053,0.168,2694.943213510473
22_9709,ITA,380.0,2019,6,4459.778137598238,0.168,749.2427271165039
22_9709,ITA,380.0,2019,7,10836.378554313154,0.168,1820.51159712461
22_9709,ITA,380.0,2019,8,3205.19484170889,0.168,538.4727334070936
22_9709,ITA,380.0,2019,9,5325.342997010407,0.168,894.6576234977484
22_9710,ITA,380.0,2019,6,16499.185885902567,0.168,2771.863228831631
22_9710,ITA,380.0,2019,7,16647.262841629246,0.168,2796.7401573937136
22_9710,ITA,380.0,2019,8,5031.903498131464,0.168,845.3597876860861
22_9710,ITA,380.0,2019,9,4383.389891296542,0.168,736.4095017378191
22_9711,ITA,380.0,2019,5,937.1347704731518,0.168,157.43864143948952
22_9711,ITA,380.0,2019,6,2385.984629580907,0.168,400.8454177695924
22_9711,ITA,380.0,2019,7,2847.4982723439875,0.168,478.37970975378994
22_9711,ITA,380.0,2019,8,5511.065559197735,0.168,925.8590139452195
22_9711,ITA,380.0,2019,9,2675.21024666423,0.168,449.43532143959067
22_9711,ITA,380.0,2019,10,1517.001345733868,0.168,254.85622608328984
22_9712,ITA,380.0,2019,6,47112.63979547539,0.168,7914.923485639866
22_9712,ITA,380.0,2019,7,48707.084297281246,0.168,8182.79016194325
22_9712,ITA,380.0,2019,8,31778.321360579404,0.168,5338.75798857734
22_9712,ITA,380.0,2019,9,24764.369768442382,0.168,4160.414121098321
22_9712,ITA,380.0,2019,10,14648.865149318744,0.168,2461.009345085549
22_9713,ITA,380.0,2019,5,15268.81114489578,0.168,2565.160272342491
22_9713,ITA,380.0,2019,6,21271.880122534007,0.168,3573.675860585713
22_9713,ITA,380.0,2019,7,44722.83468544942,0.168,7513.436227155504
22_9713,ITA,380.0,2019,8,16201.903047060949,0.168,2721.91971190624
22_9713,ITA,380.0,2019,9,20756.039936541896,0.168,3487.0147093390387
22_9713,ITA,380.0,2019,10,8281.74910418612,0.168,1391.333849503268
22_9714,ITA,380.0,2019,5,857.4053061631504,0.168,144.04409143540929
22_9714,ITA,380.0,2019,6,14726.88274957911,0.168,2474.116301929291
22_9714,ITA,380.0,2019,7,8728.654597362864,0.168,1466.4139723569613
22_9714,ITA,380.0,2019,8,16577.242841296105,0.168,2784.9767973377457
22_9714,ITA,380.0,2019,9,6020.980722639373,0.168,1011.5247614034148
22_9714,ITA,380.0,2019,10,14270.557665939936,0.168,2397.453687877909
22_9715,ITA,380.0,2019,6,45106.26188144747,0.168,7577.851996083175
22_9715,ITA,380.0,2019,7,100373.76564596944,0.168,16862.792628522868
22_9715,ITA,380.0,2019,8,84819.99220058932,0.168,14249.758689699009
22_9715,ITA,380.0,2019,9,66235.0384578942,0.168,11127.486460926228
22_9716,ITA,380.0,2019,6,18915.95357771385,0.168,3177.8802010559275
22_9716,ITA,380.0,2019,7,17995.915899433207,0.168,3023.313871104779
22_9716,ITA,380.0,2019,8,14501.01082084205,0.168,2436.1698179014643
22_9716,ITA,380.0,2019,9,20278.95241948867,0.168,3406.8640064740966
22_9717,ITA,380.0,2019,5,4420.877106423181,0.168,742.7073538790945
22_9717,ITA,380.0,2019,6,20307.130247344863,0.168,3411.597881553937
22_9717,ITA,380.0,2019,7,8517.945299739413,0.168,1431.0148103562217
22_9717,ITA,380.0,2019,8,24781.122751338306,0.168,4163.228622224836
22_9717,ITA,380.0,2019,9,7438.614622812298,0.168,1249.6872566324662
22_9717,ITA,380.0,2019,10,26207.83402472425,0.168,4402.916116153674
22_9718,ITA,380.0,2019,6,39862.12319502205,0.168,6696.836696763706
22_9718,ITA,380.0,2019,7,34256.30546873685,0.168,5755.059318747791
22_9718,ITA,380.0,2019,8,6012.036936874886,0.168,1010.0222053949808
22_9718,ITA,380.0,2019,9,10058.25529015847,0.168,1689.786888746623
22_9718,ITA,380.0,2019,10,11750.466702053876,0.168,1974.0784059450511
22_9719,ITA,380.0,2019,6,48507.70572882665,0.168,8149.294562442878
22_9719,ITA,380.0,2019,7,54465.34490121362,0.168,9150.177943403887
22_9719,ITA,380.0,2019,8,57484.07550873856,0.168,9657.324685468078
22_9719,ITA,380.0,2019,9,5914.403759459668,0.168,993.6198315892242
22_9720,ITA,380.0,2019,5,1573.7254508655683,0.168,264.3858757454155
22_9720,ITA,380.0,2019,6,25821.838584999903,0.168,4338.068882279984
22_9720,ITA,380.0,2019,7,22137.239510252304,0.168,3719.0562377223873
22_9720,ITA,380.0,2019,8,5622.554000542966,0.168,944.5890720912184
22_9720,ITA,380.0,2019,9,11958.043609708908,0.168,2008.9513264310967
22_9720,ITA,380.0,2019,10,11532.527689189124,0.168,1937.4646517837728
22_9723,ITA,380.0,2019,6,3784.278579752944,0.168,635.7588013984946
22_9723,ITA,380.0,2019,7,11066.933058135386,0.168,1859.244753766745
22_9723,ITA,380.0,2019,8,3946.020762390381,0.168,662.9314880815841
22_9723,ITA,380.0,2019,9,3310.412847616856,0.168,556.1493583996319
22_9726,ITA,380.0,2019,5,8843.928032295828,0.168,1485.779909425699
22_9726,ITA,380.0,2019,6,62809.98566273435,0.168,10552.077591339372
22_9726,ITA,380.0,2019,7,47877.5493859841,0.168,8043.428296845329
22_9726,ITA,380.0,2019,8,53492.4513597054,0.168,8986.731828430507
22_9726,ITA,380.0,2019,9,31707.61840697058,0.168,5326.879892371058
22_9726,ITA,380.0,2019,10,25273.415180771623,0.168,4245.933750369632
22_9727,ITA,380.0,2019,5,1456.8463319240343,0.168,244.75018376323783
22_9727,ITA,380.0,2019,6,3026.029516519313,0.168,508.37295877524457
22_9727,ITA,380.0,2019,7,4054.6302411567945,0.168,681.1778805143415
22_9727,ITA,380.0,2019,8,2704.4218520701675,0.168,454.3428711477882
22_9727,ITA,380.0,2019,9,3752.189041373695,0.168,630.3677589507809
22_9727,ITA,380.0,2019,10,3785.74674704367,0.168,636.0054535033366
22_9728,ITA,380.0,2019,6,27455.139515925985,0.168,4612.463438675566
22_9728,ITA,380.0,2019,7,46263.68535325566,0.168,7772.299139346952
22_9728,ITA,380.0,2019,8,22761.782747192283,0.168,3823.979501528304
22_9728,ITA,380.0,2019,9,10360.774477152976,0.168,1740.6101121617
22_9729,ITA,380.0,2019,6,19298.236137445903,0.168,3242.103671090912
22_9729,ITA,380.0,2019,7,28732.58184708412,0.168,4827.073750310133
22_9729,ITA,380.0,2019,8,34658.61286543719,0.168,5822.646961393449
22_9729,ITA,380.0,2019,9,7770.239748736821,0.168,1305.400277787786
22_9729,ITA,380.0,2019,10,14464.351756138652,0.168,2430.0110950312937
22_9730,ITA,380.0,2019,6,3921.417135030254,0.168,658.7980786850827
22_9730,ITA,380.0,2019,7,23571.272050520587,0.168,3959.9737044874582
22_9730,ITA,380.0,2019,8,14090.28322097152,0.168,2367.1675811232158
22_9730,ITA,380.0,2019,9,7563.791527542489,0.168,1270.7169766271384
22_9731,ITA,380.0,2019,6,13808.074748156252,0.168,2319.7565576902507
22_9731,ITA,380.0,2019,7,12438.732062343064,0.168,2089.706986473635
22_9731,ITA,380.0,2019,8,2934.765398811214,0.168,493.040587000284
22_9731,ITA,380.0,2019,9,4254.457534205695,0.168,714.7488657465568
22_9731,ITA,380.0,2019,10,1784.301910957531,0.168,299.7627210408652
22_9732,ITA,380.0,2019,5,529.0778889492127,0.168,88.88508534346774
22_9732,ITA,380.0,2019,6,8473.435649815738,0.168,1423.537189169044
22_9732,ITA,380.0,2019,7,14018.232499601254,0.168,2355.0630599330107
22_9732,ITA,380.0,2019,8,3601.9212359812163,0.168,605.1227676448444
22_9732,ITA,380.0,2019,9,1367.3831812623578,0.168,229.72037445207613
22_9732,ITA,380.0,2019,10,1047.264042808227,0.168,175.94035919178216
22_9733,ITA,380.0,2019,5,4568.789459525463,0.168,767.5566292002778
22_9733,ITA,380.0,2019,6,18002.60930867462,0.168,3024.4383638573363
22_9733,ITA,380.0,2019,7,10593.233788325011,0.168,1779.663276438602
22_9733,ITA,380.0,2019,8,8760.727018971165,0.168,1471.802139187156
22_9733,ITA,380.0,2019,9,9434.524017002666,0.168,1585.000034856448
22_9733,ITA,380.0,2019,10,16437.836515893745,0.168,2761.556534670149
22_9734,ITA,380.0,2019,6,12757.835529399335,0.168,2143.3163689390885
22_9734,ITA,380.0,2019,7,19121.369324765383,0.168,3212.390046560585
22_9734,ITA,380.0,2019,8,17271.10334470124,0.168,2901.545361909809
22_9734,ITA,380.0,2019,9,17488.450110205427,0.168,2938.059618514512
22_9736,ITA,380.0,2019,6,3056.6589347643026,0.168,513.5187010404029
22_9736,ITA,380.0,2019,7,1735.0891370716522,0.168,291.4949750280376
22_9736,ITA,380.0,2019,8,2745.3396021539183,0.168,461.2170531618583
22_9736,ITA,380.0,2019,9,2138.8697465822893,0.168,359.3301174258246
22_9738,ITA,380.0,2019,6,7860.11944891204,0.168,1320.500067417223
22_9738,ITA,380.0,2019,7,9170.581249957804,0.168,1540.6576499929113
22_9738,ITA,380.0,2019,8,20673.882824962297,0.168,3473.212314593666
22_9738,ITA,380.0,2019,9,8741.936740339374,0.168,1468.6453723770148
22_9739,ITA,380.0,2019,6,16012.206667249138,0.168,2690.0507200978554
22_9739,ITA,380.0,2019,7,16729.495818679727,0.168,2810.5552975381943
22_9739,ITA,380.0,2019,8,22784.17551552939,0.168,3827.741486608938
22_9739,ITA,380.0,2019,9,13381.516128769212,0.168,2248.094709633228
22_9741,ITA,380.0,2019,5,5099.617372745697,0.168,856.7357186212772
22_9741,ITA,380.0,2019,6,11907.714636246266,0.168,2000.4960588893728
22_9741,ITA,380.0,2019,7,14387.369818580946,0.168,2417.0781295215997
22_9741,ITA,380.0,2019,8,12919.59829963744,0.168,2170.49251433909
22_9741,ITA,380.0,2019,9,18952.568846139613,0.168,3184.031566151455
22_9741,ITA,380.0,2019,10,1678.7617735875026,0.168,282.03197796270047
22_9742,ITA,380.0,2019,6,4168.319262929675,0.168,700.2776361721853
22_9742,ITA,380.0,2019,7,7012.62071505468,0.168,1178.1202801291863
22_9742,ITA,380.0,2019,8,6610.582534031095,0.168,1110.577865717224
22_9742,ITA,380.0,2019,9,1873.42735480876,0.168,314.7357956078717
22_9743,ITA,380.0,2019,5,630.7114258711943,0.168,105.95951954636064
22_9743,ITA,380.0,2019,6,26585.127089615533,0.168,4466.30135105541
22_9743,ITA,380.0,2019,7,11446.42957831659,0.168,1923.0001691571877
22_9743,ITA,380.0,2019,8,19244.803794611336,0.168,3233.127037494705
22_9743,ITA,380.0,2019,9,2721.7138264998207,0.168,457.2479228519699
22_9743,ITA,380.0,2019,10,2102.76970646135,0.168,353.2653106855068
22_9744,ITA,380.0,2019,6,4509.108434859871,0.168,757.5302170564584
22_9744,ITA,380.0,2019,7,2203.130068670888,0.168,370.12585153670926
22_9744,ITA,380.0,2019,8,3509.5321990541333,0.168,589.6014094410945
22_9744,ITA,380.0,2019,9,4737.601442726043,0.168,795.9170423779753
22_9744,ITA,380.0,2019,10,2509.991648889541,0.168,421.6785970134429
22_9745,ITA,380.0,2019,5,11842.902672853335,0.168,1989.6076490393607
22_9745,ITA,380.0,2019,6,3833.549501662744,0.168,644.0363162793411
22_9745,ITA,380.0,2019,7,16521.355084574785,0.168,2775.587654208564
22_9745,ITA,380.0,2019,8,19924.438548140864,0.168,3347.305676087665
22_9745,ITA,380.0,2019,9,9757.090994171216,0.168,1639.1912870207643
22_9745,ITA,380.0,2019,10,4833.979848900638,0.168,812.1086146153073
22_9746,ITA,380.0,2019,6,7613.140671565781,0.168,1279.0076328230514
22_9746,ITA,380.0,2019,7,10161.758416138124,0.168,1707.175413911205
22_9746,ITA,380.0,2019,8,11118.381204626314,0.168,1867.888042377221
22_9746,ITA,380.0,2019,9,11480.06590048379,0.168,1928.651071281277
22_9746,ITA,380.0,2019,10,8473.117742004946,0.168,1423.483780656831
22_9747,ITA,380.0,2019,5,34870.31559984472,0.168,5858.213020773913
22_9747,ITA,380.0,2019,6,32229.104251381483,0.168,5414.489514232089
22_9747,ITA,380.0,2019,7,29116.88742718219,0.168,4891.637087766609
22_9747,ITA,380.0,2019,8,12288.310440025616,0.168,2064.436153924304
22_9747,ITA,380.0,2019,9,16375.460087691645,0.168,2751.0772947321966
22_9747,ITA,380.0,2019,10,3654.784460325592,0.168,614.0037893346995
22_9749,ITA,380.0,2019,6,3867.872800866231,0.168,649.8026305455269
22_9749,ITA,380.0,2019,7,2173.5518740805333,0.168,365.1567148455296
22_9749,ITA,380.0,2019,8,1976.524285985856,0.168,332.05608004562384
22_9750,ITA,380.0,2019,6,33230.63053188542,0.168,5582.745929356751
22_9750,ITA,380.0,2019,7,17218.25400819445,0.168,2892.666673376668
22_9750,ITA,380.0,2019,8,11121.669763602627,0.168,1868.4405202852413
22_9750,ITA,380.0,2019,9,8123.096656821153,0.168,1364.6802383459535
22_9751,ITA,380.0,2019,5,50496.06383544163,0.168,8483.338724354195
22_9751,ITA,380.0,2019,6,29154.21574033466,0.168,4897.908244376224
22_9751,ITA,380.0,2019,7,31949.630309188906,0.168,5367.537891943736
22_9751,ITA,380.0,2019,8,58231.35152616784,0.168,9782.8670563962
22_9751,ITA,380.0,2019,9,13371.9814745709,0.168,2246.492887727912
22_9751,ITA,380.0,2019,10,16913.573494320593,0.168,2841.48034704586
22_9752,ITA,380.0,2019,6,40345.28399337064,0.168,6778.007710886267
22_9752,ITA,380.0,2019,7,29986.87097053805,0.168,5037.794323050392
22_9752,ITA,380.0,2019,8,5991.663620334979,0.168,1006.5994882162764
22_9752,ITA,380.0,2019,9,8558.352354218237,0.168,1437.803195508664
22_9752,ITA,380.0,2019,10,19687.16358041193,0.168,3307.443481509204
22_9753,ITA,380.0,2019,5,10551.13233360734,0.168,1772.5902320460332
22_9753,ITA,380.0,2019,6,25489.61646758308,0.168,4282.255566553958
22_9753,ITA,380.0,2019,7,18515.53854520489,0.168,3110.6104755944216
22_9753,ITA,380.0,2019,8,7058.428696475909,0.168,1185.816021007953
22_9753,ITA,380.0,2019,9,10476.56689915872,0.168,1760.0632390586652
22_9753,ITA,380.0,2019,10,1624.718432953597,0.168,272.9526967362043
22_9755,ITA,380.0,2019,6,27304.6648562666,0.168,4587.183695852789
22_9755,ITA,380.0,2019,7,25503.523779249583,0.168,4284.59199491393
22_9755,ITA,380.0,2019,8,17594.429293116253,0.168,2955.8641212435305
22_9755,ITA,380.0,2019,9,6788.582652588479,0.168,1140.4818856348645
22_9755,ITA,380.0,2019,10,2513.6819840992166,0.168,422.2985733286684
22_9757,ITA,380.0,2019,6,12963.316678157098,0.168,2177.8372019303924
22_9757,ITA,380.0,2019,7,6645.626561012088,0.168,1116.465262250031
22_9757,ITA,380.0,2019,8,9522.748822699908,0.168,1599.8218022135848
22_9757,ITA,380.0,2019,9,9348.465563120188,0.168,1570.5422146041917
22_9757,ITA,380.0,2019,10,2029.9250359393357,0.168,341.0274060378084
22_9758,ITA,380.0,2019,6,16076.31384312096,0.168,2700.8207256443216
22_9758,ITA,380.0,2019,7,25718.69677941405,0.168,4320.741058941561
22_9758,ITA,380.0,2019,8,13777.856843374308,0.168,2314.679949686884
22_9758,ITA,380.0,2019,9,10612.200241487471,0.168,1782.8496405698952
22_9758,ITA,380.0,2019,10,24472.58079295704,0.168,4111.393573216783
22_9759,ITA,380.0,2019,5,14104.78602972228,0.168,2369.604052993343
22_9759,ITA,380.0,2019,6,5046.551675373036,0.168,847.8206814626701
22_9759,ITA,380.0,2019,7,9046.966978965293,0.168,1519.890452466169
22_9759,ITA,380.0,2019,8,6964.408041378557,0.168,1170.0205509515977
22_9759,ITA,380.0,2019,9,10357.038708211752,0.168,1739.9825029795743
22_9759,ITA,380.0,2019,10,7224.338632633013,0.168,1213.6888902823462
22_9760,ITA,380.0,2019,6,25025.82045880144,0.168,4204.337837078642
22_9760,ITA,380.0,2019,7,16540.51030092432,0.168,2778.805730555286
22_9760,ITA,380.0,2019,8,19676.29874467448,0.168,3305.6181891053125
22_9760,ITA,380.0,2019,9,8445.71283578265,0.168,1418.8797564114852
22_9761,ITA,380.0,2019,6,3543.88127947394,0.168,595.3720549516219
22_9761,ITA,380.0,2019,7,11559.75963538996,0.168,1942.0396187455133
22_9761,ITA,380.0,2019,8,1050.9064717033486,0.168,176.5522872461626
22_9761,ITA,380.0,2019,9,2590.271741262324,0.168,435.1656525320705
22_9761,ITA,380.0,2019,10,586.3250493147497,0.168,98.50260828487797
22_9762,ITA,380.0,2019,5,16901.067324195254,0.168,2839.379310464803
22_9762,ITA,380.0,2019,6,23541.787236661778,0.168,3955.020255759179
22_9762,ITA,380.0,2019,7,13717.67179337516,0.168,2304.568861287027
22_9762,ITA,380.0,2019,8,2072.1653041715117,0.168,348.12377110081394
22_9762,ITA,380.0,2019,9,2934.2778993551897,0.168,492.9586870916719
22_9762,ITA,380.0,2019,10,2127.1112062714783,0.168,357.3546826536084
22_9765,ITA,380.0,2019,6,29068.361211432213,0.168,4883.484683520612
22_9765,ITA,380.0,2019,7,48106.225951027845,0.168,8081.845959772679
22_9765,ITA,380.0,2019,8,22447.180933086624,0.168,3771.126396758553
22_9765,ITA,380.0,2019,9,12945.492760440007,0.168,2174.842783753921
22_9766,ITA,380.0,2019,6,14388.34459426346,0.168,2417.2418918362614
22_9766,ITA,380.0,2019,7,12912.504732409205,0.168,2169.3007950447463
22_9766,ITA,380.0,2019,8,13658.773170295484,0.168,2294.6738926096414
22_9766,ITA,380.0,2019,9,4762.973269870355,0.168,800.1795093382196
22_9766,ITA,380.0,2019,10,2022.386425204055,0.168,339.7609194342813
22_9767,ITA,380.0,2019,6,10152.702779077765,0.168,1705.6540668850646
22_9767,ITA,380.0,2019,7,9713.112278874523,0.168,1631.80286285092
22_9767,ITA,380.0,2019,8,2108.797975704898,0.168,354.27805991842285
22_9767,ITA,380.0,2019,9,4117.494899454683,0.168,691.7391431083868
22_9767,ITA,380.0,2019,10,952.6137514422472,0.168,160.03911024229754
22_9768,ITA,380.0,2019,6,5892.976977976612,0.168,990.0201323000708
22_9768,ITA,380.0,2019,7,3561.065963757824,0.168,598.2590819113145
22_9768,ITA,380.0,2019,8,14429.6153797532,0.168,2424.175383798538
22_9768,ITA,380.0,2019,9,5986.899860406047,0.168,1005.799176548216
22_9768,ITA,380.0,2019,10,18086.62723984505,0.168,3038.5533762939685
22_9769,ITA,380.0,2019,6,16468.31262430033,0.168,2766.676520882456
22_9769,ITA,380.0,2019,7,19862.913418298547,0.168,3336.9694542741563
22_9769,ITA,380.0,2019,8,38421.74871687208,0.168,6454.853784434509
22_9769,ITA,380.0,2019,9,9852.113188289102,0.168,1655.1550156325693
22_9770,ITA,380.0,2019,6,11620.307799927825,0.168,1952.2117103878747
22_9770,ITA,380.0,2019,7,10771.23158748858,0.168,1809.5669066980813
22_9770,ITA,380.0,2019,8,9928.908699046162,0.168,1668.056661439755
22_9770,ITA,380.0,2019,9,8621.529986348269,0.168,1448.4170377065093
22_9771,ITA,380.0,2019,5,33947.05968394296,0.168,5703.106026902417
22_9771,ITA,380.0,2019,6,55600.14602669978,0.168,9340.824532485563
22_9771,ITA,380.0,2019,7,25032.66406945478,0.168,4205.487563668403
22_9771,ITA,380.0,2019,8,23538.856172266194,0.168,3954.527836940721
22_9771,ITA,380.0,2019,9,20195.00848328449,0.168,3392.7614251917958
22_9771,ITA,380.0,2019,10,1435.2703639422548,0.168,241.1254211422988
22_9776,ITA,380.0,2019,6,11175.410705874468,0.168,1877.4689985869104
22_9776,ITA,380.0,2019,7,11091.13741369901,0.168,1863.3110855014336
22_9776,ITA,380.0,2019,8,12097.587633246563,0.168,2032.3947223854227
22_9776,ITA,380.0,2019,9,9376.498703143723,0.168,1575.2517821281456
22_9776,ITA,380.0,2019,10,1486.657556008449,0.168,249.75846940941943
22_9777,ITA,380.0,2019,6,18311.79976391996,0.168,3076.3823603385536
22_9777,ITA,380.0,2019,7,27912.604543142774,0.168,4689.317563247986
22_9777,ITA,380.0,2019,8,6978.941976199835,0.168,1172.4622520015723
22_9778,ITA,380.0,2019,5,30288.0913591323,0.168,5088.3993483342265
22_9778,ITA,380.0,2019,6,39908.76989205118,0.168,6704.673341864599
22_9778,ITA,380.0,2019,7,30233.044076542243,0.168,5079.151404859097
22_9778,ITA,380.0,2019,8,9419.028510356547,0.168,1582.3967897399
22_9778,ITA,380.0,2019,9,4079.0352547788943,0.168,685.2779228028543
22_9778,ITA,380.0,2019,10,4511.180467459137,0.168,757.878318533135
22_9779,ITA,380.0,2019,6,20119.13357360611,0.168,3380.0144403658264
22_9779,ITA,380.0,2019,7,15156.14085495736,0.168,2546.2316636328364
22_9779,ITA,380.0,2019,8,14276.683228758571,0.168,2398.48278243144
22_9779,ITA,380.0,2019,9,9269.622252627312,0.168,1557.2965384413883
22_9780,ITA,380.0,2019,5,54.866204072321295,0.168,9.21752228414998
22_9780,ITA,380.0,2019,6,4212.2291778505805,0.168,707.6545018788976
22_9780,ITA,380.0,2019,7,793.3954142601818,0.168,133.29042959571055
22_9780,ITA,380.0,2019,8,2964.1516405038974,0.168,497.9774756046548
22_9780,ITA,380.0,2019,9,2883.9560771788088,0.168,484.5046209660399
22_9780,ITA,380.0,2019,10,47.61518122385339,0.168,7.99935044560737
22_9781,ITA,380.0,2019,6,197551.3588707238,0.168,33188.6282902816
22_9781,ITA,380.0,2019,7,291464.8022242723,0.168,48966.08677367774
22_9781,ITA,380.0,2019,8,175810.94222081167,0.168,29536.23829309636
22_9781,ITA,380.0,2019,9,116635.93700457228,0.168,19594.837416768147
22_9785,ITA,380.0,2019,5,7220.749804911883,0.168,1213.0859672251963
22_9785,ITA,380.0,2019,6,26189.057337929127,0.168,4399.761632772093
22_9785,ITA,380.0,2019,7,21706.95456761692,0.168,3646.768367359643
22_9785,ITA,380.0,2019,8,4789.0236376407065,0.168,804.5559711236388
22_9785,ITA,380.0,2019,9,10357.443547229694,0.168,1740.0505159345887
22_9785,ITA,380.0,2019,10,1320.4767935602554,0.168,221.8401013181229
22_9787,ITA,380.0,2019,6,13371.616274233384,0.168,2246.4315340712087
22_9787,ITA,380.0,2019,7,1797.4005303559695,0.168,301.9632890998029
22_9787,ITA,380.0,2019,8,5184.563051381864,0.168,871.0065926321532
22_9787,ITA,380.0,2019,9,387.0255468344782,0.168,65.02029186819234
22_9788,ITA,380.0,2019,6,3125.342802348272,0.168,525.0575907945097
22_9788,ITA,380.0,2019,7,1796.4347032771486,0.168,301.80103015056096
22_9788,ITA,380.0,2019,8,2154.8518845424846,0.168,362.0151166031374
22_9788,ITA,380.0,2019,9,10.44894871514673,0.168,1.755423384144651
22_9789,ITA,380.0,2019,5,6802.124780299274,0.168,1142.756963090278
22_9789,ITA,380.0,2019,6,13225.014349119583,0.168,2221.80241065209
22_9789,ITA,380.0,2019,7,35412.22230503298,0.168,5949.253347245541
22_9789,ITA,380.0,2019,8,11883.913317156052,0.168,1996.4974372822169
22_9789,ITA,380.0,2019,9,5584.073355008449,0.168,938.1243236414194
22_9789,ITA,380.0,2019,10,4006.350327057179,0.168,673.0668549456061
22_9791,ITA,380.0,2019,5,126235.51068181168,0.168,21207.565794544364
22_9791,ITA,380.0,2019,6,226414.8016577292,0.168,38037.6866784985
22_9791,ITA,380.0,2019,7,168074.54506407364,0.168,28236.523570764373
22_9791,ITA,380.0,2019,8,255652.32635461065,0.168,42949.59082757459
22_9791,ITA,380.0,2019,9,144290.7771693363,0.168,24240.8505644485
22_9791,ITA,380.0,2019,10,26195.238409253816,0.168,4400.800052754641
22_9792,ITA,380.0,2019,5,4245.176991174842,0.168,713.1897345173736
22_9792,ITA,380.0,2019,6,9939.854693661062,0.168,1669.8955885350586
22_9792,ITA,380.0,2019,7,6075.185211564048,0.168,1020.63111554276
22_9792,ITA,380.0,2019,8,4480.758480118708,0.168,752.7674246599429
22_9792,ITA,380.0,2019,9,4749.95954397341,0.168,797.993203387533
22_9792,ITA,380.0,2019,10,2772.5383555577946,0.168,465.7864437337095
22_9793,ITA,380.0,2019,6,4653.392242332031,0.168,781.7698967117813
22_9793,ITA,380.0,2019,7,11774.28080557426,0.168,1978.079175336476
22_9793,ITA,380.0,2019,8,8273.687120011651,0.168,1389.9794361619574
22_9793,ITA,380.0,2019,9,3445.3752436356317,0.168,578.8230409307861
22_9793,ITA,380.0,2019,10,779.2107187019515,0.168,130.90740074192786
22_9794,ITA,380.0,2019,5,6604.948030251629,0.168,1109.6312690822738
22_9794,ITA,380.0,2019,6,41485.3258481316,0.168,6969.534742486109
22_9794,ITA,380.0,2019,7,30339.4002316579,0.168,5097.019238918528
22_9794,ITA,380.0,2019,8,38717.73380801513,0.168,6504.579279746543
22_9794,ITA,380.0,2019,9,29644.180640847622,0.168,4980.222347662401
22_9794,ITA,380.0,2019,10,12079.682376748287,0.168,2029.3866392937125
22_9796,ITA,380.0,2019,6,3982.8339650143344,0.168,669.1161061224083
22_9796,ITA,380.0,2019,7,14662.627279640885,0.168,2463.3213829796687
22_9796,ITA,380.0,2019,8,3742.6661308234175,0.168,628.7679099783342
22_9798,ITA,380.0,2019,6,21526.5712490306,0.168,3616.46396983714
22_9798,ITA,380.0,2019,7,26152.86511505159,0.168,4393.681339328668
22_9798,ITA,380.0,2019,8,22863.220895912007,0.168,3841.0211105132175
22_9798,ITA,380.0,2019,9,22230.42353494421,0.168,3734.711153870628
22_9798,ITA,380.0,2019,10,13285.635151764682,0.168,2231.9867054964666
22_9799,ITA,380.0,2019,5,21915.62200871369,0.168,3681.8244974639
22_9799,ITA,380.0,2019,6,12773.889327667335,0.168,2146.0134070481126
22_9799,ITA,380.0,2019,7,6510.099710836693,0.168,1093.6967514205644
22_9799,ITA,380.0,2019,8,15841.66874323396,0.168,2661.400348863305
22_9799,ITA,380.0,2019,9,3683.2435422728818,0.168,618.7849151018441
22_9799,ITA,380.0,2019,10,2819.148583735733,0.168,473.6169620676032
22_9800,ITA,380.0,2019,6,2207.8637103299147,0.168,370.9211033354257
22_9800,ITA,380.0,2019,7,14250.587681044288,0.168,2394.0987304154405
22_9800,ITA,380.0,2019,8,3246.118488732845,0.168,545.3479061071181
22_9801,ITA,380.0,2019,5,10687.705166377502,0.168,1795.5344679514203
22_9801,ITA,380.0,2019,6,14333.73961394046,0.168,2408.0682551419973
22_9801,ITA,380.0,2019,7,15529.698352795163,0.168,2608.989323269588
22_9801,ITA,380.0,2019,8,17469.275788662464,0.168,2934.8383324952943
22_9801,ITA,380.0,2019,9,23024.392423896323,0.168,3868.0979272145823
22_9801,ITA,380.0,2019,10,4030.631274799505,0.168,677.146054166317
22_9802,ITA,380.0,2019,6,8281.848990581651,0.168,1391.3506304177174
22_9802,ITA,380.0,2019,7,11002.164427364103,0.168,1848.363623797169
22_9802,ITA,380.0,2019,8,11043.458398337203,0.168,1855.3010109206505
22_9802,ITA,380.0,2019,9,17566.163321549575,0.168,2951.115438020329
22_9802,ITA,380.0,2019,10,3891.1165390479673,0.168,653.7075785600586
22_9803,ITA,380.0,2019,6,21546.83469939898,0.168,3619.868229499029
22_9803,ITA,380.0,2019,7,14776.493509060365,0.168,2482.450909522141
22_9803,ITA,380.0,2019,8,6767.303677211727,0.168,1136.90701777157
22_9803,ITA,380.0,2019,9,5628.176559466395,0.168,945.5336619903544
22_9803,ITA,380.0,2019,10,266.13540717761595,0.168,44.71074840583948
22_9804,ITA,380.0,2019,6,15898.043246708276,0.168,2670.8712654469905
22_9804,ITA,380.0,2019,7,8510.783274095833,0.168,1429.8115900481
22_9804,ITA,380.0,2019,8,15161.291002475338,0.168,2547.096888415857
22_9804,ITA,380.0,2019,9,11542.320119592068,0.168,1939.109780091468
22_9804,ITA,380.0,2019,10,2265.0898025931074,0.168,380.53508683564206
22_9805,ITA,380.0,2019,6,178.0859178732569,0.168,29.91843420270716
22_9805,ITA,380.0,2019,7,89.04992714996884,0.168,14.960387761194765
22_9805,ITA,380.0,2019,8,2493.32432483173,0.168,418.87848657173066
22_9805,ITA,380.0,2019,9,392.6845003235231,0.168,65.97099605435189
22_9805,ITA,380.0,2019,10,225.6764161648624,0.168,37.91363791569688
22_9806,ITA,380.0,2019,6,6176.985248440992,0.168,1037.733521738087
22_9806,ITA,380.0,2019,7,7634.301794469888,0.168,1282.5627014709412
22_9806,ITA,380.0,2019,8,8849.478397461342,0.168,1486.7123707735057
22_9806,ITA,380.0,2019,9,1140.1669358056529,0.168,191.54804521534965
22_9807,ITA,380.0,2019,6,44031.34315541551,0.168,7397.265650109806
22_9807,ITA,380.0,2019,7,42591.60027481255,0.168,7155.388846168508
22_9807,ITA,380.0,2019,8,8684.446208478574,0.168,1458.9869630244004
22_9807,ITA,380.0,2019,9,7068.899947059771,0.168,1187.5751911060415
22_9809,ITA,380.0,2019,6,20824.957553979315,0.168,3498.592869068525
22_9809,ITA,380.0,2019,7,20424.22338222691,0.168,3431.269528214121
22_9809,ITA,380.0,2019,8,5165.05851850376,0.168,867.7298311086317
22_9809,ITA,380.0,2019,9,7683.270980064917,0.168,1290.7895246509063
22_9809,ITA,380.0,2019,10,3579.4938181824864,0.168,601.3549614546578
22_9811,ITA,380.0,2019,5,14169.283867427292,0.168,2380.4396897277857
22_9811,ITA,380.0,2019,6,41972.33448465645,0.168,7051.3521934222845
22_9811,ITA,380.0,2019,7,31789.512582369487,0.168,5340.638113838074
22_9811,ITA,380.0,2019,8,17015.88581212112,0.168,2858.668816436348
22_9811,ITA,380.0,2019,9,26929.977971940603,0.168,4524.236299286022
22_9811,ITA,380.0,2019,10,8297.782634936812,0.168,1394.0274826693844
22_9815,ITA,380.0,2019,5,26829.92311539579,0.168,4507.427083386493
22_9815,ITA,380.0,2019,6,11370.50938334774,0.168,1910.2455764024205
22_9815,ITA,380.0,2019,7,29053.29878608257,0.168,4880.954196061873
22_9815,ITA,380.0,2019,8,6543.691085312262,0.168,1099.34010233246
22_9815,ITA,380.0,2019,9,9646.511118159036,0.168,1620.613867850718
22_9815,ITA,380.0,2019,10,5357.669643790893,0.168,900.08850015687
22_9816,ITA,380.0,2019,5,467.13130682863874,0.168,78.47805954721132
22_9816,ITA,380.0,2019,6,1196.5120550197669,0.168,201.01402524332084
22_9816,ITA,380.0,2019,7,2391.1448459797884,0.168,401.71233412460447
22_9816,ITA,380.0,2019,8,1462.516830088898,0.168,245.7028274549349
22_9816,ITA,380.0,2019,9,82.54927972802221,0.168,13.868278994307731
22_9816,ITA,380.0,2019,10,133.68380211211266,0.168,22.458878754834927
22_9817,ITA,380.0,2019,6,6824.901264179192,0.168,1146.5834123821044
22_9817,ITA,380.0,2019,7,4924.060847327497,0.168,827.2422223510196
22_9817,ITA,380.0,2019,8,12712.92511788534,0.168,2135.771419804737
22_9817,ITA,380.0,2019,9,8841.735209799102,0.168,1485.411515246249
22_9817,ITA,380.0,2019,10,2264.283370993003,0.168,380.3996063268245
22_9819,ITA,380.0,2019,6,34031.849392810684,0.168,5717.350697992195
22_9819,ITA,380.0,2019,7,26032.04839337662,0.168,4373.384130087272
22_9819,ITA,380.0,2019,8,44722.661531326434,0.168,7513.407137262841
22_9819,ITA,380.0,2019,9,6927.946324346775,0.168,1163.8949824902584
22_9821,ITA,380.0,2019,5,5195.600018246792,0.168,872.860803065461
22_9821,ITA,380.0,2019,6,14156.867437937954,0.168,2378.3537295735764
22_9821,ITA,380.0,2019,7,16074.248722765264,0.168,2700.4737854245645
22_9821,ITA,380.0,2019,8,7951.778581981741,0.168,1335.8988017729323
22_9821,ITA,380.0,2019,9,8316.555086335684,0.168,1397.181254504395
22_9821,ITA,380.0,2019,10,1310.1928473361845,0.168,220.112398352479
22_9823,ITA,380.0,2019,6,11735.367999753484,0.168,1971.5418239585852
22_9823,ITA,380.0,2019,7,39601.41115142035,0.168,6653.037073438619
22_9823,ITA,380.0,2019,8,45025.53127413823,0.168,7564.289254055223
22_9823,ITA,380.0,2019,9,11445.343791652424,0.168,1922.8177569976076
22_9823,ITA,380.0,2019,10,30904.0087518764,0.168,5191.873470315236
22_9824,ITA,380.0,2019,5,1349.9426346582202,0.168,226.790362622581
22_9824,ITA,380.0,2019,6,19369.564919554363,0.168,3254.086906485133
22_9824,ITA,380.0,2019,7,14119.468501373552,0.168,2372.070708230757
22_9824,ITA,380.0,2019,8,5448.277475315422,0.168,915.310615852991
22_9824,ITA,380.0,2019,9,3246.8749059290712,0.168,545.474984196084
22_9824,ITA,380.0,2019,10,765.8722507755485,0.168,128.66653813029217
22_9826,ITA,380.0,2019,5,4580.815264895554,0.168,769.576964502453
22_9826,ITA,380.0,2019,6,12715.708617001888,0.168,2136.239047656317
22_9826,ITA,380.0,2019,7,4390.671412887482,0.168,737.632797365097
22_9826,ITA,380.0,2019,8,8793.227166359198,0.168,1477.2621639483457
22_9826,ITA,380.0,2019,9,4398.056724787729,0.168,738.8735297643385
22_9826,ITA,380.0,2019,10,1192.3070138448302,0.168,200.30757832593147
22_9827,ITA,380.0,2019,6,105095.4934271798,0.168,17656.042895766208
22_9827,ITA,380.0,2019,7,132036.09553778273,0.168,22182.0640503475
22_9827,ITA,380.0,2019,8,70503.11073956631,0.168,11844.522604247142
22_9827,ITA,380.0,2019,9,68925.49430342695,0.168,11579.48304297573
22_9829,ITA,380.0,2019,6,2884.483478272965,0.168,484.5932243498581
22_9829,ITA,380.0,2019,7,3075.786514605992,0.168,516.7321344538067
22_9829,ITA,380.0,2019,8,3615.45809337852,0.168,607.3969596875914
22_9829,ITA,380.0,2019,9,1393.4197198496922,0.168,234.0945129347483
22_9829,ITA,380.0,2019,10,1619.0307836604743,0.168,271.9971716549597
22_9830,ITA,380.0,2019,6,18665.796804048347,0.168,3135.853863080122
22_9830,ITA,380.0,2019,7,17954.140907207267,0.168,3016.295672410821
22_9830,ITA,380.0,2019,8,17202.292960879062,0.168,2889.9852174276825
22_9830,ITA,380.0,2019,9,20437.185563533498,0.168,3433.447174673628
22_9831,ITA,380.0,2019,6,15830.303235013642,0.168,2659.490943482292
22_9831,ITA,380.0,2019,7,7179.003578048763,0.168,1206.0726011121924
22_9831,ITA,380.0,2019,8,12187.86908799747,0.168,2047.562006783575
22_9831,ITA,380.0,2019,9,11223.17424198752,0.168,1885.493272653904
22_9832,ITA,380.0,2019,6,11669.200620877398,0.168,1960.425704307403
22_9832,ITA,380.0,2019,7,17947.0093821758,0.168,3015.097576205534
22_9832,ITA,380.0,2019,8,19113.971307439067,0.168,3211.1471796497635
22_9832,ITA,380.0,2019,9,16801.21323815331,0.168,2822.603824009756
22_9832,ITA,380.0,2019,10,5264.604664595912,0.168,884.4535836521134
22_9833,ITA,380.0,2019,6,11139.322942905696,0.168,1871.406254408157
22_9833,ITA,380.0,2019,7,20118.46706754547,0.168,3379.9024673476392
22_9833,ITA,380.0,2019,8,22577.774694681502,0.168,3793.066148706493
22_9833,ITA,380.0,2019,9,23148.73037836246,0.168,3888.9867035648936
22_9834,ITA,380.0,2019,6,20244.27858456764,0.168,3401.0388022073635
22_9834,ITA,380.0,2019,7,40591.64810524528,0.168,6819.396881681208
22_9834,ITA,380.0,2019,8,4657.363178358947,0.168,782.4370139643032
22_9834,ITA,380.0,2019,9,10234.99545632334,0.168,1719.4792366623212
22_9835,ITA,380.0,2019,6,11324.454320569555,0.168,1902.5083258556851
22_9835,ITA,380.0,2019,7,9702.389294292225,0.168,1630.0014014410935
22_9835,ITA,380.0,2019,8,3654.3087937731584,0.168,613.9238773538907
22_9835,ITA,380.0,2019,9,2370.772169359386,0.168,398.2897244523769
22_9835,ITA,380.0,2019,10,653.1941438754469,0.168,109.73661617107508
22_9836,ITA,380.0,2019,5,26941.43799857133,0.168,4526.161583759985
22_9836,ITA,380.0,2019,6,38572.33460406258,0.168,6480.1522134825145
22_9836,ITA,380.0,2019,7,35933.52726039417,0.168,6036.832579746221
22_9836,ITA,380.0,2019,8,25301.25231521674,0.168,4250.610388956413
22_9836,ITA,380.0,2019,9,5407.124734051213,0.168,908.3969553206038
22_9836,ITA,380.0,2019,10,4256.203725162995,0.168,715.0422258273833
22_9837,ITA,380.0,2019,6,7461.955459294446,0.168,1253.608517161467
22_9837,ITA,380.0,2019,7,6575.280496268042,0.168,1104.647123373031
22_9837,ITA,380.0,2019,8,13952.106301763157,0.168,2343.9538586962103
22_9837,ITA,380.0,2019,9,3914.5056133654734,0.168,657.6369430453997
22_9837,ITA,380.0,2019,10,914.2058578217744,0.168,153.58658411405813
22_9838,ITA,380.0,2019,5,14261.401526371676,0.168,2395.9154564304417
22_9838,ITA,380.0,2019,6,13597.462657194865,0.168,2284.3737264087376
22_9838,ITA,380.0,2019,7,7944.453103871125,0.168,1334.668121450349
22_9838,ITA,380.0,2019,8,21304.3611678049,0.168,3579.1326761912237
22_9838,ITA,380.0,2019,9,12220.934888734337,0.168,2053.117061307368
22_9838,ITA,380.0,2019,10,9647.762632122296,0.168,1620.824122196546
22_9839,ITA,380.0,2019,5,15782.988455264976,0.168,2651.542060484516
22_9839,ITA,380.0,2019,6,19637.44872750665,0.168,3299.0913862211173
22_9839,ITA,380.0,2019,7,17792.99405026494,0.168,2989.22300044451
22_9839,ITA,380.0,2019,8,17105.245028534795,0.168,2873.6811647938457
22_9839,ITA,380.0,2019,9,28756.586297348204,0.168,4831.106497954498
22_9839,ITA,380.0,2019,10,3553.3116288681667,0.168,596.9563536498521
22_9840,ITA,380.0,2019,6,1490.704043552768,0.168,250.43827931686505
22_9840,ITA,380.0,2019,7,2127.8272820193533,0.168,357.4749833792514
22_9840,ITA,380.0,2019,8,9056.640077963071,0.168,1521.5155330977964
22_9840,ITA,380.0,2019,9,380.9906067495333,0.168,64.0064219339216
22_9840,ITA,380.0,2019,10,1977.1692870112047,0.168,332.1644402178825
22_9841,ITA,380.0,2019,6,17703.076999154524,0.168,2974.11693585796
22_9841,ITA,380.0,2019,7,13890.541478014367,0.168,2333.6109683064137
22_9841,ITA,380.0,2019,8,3409.4921368446253,0.168,572.7946789898971
22_9841,ITA,380.0,2019,9,7835.769992096563,0.168,1316.4093586722229
22_9842,ITA,380.0,2019,6,13328.626639469328,0.168,2239.209275430847
22_9842,ITA,380.0,2019,7,11535.486324129037,0.168,1937.9617024536783
22_9842,ITA,380.0,2019,8,3130.2596421485337,0.168,525.8836198809537
22_9842,ITA,380.0,2019,9,11138.172757522056,0.168,1871.2130232637053
22_9842,ITA,380.0,2019,10,351.1812460069385,0.168,58.99844932916567
22_9844,ITA,380.0,2019,5,2438.2289073802594,0.168,409.6224564398836
22_9844,ITA,380.0,2019,6,3656.704169092588,0.168,614.3263004075548
22_9844,ITA,380.0,2019,7,3245.054367041471,0.168,545.1691336629672
22_9844,ITA,380.0,2019,8,2285.1497836001504,0.168,383.9051636448253
22_9844,ITA,380.0,2019,9,2707.88457450879,0.168,454.9246085174768
22_9844,ITA,380.0,2019,10,319.9552123403111,0.168,53.75247567317227
22_9845,ITA,380.0,2019,6,14904.729620126096,0.168,2503.994576181184
22_9845,ITA,380.0,2019,7,10321.11618883115,0.168,1733.9475197236334
22_9845,ITA,380.0,2019,8,10729.030223830432,0.168,1802.4770776035127
22_9845,ITA,380.0,2019,9,5164.208604061825,0.168,867.5870454823867
22_9845,ITA,380.0,2019,10,2360.425135177303,0.168,396.55142270978695
22_9846,ITA,380.0,2019,6,13516.160159857092,0.168,2270.714906855992
22_9846,ITA,380.0,2019,7,4783.551550287413,0.168,803.6366604482855
22_9846,ITA,380.0,2019,8,3906.8639124175975,0.168,656.3531372861564
22_9846,ITA,380.0,2019,9,2970.143098428185,0.168,498.9840405359352
22_9847,ITA,380.0,2019,5,2852.3832991304985,0.168,479.2003942539238
22_9847,ITA,380.0,2019,6,12449.976873395151,0.168,2091.5961147303856
22_9847,ITA,380.0,2019,7,9345.846969910288,0.168,1570.1022909449284
22_9847,ITA,380.0,2019,8,18316.798609022822,0.168,3077.222166315835
22_9847,ITA,380.0,2019,9,5550.88452410942,0.168,932.5486000503826
22_9847,ITA,380.0,2019,10,2597.854852262751,0.168,436.4396151801422
22_9848,ITA,380.0,2019,6,11754.608768255292,0.168,1974.774273066889
22_9848,ITA,380.0,2019,7,7636.503657192626,0.168,1282.9326144083611
22_9848,ITA,380.0,2019,8,3247.6306730221486,0.168,545.601953067721
22_9848,ITA,380.0,2019,9,7166.359505929302,0.168,1203.9483969961227
22_9848,ITA,380.0,2019,10,565.3471223201004,0.168,94.97831654977688
22_9850,ITA,380.0,2019,5,26998.893402494625,0.168,4535.814091619097
22_9850,ITA,380.0,2019,6,47769.56085606588,0.168,8025.286223819068
22_9850,ITA,380.0,2019,7,12593.887088025826,0.168,2115.773030788339
22_9850,ITA,380.0,2019,8,11830.903471491838,0.168,1987.5917832106288
22_9850,ITA,380.0,2019,9,8300.52237260268,0.168,1394.4877585972504
22_9850,ITA,380.0,2019,10,1339.0438968003173,0.168,224.9593746624533
22_9851,ITA,380.0,2019,5,29911.898123437808,0.168,5025.198884737552
22_9851,ITA,380.0,2019,6,35095.07805808089,0.168,5895.97311375759
22_9851,ITA,380.0,2019,7,35154.54352871802,0.168,5905.963312824628
22_9851,ITA,380.0,2019,8,37430.4258794168,0.168,6288.311547742022
22_9851,ITA,380.0,2019,9,41778.90429572667,0.168,7018.855921682081
22_9851,ITA,380.0,2019,10,7740.209639160399,0.168,1300.3552193789471
22_9853,ITA,380.0,2019,5,1893.3737354094244,0.168,318.0867875487833
22_9853,ITA,380.0,2019,6,27774.75472132315,0.168,4666.15879318229
22_9853,ITA,380.0,2019,7,4379.402330341165,0.168,735.7395914973158
22_9853,ITA,380.0,2019,8,23133.82933822073,0.168,3886.483328821083
22_9853,ITA,380.0,2019,9,18520.1380341652,0.168,3111.383189739753
22_9853,ITA,380.0,2019,10,6621.090221594664,0.168,1112.3431572279037
22_9854,ITA,380.0,2019,6,22397.81282835224,0.168,3762.832555163177
22_9854,ITA,380.0,2019,7,16898.165085862754,0.168,2838.891734424943
22_9854,ITA,380.0,2019,8,14591.952316846571,0.168,2451.4479892302243
22_9854,ITA,380.0,2019,9,5962.101351882691,0.168,1001.6330271162922
22_9856,ITA,380.0,2019,6,863.9303051247547,0.168,145.1402912609588
22_9856,ITA,380.0,2019,7,4529.283112797723,0.168,760.9195629500176
22_9856,ITA,380.0,2019,8,1811.7265220632285,0.168,304.3700557066224
22_9856,ITA,380.0,2019,9,1667.9336870390002,0.168,280.21285942255207
22_9856,ITA,380.0,2019,10,1085.263391687981,0.168,182.32424980358084
22_9857,ITA,380.0,2019,6,57867.034014464574,0.168,9721.661714430047
22_9857,ITA,380.0,2019,7,67551.89853970398,0.168,11348.718954670268
22_9857,ITA,380.0,2019,8,49272.312296916425,0.168,8277.74846588196
22_9857,ITA,380.0,2019,9,35996.14101139118,0.168,6047.351689913719
22_9857,ITA,380.0,2019,10,20699.578537526937,0.168,3477.529194304526
22_9858,ITA,380.0,2019,6,70504.8319909297,0.168,11844.81177447619
22_9858,ITA,380.0,2019,7,108087.08097527496,0.168,18158.62960384619
22_9858,ITA,380.0,2019,8,65814.21974808766,0.168,11056.788917678728
22_9858,ITA,380.0,2019,9,51847.94070430283,0.168,8710.454038322876
22_9858,ITA,380.0,2019,10,18743.057820088685,0.168,3148.833713774899
22_9859,ITA,380.0,2019,6,9532.564910657356,0.168,1601.4709049904357
22_9859,ITA,380.0,2019,7,11694.6635662302,0.168,1964.7034791266735
22_9859,ITA,380.0,2019,8,12500.617013023662,0.168,2100.1036581879757
22_9859,ITA,380.0,2019,9,9793.16574991467,0.168,1645.2518459856649
22_9859,ITA,380.0,2019,10,931.9225676374452,0.168,156.5629913630908
22_9860,ITA,380.0,2019,6,11317.44234898876,0.168,1901.330314630112
22_9860,ITA,380.0,2019,7,13549.768025623996,0.168,2276.361028304831
22_9860,ITA,380.0,2019,8,2021.6064920402816,0.168,339.62989066276737
22_9860,ITA,380.0,2019,9,4061.505231445213,0.168,682.3328788827959
22_9861,ITA,380.0,2019,6,5704.689754454421,0.168,958.3878787483428
22_9861,ITA,380.0,2019,7,18570.30120459502,0.168,3119.810602371964
22_9861,ITA,380.0,2019,8,15578.34485170215,0.168,2617.161935085961
22_9861,ITA,380.0,2019,9,8583.756969867896,0.168,1442.0711709378068
22_9861,ITA,380.0,2019,10,4066.520149055496,0.168,683.1753850413235
22_9862,ITA,380.0,2019,6,11179.500229103893,0.168,1878.1560384894544
22_9862,ITA,380.0,2019,7,20197.467807380315,0.168,3393.174591639893
22_9862,ITA,380.0,2019,8,5766.161538741138,0.168,968.7151385085114
22_9862,ITA,380.0,2019,9,26470.060345241505,0.168,4446.970138000574
22_9863,ITA,380.0,2019,6,21572.12311700884,0.168,3624.116683657485
22_9863,ITA,380.0,2019,7,15437.963094766164,0.168,2593.5777999207157
22_9863,ITA,380.0,2019,8,16296.210081331576,0.168,2737.763293663705
22_9863,ITA,380.0,2019,9,12516.194559945849,0.168,2102.7206860709025
22_9863,ITA,380.0,2019,10,2205.74369704623,0.168,370.5649411037666
22_9865,ITA,380.0,2019,6,4273.21944289598,0.168,717.9008664065248
22_9865,ITA,380.0,2019,7,6123.036881174985,0.168,1028.6701960373975
22_9865,ITA,380.0,2019,8,7537.715479412739,0.168,1266.3362005413403
22_9865,ITA,380.0,2019,9,1195.34275547146,0.168,200.8175829192053
22_9865,ITA,380.0,2019,10,17975.127554116916,0.168,3019.821429091642
22_9866,ITA,380.0,2019,5,5233.835904021862,0.168,879.2844318756729
22_9866,ITA,380.0,2019,6,6000.180584746059,0.168,1008.030338237338
22_9866,ITA,380.0,2019,7,7110.382782327251,0.168,1194.5443074309785
22_9866,ITA,380.0,2019,8,10131.3468326536,0.168,1702.0662678858046
22_9866,ITA,380.0,2019,9,5681.099332311523,0.168,954.424687828336
22_9866,ITA,380.0,2019,10,2896.6782821194606,0.168,486.64195139606943
22_9867,ITA,380.0,2019,6,19927.51924468044,0.168,3347.8232331063136
22_9867,ITA,380.0,2019,7,16609.824272222137,0.168,2790.450477733319
22_9867,ITA,380.0,2019,8,14318.27186724864,0.168,2405.469673697772
22_9867,ITA,380.0,2019,9,13369.969829394411,0.168,2246.154931338261
22_9867,ITA,380.0,2019,10,1618.8662194098688,0.168,271.969524860858
22_9868,ITA,380.0,2019,6,21302.90555829677,0.168,3578.8881337938583
22_9868,ITA,380.0,2019,7,1473.7987298038302,0.168,247.5981866070435
22_9868,ITA,380.0,2019,8,13086.851772017731,0.168,2198.591097698979
22_9868,ITA,380.0,2019,9,3592.721421366788,0.168,603.5771987896204
22_9868,ITA,380.0,2019,10,10215.723968381437,0.168,1716.2416266880814
22_9869,ITA,380.0,2019,5,9215.03603933754,0.168,1548.126054608707
22_9869,ITA,380.0,2019,6,43819.7832377491,0.168,7361.723583941849
22_9869,ITA,380.0,2019,7,74555.45475109988,0.168,12525.31639818478
22_9869,ITA,380.0,2019,8,93365.49509716358,0.168,15685.403176323483
22_9869,ITA,380.0,2019,9,93137.51296087452,0.168,15647.102177426925
22_9869,ITA,380.0,2019,10,15348.830920480968,0.168,2578.603594640803
22_9870,ITA,380.0,2019,5,14770.88074058413,0.168,2481.507964418134
22_9870,ITA,380.0,2019,6,28140.983478497943,0.168,4727.685224387655
22_9870,ITA,380.0,2019,7,11777.418858674906,0.168,1978.606368257384
22_9870,ITA,380.0,2019,8,14422.588884018987,0.168,2422.99493251519
22_9870,ITA,380.0,2019,9,10272.297204919943,0.168,1725.745930426551
22_9871,ITA,380.0,2019,6,28721.47819201981,0.168,4825.2083362593285
22_9871,ITA,380.0,2019,7,15956.613423807425,0.168,2680.7110551996475
22_9871,ITA,380.0,2019,8,18810.176354625542,0.168,3160.1096275770915
22_9871,ITA,380.0,2019,9,17696.500137514828,0.168,2973.012023102491
22_9871,ITA,380.0,2019,10,5466.172854107889,0.168,918.3170394901256
22_9872,ITA,380.0,2019,6,29123.73364121267,0.168,4892.787251723729
22_9872,ITA,380.0,2019,7,30058.957872153136,0.168,5049.904922521727
22_9872,ITA,380.0,2019,8,28669.28609958784,0.168,4816.4400647307575
22_9872,ITA,380.0,2019,9,12046.70438009525,0.168,2023.8463358560025
22_9872,ITA,380.0,2019,10,2505.16990153423,0.168,420.86854345775066
22_9874,ITA,380.0,2019,5,219.79638277775567,0.168,36.92579230666296
22_9874,ITA,380.0,2019,6,7511.928271879211,0.168,1262.0039496757074
22_9874,ITA,380.0,2019,7,10397.874946304466,0.168,1746.8429909791505
22_9874,ITA,380.0,2019,8,3778.19524171017,0.168,634.7368006073086
22_9874,ITA,380.0,2019,9,2900.910571876733,0.168,487.3529760752911
22_9874,ITA,380.0,2019,10,2360.4167004412925,0.168,396.55000567413714
22_9875,ITA,380.0,2019,6,44230.68539515336,0.168,7430.755146385764
22_9875,ITA,380.0,2019,7,17907.612532434974,0.168,3008.478905449076
22_9875,ITA,380.0,2019,8,29693.82590147149,0.168,4988.562751447211
22_9875,ITA,380.0,2019,9,18365.595559342222,0.168,3085.420053969493
22_9875,ITA,380.0,2019,10,7094.394480702304,0.168,1191.8582727579872
22_9876,ITA,380.0,2019,6,8736.555898343864,0.168,1467.7413909217692
22_9876,ITA,380.0,2019,7,3294.1550834843265,0.168,553.4180540253669
22_9876,ITA,380.0,2019,8,11996.689608052711,0.168,2015.443854152856
22_9876,ITA,380.0,2019,9,5348.1293960406965,0.168,898.4857385348371
22_9876,ITA,380.0,2019,10,1295.4287202853852,0.168,217.63202500794472
22_9878,ITA,380.0,2019,6,47583.54107509551,0.168,7994.034900616045
22_9878,ITA,380.0,2019,7,44187.16688825064,0.168,7423.444037226107
22_9878,ITA,380.0,2019,8,44291.31498779244,0.168,7440.9409179491295
22_9878,ITA,380.0,2019,9,7596.616162593208,0.168,1276.231515315659
22_9879,ITA,380.0,2019,6,58172.12808862614,0.168,9772.917518889191
22_9879,ITA,380.0,2019,7,59160.644718112606,0.168,9938.988312642918
22_9879,ITA,380.0,2019,8,21709.218370598377,0.168,3647.148686260528
22_9879,ITA,380.0,2019,9,16063.251370626667,0.168,2698.6262302652804
22_9879,ITA,380.0,2019,10,2498.9000887459724,0.168,419.8152149093234
22_9880,ITA,380.0,2019,6,10990.9214455038,0.168,1846.4748028446384
22_9880,ITA,380.0,2019,7,13809.40867317857,0.168,2319.980657094
22_9880,ITA,380.0,2019,8,2018.4925999301456,0.168,339.10675678826453
22_9880,ITA,380.0,2019,9,8570.877751231787,0.168,1439.9074622069402
22_9880,ITA,380.0,2019,10,1026.8709212082083,0.168,172.514314762979
22_9881,ITA,380.0,2019,6,60503.05583492634,0.168,10164.513380267625
22_9881,ITA,380.0,2019,7,26895.563044302435,0.168,4518.454591442809
22_9881,ITA,380.0,2019,8,38013.65408273097,0.168,6386.293885898804
22_9881,ITA,380.0,2019,9,37544.33889494267,0.168,6307.448934350369
22_9881,ITA,380.0,2019,10,6214.772977175821,0.168,1044.081860165538
22_9882,ITA,380.0,2019,6,5050.516491122833,0.168,848.486770508636
22_9882,ITA,380.0,2019,7,13689.531263692214,0.168,2299.841252300292
22_9882,ITA,380.0,2019,8,19256.548078672648,0.168,3235.100077217005
22_9882,ITA,380.0,2019,9,2324.5993796628186,0.168,390.5326957833536
22_9882,ITA,380.0,2019,10,1267.4963791386067,0.168,212.93939169528596
22_9883,ITA,380.0,2019,6,4479.974505314192,0.168,752.6357168927843
22_9883,ITA,380.0,2019,7,10555.03688093887,0.168,1773.2461959977302
22_9883,ITA,380.0,2019,8,19028.562336291827,0.168,3196.798472497027
22_9883,ITA,380.0,2019,9,9488.87619930633,0.168,1594.1312014834637
22_9883,ITA,380.0,2019,10,882.3433914373018,0.168,148.2336897614667
22_9884,ITA,380.0,2019,6,6232.212209143759,0.168,1047.0116511361516
22_9884,ITA,380.0,2019,7,6277.079581830092,0.168,1054.5493697474556
22_9884,ITA,380.0,2019,8,5418.8502241019,0.168,910.3668376491192
22_9884,ITA,380.0,2019,9,493.7297084840536,0.168,82.94659102532101
22_9885,ITA,380.0,2019,6,25614.390022532494,0.168,4303.21752378546
22_9885,ITA,380.0,2019,7,24305.988584977684,0.168,4083.4060822762513
22_9885,ITA,380.0,2019,8,22176.68308516236,0.168,3725.682758307276
22_9885,ITA,380.0,2019,9,16748.041556330943,0.168,2813.6709814635988
22_9885,ITA,380.0,2019,10,14172.407987961193,0.168,2380.9645419774806
22_9887,ITA,380.0,2019,6,20707.24114335425,0.168,3478.816512083515
22_9887,ITA,380.0,2019,7,29461.19647169365,0.168,4949.481007244533
22_9887,ITA,380.0,2019,8,21031.951003205977,0.168,3533.367768538604
22_9887,ITA,380.0,2019,9,18268.333685513742,0.168,3069.0800591663096
22_9887,ITA,380.0,2019,10,9888.432993371243,0.168,1661.2567428863692
22_9888,ITA,380.0,2019,5,53551.5609727652,0.168,8996.662243424555
22_9888,ITA,380.0,2019,6,70696.90771143381,0.168,11877.080495520882
22_9888,ITA,380.0,2019,7,30584.907974376118,0.168,5138.264539695188
22_9888,ITA,380.0,2019,8,38421.572614210345,0.168,6454.824199187338
22_9888,ITA,380.0,2019,9,31763.4023703805,0.168,5336.251598223925
22_9888,ITA,380.0,2019,10,39858.42691372264,0.168,6696.215721505403
22_9889,ITA,380.0,2019,6,23593.941981488555,0.168,3963.782252890077
22_9889,ITA,380.0,2019,7,42294.32988301279,0.168,7105.44742034615
22_9889,ITA,380.0,2019,8,14262.98428252762,0.168,2396.1813594646405
22_9889,ITA,380.0,2019,9,28013.072626353307,0.168,4706.196201227356
22_9889,ITA,380.0,2019,10,10800.87742945169,0.168,1814.547408147884
22_9890,ITA,380.0,2019,5,27134.784037395224,0.168,4558.643718282398
22_9890,ITA,380.0,2019,6,31944.4009268552,0.168,5366.659355711673
22_9890,ITA,380.0,2019,7,37314.27220302796,0.168,6268.797730108697
22_9890,ITA,380.0,2019,8,32885.09999816409,0.168,5524.696799691568
22_9890,ITA,380.0,2019,9,28278.904676518152,0.168,4750.85598565505
22_9890,ITA,380.0,2019,10,16951.53292852487,0.168,2847.8575319921783
22_9891,ITA,380.0,2019,6,34242.24898032399,0.168,5752.69782869443
22_9891,ITA,380.0,2019,7,27391.470401204275,0.168,4601.767027402319
22_9891,ITA,380.0,2019,8,23341.68134452585,0.168,3921.402465880343
22_9891,ITA,380.0,2019,9,44619.292901626446,0.168,7496.041207473243
22_9892,ITA,380.0,2019,5,22880.76922014524,0.168,3843.9692289844
22_9892,ITA,380.0,2019,6,18598.125306150563,0.168,3124.4850514332948
22_9892,ITA,380.0,2019,7,9452.300784020024,0.168,1587.986531715364
22_9892,ITA,380.0,2019,8,8429.271048615587,0.168,1416.1175361674186
22_9892,ITA,380.0,2019,9,9991.56411268898,0.168,1678.5827709317484
22_9892,ITA,380.0,2019,10,2355.382566104088,0.168,395.7042711054868
22_9893,ITA,380.0,2019,6,5134.998242402585,0.168,862.6797047236342
22_9893,ITA,380.0,2019,7,3525.2527276411392,0.168,592.2424582437114
22_9893,ITA,380.0,2019,8,2191.2509124622256,0.168,368.1301532936539
22_9893,ITA,380.0,2019,9,920.3685704931524,0.168,154.6219198428496
22_9895,ITA,380.0,2019,6,21825.51950796189,0.168,3666.6872773375976
22_9895,ITA,380.0,2019,7,13789.54320557577,0.168,2316.6432585367297
22_9895,ITA,380.0,2019,8,15476.861320974793,0.168,2600.112701923765
22_9895,ITA,380.0,2019,9,8955.546115960344,0.168,1504.5317474813378
22_9896,ITA,380.0,2019,6,35877.54244821425,0.168,6027.4271312999945
22_9896,ITA,380.0,2019,7,22539.518674890605,0.168,3786.639137381622
22_9896,ITA,380.0,2019,8,9730.639091928791,0.168,1634.7473674440373
22_9896,ITA,380.0,2019,9,10760.04383181951,0.168,1807.6873637456777
22_9898,ITA,380.0,2019,5,13637.005890191542,0.168,2291.016989552179
22_9898,ITA,380.0,2019,6,9682.496423437686,0.168,1626.6593991375314
22_9898,ITA,380.0,2019,7,4607.260315947933,0.168,774.0197330792528
22_9898,ITA,380.0,2019,8,4228.810772731386,0.168,710.440209818873
22_9898,ITA,380.0,2019,9,1881.709657852565,0.168,316.12722251923094
22_9899,ITA,380.0,2019,5,5678.616422492446,0.168,954.007558978731
22_9899,ITA,380.0,2019,6,18346.466575497758,0.168,3082.2063846836227
22_9899,ITA,380.0,2019,7,27309.443583068256,0.168,4587.986521955468
22_9899,ITA,380.0,2019,8,11779.0563438465,0.168,1978.881465766212
22_9899,ITA,380.0,2019,9,11746.2842244313,0.168,1973.3757497044585
22_9900,ITA,380.0,2019,6,26173.26842770859,0.168,4397.109095855043
22_9900,ITA,380.0,2019,7,30803.092688929348,0.168,5174.919571740131
22_9900,ITA,380.0,2019,8,15896.431534233348,0.168,2670.6004977512025
22_9900,ITA,380.0,2019,9,28724.078962812517,0.168,4825.645265752502
22_9901,ITA,380.0,2019,5,34266.710944807586,0.168,5756.807438727675
22_9901,ITA,380.0,2019,6,45602.36063463336,0.168,7661.196586618405
22_9901,ITA,380.0,2019,7,23957.595306331517,0.168,4024.8760114636943
22_9901,ITA,380.0,2019,8,26608.52968005732,0.168,4470.23298624963
22_9901,ITA,380.0,2019,9,16294.554182246518,0.168,2737.485102617415
22_9902,ITA,380.0,2019,5,459.7012872769749,0.168,77.2298162625318
22_9902,ITA,380.0,2019,6,541.5888774851053,0.168,90.9869314174977
22_9902,ITA,380.0,2019,7,373.2301019984139,0.168,62.70265713573354
22_9902,ITA,380.0,2019,8,746.4948437394553,0.168,125.4111337482285
22_9902,ITA,380.0,2019,9,342.2932494846364,0.168,57.50526591341891
22_9903,ITA,380.0,2019,5,29995.2803056929,0.168,5039.207091356408
22_9903,ITA,380.0,2019,6,4457.624857733035,0.168,748.88097609915
22_9903,ITA,380.0,2019,7,11031.948448090086,0.168,1853.3673392791347
22_9903,ITA,380.0,2019,8,3255.711918761207,0.168,546.9596023518828
22_9903,ITA,380.0,2019,9,3575.308422988136,0.168,600.6518150620069
22_9905,ITA,380.0,2019,5,4777.731601108799,0.168,802.6589089862782
22_9905,ITA,380.0,2019,6,45416.47760572235,0.168,7629.968237761355
22_9905,ITA,380.0,2019,7,47869.50514370505,0.168,8042.076864142449
22_9905,ITA,380.0,2019,8,44865.402049915705,0.168,7537.387544385839
22_9905,ITA,380.0,2019,9,12019.749493404022,0.168,2019.317914891876
22_9905,ITA,380.0,2019,10,15293.10819205348,0.168,2569.2421762649847
22_9906,ITA,380.0,2019,5,11492.025226873471,0.168,1930.660238114744
22_9906,ITA,380.0,2019,6,66118.24265966464,0.168,11107.86476682366
22_9906,ITA,380.0,2019,7,45398.53086584217,0.168,7626.953185461485
22_9906,ITA,380.0,2019,8,38471.04634207053,0.168,6463.135785467849
22_9906,ITA,380.0,2019,9,52285.08389584121,0.168,8783.894094501324
22_9906,ITA,380.0,2019,10,33521.699666217464,0.168,5631.645543924535
22_9906,ITA,380.0,2019,11,62470.95440335001,0.168,10495.120339762803
22_9907,ITA,380.0,2019,5,861.5515658691114,0.168,144.74066306601074
22_9907,ITA,380.0,2019,6,2774.904340609886,0.168,466.1839292224609
22_9907,ITA,380.0,2019,7,7718.582028198971,0.168,1296.7217807374273
22_9907,ITA,380.0,2019,8,1455.062748059336,0.168,244.45054167396844
22_9907,ITA,380.0,2019,9,1700.321980392178,0.168,285.6540927058859
22_9907,ITA,380.0,2019,10,1693.830936080608,0.168,284.56359726154216
22_9908,ITA,380.0,2019,6,5327.689422394778,0.168,895.0518229623228
22_9908,ITA,380.0,2019,7,13588.200587609648,0.168,2282.817698718421
22_9908,ITA,380.0,2019,8,3401.504680375548,0.168,571.452786303092
22_9908,ITA,380.0,2019,9,9822.640437700284,0.168,1650.203593533648
22_9908,ITA,380.0,2019,10,829.4495361230133,0.168,139.34752206866625
22_9909,ITA,380.0,2019,5,11463.56820360478,0.168,1925.8794582056032
22_9909,ITA,380.0,2019,6,59377.91579566941,0.168,9975.48985367246
22_9909,ITA,380.0,2019,7,61696.55641118449,0.168,10365.021477078995
22_9909,ITA,380.0,2019,8,61189.90721325351,0.168,10279.90441182659
22_9909,ITA,380.0,2019,9,41385.23475809171,0.168,6952.719439359408
22_9909,ITA,380.0,2019,10,23953.89355579929,0.168,4024.254117374281
22_9909,ITA,380.0,2019,11,30875.665109656053,0.168,5187.111738422217
22_9910,ITA,380.0,2019,5,2591.231438374344,0.168,435.3268816468898
22_9910,ITA,380.0,2019,6,26931.2352074796,0.168,4524.4475148565725
22_9910,ITA,380.0,2019,7,8717.904218102673,0.168,1464.607908641249
22_9910,ITA,380.0,2019,8,11393.473755646708,0.168,1914.103590948647
22_9910,ITA,380.0,2019,9,13416.907174101318,0.168,2254.0404052490217
22_9910,ITA,380.0,2019,10,6447.476694246186,0.168,1083.176084633359
22_9911,ITA,380.0,2019,5,2858.5033939714776,0.168,480.2285701872083
22_9911,ITA,380.0,2019,6,19983.702321681656,0.168,3357.2619900425184
22_9911,ITA,380.0,2019,7,7218.087276201435,0.168,1212.6386624018412
22_9911,ITA,380.0,2019,8,11021.130307458592,0.168,1851.549891653044
22_9911,ITA,380.0,2019,9,10096.086510500763,0.168,1696.1425337641283
22_9911,ITA,380.0,2019,10,3615.987216503685,0.168,607.4858523726191
22_9912,ITA,380.0,2019,5,2603.77197542504,0.168,437.4336918714067
22_9912,ITA,380.0,2019,6,6660.164420734314,0.168,1118.907622683365
22_9912,ITA,380.0,2019,7,43864.24007291431,0.168,7369.192332249604
22_9912,ITA,380.0,2019,8,12730.420797688432,0.168,2138.710694011657
22_9912,ITA,380.0,2019,9,24642.738402479456,0.168,4139.980051616549
22_9912,ITA,380.0,2019,10,5794.071703908953,0.168,973.4040462567042
22_9913,ITA,380.0,2019,5,5180.850105836544,0.168,870.3828177805394
22_9913,ITA,380.0,2019,6,5764.249241260657,0.168,968.3938725317904
22_9913,ITA,380.0,2019,7,9114.79761387652,0.168,1531.2859991312553
22_9913,ITA,380.0,2019,8,5136.5630484810645,0.168,862.9425921448188
22_9913,ITA,380.0,2019,9,3309.2461716576995,0.168,555.9533568384935
22_9913,ITA,380.0,2019,10,3680.5067834911983,0.168,618.3251396265214
22_9916,ITA,380.0,2019,6,2328.79985719418,0.168,391.2383760086223
22_9916,ITA,380.0,2019,7,8291.796661619965,0.168,1393.021839152154
22_9916,ITA,380.0,2019,8,11023.396888023257,0.168,1851.9306771879076
22_9916,ITA,380.0,2019,9,15136.799205170992,0.168,2542.982266468727
22_9916,ITA,380.0,2019,10,3185.3272482705165,0.168,535.1349777094468
22_9917,ITA,380.0,2019,6,16477.373258920277,0.168,2768.198707498607
22_9917,ITA,380.0,2019,7,13407.404484825016,0.168,2252.4439534506027
22_9917,ITA,380.0,2019,8,24035.75314081252,0.168,4038.0065276565033
22_9917,ITA,380.0,2019,9,11899.424192718954,0.168,1999.1032643767844
22_9917,ITA,380.0,2019,10,3784.531228000171,0.168,635.8012463040287
22_9918,ITA,380.0,2019,6,472.1451229243144,0.168,79.32038065128482
22_9918,ITA,380.0,2019,7,202.35374302735903,0.168,33.995428828596324
22_9918,ITA,380.0,2019,8,944.3531252532916,0.168,158.651325042553
22_9918,ITA,380.0,2019,9,2982.066907417008,0.168,500.9872404460573
22_9918,ITA,380.0,2019,10,40.82366424647675,0.168,6.858375593408095
22_9919,ITA,380.0,2019,5,4530.078672589013,0.168,761.0532169949543
22_9919,ITA,380.0,2019,6,7240.738658961541,0.168,1216.4440947055389
22_9919,ITA,380.0,2019,7,4334.453852461542,0.168,728.1882472135391
22_9919,ITA,380.0,2019,8,2768.459870434945,0.168,465.1012582330709
22_9919,ITA,380.0,2019,9,11678.341563381537,0.168,1961.961382648098
22_9919,ITA,380.0,2019,10,5455.264673032742,0.168,916.4844650695009
22_9921,ITA,380.0,2019,5,63053.96447038632,0.168,10593.066031024902
22_9921,ITA,380.0,2019,6,34099.432303262416,0.168,5728.704626948086
22_9921,ITA,380.0,2019,7,51950.70217482479,0.168,8727.717965370566
22_9921,ITA,380.0,2019,8,105154.3785808348,0.168,17665.935601580248
22_9921,ITA,380.0,2019,9,44878.04227619976,0.168,7539.51110240156
22_9921,ITA,380.0,2019,10,18273.129579027136,0.168,3069.885769276559
22_9922,ITA,380.0,2019,6,7300.582699718288,0.168,1226.4978935526724
22_9922,ITA,380.0,2019,7,6829.636710100792,0.168,1147.378967296933
22_9922,ITA,380.0,2019,8,5405.725923510259,0.168,908.1619551497236
22_9922,ITA,380.0,2019,9,11668.947150443866,0.168,1960.3831212745697
22_9922,ITA,380.0,2019,10,4358.879780529589,0.168,732.291803128971
22_9923,ITA,380.0,2019,5,3260.394209356057,0.168,547.7462271718176
22_9923,ITA,380.0,2019,6,14514.634910064817,0.168,2438.458664890889
22_9923,ITA,380.0,2019,7,10725.913284464332,0.168,1801.953431790008
22_9923,ITA,380.0,2019,8,15297.092710740466,0.168,2569.9115754043983
22_9923,ITA,380.0,2019,9,13418.547018309186,0.168,2254.3158990759434
22_9923,ITA,380.0,2019,10,3375.9353363913056,0.168,567.1571365137394
22_9925,ITA,380.0,2019,6,13321.2770957413,0.168,2237.9745520845386
22_9925,ITA,380.0,2019,7,4973.700200186567,0.168,835.5816336313433
22_9925,ITA,380.0,2019,8,12119.049755617974,0.168,2036.00035894382
22_9925,ITA,380.0,2019,9,4539.186324088844,0.168,762.5833024469259
22_9925,ITA,380.0,2019,10,6784.070724745773,0.168,1139.72388175729
22_9926,ITA,380.0,2019,6,11274.884614665529,0.168,1894.180615263809
22_9926,ITA,380.0,2019,7,8655.00096257859,0.168,1454.0401617132031
22_9926,ITA,380.0,2019,8,5715.730986716014,0.168,960.2428057682904
22_9926,ITA,380.0,2019,9,2874.872092039753,0.168,482.97851146267857
22_9926,ITA,380.0,2019,10,3120.970088715802,0.168,524.3229749042548
22_9927,ITA,380.0,2019,5,3194.645339238475,0.168,536.7004169920639
22_9927,ITA,380.0,2019,6,17614.997509075794,0.168,2959.3195815247336
22_9927,ITA,380.0,2019,7,18321.58028993637,0.168,3078.0254887093097
22_9927,ITA,380.0,2019,8,8509.528123384878,0.168,1429.6007247286595
22_9927,ITA,380.0,2019,9,13431.909871176738,0.168,2256.5608583576923
22_9927,ITA,380.0,2019,10,3732.3710969334647,0.168,627.0383442848221
22_9928,ITA,380.0,2019,6,11051.690742809664,0.168,1856.6840447920235
22_9928,ITA,380.0,2019,7,3296.892279374515,0.168,553.8779029349186
22_9928,ITA,380.0,2019,8,649.3746593472465,0.168,109.09494277033744
22_9928,ITA,380.0,2019,9,7794.242037044862,0.168,1309.432662223537
22_9928,ITA,380.0,2019,10,943.8348070190204,0.168,158.56424757919544
22_9929,ITA,380.0,2019,5,2392.539386372845,0.168,401.946616910638
22_9929,ITA,380.0,2019,6,30745.54151475301,0.168,5165.250974478507
22_9929,ITA,380.0,2019,7,33611.39171458624,0.168,5646.713808050489
22_9929,ITA,380.0,2019,8,34059.47526073936,0.168,5721.991843804213
22_9929,ITA,380.0,2019,9,11851.66636734586,0.168,1991.0799497141047
22_9929,ITA,380.0,2019,10,13783.341515388707,0.168,2315.601374585304
22_9930,ITA,380.0,2019,6,11155.801708771449,0.168,1874.1746870736035
22_9930,ITA,380.0,2019,7,16491.81261188597,0.168,2770.624518796843
22_9930,ITA,380.0,2019,8,14204.056669781616,0.168,2386.2815205233114
22_9930,ITA,380.0,2019,9,5890.483323911264,0.168,989.6011984170924
22_9930,ITA,380.0,2019,10,3815.3857214756713,0.168,640.9848012079128
22_9932,ITA,380.0,2019,5,7672.981868162538,0.168,1289.0609538513063
22_9932,ITA,380.0,2019,6,1249.655471386123,0.168,209.9421191928687
22_9932,ITA,380.0,2019,7,4010.941814533064,0.168,673.8382248415548
22_9932,ITA,380.0,2019,8,1842.564670734712,0.168,309.55086468343166
22_9932,ITA,380.0,2019,9,2863.761753617761,0.168,481.1119746077839
22_9932,ITA,380.0,2019,10,2799.0244003105463,0.168,470.2360992521718
22_9933,ITA,380.0,2019,6,987.1500215599552,0.168,165.84120362207247
22_9933,ITA,380.0,2019,7,4983.24904947769,0.168,837.185840312252
22_9933,ITA,380.0,2019,8,1907.9510485813903,0.168,320.5357761616736
22_9933,ITA,380.0,2019,9,1294.9440669509277,0.168,217.55060324775587
22_9934,ITA,380.0,2019,6,2745.408932692415,0.168,461.2287006923257
22_9934,ITA,380.0,2019,7,2894.541828648127,0.168,486.2830272128854
22_9934,ITA,380.0,2019,8,12639.950139913097,0.168,2123.5116235054
22_9934,ITA,380.0,2019,9,1179.3449232979383,0.168,198.1299471140537
22_9934,ITA,380.0,2019,10,953.07134253331,0.168,160.1159855455961
22_9935,ITA,380.0,2019,4,73907.61479050481,0.168,12416.47928480481
22_9935,ITA,380.0,2019,5,58144.794362684974,0.168,9768.325452931076
22_9935,ITA,380.0,2019,6,314127.6398732024,0.168,52773.44349869801
22_9935,ITA,380.0,2019,7,379578.3092976839,0.168,63769.1559620109
22_9935,ITA,380.0,2019,8,340530.5083911784,0.168,57209.12540971796
22_9935,ITA,380.0,2019,9,273623.388214473,0.168,45968.72922003146
22_9935,ITA,380.0,2019,10,126911.07801581969,0.168,21321.061106657708
22_9935,ITA,380.0,2019,11,59611.14745416396,0.168,10014.672772299546
22_9937,ITA,380.0,2019,5,6920.583014907905,0.168,1162.657946504528
22_9937,ITA,380.0,2019,6,1610.4444930658133,0.168,270.55467483505663
22_9937,ITA,380.0,2019,7,6361.558494250976,0.168,1068.741827034164
22_9937,ITA,380.0,2019,8,9450.9475798826,0.168,1587.759193420277
22_9937,ITA,380.0,2019,9,2688.755510073069,0.168,451.7109256922757
22_9937,ITA,380.0,2019,10,1738.8184809301265,0.168,292.12150479626126
22_9938,ITA,380.0,2019,6,9858.48393407352,0.168,1656.2253009243514
22_9938,ITA,380.0,2019,7,19586.646145739767,0.168,3290.556552484281
22_9938,ITA,380.0,2019,8,17368.274794009663,0.168,2917.870165393624
22_9938,ITA,380.0,2019,9,9539.711631110247,0.168,1602.6715540265216
22_9938,ITA,380.0,2019,10,5803.749087365233,0.168,975.0298466773592
22_9940,ITA,380.0,2019,5,1118.2198084064885,0.168,187.86092781229004
22_9940,ITA,380.0,2019,6,7496.054634025453,0.168,1259.3371785162765
22_9940,ITA,380.0,2019,7,222.88496200149336,0.168,37.44467361625089
22_9940,ITA,380.0,2019,8,7852.999384183877,0.168,1319.3038965428914
22_9940,ITA,380.0,2019,9,5574.934599444495,0.168,936.5890127066752
22_9940,ITA,380.0,2019,10,1374.658725425016,0.168,230.9426658714027
22_9943,ITA,380.0,2019,5,4716.420168722159,0.168,792.3585883453228
22_9943,ITA,380.0,2019,6,17357.91981267197,0.168,2916.130528528892
22_9943,ITA,380.0,2019,7,28856.491980547948,0.168,4847.890652732055
22_9943,ITA,380.0,2019,8,16958.403255579,0.168,2849.011746937272
22_9943,ITA,380.0,2019,9,5831.184821472936,0.168,979.6390500074532
22_9943,ITA,380.0,2019,10,5304.414223175575,0.168,891.1415894934967
22_9945,ITA,380.0,2019,6,3377.0360998807478,0.168,567.3420647799655
22_9945,ITA,380.0,2019,7,6104.58486853606,0.168,1025.5702579140582
22_9945,ITA,380.0,2019,8,6404.358881180839,0.168,1075.9322920383809
22_9945,ITA,380.0,2019,9,1187.6388620121177,0.168,199.5233288180358
22_9945,ITA,380.0,2019,10,1329.9172489604523,0.168,223.426097825356
22_9946,ITA,380.0,2019,6,1363.7273207787346,0.168,229.1061898908274
22_9946,ITA,380.0,2019,7,11162.68890362344,0.168,1875.331735808738
22_9946,ITA,380.0,2019,8,3818.438147722296,0.168,641.4976088173457
22_9946,ITA,380.0,2019,9,582.4501416621716,0.168,97.85162379924483
22_9946,ITA,380.0,2019,10,1175.800879764262,0.168,197.534547800396
22_9947,ITA,380.0,2019,6,12933.021595267395,0.168,2172.7476280049227
22_9947,ITA,380.0,2019,7,21792.285472476684,0.168,3661.103959376083
22_9947,ITA,380.0,2019,8,21728.14678095257,0.168,3650.328659200032
22_9947,ITA,380.0,2019,9,13925.159795178231,0.168,2339.4268455899432
22_9947,ITA,380.0,2019,10,2978.228671413789,0.168,500.3424167975167
22_9949,ITA,380.0,2019,5,8306.811137336064,0.168,1395.544271072459
22_9949,ITA,380.0,2019,6,53859.9773688381,0.168,9048.4761979648
22_9949,ITA,380.0,2019,7,55154.74515111353,0.168,9265.997185387074
22_9949,ITA,380.0,2019,8,49574.54242286513,0.168,8328.523127041342
22_9949,ITA,380.0,2019,9,52447.63473341135,0.168,8811.202635213107
22_9949,ITA,380.0,2019,10,24698.52821255492,0.168,4149.352739709227
22_9949,ITA,380.0,2019,11,17915.671101033677,0.168,3009.832744973658
22_9950,ITA,380.0,2019,6,95466.96870308144,0.168,16038.450742117682
22_9950,ITA,380.0,2019,7,78712.86004778076,0.168,13223.760488027168
22_9950,ITA,380.0,2019,8,166798.93101248835,0.168,28022.220410098045
22_9950,ITA,380.0,2019,9,114879.7912932291,0.168,19299.80493726249
22_9950,ITA,380.0,2019,10,54813.43974736591,0.168,9208.657877557473
22_9952,ITA,380.0,2019,5,1592.1399214218632,0.168,267.47950679887305
22_9952,ITA,380.0,2019,6,9021.180128573911,0.168,1515.5582616004172
22_9952,ITA,380.0,2019,7,5976.290092881817,0.168,1004.0167356041452
22_9952,ITA,380.0,2019,8,4334.664869439967,0.168,728.2236980659145
22_9952,ITA,380.0,2019,9,8911.46087463645,0.168,1497.1254269389235
22_9952,ITA,380.0,2019,10,1904.6802187726255,0.168,319.9862767538011
22_9952,ITA,380.0,2019,11,2745.1841688537097,0.168,461.19094036742325
22_9958,ITA,380.0,2019,5,18948.04674146168,0.168,3183.271852565562
22_9958,ITA,380.0,2019,6,115417.9284762864,0.168,19390.21198401612
22_9958,ITA,380.0,2019,7,132637.310339007,0.168,22283.068136953178
22_9958,ITA,380.0,2019,8,151141.64204874364,0.168,25391.79586418893
22_9958,ITA,380.0,2019,9,106628.23474373428,0.168,17913.543436947362
22_9958,ITA,380.0,2019,10,60429.68272616039,0.168,10152.186697994946
22_9958,ITA,380.0,2019,11,26430.944063223706,0.168,4440.398602621583
22_9959,ITA,380.0,2019,6,1610.3945228857792,0.168,270.5462798448109
22_9959,ITA,380.0,2019,7,1180.9476883117266,0.168,198.39921163637007
22_9959,ITA,380.0,2019,8,3552.3586582426115,0.168,596.7962545847588
22_9959,ITA,380.0,2019,9,3891.556374156124,0.168,653.7814708582289
22_9959,ITA,380.0,2019,10,904.6036122119796,0.168,151.9734068516126
22_9961,ITA,380.0,2019,6,39725.91030592514,0.168,6673.9529313954245
22_9961,ITA,380.0,2019,7,42520.81550235367,0.168,7143.497004395416
22_9961,ITA,380.0,2019,8,50913.51319992035,0.168,8553.470217586619
22_9961,ITA,380.0,2019,9,28691.22239181238,0.168,4820.12536182448
22_9961,ITA,380.0,2019,10,22630.71736869051,0.168,3801.9605179400064
22_9966,ITA,380.0,2019,5,37763.07620090536,0.168,6344.1968017521
22_9966,ITA,380.0,2019,6,347752.2982481244,0.168,58422.3861056849
22_9966,ITA,380.0,2019,7,464969.9447602749,0.168,78114.95071972618
22_9966,ITA,380.0,2019,8,479619.76656266674,0.168,80576.12078252801
22_9966,ITA,380.0,2019,9,321048.69926600566,0.168,53936.18147668895
22_9966,ITA,380.0,2019,10,139913.83054578412,0.168,23505.52353169173
22_9968,ITA,380.0,2019,6,10970.946327519128,0.168,1843.1189830232136
22_9968,ITA,380.0,2019,7,6083.812738037484,0.168,1022.0805399902974
22_9968,ITA,380.0,2019,8,15686.159147981536,0.168,2635.2747368608984
22_9968,ITA,380.0,2019,9,4499.502018246183,0.168,755.9163390653588
22_9968,ITA,380.0,2019,10,2765.342196799364,0.168,464.5774890622932
22_9969,ITA,380.0,2019,5,32320.582182449856,0.168,5429.8578066515765
22_9969,ITA,380.0,2019,6,207159.6562439392,0.168,34802.822248981785
22_9969,ITA,380.0,2019,7,243512.70892195465,0.168,40910.13509888839
22_9969,ITA,380.0,2019,8,269724.04405316984,0.168,45313.63940093254
22_9969,ITA,380.0,2019,9,181981.7311356525,0.168,30572.930830789614
22_9969,ITA,380.0,2019,10,81998.0150331045,0.168,13775.666525561555
22_9969,ITA,380.0,2019,11,35725.57137851378,0.168,6001.895991590315
22_9971,ITA,380.0,2019,6,10411.179078243407,0.168,1749.0780851448926
22_9971,ITA,380.0,2019,7,11304.635861954352,0.168,1899.1788248083317
22_9971,ITA,380.0,2019,8,16272.121656442036,0.168,2733.7164382822625
22_9971,ITA,380.0,2019,9,7738.801924280443,0.168,1300.1187232791144
22_9971,ITA,380.0,2019,10,1589.0452804325323,0.168,266.9596071126655
22_9972,ITA,380.0,2019,5,42373.22958756601,0.168,7118.702570711091
22_9972,ITA,380.0,2019,6,339791.0702519104,0.168,57084.89980232096
22_9972,ITA,380.0,2019,7,410072.4049004283,0.168,68892.16402327197
22_9972,ITA,380.0,2019,8,439959.4651529599,0.168,73913.19014569727
22_9972,ITA,380.0,2019,9,275870.2935016265,0.168,46346.20930827326
22_9972,ITA,380.0,2019,10,133148.89507120603,0.168,22369.01437196261
22_9972,ITA,380.0,2019,11,42395.051968718566,0.168,7122.36873074472
22_9974,ITA,380.0,2019,6,16701.317975373575,0.168,2805.8214198627606
22_9974,ITA,380.0,2019,7,5643.08410962985,0.168,948.0381304178148
22_9974,ITA,380.0,2019,8,20501.677883490906,0.168,3444.281884426472
22_9974,ITA,380.0,2019,9,27651.059969420294,0.168,4645.3780748626095
22_9974,ITA,380.0,2019,10,19696.942983768087,0.168,3309.086421273039
22_9974,ITA,380.0,2019,11,18427.31564906549,0.168,3095.7890290430028
22_9975,ITA,380.0,2019,5,8140.317880586162,0.168,1367.5734039384752
22_9975,ITA,380.0,2019,6,19076.222379058825,0.168,3204.8053596818827
22_9975,ITA,380.0,2019,7,28888.497832056317,0.168,4853.267635785461
22_9975,ITA,380.0,2019,8,7343.927074921156,0.168,1233.7797485867543
22_9975,ITA,380.0,2019,9,11030.717772296555,0.168,1853.1605857458212
22_9975,ITA,380.0,2019,10,2047.9620303307024,0.168,344.057621095558
22_9978,ITA,380.0,2019,6,35716.82866020392,0.168,6000.427214914259
22_9978,ITA,380.0,2019,7,22110.20037618101,0.168,3714.51366319841
22_9978,ITA,380.0,2019,8,28816.699049323568,0.168,4841.20544028636
22_9978,ITA,380.0,2019,9,23658.09369857624,0.168,3974.559741360808
22_9978,ITA,380.0,2019,10,25369.92366605888,0.168,4262.147175897892
22_9980,ITA,380.0,2019,5,2667.4005793321567,0.168,448.12329732780233
22_9980,ITA,380.0,2019,6,19926.399900806853,0.168,3347.635183335552
22_9980,ITA,380.0,2019,7,4193.081875234251,0.168,704.4377550393542
22_9980,ITA,380.0,2019,8,4534.708513293211,0.168,761.8310302332594
22_9980,ITA,380.0,2019,9,16958.879140681882,0.168,2849.0916956345563
22_9980,ITA,380.0,2019,10,2758.4140449794304,0.168,463.4135595565443
22_9980,ITA,380.0,2019,11,5412.597666577559,0.168,909.31640798503
22_9981,ITA,380.0,2019,6,13955.64044410895,0.168,2344.547594610304
22_9981,ITA,380.0,2019,7,4610.79955490679,0.168,774.6143252243407
22_9981,ITA,380.0,2019,8,12300.197710992868,0.168,2066.433215446802
22_9981,ITA,380.0,2019,9,2559.7228359136334,0.168,430.0334364334904
22_9983,ITA,380.0,2019,5,673.9598366832691,0.168,113.22525256278922
22_9983,ITA,380.0,2019,6,12387.029706666674,0.168,2081.020990720001
22_9983,ITA,380.0,2019,7,5740.066429865436,0.168,964.3311602173932
22_9983,ITA,380.0,2019,8,11215.92133242086,0.168,1884.2747838467048
22_9983,ITA,380.0,2019,9,14871.824645224156,0.168,2498.4665403976583
22_9983,ITA,380.0,2019,10,5256.882030046829,0.168,883.1561810478673
22_9983,ITA,380.0,2019,11,3765.307834571088,0.168,632.5717162079428
22_9986,ITA,380.0,2019,5,3832.303466147956,0.168,643.8269823128566
22_9986,ITA,380.0,2019,6,6042.942901894176,0.168,1015.2144075182216
22_9986,ITA,380.0,2019,7,10769.66393261262,0.168,1809.3035406789204
22_9986,ITA,380.0,2019,8,7174.066245939719,0.168,1205.243129317873
22_9986,ITA,380.0,2019,9,8943.229512251019,0.168,1502.4625580581712
22_9986,ITA,380.0,2019,10,3020.9958071112314,0.168,507.5272955946869
22_9988,ITA,380.0,2019,5,4166.733043899244,0.168,700.011151375073
22_9988,ITA,380.0,2019,6,2344.4153362368315,0.168,393.8617764877877
22_9988,ITA,380.0,2019,7,11722.329745877145,0.168,1969.35139730736
22_9988,ITA,380.0,2019,8,5079.766463449281,0.168,853.4007658594793
22_9988,ITA,380.0,2019,9,7814.947962366748,0.168,1312.9112576776138
22_9988,ITA,380.0,2019,10,2792.8863339440577,0.168,469.20490410260174
22_9988,ITA,380.0,2019,11,493.7063197863526,0.168,82.94266172410724
22_9989,ITA,380.0,2019,4,17600.318239865373,0.168,2956.8534642973827
22_9989,ITA,380.0,2019,5,6227.495039792898,0.168,1046.2191666852068
22_9989,ITA,380.0,2019,6,7826.069938031714,0.168,1314.779749589328
22_9989,ITA,380.0,2019,7,7968.0605065519185,0.168,1338.6341651007224
22_9989,ITA,380.0,2019,8,10084.242352251911,0.168,1694.1527151783212
22_9989,ITA,380.0,2019,9,2299.915279634034,0.168,386.3857669785177
22_9989,ITA,380.0,2019,10,8300.761497144465,0.168,1394.5279315202704
22_9989,ITA,380.0,2019,11,2166.220228138821,0.168,363.92499832732193
22_9993,ITA,380.0,2019,5,2633.253396189948,0.168,442.3865705599113
22_9993,ITA,380.0,2019,6,9199.761825264275,0.168,1545.5599866443984
22_9993,ITA,380.0,2019,7,25407.63827268669,0.168,4268.483229811364
22_9993,ITA,380.0,2019,8,19147.04293694238,0.168,3216.70321340632
22_9993,ITA,380.0,2019,9,33049.99471336969,0.168,5552.399111846108
22_9993,ITA,380.0,2019,10,7345.127313384522,0.168,1233.9813886486
22_9993,ITA,380.0,2019,11,31464.56011288815,0.168,5286.046098965209
22_9995,ITA,380.0,2019,5,3243.5406156210925,0.168,544.9148234243436
22_9995,ITA,380.0,2019,6,10453.350573941312,0.168,1756.1628964221406
22_9995,ITA,380.0,2019,7,7634.854678065174,0.168,1282.6555859149494
22_9995,ITA,380.0,2019,8,6750.656269040329,0.168,1134.1102531987754
22_9995,ITA,380.0,2019,9,8812.536963882369,0.168,1480.506209932238
22_9995,ITA,380.0,2019,10,6616.792843356616,0.168,1111.6211976839115
22_9996,ITA,380.0,2019,5,5805.004580302594,0.168,975.240769490836
22_9996,ITA,380.0,2019,6,14586.709358067244,0.168,2450.5671721552967
22_9996,ITA,380.0,2019,7,12573.84827706161,0.168,2112.4065105463505
22_9996,ITA,380.0,2019,8,13993.108856852878,0.168,2350.842287951284
22_9996,ITA,380.0,2019,9,4627.957968604869,0.168,777.4969387256181
22_9996,ITA,380.0,2019,10,2834.4101061946003,0.168,476.18089784069286
22_9996,ITA,380.0,2019,11,693.8720526346791,0.168,116.5705048426261
22_9997,ITA,380.0,2019,5,530.012186982015,0.168,89.04204741297853
22_9997,ITA,380.0,2019,6,3445.573297586147,0.168,578.8563139944728
22_9997,ITA,380.0,2019,7,3135.408273486712,0.168,526.7485899457675
22_9997,ITA,380.0,2019,8,602.4387062507478,0.168,101.20970265012564
22_9997,ITA,380.0,2019,9,1308.821460851447,0.168,219.8820054230431
22_9997,ITA,380.0,2019,10,484.169943028552,0.168,81.34055042879673
22_9997,ITA,380.0,2019,11,515.2718505953608,0.168,86.56567090002062
22_9998,ITA,380.0,2019,5,2559.2189958136987,0.168,429.9487912967014
22_9998,ITA,380.0,2019,6,6671.662664725121,0.168,1120.8393276738204
22_9998,ITA,380.0,2019,8,17232.55097714933,0.168,2895.068564161088
22_9998,ITA,380.0,2019,9,4591.30581969595,0.168,771.3393777089196
22_9998,ITA,380.0,2019,10,8526.509134956177,0.168,1432.453534672638
22_9998,ITA,380.0,2019,11,2451.761130530421,0.168,411.8958699291108
22_9999,ITA,380.0,2019,5,4421.0717883829175,0.168,742.7400604483302
22_9999,ITA,380.0,2019,6,35049.64492445706,0.168,5888.3403473087865
22_9999,ITA,380.0,2019,7,32972.89408316408,0.168,5539.446205971566
22_9999,ITA,380.0,2019,8,17213.549631975457,0.168,2891.876338171877
22_9999,ITA,380.0,2019,9,25855.87534312553,0.168,4343.78705764509
22_9999,ITA,380.0,2019,10,11309.116677425538,0.168,1899.9316018074903
22_9999,ITA,380.0,2019,11,6035.322710981453,0.168,1013.9342154448842
23_58736,ITA,380.0,2019,5,28532.45459347825,0.168,4793.452371704347
23_58736,ITA,380.0,2019,6,180893.39846008408,0.168,30390.09094129413
23_58736,ITA,380.0,2019,7,98371.1613648411,0.168,16526.355109293305
23_58736,ITA,380.0,2019,8,76470.03730932933,0.168,12846.96626796733
23_58736,ITA,380.0,2019,9,67132.09712284754,0.168,11278.192316638388
23_58740,ITA,380.0,2019,5,30315.569981951376,0.168,5093.015756967831
23_58740,ITA,380.0,2019,6,49598.08496534321,0.168,8332.47827417766
23_58740,ITA,380.0,2019,7,2544.048053771636,0.168,427.4000730336349
23_58740,ITA,380.0,2019,8,6214.030092797475,0.168,1043.957055589976
23_58740,ITA,380.0,2019,9,15378.328866436625,0.168,2583.559249561353
23_58740,ITA,380.0,2019,10,26601.838195384295,0.168,4469.108816824562
23_58748,ITA,380.0,2019,5,51338.88430228099,0.168,8624.932562783206
23_58748,ITA,380.0,2019,6,47177.61920165663,0.168,7925.840025878314
23_58748,ITA,380.0,2019,7,19525.979346034183,0.168,3280.364530133743
23_58748,ITA,380.0,2019,8,34685.63040296066,0.168,5827.185907697392
23_58748,ITA,380.0,2019,9,12088.03835519708,0.168,2030.7904436731096
23_58749,ITA,380.0,2019,6,32024.322120542583,0.168,5380.086116251155
23_58749,ITA,380.0,2019,7,119201.82199827106,0.168,20025.90609570954
23_58749,ITA,380.0,2019,8,74057.224043887,0.168,12441.613639373018
23_58749,ITA,380.0,2019,9,49150.09639903712,0.168,8257.216195038238
23_58762,ITA,380.0,2019,5,25312.247584769764,0.168,4252.45759424132
23_58762,ITA,380.0,2019,6,7596.316289885591,0.168,1276.1811367007792
23_58762,ITA,380.0,2019,7,5523.082678861521,0.168,927.8778900487356
23_58762,ITA,380.0,2019,8,10520.556626358555,0.168,1767.4535132282374
23_58762,ITA,380.0,2019,9,3688.290793753353,0.168,619.6328533505633
23_58763,ITA,380.0,2019,5,110550.70235435924,0.168,18572.517995532355
23_58763,ITA,380.0,2019,6,571519.153264407,0.168,96015.21774842036
23_58763,ITA,380.0,2019,7,972884.1131608306,0.168,163444.53101101954
23_58763,ITA,380.0,2019,8,939206.6292772524,0.168,157786.7137185784
23_58763,ITA,380.0,2019,9,531090.8299305878,0.168,89223.25942833876
23_58763,ITA,380.0,2019,10,177533.588755213,0.168,29825.642910875784
23_58764,ITA,380.0,2019,5,49667.37894669636,0.168,8344.119663044989
23_58764,ITA,380.0,2019,6,182155.09829781868,0.168,30602.05651403354
23_58764,ITA,380.0,2019,7,50720.82011795939,0.168,8521.097779817177
23_58764,ITA,380.0,2019,8,142658.74232328593,0.168,23966.66871031204
23_58764,ITA,380.0,2019,9,31160.094648172173,0.168,5234.895900892925
23_58766,ITA,380.0,2019,5,4466.603678207048,0.168,750.389417938784
23_58766,ITA,380.0,2019,6,45859.27949967036,0.168,7704.358955944621
23_58766,ITA,380.0,2019,7,19829.509076911625,0.168,3331.357524921153
23_58766,ITA,380.0,2019,8,33477.057446580846,0.168,5624.145651025582
23_58766,ITA,380.0,2019,9,3825.9161152094543,0.168,642.7539073551884
23_58767,ITA,380.0,2019,5,884.6452462393875,0.168,148.6204013682171
23_58767,ITA,380.0,2019,6,49519.42963082055,0.168,8319.264177977853
23_58767,ITA,380.0,2019,7,2063.247720353176,0.168,346.6256170193336
23_58767,ITA,380.0,2019,8,4707.731492263686,0.168,790.8988907002993
23_58767,ITA,380.0,2019,9,21898.6513964348,0.168,3678.973434601047
23_58768,ITA,380.0,2019,5,6763.632493391513,0.168,1136.2902588897743
23_58768,ITA,380.0,2019,6,8038.589877435596,0.168,1350.48309940918
23_58768,ITA,380.0,2019,7,8433.583339413832,0.168,1416.842001021524
23_58768,ITA,380.0,2019,8,11058.326199359306,0.168,1857.7988014923635
23_58768,ITA,380.0,2019,9,5321.481529756772,0.168,894.0088969991377
23_58769,ITA,380.0,2019,5,16807.79028859496,0.168,2823.708768483953
23_58769,ITA,380.0,2019,6,162135.36880146383,0.168,27238.741958645925
23_58769,ITA,380.0,2019,7,57065.27153864308,0.168,9586.96561849204
23_58769,ITA,380.0,2019,8,69729.3769720391,0.168,11714.53533130257
23_58769,ITA,380.0,2019,9,44069.890147621285,0.168,7403.741544800377
23_58772,ITA,380.0,2019,5,27180.83944540325,0.168,4566.381026827746
23_58772,ITA,380.0,2019,6,18840.320902224757,0.168,3165.1739115737587
23_58772,ITA,380.0,2019,7,19843.06508326925,0.168,3333.634933989235
23_58772,ITA,380.0,2019,8,18876.01513347873,0.168,3171.170542424427
23_58772,ITA,380.0,2019,9,46029.91183927843,0.168,7733.025188998777
23_58773,ITA,380.0,2019,5,15362.862151726596,0.168,2580.960841490069
23_58773,ITA,380.0,2019,6,19709.670230579737,0.168,3311.2245987373963
23_58773,ITA,380.0,2019,7,52276.08686944843,0.168,8782.382594067338
23_58773,ITA,380.0,2019,8,84994.8618556453,0.168,14279.136791748411
23_58773,ITA,380.0,2019,9,59034.054797062345,0.168,9917.721205906477
23_58774,ITA,380.0,2019,5,28258.055451683125,0.168,4747.353315882765
23_58774,ITA,380.0,2019,6,17080.575414726114,0.168,2869.5366696739875
23_58774,ITA,380.0,2019,7,21326.026148083594,0.168,3582.772392878044
23_58774,ITA,380.0,2019,8,38276.55109678637,0.168,6430.46058426011
23_58774,ITA,380.0,2019,9,28986.787432609744,0.168,4869.7802886784375
23_58775,ITA,380.0,2019,6,50458.57971771442,0.168,8477.041392576022
23_58775,ITA,380.0,2019,7,53016.4359102122,0.168,8906.761232915649
23_58775,ITA,380.0,2019,8,42149.52846011136,0.168,7081.120781298709
23_58775,ITA,380.0,2019,9,17652.214254922786,0.168,2965.5719948270284
23_58776,ITA,380.0,2019,6,228622.3954683481,0.168,38408.562438682486
23_58776,ITA,380.0,2019,7,218293.5806826037,0.168,36673.32155467742
23_58776,ITA,380.0,2019,8,228380.9930539489,0.168,38368.006833063424
23_58776,ITA,380.0,2019,9,70486.96925727514,0.168,11841.810835222224
23_58778,ITA,380.0,2019,5,17879.142627887115,0.168,3003.695961485036
23_58778,ITA,380.0,2019,6,113791.66597004104,0.168,19116.9998829669
23_58778,ITA,380.0,2019,7,104139.45853016456,0.168,17495.42903306765
23_58778,ITA,380.0,2019,8,131660.86062811603,0.168,22119.024585523493
23_58778,ITA,380.0,2019,9,62303.033749890325,0.168,10466.909669981576
23_58779,ITA,380.0,2019,5,102570.17532220075,0.168,17231.789454129732
23_58779,ITA,380.0,2019,6,496828.7209063336,0.168,83467.22511226404
23_58779,ITA,380.0,2019,7,706295.8269720193,0.168,118657.69893129924
23_58779,ITA,380.0,2019,8,790276.4387577032,0.168,132766.44171129414
23_58779,ITA,380.0,2019,9,457879.4087384114,0.168,76923.74066805313
23_58779,ITA,380.0,2019,10,164093.99207954106,0.168,27567.7906693629
23_58781,ITA,380.0,2019,5,1577.0922692647823,0.168,264.95150123648347
23_58781,ITA,380.0,2019,6,3431.0897985246243,0.168,576.4230861521369
23_58781,ITA,380.0,2019,7,6162.12878500965,0.168,1035.2376358816211
23_58781,ITA,380.0,2019,8,2531.9576415843203,0.168,425.3688837861658
23_58781,ITA,380.0,2019,9,1737.4482426395837,0.168,291.8913047634501
23_58782,ITA,380.0,2019,5,100592.88006917012,0.168,16899.60385162058
23_58782,ITA,380.0,2019,6,100247.24312680402,0.168,16841.53684530308
23_58782,ITA,380.0,2019,7,120379.85014289543,0.168,20223.814824006437
23_58782,ITA,380.0,2019,8,142583.3640986638,0.168,23954.00516857552
23_58782,ITA,380.0,2019,9,31036.51470339686,0.168,5214.134470170673
23_58783,ITA,380.0,2019,5,17405.03671262102,0.168,2924.046167720331
23_58783,ITA,380.0,2019,6,72277.73049008937,0.168,12142.658722335014
23_58783,ITA,380.0,2019,7,126217.64458074632,0.168,21204.564289565384
23_58783,ITA,380.0,2019,8,118794.119101451,0.168,19957.41200904377
23_58783,ITA,380.0,2019,9,89796.73481766328,0.168,15085.851449367432
23_58783,ITA,380.0,2019,10,40590.83150874032,0.168,6819.259693468375
23_58786,ITA,380.0,2019,5,47133.64936621394,0.168,7918.453093523943
23_58786,ITA,380.0,2019,6,241494.46622116544,0.168,40571.07032515579
23_58786,ITA,380.0,2019,7,110034.36861083865,0.168,18485.77392662089
23_58786,ITA,380.0,2019,8,178530.78008085105,0.168,29993.171053582977
23_58786,ITA,380.0,2019,9,111733.08288684876,0.168,18771.157924990595
23_58786,ITA,380.0,2019,10,49187.104140249794,0.168,8263.433495561965
23_58787,ITA,380.0,2019,6,14092.983278061209,0.168,2367.621190714283
23_58787,ITA,380.0,2019,7,7352.843047721374,0.168,1235.2776320171909
23_58787,ITA,380.0,2019,8,1658.0950337595657,0.168,278.5599656716071
23_58787,ITA,380.0,2019,9,10547.352221976342,0.168,1771.9551732920256
23_58789,ITA,380.0,2019,6,6414.117975298771,0.168,1077.5718198501936
23_58789,ITA,380.0,2019,7,35490.98741236671,0.168,5962.485885277608
23_58789,ITA,380.0,2019,8,28973.446019326264,0.168,4867.538931246812
23_58789,ITA,380.0,2019,9,26396.821147926872,0.168,4434.665952851715
23_58790,ITA,380.0,2019,6,7763.039103894705,0.168,1304.1905694543104
23_58790,ITA,380.0,2019,7,2493.01995042672,0.168,418.827351671689
23_58790,ITA,380.0,2019,8,3927.7493177704982,0.168,659.8618853854438
23_58790,ITA,380.0,2019,9,970.3754800742568,0.168,163.02308065247516
23_58791,ITA,380.0,2019,6,604484.934859823,0.168,101553.46905645028
23_58791,ITA,380.0,2019,7,1004114.7230857282,0.168,168691.27347840235
23_58791,ITA,380.0,2019,8,916454.0162466208,0.168,153964.27472943228
23_58791,ITA,380.0,2019,9,408313.6242068544,0.168,68596.68886675154
23_58791,ITA,380.0,2019,10,188184.66778759143,0.168,31615.02418831537
23_58793,ITA,380.0,2019,5,60998.239910157296,0.168,10247.704304906429
23_58793,ITA,380.0,2019,6,276242.7960487273,0.168,46408.78973618619
23_58793,ITA,380.0,2019,7,175459.62638590945,0.168,29477.21723283279
23_58793,ITA,380.0,2019,8,197114.754787282,0.168,33115.27880426338
23_58793,ITA,380.0,2019,9,142027.9336422346,0.168,23860.69285189541
23_58794,ITA,380.0,2019,6,24594.19496057753,0.168,4131.824753377025
23_58794,ITA,380.0,2019,7,30264.703337019117,0.168,5084.470160619211
23_58794,ITA,380.0,2019,8,28998.847579953734,0.168,4871.806393432227
23_58794,ITA,380.0,2019,9,9727.196998613766,0.168,1634.1690957671128
23_58796,ITA,380.0,2019,5,21584.32472057516,0.168,3626.1665530566265
23_58796,ITA,380.0,2019,6,54458.84473026274,0.168,9149.08591468414
23_58796,ITA,380.0,2019,7,39489.0259927188,0.168,6634.156366776759
23_58796,ITA,380.0,2019,8,23530.293447418226,0.168,3953.089299166262
23_58796,ITA,380.0,2019,9,2187.097471127994,0.168,367.4323751495031
23_58796,ITA,380.0,2019,10,14246.364114660442,0.168,2393.3891712629543
23_58797,ITA,380.0,2019,6,68044.97054144825,0.168,11431.555050963309
23_58797,ITA,380.0,2019,7,120762.6879054898,0.168,20288.131568122288
23_58797,ITA,380.0,2019,8,90280.19359869772,0.168,15167.072524581215
23_58797,ITA,380.0,2019,9,57550.85863269007,0.168,9668.544250291932
23_58799,ITA,380.0,2019,6,57099.13848762208,0.168,9592.65526592051
23_58799,ITA,380.0,2019,7,75428.46767151194,0.168,12671.982568814006
23_58799,ITA,380.0,2019,8,34931.18883898053,0.168,5868.43972494873
23_58799,ITA,380.0,2019,9,34520.90894971596,0.168,5799.512703552281
23_58800,ITA,380.0,2019,6,16980.685939246672,0.168,2852.755237793441
23_58800,ITA,380.0,2019,7,68529.17205796087,0.168,11512.900905737426
23_58800,ITA,380.0,2019,8,31119.75260143659,0.168,5228.118437041348
23_58800,ITA,380.0,2019,9,17675.121812084068,0.168,2969.4204644301235
23_58808,ITA,380.0,2019,5,15187.074661635805,0.168,2551.4285431548155
23_58808,ITA,380.0,2019,6,13812.861039439384,0.168,2320.5606546258164
23_58808,ITA,380.0,2019,7,5525.227431672276,0.168,928.2382085209424
23_58808,ITA,380.0,2019,8,12431.77613152717,0.168,2088.5383900965644
23_58808,ITA,380.0,2019,9,9653.315101471024,0.168,1621.7569370471322
23_58808,ITA,380.0,2019,10,16000.52524564707,0.168,2688.088241268708
23_58810,ITA,380.0,2019,6,16942.25544817661,0.168,2846.2989152936707
23_58810,ITA,380.0,2019,7,12121.737109799147,0.168,2036.451834446257
23_58810,ITA,380.0,2019,8,13431.804778513126,0.168,2256.543202790205
23_58810,ITA,380.0,2019,9,3844.775675631703,0.168,645.9223135061261
23_58812,ITA,380.0,2019,5,4459.371359478259,0.168,749.1743883923476
23_58812,ITA,380.0,2019,6,7294.424166350675,0.168,1225.4632599469137
23_58812,ITA,380.0,2019,7,21163.993025155185,0.168,3555.550828226071
23_58812,ITA,380.0,2019,8,26115.094127555614,0.168,4387.335813429344
23_58812,ITA,380.0,2019,9,16005.644039654391,0.168,2688.948198661938
23_58813,ITA,380.0,2019,5,166856.97974919222,0.168,28031.972597864296
23_58813,ITA,380.0,2019,6,880733.0271345135,0.168,147963.14855859827
23_58813,ITA,380.0,2019,7,1443215.8935773834,0.168,242460.2701210004
23_58813,ITA,380.0,2019,8,1402437.2431760204,0.168,235609.45685357144
23_58813,ITA,380.0,2019,9,852261.9252078745,0.168,143180.00343492292
23_58813,ITA,380.0,2019,10,343919.15331124124,0.168,57778.41775628853
23_58818,ITA,380.0,2019,5,11583.898496847,0.168,1946.094947470296
23_58818,ITA,380.0,2019,6,90498.44643903084,0.168,15203.73900175718
23_58818,ITA,380.0,2019,7,120579.95104107674,0.168,20257.43177490089
23_58818,ITA,380.0,2019,8,118771.1802000634,0.168,19953.55827361065
23_58818,ITA,380.0,2019,9,87054.01835364976,0.168,14625.07508341316
23_58818,ITA,380.0,2019,10,26101.043473332786,0.168,4384.975303519908
23_58819,ITA,380.0,2019,5,6824.285243092354,0.168,1146.4799208395154
23_58819,ITA,380.0,2019,6,46091.89980999096,0.168,7743.439168078481
23_58819,ITA,380.0,2019,7,17309.973191469235,0.168,2908.075496166832
23_58819,ITA,380.0,2019,8,47051.3139380237,0.168,7904.620741587982
23_58819,ITA,380.0,2019,9,28932.628675579534,0.168,4860.681617497362
23_58819,ITA,380.0,2019,10,23852.69620114332,0.168,4007.252961792078
23_58821,ITA,380.0,2019,5,39783.72765589276,0.168,6683.666246189984
23_58821,ITA,380.0,2019,6,44063.63938608483,0.168,7402.6914168622525
23_58821,ITA,380.0,2019,7,4517.54610909685,0.168,758.9477463282709
23_58821,ITA,380.0,2019,8,23534.69956617837,0.168,3953.829527117966
23_58821,ITA,380.0,2019,9,8640.183297867943,0.168,1451.5507940418145
23_58823,ITA,380.0,2019,5,5300.774005900687,0.168,890.5300329913154
23_58823,ITA,380.0,2019,6,25230.884034244107,0.168,4238.788517753011
23_58823,ITA,380.0,2019,7,6035.201873471678,0.168,1013.913914743242
23_58823,ITA,380.0,2019,8,19088.10228291032,0.168,3206.801183528934
23_58823,ITA,380.0,2019,9,8508.585625120671,0.168,1429.442385020273
23_58824,ITA,380.0,2019,5,30130.425573052424,0.168,5061.911496272807
23_58824,ITA,380.0,2019,6,26207.633977949496,0.168,4402.882508295515
23_58824,ITA,380.0,2019,7,48775.61933019896,0.168,8194.304047473424
23_58824,ITA,380.0,2019,8,75392.83173948954,0.168,12665.995732234243
23_58824,ITA,380.0,2019,9,34418.050257027,0.168,5782.232443180536
23_58827,ITA,380.0,2019,5,111451.49242600094,0.168,18723.85072756816
23_58827,ITA,380.0,2019,6,76622.23223209336,0.168,12872.535014991685
23_58827,ITA,380.0,2019,7,90883.28139210607,0.168,15268.391273873822
23_58827,ITA,380.0,2019,8,160907.373870349,0.168,27032.43881021863
23_58827,ITA,380.0,2019,9,54783.95049356723,0.168,9203.703682919297
23_58828,ITA,380.0,2019,5,3935.069272097976,0.168,661.0916377124599
23_58828,ITA,380.0,2019,6,5460.56346542379,0.168,917.3746621911968
23_58828,ITA,380.0,2019,7,0.1752337869276078,0.168,0.0294392762038381
23_58828,ITA,380.0,2019,8,2853.52844179799,0.168,479.3927782220624
23_58828,ITA,380.0,2019,9,960.1823843990696,0.168,161.3106405790437
23_58829,ITA,380.0,2019,5,47191.23612535929,0.168,7928.127669060361
23_58829,ITA,380.0,2019,6,130668.72045471695,0.168,21952.34503639245
23_58829,ITA,380.0,2019,7,172203.94820490674,0.168,28930.263298424336
23_58829,ITA,380.0,2019,8,65635.15783859891,0.168,11026.706516884618
23_58829,ITA,380.0,2019,9,85206.6108699105,0.168,14314.710626144964
23_58829,ITA,380.0,2019,10,188313.0665041034,0.168,31636.595172689373
23_58832,ITA,380.0,2019,6,17388.890193894335,0.168,2921.333552574248
23_58832,ITA,380.0,2019,7,38268.9756588114,0.168,6429.187910680316
23_58832,ITA,380.0,2019,8,13285.480568349967,0.168,2231.9607354827945
23_58832,ITA,380.0,2019,9,13210.315196024383,0.168,2219.3329529320968
23_58833,ITA,380.0,2019,5,31402.92519340072,0.168,5275.691432491321
23_58833,ITA,380.0,2019,6,67373.03193654385,0.168,11318.669365339369
23_58833,ITA,380.0,2019,7,68729.26196715994,0.168,11546.51601048287
23_58833,ITA,380.0,2019,8,76701.24879511617,0.168,12885.80979757952
23_58833,ITA,380.0,2019,9,24613.14434813753,0.168,4135.008250487106
23_58833,ITA,380.0,2019,10,14296.542193171144,0.168,2401.819088452752
23_58834,ITA,380.0,2019,5,1593.696965013261,0.168,267.7410901222279
23_58834,ITA,380.0,2019,6,11467.641431709524,0.168,1926.5637605272
23_58834,ITA,380.0,2019,7,14143.45353598431,0.168,2376.1001940453643
23_58834,ITA,380.0,2019,8,4204.844480004133,0.168,706.4138726406944
23_58834,ITA,380.0,2019,9,2413.917135606819,0.168,405.5380787819456
23_58835,ITA,380.0,2019,5,6923.030607106745,0.168,1163.0691419939333
23_58835,ITA,380.0,2019,6,29612.989330013574,0.168,4974.982207442281
23_58835,ITA,380.0,2019,7,28223.300624823427,0.168,4741.514504970336
23_58835,ITA,380.0,2019,8,34174.3275258082,0.168,5741.2870243357775
23_58835,ITA,380.0,2019,9,5267.98886033491,0.168,885.022128536265
23_58836,ITA,380.0,2019,5,64936.44602300098,0.168,10909.322931864164
23_58836,ITA,380.0,2019,6,146053.83271608062,0.168,24537.043896301548
23_58836,ITA,380.0,2019,7,113359.85307275926,0.168,19044.45531622356
23_58836,ITA,380.0,2019,8,141764.63995625978,0.168,23816.459512651643
23_58836,ITA,380.0,2019,9,108694.6401337116,0.168,18260.699542463557
23_58836,ITA,380.0,2019,10,130163.76307478346,0.168,21867.512196563624
23_58840,ITA,380.0,2019,6,76067.00143760699,0.168,12779.256241517976
23_58840,ITA,380.0,2019,7,86250.77916445739,0.168,14490.130899628844
23_58840,ITA,380.0,2019,8,53621.87696154761,0.168,9008.47532954
23_58840,ITA,380.0,2019,9,54234.81124285447,0.168,9111.448288799553
23_58843,ITA,380.0,2019,6,38752.86098763817,0.168,6510.480645923212
23_58843,ITA,380.0,2019,7,59395.10088135008,0.168,9978.376948066814
23_58843,ITA,380.0,2019,8,40344.09539005234,0.168,6777.808025528793
23_58843,ITA,380.0,2019,9,45015.00231400795,0.168,7562.520388753336
23_58843,ITA,380.0,2019,10,12882.467314223595,0.168,2164.254508789564
23_58844,ITA,380.0,2019,5,115170.183348483,0.168,19348.590802545143
23_58844,ITA,380.0,2019,6,232706.07711940072,0.168,39094.62095605933
23_58844,ITA,380.0,2019,7,235635.93928346047,0.168,39586.83779962136
23_58844,ITA,380.0,2019,8,403659.3336820077,0.168,67814.76805857729
23_58844,ITA,380.0,2019,9,140898.6772526048,0.168,23670.97777843761
23_58844,ITA,380.0,2019,10,116054.87753423676,0.168,19497.219425751777
23_58846,ITA,380.0,2019,6,14658.72305184271,0.168,2462.665472709575
23_58846,ITA,380.0,2019,7,19584.260429769434,0.168,3290.1557522012654
23_58846,ITA,380.0,2019,8,10424.42177400591,0.168,1751.302858032993
23_58846,ITA,380.0,2019,9,17805.62846929363,0.168,2991.3455828413303
23_58850,ITA,380.0,2019,5,2286.910217539581,0.168,384.2009165466496
23_58850,ITA,380.0,2019,6,4823.434532395925,0.168,810.3370014425154
23_58850,ITA,380.0,2019,7,11176.237850957268,0.168,1877.6079589608207
23_58850,ITA,380.0,2019,8,12063.903015522665,0.168,2026.735706607808
23_58850,ITA,380.0,2019,9,3605.0067243450094,0.168,605.6411296899618
23_58850,ITA,380.0,2019,10,8956.785409743226,0.168,1504.739948836862
23_58851,ITA,380.0,2019,5,5112.897708661028,0.168,858.9668150550528
23_58851,ITA,380.0,2019,6,22592.77275924396,0.168,3795.5858235529854
23_58851,ITA,380.0,2019,7,9003.486519574482,0.168,1512.5857352885132
23_58851,ITA,380.0,2019,8,6567.592511590671,0.168,1103.3555419472327
23_58851,ITA,380.0,2019,9,6875.192820348154,0.168,1155.03239381849
23_58852,ITA,380.0,2019,5,13849.822873824744,0.168,2326.7702428025573
23_58852,ITA,380.0,2019,6,10516.865426477982,0.168,1766.8333916483011
23_58852,ITA,380.0,2019,7,10949.042872216742,0.168,1839.4392025324128
23_58852,ITA,380.0,2019,8,12746.440797580328,0.168,2141.4020539934954
23_58852,ITA,380.0,2019,9,32188.743623066992,0.168,5407.708928675255
23_58853,ITA,380.0,2019,5,105484.14810735529,0.168,17721.336882035688
23_58853,ITA,380.0,2019,6,208819.8256409428,0.168,35081.73070767839
23_58853,ITA,380.0,2019,7,138278.99367379898,0.168,23230.87093719823
23_58853,ITA,380.0,2019,8,78728.22188844836,0.168,13226.341277259326
23_58853,ITA,380.0,2019,9,42798.82221865518,0.168,7190.202132734071
23_58853,ITA,380.0,2019,10,50771.04631533221,0.168,8529.535780975812
23_58854,ITA,380.0,2019,5,10281.970246779209,0.168,1727.371001458907
23_58854,ITA,380.0,2019,6,9811.971764054471,0.168,1648.4112563611511
23_58854,ITA,380.0,2019,7,12593.022729190849,0.168,2115.6278185040624
23_58854,ITA,380.0,2019,8,7005.446373780854,0.168,1176.9149907951837
23_58854,ITA,380.0,2019,9,15961.001630458868,0.168,2681.44827391709
23_58855,ITA,380.0,2019,5,6782.610213934936,0.168,1139.4785159410694
23_58855,ITA,380.0,2019,6,47169.74987422183,0.168,7924.517978869268
23_58855,ITA,380.0,2019,7,72751.18713799618,0.168,12222.19943918336
23_58855,ITA,380.0,2019,8,32393.895380747064,0.168,5442.174423965507
23_58855,ITA,380.0,2019,9,29208.082586650064,0.168,4906.957874557211
23_58855,ITA,380.0,2019,10,17673.789848716133,0.168,2969.1966945843105
23_58856,ITA,380.0,2019,5,15765.49939290272,0.168,2648.6038980076573
23_58856,ITA,380.0,2019,6,61569.43092495148,0.168,10343.664395391848
23_58856,ITA,380.0,2019,7,50386.62795966179,0.168,8464.953497223181
23_58856,ITA,380.0,2019,8,28772.43046940087,0.168,4833.768318859346
23_58856,ITA,380.0,2019,9,33839.677933172265,0.168,5685.065892772941
23_58856,ITA,380.0,2019,10,30426.882335675564,0.168,5111.716232393495
23_58857,ITA,380.0,2019,5,34343.054413525904,0.168,5769.633141472353
23_58857,ITA,380.0,2019,6,78689.35092839379,0.168,13219.810955970155
23_58857,ITA,380.0,2019,7,83120.54203808591,0.168,13964.251062398434
23_58857,ITA,380.0,2019,8,61061.21986013532,0.168,10258.284936502734
23_58857,ITA,380.0,2019,9,75941.19497241615,0.168,12758.120755365915
23_58857,ITA,380.0,2019,10,28691.462955011302,0.168,4820.1657764419
23_58858,ITA,380.0,2019,5,172883.27924625936,0.168,29044.39091337157
23_58858,ITA,380.0,2019,6,216295.7890184589,0.168,36337.6925551011
23_58858,ITA,380.0,2019,7,112704.06743025694,0.168,18934.283328283167
23_58858,ITA,380.0,2019,8,240602.99294641544,0.168,40421.3028149978
23_58858,ITA,380.0,2019,9,105052.55794650129,0.168,17648.829735012216
23_58859,ITA,380.0,2019,5,4811.63352308877,0.168,808.3544318789134
23_58859,ITA,380.0,2019,6,5080.45164783188,0.168,853.5158768357559
23_58859,ITA,380.0,2019,7,5693.243970327416,0.168,956.464987015006
23_58859,ITA,380.0,2019,8,23176.84641518774,0.168,3893.710197751541
23_58859,ITA,380.0,2019,9,6784.721381624861,0.168,1139.8331921129768
23_58864,ITA,380.0,2019,5,74273.26677711139,0.168,12477.908818554715
23_58864,ITA,380.0,2019,6,74692.87077353055,0.168,12548.402289953134
23_58864,ITA,380.0,2019,7,73084.32744418448,0.168,12278.167010622994
23_58864,ITA,380.0,2019,8,85225.61604517545,0.168,14317.903495589477
23_58864,ITA,380.0,2019,9,48175.569169543895,0.168,8093.495620483375
23_58866,ITA,380.0,2019,6,22849.74276092158,0.168,3838.756783834826
23_58866,ITA,380.0,2019,7,26176.511826604183,0.168,4397.653986869504
23_58866,ITA,380.0,2019,8,74740.4549719171,0.168,12556.396435282077
23_58866,ITA,380.0,2019,9,28450.83580050224,0.168,4779.740414484377
23_58867,ITA,380.0,2019,6,27599.31972789639,0.168,4636.685714286594
23_58867,ITA,380.0,2019,7,35764.67694359832,0.168,6008.465726524519
23_58867,ITA,380.0,2019,8,15190.817358530392,0.168,2552.057316233106
23_58867,ITA,380.0,2019,9,8817.450174687838,0.168,1481.3316293475568
23_58872,ITA,380.0,2019,6,10386.12754284163,0.168,1744.869427197394
23_58872,ITA,380.0,2019,7,8611.8541340751,0.168,1446.7914945246168
23_58872,ITA,380.0,2019,8,21508.04501704151,0.168,3613.351562862974
23_58872,ITA,380.0,2019,9,24579.87552042109,0.168,4129.419087430744
23_58875,ITA,380.0,2019,6,6969.227960857849,0.168,1170.8302974241187
23_58875,ITA,380.0,2019,7,2689.7067617539437,0.168,451.8707359746625
23_58875,ITA,380.0,2019,8,16106.317100897266,0.168,2705.861272950741
23_58875,ITA,380.0,2019,9,2737.2932240536647,0.168,459.8652616410157
23_58880,ITA,380.0,2019,5,74233.38035898865,0.168,12471.207900310092
23_58880,ITA,380.0,2019,6,179679.9949188216,0.168,30186.239146362037
23_58880,ITA,380.0,2019,7,228574.8710378301,0.168,38400.57833435546
23_58880,ITA,380.0,2019,8,228861.92540705463,0.168,38448.80346838519
23_58880,ITA,380.0,2019,9,228470.463223019,0.168,38383.0378214672
23_58880,ITA,380.0,2019,10,131674.77615426772,0.168,22121.362393916977
23_58881,ITA,380.0,2019,5,110656.0732165916,0.168,18590.22030038739
23_58881,ITA,380.0,2019,6,48334.56154124434,0.168,8120.206338929051
23_58881,ITA,380.0,2019,7,33675.14216341531,0.168,5657.423883453772
23_58881,ITA,380.0,2019,8,79432.46056982555,0.168,13344.653375730692
23_58881,ITA,380.0,2019,9,21910.88615273393,0.168,3681.0288736593006
23_58882,ITA,380.0,2019,5,8806.47718183456,0.168,1479.4881665482062
23_58882,ITA,380.0,2019,6,79810.32586207637,0.168,13408.13474482883
23_58882,ITA,380.0,2019,7,39589.02591038367,0.168,6650.956352944456
23_58882,ITA,380.0,2019,8,14227.752659456755,0.168,2390.262446788735
23_58882,ITA,380.0,2019,9,7357.487154998253,0.168,1236.0578420397064
23_58882,ITA,380.0,2019,10,3321.375587992224,0.168,557.9910987826937
23_58884,ITA,380.0,2019,5,31156.824934113265,0.168,5234.346588931029
23_58884,ITA,380.0,2019,6,62232.29314370297,0.168,10455.0252481421
23_58884,ITA,380.0,2019,7,40365.72576041376,0.168,6781.441927749512
23_58884,ITA,380.0,2019,8,127262.80309437636,0.168,21380.15091985523
23_58884,ITA,380.0,2019,9,60003.91458798679,0.168,10080.65765078178
23_58888,ITA,380.0,2019,6,102810.96840005444,0.168,17272.24269120915
23_58888,ITA,380.0,2019,7,67663.39469792876,0.168,11367.450309252032
23_58888,ITA,380.0,2019,8,101887.57971886074,0.168,17117.113392768606
23_58888,ITA,380.0,2019,9,95950.1938257658,0.168,16119.632562728651
23_58890,ITA,380.0,2019,5,49124.69994215825,0.168,8252.949590282587
23_58890,ITA,380.0,2019,6,41184.294759549055,0.168,6918.961519604241
23_58890,ITA,380.0,2019,7,20451.60047047059,0.168,3435.8688790390597
23_58890,ITA,380.0,2019,8,27326.31546649988,0.168,4590.82099837198
23_58890,ITA,380.0,2019,9,12526.0556417302,0.168,2104.377347810674
23_58891,ITA,380.0,2019,5,106514.86383458562,0.168,17894.497124210386
23_58891,ITA,380.0,2019,6,58180.651178205015,0.168,9774.349397938444
23_58891,ITA,380.0,2019,7,43424.37448407165,0.168,7295.294913324038
23_58891,ITA,380.0,2019,8,114559.23640221592,0.168,19245.95171557228
23_58891,ITA,380.0,2019,9,116773.07435758151,0.168,19617.87649207369
23_58891,ITA,380.0,2019,10,26799.686745858373,0.168,4502.347373304207
23_58892,ITA,380.0,2019,6,18987.297600091053,0.168,3189.865996815297
23_58892,ITA,380.0,2019,7,24770.220934033,0.168,4161.397116917544
23_58892,ITA,380.0,2019,8,26315.086886764035,0.168,4420.934596976358
23_58892,ITA,380.0,2019,9,6675.864497222878,0.168,1121.5452355334437
23_58896,ITA,380.0,2019,5,13729.647606769664,0.168,2306.5807979373035
23_58896,ITA,380.0,2019,6,12186.936758271897,0.168,2047.4053753896787
23_58896,ITA,380.0,2019,7,4337.593728251103,0.168,728.7157463461854
23_58896,ITA,380.0,2019,8,94801.47341876711,0.168,15926.647534352876
23_58896,ITA,380.0,2019,9,5513.25302955636,0.168,926.2265089654686
23_58898,ITA,380.0,2019,5,44877.569458685415,0.168,7539.43166905915
23_58898,ITA,380.0,2019,6,364126.3495849849,0.168,61173.22673027746
23_58898,ITA,380.0,2019,7,194606.54508200672,0.168,32693.89957377713
23_58898,ITA,380.0,2019,8,232752.80391606595,0.168,39102.471057899085
23_58898,ITA,380.0,2019,9,136374.58292486248,0.168,22910.929931376897
23_58898,ITA,380.0,2019,10,97063.49360089136,0.168,16306.66692494975
23_58900,ITA,380.0,2019,5,43028.10587599632,0.168,7228.721787167382
23_58900,ITA,380.0,2019,6,83859.26746901366,0.168,14088.356934794296
23_58900,ITA,380.0,2019,7,60153.432079697726,0.168,10105.77658938922
23_58900,ITA,380.0,2019,8,58571.46675133867,0.168,9840.006414224896
23_58900,ITA,380.0,2019,9,60627.21702582505,0.168,10185.372460338607
23_58901,ITA,380.0,2019,5,54052.11489436485,0.168,9080.755302253294
23_58901,ITA,380.0,2019,6,42013.4398408144,0.168,7058.25789325682
23_58901,ITA,380.0,2019,7,28152.743650927787,0.168,4729.660933355868
23_58901,ITA,380.0,2019,8,63225.91334790322,0.168,10621.953442447742
23_58901,ITA,380.0,2019,9,9060.671060173196,0.168,1522.1927381090973
23_58904,ITA,380.0,2019,6,23826.751872483645,0.168,4002.894314577252
23_58904,ITA,380.0,2019,7,15836.025529466104,0.168,2660.452288950305
23_58904,ITA,380.0,2019,8,5374.650071745691,0.168,902.941212053276
23_58904,ITA,380.0,2019,9,45770.99858769336,0.168,7689.527762732486
23_58905,ITA,380.0,2019,6,1966.346553950672,0.168,330.3462210637129
23_58905,ITA,380.0,2019,7,1685.3807762534009,0.168,283.14397041057134
23_58905,ITA,380.0,2019,8,1966.3403734612043,0.168,330.34518274148235
23_58905,ITA,380.0,2019,9,0.000696079565317,0.168,0.0001169413669732
23_58910,ITA,380.0,2019,5,6757.63625569836,0.168,1135.2828909573243
23_58910,ITA,380.0,2019,6,10230.451531029094,0.168,1718.7158572128878
23_58910,ITA,380.0,2019,7,5376.893799898258,0.168,903.3181583829074
23_58910,ITA,380.0,2019,8,18223.5817521303,0.168,3061.5617343578906
23_58910,ITA,380.0,2019,9,9753.597210121214,0.168,1638.604331300364
23_58910,ITA,380.0,2019,10,5100.540665718208,0.168,856.890831840659
23_58911,ITA,380.0,2019,5,149534.00044262558,0.168,25121.712074361098
23_58911,ITA,380.0,2019,6,105675.61489364532,0.168,17753.503302132416
23_58911,ITA,380.0,2019,7,81818.76983927796,0.168,13745.553332998696
23_58911,ITA,380.0,2019,8,186034.0881540129,0.168,31253.72680987417
23_58911,ITA,380.0,2019,9,107563.8972240064,0.168,18070.734733633075
23_58912,ITA,380.0,2019,5,80587.88783807305,0.168,13538.765156796271
23_58912,ITA,380.0,2019,6,50643.41225520287,0.168,8508.093258874083
23_58912,ITA,380.0,2019,7,42508.76620271992,0.168,7141.472722056947
23_58912,ITA,380.0,2019,8,47444.19272659183,0.168,7970.624378067428
23_58912,ITA,380.0,2019,9,45083.78595191173,0.168,7574.07603992117
23_58912,ITA,380.0,2019,10,21794.59482511752,0.168,3661.491930619743
23_58913,ITA,380.0,2019,5,152708.57573790787,0.168,25655.040723968523
23_58913,ITA,380.0,2019,6,182982.01155606416,0.168,30740.97794141878
23_58913,ITA,380.0,2019,7,156671.38652251003,0.168,26320.792935781687
23_58913,ITA,380.0,2019,8,186405.49928446693,0.168,31316.123879790448
23_58913,ITA,380.0,2019,9,182660.4229414081,0.168,30686.95105415656
23_58913,ITA,380.0,2019,10,146423.87723883355,0.168,24599.21137612404
23_58914,ITA,380.0,2019,5,42135.9309053286,0.168,7078.836392095205
23_58914,ITA,380.0,2019,6,201412.46049590732,0.168,33837.293363312434
23_58914,ITA,380.0,2019,7,257221.46846991355,0.168,43213.20670294548
23_58914,ITA,380.0,2019,8,249981.38036279625,0.168,41996.87190094977
23_58914,ITA,380.0,2019,9,160710.98337324313,0.168,26999.445206704848
23_58914,ITA,380.0,2019,10,72579.63604022711,0.168,12193.378854758155
23_58916,ITA,380.0,2019,5,8442.169546886971,0.168,1418.284483877011
23_58916,ITA,380.0,2019,6,14822.594612669118,0.168,2490.195894928412
23_58916,ITA,380.0,2019,7,11438.253216102916,0.168,1921.62654030529
23_58916,ITA,380.0,2019,8,8380.61517942842,0.168,1407.9433501439746
23_58916,ITA,380.0,2019,9,5907.089837045383,0.168,992.3910926236244
23_58922,ITA,380.0,2019,5,5728.499450202811,0.168,962.3879076340723
23_58922,ITA,380.0,2019,6,45752.17683849599,0.168,7686.365708867326
23_58922,ITA,380.0,2019,7,7843.018083587322,0.168,1317.6270380426702
23_58922,ITA,380.0,2019,8,9732.680186593736,0.168,1635.0902713477478
23_58922,ITA,380.0,2019,9,6862.4978717504055,0.168,1152.8996424540685
23_58922,ITA,380.0,2019,10,4695.083579022109,0.168,788.7740412757144
23_58926,ITA,380.0,2019,5,55697.30218131936,0.168,9357.146766461652
23_58926,ITA,380.0,2019,6,98914.70344767976,0.168,16617.6701792102
23_58926,ITA,380.0,2019,7,87377.46063410246,0.168,14679.413386529215
23_58926,ITA,380.0,2019,8,54643.88158928524,0.168,9180.172106999922
23_58926,ITA,380.0,2019,9,83732.41104761476,0.168,14067.04505599928
23_58928,ITA,380.0,2019,6,18675.39758812127,0.168,3137.4667948043734
23_58928,ITA,380.0,2019,7,38134.95397004382,0.168,6406.672266967362
23_58928,ITA,380.0,2019,8,35550.93091624607,0.168,5972.556393929341
23_58928,ITA,380.0,2019,9,10582.860072844356,0.168,1777.920492237852
23_58936,ITA,380.0,2019,5,6549.661019244617,0.168,1100.3430512330958
23_58936,ITA,380.0,2019,6,38413.56853607313,0.168,6453.479514060286
23_58936,ITA,380.0,2019,7,26434.705981728384,0.168,4441.030604930369
23_58936,ITA,380.0,2019,8,25878.897758868585,0.168,4347.654823489923
23_58936,ITA,380.0,2019,9,17542.34367773659,0.168,2947.1137378597477
23_58936,ITA,380.0,2019,10,7170.908815653352,0.168,1204.7126810297632
23_58938,ITA,380.0,2019,5,2802.300616573924,0.168,470.7865035844192
23_58938,ITA,380.0,2019,6,22902.545701081726,0.168,3847.62767778173
23_58938,ITA,380.0,2019,7,22588.28201791285,0.168,3794.83137900936
23_58938,ITA,380.0,2019,8,19368.57752310068,0.168,3253.9210238809146
23_58938,ITA,380.0,2019,9,13441.896080879484,0.168,2258.238541587754
23_58938,ITA,380.0,2019,10,4965.087521077818,0.168,834.1347035410735
23_58940,ITA,380.0,2019,5,46758.55116577615,0.168,7855.436595850393
23_58940,ITA,380.0,2019,6,118797.20871930924,0.168,19957.931064843957
23_58940,ITA,380.0,2019,7,26880.351398498547,0.168,4515.899034947756
23_58940,ITA,380.0,2019,8,89404.9076082576,0.168,15020.02447818728
23_58940,ITA,380.0,2019,9,86477.89454404601,0.168,14528.28628339973
23_58940,ITA,380.0,2019,10,20177.695345812208,0.168,3389.8528180964518
23_58941,ITA,380.0,2019,6,103566.78056248296,0.168,17399.219134497136
23_58941,ITA,380.0,2019,7,60569.91698280748,0.168,10175.746053111658
23_58941,ITA,380.0,2019,8,126767.27658379031,0.168,21296.90246607677
23_58941,ITA,380.0,2019,9,30226.2912705068,0.168,5078.016933445143
23_58947,ITA,380.0,2019,6,207068.4641586732,0.168,34787.50197865709
23_58947,ITA,380.0,2019,7,154670.69624160836,0.168,25984.676968590204
23_58947,ITA,380.0,2019,8,116452.83029106754,0.168,19564.075488899347
23_58947,ITA,380.0,2019,9,93427.7088764454,0.168,15695.855091242827
23_58948,ITA,380.0,2019,6,20638.75772060617,0.168,3467.311297061837
23_58948,ITA,380.0,2019,7,10341.433938876502,0.168,1737.3609017312524
23_58948,ITA,380.0,2019,8,19896.01998277757,0.168,3342.531357106632
23_58948,ITA,380.0,2019,9,33590.81636176803,0.168,5643.25714877703
23_58950,ITA,380.0,2019,5,56529.56823835526,0.168,9496.967464043684
23_58950,ITA,380.0,2019,6,87378.13084596445,0.168,14679.525982122028
23_58950,ITA,380.0,2019,7,105385.02735167586,0.168,17704.684595081544
23_58950,ITA,380.0,2019,8,163108.28327682588,0.168,27402.19159050675
23_58950,ITA,380.0,2019,9,35759.4500850856,0.168,6007.587614294381
23_58950,ITA,380.0,2019,10,31227.764535347465,0.168,5246.264441938374
23_58951,ITA,380.0,2019,6,7751.521731156191,0.168,1302.2556508342402
23_58951,ITA,380.0,2019,7,23355.03115792749,0.168,3923.645234531818
23_58951,ITA,380.0,2019,8,31343.05670225009,0.168,5265.633525978015
23_58951,ITA,380.0,2019,9,11909.326092297271,0.168,2000.7667835059417
23_58952,ITA,380.0,2019,5,93372.78970853973,0.168,15686.628671034672
23_58952,ITA,380.0,2019,6,86971.37048913269,0.168,14611.190242174293
23_58952,ITA,380.0,2019,7,55715.209105749855,0.168,9360.155129765975
23_58952,ITA,380.0,2019,8,12671.337660905938,0.168,2128.7847270321977
23_58952,ITA,380.0,2019,9,26703.55320539485,0.168,4486.196938506336
23_58952,ITA,380.0,2019,10,13173.19942930614,0.168,2213.0975041234315
23_58955,ITA,380.0,2019,6,4156.853271119599,0.168,698.3513495480928
23_58955,ITA,380.0,2019,7,2825.0913020796115,0.168,474.6153387493748
23_58955,ITA,380.0,2019,8,3978.084807592487,0.168,668.3182476755378
23_58955,ITA,380.0,2019,9,4027.8416251236463,0.168,676.6773930207726
23_58958,ITA,380.0,2019,6,17917.005109182817,0.168,3010.056858342713
23_58958,ITA,380.0,2019,7,14893.019771164552,0.168,2502.027321555645
23_58958,ITA,380.0,2019,8,8161.768758836858,0.168,1371.1771514845923
23_58958,ITA,380.0,2019,9,1752.7056589521003,0.168,294.45455070395286
23_58960,ITA,380.0,2019,6,24419.571059489343,0.168,4102.48793799421
23_58960,ITA,380.0,2019,7,49758.07941579823,0.168,8359.357341854104
23_58960,ITA,380.0,2019,8,57478.47221604501,0.168,9656.383332295562
23_58960,ITA,380.0,2019,9,25360.328092307973,0.168,4260.53511950774
23_58960,ITA,380.0,2019,10,3979.1361567646777,0.168,668.4948743364658
23_58965,ITA,380.0,2019,6,54423.57741603072,0.168,9143.161005893162
23_58965,ITA,380.0,2019,7,29970.237098957765,0.168,5034.999832624905
23_58965,ITA,380.0,2019,8,36744.70157739456,0.168,6173.109865002287
23_58965,ITA,380.0,2019,9,14984.504663640166,0.168,2517.396783491548
23_58965,ITA,380.0,2019,10,2460.1256432884197,0.168,413.3011080724544
23_58969,ITA,380.0,2019,5,112131.82521918853,0.168,18838.146636823672
23_58969,ITA,380.0,2019,6,386998.7428469404,0.168,65015.78879828599
23_58969,ITA,380.0,2019,7,327501.17482494656,0.168,55020.19737059103
23_58969,ITA,380.0,2019,8,264600.101948824,0.168,44452.81712740244
23_58969,ITA,380.0,2019,9,147311.94225845803,0.168,24748.406299420956
23_58969,ITA,380.0,2019,10,76660.57165100853,0.168,12878.976037369432
23_58988,ITA,380.0,2019,6,23274.89315227013,0.168,3910.182049581383
23_58988,ITA,380.0,2019,7,12701.209577305925,0.168,2133.803208987395
23_58988,ITA,380.0,2019,8,5777.3451772754415,0.168,970.5939897822742
23_58988,ITA,380.0,2019,9,9640.058939941708,0.168,1619.529901910207
23_58991,ITA,380.0,2019,6,32418.371700973203,0.168,5446.286445763499
23_58991,ITA,380.0,2019,7,23580.20115253071,0.168,3961.47379362516
23_58991,ITA,380.0,2019,8,36104.7053325001,0.168,6065.590495860018
23_58991,ITA,380.0,2019,9,24070.40590302396,0.168,4043.8281917080258
23_58991,ITA,380.0,2019,10,28711.39998078932,0.168,4823.515196772606
23_58993,ITA,380.0,2019,6,576123.1342713411,0.168,96788.68655758532
23_58993,ITA,380.0,2019,7,395345.9419254564,0.168,66418.11824347668
23_58993,ITA,380.0,2019,8,741939.9084979148,0.168,124645.9046276497
23_58993,ITA,380.0,2019,9,131011.461652065,0.168,22009.92555754692
23_58994,ITA,380.0,2019,5,23530.40264067854,0.168,3953.1076436339954
23_58994,ITA,380.0,2019,6,34091.63809815708,0.168,5727.3952004903895
23_58994,ITA,380.0,2019,7,48550.90425706248,0.168,8156.551915186497
23_58994,ITA,380.0,2019,8,29424.84175356152,0.168,4943.373414598335
23_58994,ITA,380.0,2019,9,30218.524331923047,0.168,5076.712087763072
23_58994,ITA,380.0,2019,10,1885.4278377196088,0.168,316.7518767368944
23_58998,ITA,380.0,2019,5,8752.592890951013,0.168,1470.4356056797703
23_58998,ITA,380.0,2019,6,39256.96407374745,0.168,6595.169964389572
23_58998,ITA,380.0,2019,7,6039.421965898838,0.168,1014.6228902710048
23_58998,ITA,380.0,2019,8,18118.55434104552,0.168,3043.917129295647
23_58998,ITA,380.0,2019,9,5664.992086392536,0.168,951.718670513946
23_58998,ITA,380.0,2019,10,1465.8048933898517,0.168,246.2552220894951
23_59004,ITA,380.0,2019,5,49214.52570585246,0.168,8268.040318583213
23_59004,ITA,380.0,2019,6,58102.701714711104,0.168,9761.253888071466
23_59004,ITA,380.0,2019,7,85874.69156067068,0.168,14426.948182192677
23_59004,ITA,380.0,2019,8,88389.63677562978,0.168,14849.458978305804
23_59004,ITA,380.0,2019,9,44856.8660582294,0.168,7535.953497782541
23_59004,ITA,380.0,2019,10,78604.51424343968,0.168,13205.558392897869
23_59006,ITA,380.0,2019,5,22318.206295006865,0.168,3749.458657561154
23_59006,ITA,380.0,2019,6,203607.88156698903,0.168,34206.124103254166
23_59006,ITA,380.0,2019,7,239333.45694231644,0.168,40208.02076630917
23_59006,ITA,380.0,2019,8,281406.7850922244,0.168,47276.33989549371
23_59006,ITA,380.0,2019,9,163473.35640310918,0.168,27463.523875722345
23_59006,ITA,380.0,2019,10,48131.11793045056,0.168,8086.027812315694
23_59008,ITA,380.0,2019,6,19971.483470716856,0.168,3355.209223080432
23_59008,ITA,380.0,2019,7,1588.7362000156909,0.168,266.90768160263605
23_59008,ITA,380.0,2019,8,10409.710335335858,0.168,1748.8313363364243
23_59008,ITA,380.0,2019,9,8382.304659519525,0.168,1408.2271827992802
23_59008,ITA,380.0,2019,10,1887.1033858738783,0.168,317.0333688268116
23_59011,ITA,380.0,2019,6,62157.86306001517,0.168,10442.52099408255
23_59011,ITA,380.0,2019,7,58596.594264404746,0.168,9844.227836419996
23_59011,ITA,380.0,2019,8,77673.3102418452,0.168,13049.116120629997
23_59011,ITA,380.0,2019,9,46242.315826884405,0.168,7768.709058916581
23_59011,ITA,380.0,2019,10,1991.149678192571,0.168,334.5131459363519
23_59016,ITA,380.0,2019,5,17309.74074723263,0.168,2908.0364455350823
23_59016,ITA,380.0,2019,6,1390.2801188739031,0.168,233.56705997081573
23_59016,ITA,380.0,2019,7,9946.070802344866,0.168,1670.9398947939376
23_59016,ITA,380.0,2019,8,3369.476587219117,0.168,566.0720666528117
23_59016,ITA,380.0,2019,9,1252.1627351166253,0.168,210.36333949959305
23_59016,ITA,380.0,2019,10,1172.6402842630118,0.168,197.003567756186
23_59020,ITA,380.0,2019,5,1064.14233748313,0.168,178.77591269716584
23_59020,ITA,380.0,2019,6,3020.6785571272426,0.168,507.4739975973768
23_59020,ITA,380.0,2019,7,5566.4091190062445,0.168,935.1567319930492
23_59020,ITA,380.0,2019,8,3130.263922893465,0.168,525.8843390461021
23_59020,ITA,380.0,2019,9,413.5893418406499,0.168,69.48300942922918
23_59020,ITA,380.0,2019,10,247.1288187759838,0.168,41.51764155436528
23_59021,ITA,380.0,2019,5,75688.23845351429,0.168,12715.6240601904
23_59021,ITA,380.0,2019,6,123281.63043862388,0.168,20711.313913688813
23_59021,ITA,380.0,2019,7,26754.69696760592,0.168,4494.789090557794
23_59021,ITA,380.0,2019,8,87902.91621589953,0.168,14767.689924271122
23_59021,ITA,380.0,2019,9,69811.70699774665,0.168,11728.366775621436
23_59021,ITA,380.0,2019,10,73124.90299715102,0.168,12284.983703521371
23_59026,ITA,380.0,2019,6,1867.953040065224,0.168,313.8161107309576
23_59026,ITA,380.0,2019,7,5366.619497671157,0.168,901.5920756087544
23_59026,ITA,380.0,2019,8,2434.87619731922,0.168,409.05920114962896
23_59026,ITA,380.0,2019,9,17419.794463711085,0.168,2926.525469903462
23_59026,ITA,380.0,2019,10,5849.704230965586,0.168,982.7503108022186
23_59030,ITA,380.0,2019,5,34588.26817168321,0.168,5810.82905284278
23_59030,ITA,380.0,2019,6,205815.0260509977,0.168,34576.924376567615
23_59030,ITA,380.0,2019,7,226969.13811933587,0.168,38130.81520404843
23_59030,ITA,380.0,2019,8,269841.0048294616,0.168,45333.28881134956
23_59030,ITA,380.0,2019,9,155658.6612642257,0.168,26150.65509238992
23_59030,ITA,380.0,2019,10,54505.594340347656,0.168,9156.939849178409
23_59032,ITA,380.0,2019,5,75869.14274667665,0.168,12746.015981441678
23_59032,ITA,380.0,2019,6,628834.0883825206,0.168,105644.12684826346
23_59032,ITA,380.0,2019,7,455017.42767379846,0.168,76442.92784919815
23_59032,ITA,380.0,2019,8,411394.13802039885,0.168,69114.215187427
23_59032,ITA,380.0,2019,9,521312.14046477305,0.168,87580.43959808188
23_59032,ITA,380.0,2019,10,102000.92300976736,0.168,17136.15506564092
23_59033,ITA,380.0,2019,5,1357.1076518458624,0.168,227.9940855101049
23_59033,ITA,380.0,2019,6,30011.77568997593,0.168,5041.978315915957
23_59033,ITA,380.0,2019,7,21639.052743104137,0.168,3635.360860841495
23_59033,ITA,380.0,2019,8,26600.74865842551,0.168,4468.925774615486
23_59033,ITA,380.0,2019,9,16555.813594414954,0.168,2781.3766838617125
23_59033,ITA,380.0,2019,10,28080.059675843644,0.168,4717.450025541732
23_59036,ITA,380.0,2019,5,80821.13474327273,0.168,13577.95063686982
23_59036,ITA,380.0,2019,6,217112.47107294865,0.168,36474.89514025538
23_59036,ITA,380.0,2019,7,355007.7078814992,0.168,59641.29492409187
23_59036,ITA,380.0,2019,8,290651.5107533007,0.168,48829.45380655452
23_59036,ITA,380.0,2019,9,245112.20470208736,0.168,41178.85038995068
23_59036,ITA,380.0,2019,10,56975.68541512596,0.168,9571.915149741162
23_59040,ITA,380.0,2019,5,44021.358102982864,0.168,7395.5881613011215
23_59040,ITA,380.0,2019,6,165785.41108172326,0.168,27851.94906172951
23_59040,ITA,380.0,2019,7,99776.4931678482,0.168,16762.4508521985
23_59040,ITA,380.0,2019,8,91107.57458239638,0.168,15306.072529842591
23_59040,ITA,380.0,2019,9,40728.96059933047,0.168,6842.465380687519
23_59040,ITA,380.0,2019,10,8134.532406675757,0.168,1366.6014443215272
23_59041,ITA,380.0,2019,5,10054.536342958309,0.168,1689.162105616996
23_59041,ITA,380.0,2019,6,7872.645270115796,0.168,1322.6044053794535
23_59041,ITA,380.0,2019,7,65902.57028375396,0.168,11071.631807670665
23_59041,ITA,380.0,2019,8,84354.83649278569,0.168,14171.612530787996
23_59041,ITA,380.0,2019,9,36382.96357567188,0.168,6112.337880712876
23_59041,ITA,380.0,2019,10,4982.250700997902,0.168,837.0181177676476
23_59043,ITA,380.0,2019,5,47760.10339346382,0.168,8023.697370101922
23_59043,ITA,380.0,2019,6,271788.8875210103,0.168,45660.533103529735
23_59043,ITA,380.0,2019,7,337357.1587816079,0.168,56676.00267531013
23_59043,ITA,380.0,2019,8,405060.2527778276,0.168,68050.12246667503
23_59043,ITA,380.0,2019,9,196543.8238713616,0.168,33019.36241038876
23_59043,ITA,380.0,2019,10,104068.48333992838,0.168,17483.505201107968
23_59044,ITA,380.0,2019,6,7394.368726649396,0.168,1242.2539460770986
23_59044,ITA,380.0,2019,7,5537.490840205984,0.168,930.2984611546052
23_59044,ITA,380.0,2019,8,23516.71652626872,0.168,3950.808376413145
23_59044,ITA,380.0,2019,9,26884.02184458562,0.168,4516.515669890384
23_59045,ITA,380.0,2019,5,446859.9189214569,0.168,75072.46637880476
23_59045,ITA,380.0,2019,6,273197.3817169926,0.168,45897.16012845476
23_59045,ITA,380.0,2019,7,277939.3291385845,0.168,46693.8072952822
23_59045,ITA,380.0,2019,8,346513.94469198206,0.168,58214.34270825299
23_59045,ITA,380.0,2019,9,406080.8157662224,0.168,68221.57704872538
23_59045,ITA,380.0,2019,10,61895.73763240528,0.168,10398.483922244088
23_59046,ITA,380.0,2019,6,35877.09655647545,0.168,6027.352221487876
23_59046,ITA,380.0,2019,7,16655.64939243411,0.168,2798.1490979289306
23_59046,ITA,380.0,2019,8,30405.18345510485,0.168,5108.070820457615
23_59046,ITA,380.0,2019,9,18948.81556598123,0.168,3183.4010150848467
23_59046,ITA,380.0,2019,10,5645.0449206658905,0.168,948.3675466718696
23_59051,ITA,380.0,2019,5,13291.901594304978,0.168,2233.0394678432363
23_59051,ITA,380.0,2019,6,18004.40202490238,0.168,3024.7395401836
23_59051,ITA,380.0,2019,7,18838.46284502553,0.168,3164.861757964289
23_59051,ITA,380.0,2019,8,7156.338997577434,0.168,1202.264951593009
23_59051,ITA,380.0,2019,9,8431.893592548793,0.168,1416.5581235481973
23_59051,ITA,380.0,2019,10,1760.1881042323423,0.168,295.7116015110335
23_59053,ITA,380.0,2019,5,3544.260921422382,0.168,595.4358347989603
23_59053,ITA,380.0,2019,6,30175.267217613466,0.168,5069.444892559062
23_59053,ITA,380.0,2019,7,20106.949620733845,0.168,3377.9675362832863
23_59053,ITA,380.0,2019,8,6534.40141622839,0.168,1097.7794379263696
23_59053,ITA,380.0,2019,9,15354.170858998326,0.168,2579.500704311719
23_59053,ITA,380.0,2019,10,2383.291352928057,0.168,400.3929472919136
23_59055,ITA,380.0,2019,6,100431.325238864,0.168,16872.462640129153
23_59055,ITA,380.0,2019,7,9734.139864411276,0.168,1635.3354972210946
23_59055,ITA,380.0,2019,8,48934.76492552203,0.168,8221.040507487702
23_59055,ITA,380.0,2019,9,16330.838538319931,0.168,2743.5808744377487
23_59055,ITA,380.0,2019,10,30006.68341778224,0.168,5041.122814187417
23_59057,ITA,380.0,2019,5,6201.807119721824,0.168,1041.9035961132663
23_59057,ITA,380.0,2019,6,101804.33845307834,0.168,17103.128860117162
23_59057,ITA,380.0,2019,7,37840.14463083643,0.168,6357.144297980521
23_59057,ITA,380.0,2019,8,3527.3969167560704,0.168,592.6026820150198
23_59057,ITA,380.0,2019,9,26524.78919487759,0.168,4456.164584739436
23_59057,ITA,380.0,2019,10,531.1478542026591,0.168,89.23283950604674
23_59059,ITA,380.0,2019,5,36248.72317861744,0.168,6089.7854940077295
23_59059,ITA,380.0,2019,6,105352.29774565095,0.168,17699.186021269365
23_59059,ITA,380.0,2019,7,9918.892545537685,0.168,1666.373947650331
23_59059,ITA,380.0,2019,8,24387.858133052938,0.168,4097.160166352894
23_59059,ITA,380.0,2019,9,15553.842905123618,0.168,2613.045608060768
23_59059,ITA,380.0,2019,10,5121.5059596273095,0.168,860.413001217388
23_59060,ITA,380.0,2019,5,2963.7632150229374,0.168,497.9122201238535
23_59060,ITA,380.0,2019,6,31713.98864486852,0.168,5327.950092337911
23_59060,ITA,380.0,2019,7,9808.216168160398,0.168,1647.780316250947
23_59060,ITA,380.0,2019,8,28273.06706026474,0.168,4749.875266124477
23_59060,ITA,380.0,2019,9,9172.107853266263,0.168,1540.9141193487324
23_59060,ITA,380.0,2019,10,6218.773258454605,0.168,1044.7539074203737
23_59061,ITA,380.0,2019,5,4755.2030798092255,0.168,798.8741174079499
23_59061,ITA,380.0,2019,6,42975.73104433078,0.168,7219.922815447571
23_59061,ITA,380.0,2019,7,43101.29548453027,0.168,7241.017641401085
23_59061,ITA,380.0,2019,8,46416.842350104846,0.168,7798.029514817615
23_59061,ITA,380.0,2019,9,52312.86300208053,0.168,8788.56098434953
23_59061,ITA,380.0,2019,10,17356.025539792805,0.168,2915.812290685192
23_59062,ITA,380.0,2019,6,19125.709184758547,0.168,3213.119143039436
23_59062,ITA,380.0,2019,7,3406.5986107255458,0.168,572.3085666018917
23_59062,ITA,380.0,2019,8,17289.829931289605,0.168,2904.6914284566537
23_59062,ITA,380.0,2019,9,7993.64003695657,0.168,1342.931526208704
23_59062,ITA,380.0,2019,10,23233.595453941824,0.168,3903.2440362622265
23_59066,ITA,380.0,2019,5,252685.31362852652,0.168,42451.13268959247
23_59066,ITA,380.0,2019,6,320075.3650870067,0.168,53772.66133461713
23_59066,ITA,380.0,2019,7,104667.44518821764,0.168,17584.130791620562
23_59066,ITA,380.0,2019,8,112861.6354358733,0.168,18960.754753226716
23_59066,ITA,380.0,2019,9,253259.500425775,0.168,42547.596071530206
23_59066,ITA,380.0,2019,10,20712.891328887068,0.168,3479.765743253028
23_59070,ITA,380.0,2019,5,150697.8667463435,0.168,25317.241613385708
23_59070,ITA,380.0,2019,6,196967.3548409746,0.168,33090.51561328374
23_59070,ITA,380.0,2019,7,113890.49829407904,0.168,19133.60371340528
23_59070,ITA,380.0,2019,8,88055.1170793197,0.168,14793.25966932571
23_59070,ITA,380.0,2019,9,80711.92462989851,0.168,13559.60333782295
23_59070,ITA,380.0,2019,10,18457.08158036541,0.168,3100.789705501389
23_59071,ITA,380.0,2019,5,77995.62164888927,0.168,13103.264437013398
23_59071,ITA,380.0,2019,6,290400.30170438084,0.168,48787.25068633598
23_59071,ITA,380.0,2019,7,220854.0972471597,0.168,37103.48833752282
23_59071,ITA,380.0,2019,8,184286.58724458207,0.168,30960.14665708979
23_59071,ITA,380.0,2019,9,97676.2588750096,0.168,16409.61149100161
23_59071,ITA,380.0,2019,10,21163.01870310544,0.168,3555.3871421217145
23_59072,ITA,380.0,2019,5,25009.70434191725,0.168,4201.630329442099
23_59072,ITA,380.0,2019,6,252370.2216609337,0.168,42398.19723903686
23_59072,ITA,380.0,2019,7,131134.9510581515,0.168,22030.67177776945
23_59072,ITA,380.0,2019,8,80589.81264096266,0.168,13539.088523681728
23_59072,ITA,380.0,2019,9,250965.2868661664,0.168,42162.16819351595
23_59072,ITA,380.0,2019,10,50531.31065796778,0.168,8489.260190538587
23_59073,ITA,380.0,2019,5,38190.743390905336,0.168,6416.044889672097
23_59073,ITA,380.0,2019,6,78574.36987379802,0.168,13200.494138798069
23_59073,ITA,380.0,2019,7,97678.7298068956,0.168,16410.02660755846
23_59073,ITA,380.0,2019,8,95730.68036798557,0.168,16082.754301821577
23_59073,ITA,380.0,2019,9,91746.11180306552,0.168,15413.34678291501
23_59073,ITA,380.0,2019,10,26735.22091785376,0.168,4491.517114199432
23_59075,ITA,380.0,2019,5,30981.26780412656,0.168,5204.852991093263
23_59075,ITA,380.0,2019,6,19729.3393044368,0.168,3314.529003145383
23_59075,ITA,380.0,2019,7,10930.711070497864,0.168,1836.3594598436412
23_59075,ITA,380.0,2019,8,70490.7146382239,0.168,11842.440059221615
23_59075,ITA,380.0,2019,9,18490.542813488388,0.168,3106.4111926660494
23_59075,ITA,380.0,2019,10,1930.849760503172,0.168,324.38275976453286
23_59076,ITA,380.0,2019,5,120540.43395995356,0.168,20250.792905272203
23_59076,ITA,380.0,2019,6,267802.5960873966,0.168,44990.83614268263
23_59076,ITA,380.0,2019,7,203804.1539328668,0.168,34239.097860721624
23_59076,ITA,380.0,2019,8,210102.81085358787,0.168,35297.27222340277
23_59076,ITA,380.0,2019,9,109103.6372176234,0.168,18329.41105256073
23_59078,ITA,380.0,2019,5,34847.33250223582,0.168,5854.351860375617
23_59078,ITA,380.0,2019,6,27686.614380525865,0.168,4651.3512159283455
23_59078,ITA,380.0,2019,7,24173.427718695377,0.168,4061.135856740824
23_59078,ITA,380.0,2019,8,14899.343401300486,0.168,2503.089691418482
23_59078,ITA,380.0,2019,9,7144.274195014054,0.168,1200.238064762361
23_59078,ITA,380.0,2019,10,6862.783745964735,0.168,1152.9476693220756
23_59079,ITA,380.0,2019,6,394437.68223146605,0.168,66265.5306148863
23_59079,ITA,380.0,2019,7,203798.95887684255,0.168,34238.22509130956
23_59079,ITA,380.0,2019,8,109614.59393016918,0.168,18415.251780268423
23_59079,ITA,380.0,2019,9,57293.76964101108,0.168,9625.353299689865
23_59081,ITA,380.0,2019,6,16922.719676251505,0.168,2843.016905610253
23_59081,ITA,380.0,2019,7,7503.909521737574,0.168,1260.6567996519125
23_59081,ITA,380.0,2019,8,6459.969817652766,0.168,1085.2749293656648
23_59081,ITA,380.0,2019,9,4940.310790060283,0.168,829.9722127301276
23_59081,ITA,380.0,2019,10,3031.3850175230486,0.168,509.2726829438722
23_59083,ITA,380.0,2019,5,16037.78881903109,0.168,2694.348521597223
23_59083,ITA,380.0,2019,6,33504.83811870193,0.168,5628.812803941925
23_59083,ITA,380.0,2019,7,35060.33266568964,0.168,5890.13588783586
23_59083,ITA,380.0,2019,8,22994.61459956398,0.168,3863.095252726749
23_59083,ITA,380.0,2019,9,112813.09614888212,0.168,18952.6001530122
23_59083,ITA,380.0,2019,10,10029.593570593608,0.168,1684.9717198597264
23_59085,ITA,380.0,2019,5,18450.76368814459,0.168,3099.7282996082918
23_59085,ITA,380.0,2019,6,131599.87380983232,0.168,22108.77880005183
23_59085,ITA,380.0,2019,7,139623.9836488269,0.168,23456.82925300292
23_59085,ITA,380.0,2019,8,122069.92843080488,0.168,20507.74797637522
23_59085,ITA,380.0,2019,9,96754.35852696867,0.168,16254.73223253074
23_59085,ITA,380.0,2019,10,25153.691888075293,0.168,4225.820237196649
23_59089,ITA,380.0,2019,5,119597.90447914004,0.168,20092.44795249553
23_59089,ITA,380.0,2019,6,199468.701583258,0.168,33510.74186598734
23_59089,ITA,380.0,2019,7,146078.72668507363,0.168,24541.226083092373
23_59089,ITA,380.0,2019,8,246033.86047524985,0.168,41333.688559841976
23_59089,ITA,380.0,2019,9,153525.600596002,0.168,25792.30090012834
23_59089,ITA,380.0,2019,10,18314.512160716986,0.168,3076.838043000454
23_59093,ITA,380.0,2019,5,4659.114143626375,0.168,782.7311761292311
23_59093,ITA,380.0,2019,6,10381.288098981438,0.168,1744.056400628882
23_59093,ITA,380.0,2019,7,25183.33450461662,0.168,4230.800196775593
23_59093,ITA,380.0,2019,8,41771.89877500914,0.168,7017.678994201536
23_59093,ITA,380.0,2019,9,12728.557807068562,0.168,2138.397711587518
23_59093,ITA,380.0,2019,10,4838.569454196737,0.168,812.8796683050518
23_59095,ITA,380.0,2019,5,100548.87895904743,0.168,16892.211665119972
23_59095,ITA,380.0,2019,6,137508.71525787684,0.168,23101.46416332331
23_59095,ITA,380.0,2019,7,179848.84680513132,0.168,30214.606263262063
23_59095,ITA,380.0,2019,8,108383.02199075487,0.168,18208.347694446824
23_59095,ITA,380.0,2019,9,84815.95105187739,0.168,14249.079776715402
23_59095,ITA,380.0,2019,10,44667.32523542589,0.168,7504.11063955155
23_59099,ITA,380.0,2019,5,3971.42821569285,0.168,667.1999402363989
23_59099,ITA,380.0,2019,6,25613.61812577497,0.168,4303.087845130196
23_59099,ITA,380.0,2019,7,18311.65619951406,0.168,3076.358241518362
23_59099,ITA,380.0,2019,8,11372.080927533249,0.168,1910.5095958255856
23_59099,ITA,380.0,2019,9,15056.639847357796,0.168,2529.51549435611
23_59099,ITA,380.0,2019,10,8692.054449584431,0.168,1460.2651475301843
23_59105,ITA,380.0,2019,6,43002.18054989381,0.168,7224.366332382161
23_59105,ITA,380.0,2019,7,36904.30234650544,0.168,6199.922794212914
23_59105,ITA,380.0,2019,8,17946.55461795555,0.168,3015.0211758165324
23_59105,ITA,380.0,2019,9,15880.6785218061,0.168,2667.9539916634253
23_59112,ITA,380.0,2019,6,6645.320067544432,0.168,1116.4137713474647
23_59112,ITA,380.0,2019,7,3876.4746380724623,0.168,651.2477391961737
23_59112,ITA,380.0,2019,8,766.9976626779232,0.168,128.85560732989111
23_59112,ITA,380.0,2019,9,145.20803766205336,0.168,24.394950327224965
23_59116,ITA,380.0,2019,6,226675.42871491305,0.168,38081.4720241054
23_59116,ITA,380.0,2019,7,176406.78471726284,0.168,29636.33983250016
23_59116,ITA,380.0,2019,8,215285.491298394,0.168,36167.9625381302
23_59116,ITA,380.0,2019,9,131183.0382491759,0.168,22038.750425861555
23_59117,ITA,380.0,2019,5,64369.20808378041,0.168,10814.02695807511
23_59117,ITA,380.0,2019,6,141078.9707213509,0.168,23701.26708118695
23_59117,ITA,380.0,2019,7,95292.71468747154,0.168,16009.17606749522
23_59117,ITA,380.0,2019,8,241911.33035094503,0.168,40641.10349895877
23_59117,ITA,380.0,2019,9,134051.94023017853,0.168,22520.725958669995
23_59117,ITA,380.0,2019,10,30490.134950273343,0.168,5122.342671645923
23_59118,ITA,380.0,2019,6,229788.23606652857,0.168,38604.4236591768
23_59118,ITA,380.0,2019,7,195312.5215856387,0.168,32812.503626387304
23_59118,ITA,380.0,2019,8,290385.90722236887,0.168,48784.83241335797
23_59118,ITA,380.0,2019,9,229315.82620226408,0.168,38525.05880198037
23_59118,ITA,380.0,2019,10,79398.20922841392,0.168,13338.89915037354
23_59120,ITA,380.0,2019,5,40760.50271086717,0.168,6847.764455425685
23_59120,ITA,380.0,2019,6,65342.02946347239,0.168,10977.460949863362
23_59120,ITA,380.0,2019,7,24140.2875263996,0.168,4055.568304435133
23_59120,ITA,380.0,2019,8,93447.925791442,0.168,15699.251532962257
23_59120,ITA,380.0,2019,9,33249.69786648228,0.168,5585.949241569024
23_59120,ITA,380.0,2019,10,4550.27205691992,0.168,764.4457055625467
23_59122,ITA,380.0,2019,6,26626.567821968583,0.168,4473.263394090723
23_59122,ITA,380.0,2019,7,21138.08047297196,0.168,3551.1975194592887
23_59122,ITA,380.0,2019,8,20513.546961007964,0.168,3446.275889449338
23_59122,ITA,380.0,2019,9,4588.159971053049,0.168,770.8108751369123
23_59122,ITA,380.0,2019,10,3320.6547465353497,0.168,557.8699974179387
23_59125,ITA,380.0,2019,5,10081.554561463272,0.168,1693.7011663258295
23_59125,ITA,380.0,2019,6,51148.7871519864,0.168,8592.996241533716
23_59125,ITA,380.0,2019,7,22615.250490669987,0.168,3799.362082432558
23_59125,ITA,380.0,2019,8,27790.36162600904,0.168,4668.78075316952
23_59125,ITA,380.0,2019,9,21734.847108512757,0.168,3651.454314230143
23_59125,ITA,380.0,2019,10,3280.6302059383383,0.168,551.1458745976408
23_59129,ITA,380.0,2019,6,224520.4934915936,0.168,37719.44290658773
23_59129,ITA,380.0,2019,7,253751.36708233092,0.168,42630.229669831606
23_59129,ITA,380.0,2019,8,186236.4207456599,0.168,31287.718685270866
23_59129,ITA,380.0,2019,9,92014.9240898199,0.168,15458.507247089745
23_59129,ITA,380.0,2019,10,49710.98902880699,0.168,8351.446156839575
23_59133,ITA,380.0,2019,6,39181.138510648736,0.168,6582.431269788988
23_59133,ITA,380.0,2019,7,26691.462794639858,0.168,4484.165749499496
23_59133,ITA,380.0,2019,8,19615.61547456525,0.168,3295.4233997269616
23_59133,ITA,380.0,2019,9,22116.41616101232,0.168,3715.557915050069
23_59133,ITA,380.0,2019,10,4251.536739166888,0.168,714.2581721800371
23_59134,ITA,380.0,2019,6,95359.06359572482,0.168,16020.32268408177
23_59134,ITA,380.0,2019,7,103777.74685573216,0.168,17434.661471763004
23_59134,ITA,380.0,2019,8,153253.37350525582,0.168,25746.56674888298
23_59134,ITA,380.0,2019,9,113277.2085054262,0.168,19030.571028911603
23_59134,ITA,380.0,2019,10,40896.36128804948,0.168,6870.588696392312
23_59135,ITA,380.0,2019,6,18377.598236776063,0.168,3087.4365037783787
23_59135,ITA,380.0,2019,7,21196.43164664388,0.168,3561.000516636171
23_59135,ITA,380.0,2019,8,28150.514268188632,0.168,4729.28639705569
23_59135,ITA,380.0,2019,9,51669.47553788101,0.168,8680.47189036401
23_59135,ITA,380.0,2019,10,8909.387751236063,0.168,1496.7771422076587
23_59136,ITA,380.0,2019,5,15000.461724895871,0.168,2520.077569782507
23_59136,ITA,380.0,2019,6,27703.166053209185,0.168,4654.131896939143
23_59136,ITA,380.0,2019,7,47820.82422466986,0.168,8033.898469744537
23_59136,ITA,380.0,2019,8,52795.07637207937,0.168,8869.572830509334
23_59136,ITA,380.0,2019,9,29737.29924451115,0.168,4995.866273077873
23_59136,ITA,380.0,2019,10,13882.21246296028,0.168,2332.211693777327
23_59137,ITA,380.0,2019,6,18332.17755714965,0.168,3079.8058296011422
23_59137,ITA,380.0,2019,7,29857.681942169995,0.168,5016.09056628456
23_59137,ITA,380.0,2019,8,31143.3288697861,0.168,5232.079250124065
23_59146,ITA,380.0,2019,6,329207.6422949349,0.168,55306.88390554908
23_59146,ITA,380.0,2019,7,318968.138899281,0.168,53586.64733507921
23_59146,ITA,380.0,2019,8,312536.91193679674,0.168,52506.201205381854
23_59146,ITA,380.0,2019,9,120440.10127013476,0.168,20233.93701338264
23_59146,ITA,380.0,2019,10,48638.421753784365,0.168,8171.254854635774
23_59154,ITA,380.0,2019,6,521216.3392648096,0.168,87564.34499648803
23_59154,ITA,380.0,2019,7,189722.10048830777,0.168,31873.31288203571
23_59154,ITA,380.0,2019,8,435195.5730709099,0.168,73112.85627591287
23_59154,ITA,380.0,2019,9,287682.1913983905,0.168,48330.60815492961
23_59154,ITA,380.0,2019,10,162452.63176185306,0.168,27292.04213599132
23_59158,ITA,380.0,2019,5,18702.75894616677,0.168,3142.0635029560176
23_59158,ITA,380.0,2019,6,60577.07630243625,0.168,10176.948818809293
23_59158,ITA,380.0,2019,7,32724.65473396476,0.168,5497.741995306081
23_59158,ITA,380.0,2019,8,42726.15322491575,0.168,7177.9937417858455
23_59158,ITA,380.0,2019,9,16867.485803635413,0.168,2833.7376150107493
23_59158,ITA,380.0,2019,10,9584.9516693958,0.168,1610.2718804584947
23_59159,ITA,380.0,2019,6,45168.49465668471,0.168,7588.307102323031
23_59159,ITA,380.0,2019,7,1964.812057884679,0.168,330.0884257246261
23_59159,ITA,380.0,2019,8,7561.230303807197,0.168,1270.2866910396092
23_59159,ITA,380.0,2019,9,6859.734009001991,0.168,1152.4353135123345
23_59159,ITA,380.0,2019,10,1884.1907864318184,0.168,316.5440521205455
23_59163,ITA,380.0,2019,6,103693.61635070304,0.168,17420.52754691811
23_59163,ITA,380.0,2019,7,112436.54807969368,0.168,18889.34007738854
23_59163,ITA,380.0,2019,8,103949.54349535918,0.168,17463.52330722034
23_59163,ITA,380.0,2019,9,75415.26639943494,0.168,12669.76475510507
23_59163,ITA,380.0,2019,10,5476.663089237595,0.168,920.079398991916
23_59164,ITA,380.0,2019,5,11741.439219729164,0.168,1972.5617889145
23_59164,ITA,380.0,2019,6,46465.09678975137,0.168,7806.13626067823
23_59164,ITA,380.0,2019,7,38248.37940631984,0.168,6425.727740261733
23_59164,ITA,380.0,2019,8,32783.25336652053,0.168,5507.586565575449
23_59164,ITA,380.0,2019,9,41738.03730633284,0.168,7011.990267463917
23_59164,ITA,380.0,2019,10,5969.702536693801,0.168,1002.9100261645588
23_59165,ITA,380.0,2019,5,1841.397985204225,0.168,309.35486151430985
23_59165,ITA,380.0,2019,6,24043.61794458782,0.168,4039.3278146907537
23_59165,ITA,380.0,2019,7,37185.63017126481,0.168,6247.185868772489
23_59165,ITA,380.0,2019,8,18262.93590308616,0.168,3068.173231718474
23_59165,ITA,380.0,2019,9,9105.795677759555,0.168,1529.7736738636054
23_59165,ITA,380.0,2019,10,4772.2751459362025,0.168,801.7422245172821
23_59168,ITA,380.0,2019,5,22172.939975228863,0.168,3725.05391583845
23_59168,ITA,380.0,2019,6,53373.30151277993,0.168,8966.714654147028
23_59168,ITA,380.0,2019,7,29577.02379879073,0.168,4968.939998196844
23_59168,ITA,380.0,2019,8,75976.07852183295,0.168,12763.981191667935
23_59168,ITA,380.0,2019,9,79227.42984393168,0.168,13310.208213780525
23_59168,ITA,380.0,2019,10,10596.274022019988,0.168,1780.1740356993582
23_59169,ITA,380.0,2019,6,54775.893800963146,0.168,9202.350158561809
23_59169,ITA,380.0,2019,7,37851.173893782,0.168,6358.997214155376
23_59169,ITA,380.0,2019,8,53586.58201931827,0.168,9002.54577924547
23_59169,ITA,380.0,2019,9,5781.767477913443,0.168,971.3369362894584
23_59169,ITA,380.0,2019,10,6310.335870928652,0.168,1060.1364263160135
23_59170,ITA,380.0,2019,6,5439.135655977667,0.168,913.774790204248
23_59170,ITA,380.0,2019,7,8743.72573163722,0.168,1468.945922915053
23_59170,ITA,380.0,2019,8,16711.177644413245,0.168,2807.477844261425
23_59170,ITA,380.0,2019,9,7281.855061239081,0.168,1223.3516502881655
23_59172,ITA,380.0,2019,5,50267.43387509738,0.168,8444.928891016361
23_59172,ITA,380.0,2019,6,54558.45167242529,0.168,9165.819880967449
23_59172,ITA,380.0,2019,7,73336.24053860253,0.168,12320.488410485226
23_59172,ITA,380.0,2019,8,70823.00625446557,0.168,11898.265050750217
23_59172,ITA,380.0,2019,9,28271.692388245872,0.168,4749.644321225307
23_59172,ITA,380.0,2019,10,16115.158894342045,0.168,2707.346694249464
23_59173,ITA,380.0,2019,5,104868.93971727187,0.168,17617.981872501678
23_59173,ITA,380.0,2019,6,371687.71044573456,0.168,62443.53535488341
23_59173,ITA,380.0,2019,7,307806.60606685845,0.168,51711.50981923223
23_59173,ITA,380.0,2019,8,336044.5364717842,0.168,56455.48212725975
23_59173,ITA,380.0,2019,9,359362.02560882136,0.168,60372.820302282
23_59173,ITA,380.0,2019,10,81705.69930884747,0.168,13726.557483886376
23_59183,ITA,380.0,2019,5,75875.44459698857,0.168,12747.074692294082
23_59183,ITA,380.0,2019,6,264802.0855281591,0.168,44486.75036873073
23_59183,ITA,380.0,2019,7,159467.591754212,0.168,26790.55541470761
23_59183,ITA,380.0,2019,8,249379.5682755053,0.168,41895.767470284896
23_59183,ITA,380.0,2019,9,129439.71096577636,0.168,21745.87144225043
23_59183,ITA,380.0,2019,10,33306.736403843905,0.168,5595.5317158457765
23_59187,ITA,380.0,2019,5,18476.259665758364,0.168,3104.011623847405
23_59187,ITA,380.0,2019,6,82589.0326623197,0.168,13874.95748726971
23_59187,ITA,380.0,2019,7,52255.61954302271,0.168,8778.944083227816
23_59187,ITA,380.0,2019,8,28873.68748807928,0.168,4850.779497997319
23_59187,ITA,380.0,2019,9,18315.8224564182,0.168,3077.058172678258
23_59187,ITA,380.0,2019,10,8120.561081212277,0.168,1364.2542616436626
23_59190,ITA,380.0,2019,6,196685.9597694079,0.168,33043.241241260526
23_59190,ITA,380.0,2019,7,75928.95310459934,0.168,12756.064121572688
23_59190,ITA,380.0,2019,8,71672.34445386358,0.168,12040.953868249082
23_59190,ITA,380.0,2019,9,20155.663557979984,0.168,3386.1514777406373
23_59201,ITA,380.0,2019,6,4040.897440850228,0.168,678.8707700628383
23_59201,ITA,380.0,2019,7,11258.757548350555,0.168,1891.4712681228932
23_59201,ITA,380.0,2019,8,18789.637067738884,0.168,3156.659027380133
23_59201,ITA,380.0,2019,9,3124.486589702891,0.168,524.9137470700857
23_59201,ITA,380.0,2019,10,1620.7176437698165,0.168,272.2805641533292
23_59205,ITA,380.0,2019,5,160662.84381810584,0.168,26991.357761441785
23_59205,ITA,380.0,2019,6,1114964.6294377693,0.168,187314.0577455453
23_59205,ITA,380.0,2019,7,1396021.2045466097,0.168,234531.5623638304
23_59205,ITA,380.0,2019,8,1456644.2807378173,0.168,244716.2391639533
23_59205,ITA,380.0,2019,9,783990.2165881334,0.168,131710.3563868064
23_59205,ITA,380.0,2019,10,320004.5323058292,0.168,53760.7614273793
23_59206,ITA,380.0,2019,6,298363.4479508416,0.168,50125.0592557414
23_59206,ITA,380.0,2019,7,358176.67040960194,0.168,60173.68062881313
23_59206,ITA,380.0,2019,8,320934.0097281995,0.168,53916.91363433752
23_59206,ITA,380.0,2019,9,255253.78850161048,0.168,42882.63646827056
23_59206,ITA,380.0,2019,10,137124.44550235523,0.168,23036.90684439568
23_59210,ITA,380.0,2019,6,30330.11086566937,0.168,5095.458625432454
23_59210,ITA,380.0,2019,7,21806.55963042992,0.168,3663.502017912227
23_59210,ITA,380.0,2019,8,32116.966905872054,0.168,5395.650440186505
23_59210,ITA,380.0,2019,9,6174.404357773404,0.168,1037.299932105932
23_59215,ITA,380.0,2019,5,8252.23816599035,0.168,1386.3760118863788
23_59215,ITA,380.0,2019,6,77487.21862448646,0.168,13017.852728913726
23_59215,ITA,380.0,2019,7,29189.26207122284,0.168,4903.796027965438
23_59215,ITA,380.0,2019,8,39313.79450986032,0.168,6604.717477656533
23_59215,ITA,380.0,2019,9,40896.92662039968,0.168,6870.683672227147
23_59215,ITA,380.0,2019,10,12056.71786011044,0.168,2025.528600498554
23_59217,ITA,380.0,2019,6,13390.836522537276,0.168,2249.6605357862627
23_59217,ITA,380.0,2019,7,4380.897819689966,0.168,735.9908337079144
23_59217,ITA,380.0,2019,8,5451.025922722916,0.168,915.77235501745
23_59217,ITA,380.0,2019,9,6662.3625720009695,0.168,1119.276912096163
23_59217,ITA,380.0,2019,10,1259.4321399975363,0.168,211.5845995195861
23_59220,ITA,380.0,2019,5,59734.42825419287,0.168,10035.383946704404
23_59220,ITA,380.0,2019,6,379498.5413830495,0.168,63755.75495235232
23_59220,ITA,380.0,2019,7,476892.2085564297,0.168,80117.89103748019
23_59220,ITA,380.0,2019,8,414814.28099261055,0.168,69688.79920675857
23_59220,ITA,380.0,2019,9,323962.90997219854,0.168,54425.76887532936
23_59220,ITA,380.0,2019,10,138113.33617950534,0.168,23203.040478156898
23_59223,ITA,380.0,2019,6,7567.756540259485,0.168,1271.3830987635936
23_59223,ITA,380.0,2019,7,22109.67377023598,0.168,3714.4251933996447
23_59223,ITA,380.0,2019,8,30640.02444209564,0.168,5147.524106272068
23_59223,ITA,380.0,2019,9,11075.417264668577,0.168,1860.670100464321
23_59223,ITA,380.0,2019,10,4127.723381282904,0.168,693.4575280555279
23_59224,ITA,380.0,2019,5,54490.09341639098,0.168,9154.335693953686
23_59224,ITA,380.0,2019,6,342455.83420145605,0.168,57532.58014584462
23_59224,ITA,380.0,2019,7,375458.9961554993,0.168,63077.11135412389
23_59224,ITA,380.0,2019,8,352603.8108931361,0.168,59237.44023004687
23_59224,ITA,380.0,2019,9,180870.96237684577,0.168,30386.32167931009
23_59224,ITA,380.0,2019,10,53632.46027112033,0.168,9010.253325548216
23_59226,ITA,380.0,2019,6,69330.89349979862,0.168,11647.590107966167
23_59226,ITA,380.0,2019,7,39965.72790330661,0.168,6714.242287755511
23_59226,ITA,380.0,2019,8,20943.34539293044,0.168,3518.4820260123142
23_59226,ITA,380.0,2019,9,25892.3250425084,0.168,4349.910607141411
23_59227,ITA,380.0,2019,6,22786.275205210208,0.168,3828.0942344753153
23_59227,ITA,380.0,2019,7,16221.356270618666,0.168,2725.187853463936
23_59227,ITA,380.0,2019,8,18547.32466014251,0.168,3115.950542903942
23_59227,ITA,380.0,2019,9,9165.665206493775,0.168,1539.8317546909543
23_59227,ITA,380.0,2019,10,18811.428416729486,0.168,3160.319974010554
23_59228,ITA,380.0,2019,6,171803.94827563895,0.168,28863.063310307345
23_59228,ITA,380.0,2019,7,182593.60557858765,0.168,30675.725737202727
23_59228,ITA,380.0,2019,8,350331.79698681965,0.168,58855.74189378571
23_59228,ITA,380.0,2019,9,79006.79098552941,0.168,13273.140885568942
23_59228,ITA,380.0,2019,10,55487.99648766224,0.168,9321.983409927258
23_59229,ITA,380.0,2019,5,14350.856101078469,0.168,2410.9438249811824
23_59229,ITA,380.0,2019,6,56282.90890296338,0.168,9455.528695697849
23_59229,ITA,380.0,2019,7,32301.960524682017,0.168,5426.729368146579
23_59229,ITA,380.0,2019,8,82680.91555839946,0.168,13890.39381381111
23_59229,ITA,380.0,2019,9,39618.32827002297,0.168,6655.879149363859
23_59229,ITA,380.0,2019,10,34750.181060334064,0.168,5838.030418136123
23_59230,ITA,380.0,2019,6,113834.67223034828,0.168,19124.22493469851
23_59230,ITA,380.0,2019,7,46318.18570445747,0.168,7781.455198348855
23_59230,ITA,380.0,2019,8,70012.05937755127,0.168,11762.025975428614
23_59230,ITA,380.0,2019,9,57871.17376909599,0.168,9722.357193208129
23_59230,ITA,380.0,2019,10,17684.25489572718,0.168,2970.9548224821665
23_59232,ITA,380.0,2019,5,93361.51330763818,0.168,15684.734235683214
23_59232,ITA,380.0,2019,6,800503.4519700053,0.168,134484.5799309609
23_59232,ITA,380.0,2019,7,1075434.397006421,0.168,180672.97869707868
23_59232,ITA,380.0,2019,8,1083623.76125925,0.168,182048.791891554
23_59232,ITA,380.0,2019,9,539343.7461686715,0.168,90609.74935633682
23_59232,ITA,380.0,2019,10,213925.038473348,0.168,35939.40646352246
23_59233,ITA,380.0,2019,5,5433.7479458495845,0.168,912.8696549027304
23_59233,ITA,380.0,2019,6,35741.37415879025,0.168,6004.550858676762
23_59233,ITA,380.0,2019,7,18522.58762817812,0.168,3111.7947215339245
23_59233,ITA,380.0,2019,8,20334.56873423501,0.168,3416.2075473514824
23_59233,ITA,380.0,2019,9,6765.223380673412,0.168,1136.557527953133
23_59233,ITA,380.0,2019,10,9912.980977618134,0.168,1665.3808042398466
23_59234,ITA,380.0,2019,6,224501.5941005348,0.168,37716.26780888985
23_59234,ITA,380.0,2019,7,198107.37086782383,0.168,33282.038305794405
23_59234,ITA,380.0,2019,8,223576.5352021548,0.168,37560.85791396201
23_59234,ITA,380.0,2019,9,178683.20711872866,0.168,30018.77879594642
23_59234,ITA,380.0,2019,10,40804.22230645705,0.168,6855.109347484785
23_59237,ITA,380.0,2019,5,20912.25835676692,0.168,3513.259403936843
23_59237,ITA,380.0,2019,6,120602.29110803588,0.168,20261.184906150032
23_59237,ITA,380.0,2019,7,127248.20223483868,0.168,21377.6979754529
23_59237,ITA,380.0,2019,8,158883.47149693666,0.168,26692.42321148536
23_59237,ITA,380.0,2019,9,91463.19312423488,0.168,15365.81644487146
23_59237,ITA,380.0,2019,10,24739.20793824431,0.168,4156.186933625045
23_59238,ITA,380.0,2019,5,76711.85366253805,0.168,12887.591415306391
23_59238,ITA,380.0,2019,6,476274.8536453284,0.168,80014.17541241518
23_59238,ITA,380.0,2019,7,506039.9098565543,0.168,85014.70485590113
23_59238,ITA,380.0,2019,8,522191.38931,0.168,87728.15340407999
23_59238,ITA,380.0,2019,9,207252.2821691186,0.168,34818.38340441193
23_59238,ITA,380.0,2019,10,56060.79332545428,0.168,9418.21327867632
23_59239,ITA,380.0,2019,5,11727.638583815036,0.168,1970.2432820809263
23_59239,ITA,380.0,2019,6,65720.48584140358,0.168,11041.041621355804
23_59239,ITA,380.0,2019,7,34511.63053202165,0.168,5797.953929379637
23_59239,ITA,380.0,2019,8,14987.268043585842,0.168,2517.8610313224217
23_59239,ITA,380.0,2019,9,29190.052841557317,0.168,4903.928877381629
23_59239,ITA,380.0,2019,10,11642.172129827586,0.168,1955.8849178110345
23_59241,ITA,380.0,2019,5,37016.26129067706,0.168,6218.731896833747
23_59241,ITA,380.0,2019,6,108961.83763653932,0.168,18305.588722938606
23_59241,ITA,380.0,2019,7,84000.14507611778,0.168,14112.024372787788
23_59241,ITA,380.0,2019,8,188780.28312007576,0.168,31715.08756417273
23_59241,ITA,380.0,2019,9,44460.45347039469,0.168,7469.356183026309
23_59241,ITA,380.0,2019,10,36959.23407512313,0.168,6209.151324620687
23_59243,ITA,380.0,2019,5,643.515435725284,0.168,108.1105932018477
23_59243,ITA,380.0,2019,6,2045.5236989712355,0.168,343.6479814271676
23_59243,ITA,380.0,2019,7,4818.311212555657,0.168,809.4762837093505
23_59243,ITA,380.0,2019,8,7049.742318869662,0.168,1184.3567095701032
23_59243,ITA,380.0,2019,9,6811.057907213171,0.168,1144.2577284118129
23_59243,ITA,380.0,2019,10,4407.116238787819,0.168,740.3955281163537
23_59246,ITA,380.0,2019,6,49436.40334649929,0.168,8305.315762211882
23_59246,ITA,380.0,2019,7,11496.35540028778,0.168,1931.3877072483476
23_59246,ITA,380.0,2019,8,41263.35668719583,0.168,6932.2439234489
23_59246,ITA,380.0,2019,9,16386.133818065457,0.168,2752.8704814349967
23_59246,ITA,380.0,2019,10,7953.463959527694,0.168,1336.1819452006528
23_59250,ITA,380.0,2019,6,19962.705658856627,0.168,3353.7345506879133
23_59250,ITA,380.0,2019,7,22390.07192894876,0.168,3761.5320840633913
23_59250,ITA,380.0,2019,8,5198.575899844343,0.168,873.3607511738497
23_59250,ITA,380.0,2019,9,20823.277417170408,0.168,3498.3106060846285
23_59250,ITA,380.0,2019,10,7875.990906641738,0.168,1323.166472315812
23_59251,ITA,380.0,2019,5,176224.16969228158,0.168,29605.660508303303
23_59251,ITA,380.0,2019,6,1320506.6218914038,0.168,221845.11247775584
23_59251,ITA,380.0,2019,7,1422962.5441090623,0.168,239057.70741032253
23_59251,ITA,380.0,2019,8,1634704.6726461323,0.168,274630.3850045503
23_59251,ITA,380.0,2019,9,963828.7601380646,0.168,161923.23170319488
23_59251,ITA,380.0,2019,10,334851.1441287362,0.168,56254.99221362769
23_59258,ITA,380.0,2019,5,7604.175953885992,0.168,1277.5015602528467
23_59258,ITA,380.0,2019,6,22422.794028106426,0.168,3767.02939672188
23_59258,ITA,380.0,2019,7,43463.086745743065,0.168,7301.798573284836
23_59258,ITA,380.0,2019,8,10050.04639422635,0.168,1688.407794230027
23_59258,ITA,380.0,2019,9,45609.75384099482,0.168,7662.4386452871295
23_59258,ITA,380.0,2019,10,548.3605525660472,0.168,92.12457283109592
23_59263,ITA,380.0,2019,5,13651.395134871576,0.168,2293.4343826584245
23_59263,ITA,380.0,2019,6,132348.5242109924,0.168,22234.55206744673
23_59263,ITA,380.0,2019,7,153441.27514061387,0.168,25778.13422362313
23_59263,ITA,380.0,2019,8,152580.35764829916,0.168,25633.50008491426
23_59263,ITA,380.0,2019,9,47984.22072107119,0.168,8061.34908113996
23_59263,ITA,380.0,2019,10,17356.41435817431,0.168,2915.877612173284
23_59264,ITA,380.0,2019,5,52286.1022476391,0.168,8784.06517760337
23_59264,ITA,380.0,2019,6,115032.02977780969,0.168,19325.381002672028
23_59264,ITA,380.0,2019,7,180452.19722041575,0.168,30315.96913302985
23_59264,ITA,380.0,2019,8,220423.7803258593,0.168,37031.19509474437
23_59264,ITA,380.0,2019,9,155703.57176981977,0.168,26158.200057329723
23_59264,ITA,380.0,2019,10,35151.859112540384,0.168,5905.512330906785
23_59265,ITA,380.0,2019,6,24023.32331030434,0.168,4035.918316131129
23_59265,ITA,380.0,2019,7,82262.88061714056,0.168,13820.163943679614
23_59265,ITA,380.0,2019,8,161971.4156597147,0.168,27211.19783083207
23_59265,ITA,380.0,2019,9,27146.2875611063,0.168,4560.576310265858
23_59265,ITA,380.0,2019,10,51688.596859491256,0.168,8683.684272394532
23_59267,ITA,380.0,2019,6,110195.4888383918,0.168,18512.84212484982
23_59267,ITA,380.0,2019,7,25647.28591526689,0.168,4308.744033764837
23_59267,ITA,380.0,2019,8,53067.28023252513,0.168,8915.303079064222
23_59267,ITA,380.0,2019,9,23169.28808381054,0.168,3892.4403980801712
23_59267,ITA,380.0,2019,10,11528.296054510558,0.168,1936.753737157774
23_59270,ITA,380.0,2019,5,58917.30508567324,0.168,9898.107254393104
23_59270,ITA,380.0,2019,6,34241.66731569979,0.168,5752.600109037566
23_59270,ITA,380.0,2019,7,4749.967226923273,0.168,797.9944941231099
23_59270,ITA,380.0,2019,8,28014.44720730475,0.168,4706.427130827198
23_59270,ITA,380.0,2019,9,27648.361921368716,0.168,4644.924802789944
23_59270,ITA,380.0,2019,10,8341.660444719044,0.168,1401.3989547127994
23_59271,ITA,380.0,2019,6,374010.3437452666,0.168,62833.7377492048
23_59271,ITA,380.0,2019,7,601061.1804155043,0.168,100978.27830980472
23_59271,ITA,380.0,2019,8,565608.1091004427,0.168,95022.1623288744
23_59271,ITA,380.0,2019,9,336285.49490356544,0.168,56495.963143799
23_59271,ITA,380.0,2019,10,139939.2852963345,0.168,23509.7999297842
23_59272,ITA,380.0,2019,5,15396.036497722747,0.168,2586.5341316174217
23_59272,ITA,380.0,2019,6,25257.08603392874,0.168,4243.190453700028
23_59272,ITA,380.0,2019,7,11385.509542585249,0.168,1912.7656031543213
23_59272,ITA,380.0,2019,8,7411.501440785585,0.168,1245.1322420519784
23_59272,ITA,380.0,2019,9,5761.324293876418,0.168,967.9024813712384
23_59272,ITA,380.0,2019,10,8841.082885374248,0.168,1485.3019247428738
23_59273,ITA,380.0,2019,5,2145.2495693633414,0.168,360.40192765304135
23_59273,ITA,380.0,2019,6,15800.482182974662,0.168,2654.4810067397434
23_59273,ITA,380.0,2019,7,12032.134599692306,0.168,2021.398612748308
23_59273,ITA,380.0,2019,8,9972.674137965836,0.168,1675.4092551782603
23_59273,ITA,380.0,2019,9,10815.338069476727,0.168,1816.9767956720905
23_59273,ITA,380.0,2019,10,3439.4881328676565,0.168,577.8340063217663
23_59274,ITA,380.0,2019,5,12105.70690025758,0.168,2033.7587592432735
23_59274,ITA,380.0,2019,6,59606.31329661342,0.168,10013.860633831056
23_59274,ITA,380.0,2019,7,67678.09356883861,0.168,11369.919719564889
23_59274,ITA,380.0,2019,8,96637.76370809932,0.168,16235.144302960683
23_59274,ITA,380.0,2019,9,22635.542260492613,0.168,3802.771099762759
23_59274,ITA,380.0,2019,10,18165.08365348665,0.168,3051.734053785758
23_59275,ITA,380.0,2019,5,14023.322867012255,0.168,2355.918241658059
23_59275,ITA,380.0,2019,6,50536.72438748714,0.168,8490.169697097841
23_59275,ITA,380.0,2019,7,58471.92851973854,0.168,9823.283991316075
23_59275,ITA,380.0,2019,8,46297.40906939037,0.168,7777.964723657583
23_59275,ITA,380.0,2019,9,35993.846957657755,0.168,6046.966288886503
23_59275,ITA,380.0,2019,10,20281.06898467289,0.168,3407.219589425045
23_59276,ITA,380.0,2019,6,205458.24822877784,0.168,34516.98570243468
23_59276,ITA,380.0,2019,7,85779.86500384097,0.168,14411.017320645284
23_59276,ITA,380.0,2019,8,82129.15549003273,0.168,13797.6981223255
23_59276,ITA,380.0,2019,9,113852.50077516877,0.168,19127.220130228357
23_59276,ITA,380.0,2019,10,30746.22430496508,0.168,5165.365683234134
23_59278,ITA,380.0,2019,5,26011.916704564355,0.168,4370.002006366812
23_59278,ITA,380.0,2019,6,175023.5900408347,0.168,29403.96312686023
23_59278,ITA,380.0,2019,7,215352.15708538183,0.168,36179.16239034415
23_59278,ITA,380.0,2019,8,196516.517597565,0.168,33014.774956390924
23_59278,ITA,380.0,2019,9,115110.97350001273,0.168,19338.643548002136
23_59278,ITA,380.0,2019,10,39397.06907872897,0.168,6618.707605226467
23_59279,ITA,380.0,2019,5,53396.91476884859,0.168,8970.681681166563
23_59279,ITA,380.0,2019,6,129467.55429806258,0.168,21750.549122074517
23_59279,ITA,380.0,2019,7,68995.94812531461,0.168,11591.319285052854
23_59279,ITA,380.0,2019,8,150037.7016722979,0.168,25206.333880946047
23_59279,ITA,380.0,2019,9,64515.65833777619,0.168,10838.6306007464
23_59279,ITA,380.0,2019,10,31654.456974643545,0.168,5317.948771740116
23_59281,ITA,380.0,2019,6,54209.40799219313,0.168,9107.180542688448
23_59281,ITA,380.0,2019,7,67315.35425149386,0.168,11308.979514250968
23_59281,ITA,380.0,2019,8,51857.97634752365,0.168,8712.140026383975
23_59281,ITA,380.0,2019,9,29992.727548955227,0.168,5038.778228224478
23_59281,ITA,380.0,2019,10,18272.092189271385,0.168,3069.711487797593
23_59282,ITA,380.0,2019,5,17938.60704635125,0.168,3013.68598378701
23_59282,ITA,380.0,2019,6,4742.824112650234,0.168,796.7944509252394
23_59282,ITA,380.0,2019,7,18855.257958133632,0.168,3167.6833369664505
23_59282,ITA,380.0,2019,8,20325.868440855906,0.168,3414.7458980637925
23_59282,ITA,380.0,2019,9,6660.630811009371,0.168,1118.9859762495744
23_59282,ITA,380.0,2019,10,9253.002574746595,0.168,1554.5044325574283
23_59284,ITA,380.0,2019,6,11583.595708470491,0.168,1946.044079023043
23_59284,ITA,380.0,2019,7,3079.96458942891,0.168,517.4340510240569
23_59284,ITA,380.0,2019,8,14886.453061372396,0.168,2500.9241143105623
23_59284,ITA,380.0,2019,9,2404.2952473631585,0.168,403.92160155701066
23_59284,ITA,380.0,2019,10,5292.263053097084,0.168,889.1001929203101
23_59285,ITA,380.0,2019,6,6239.910172475744,0.168,1048.304908975925
23_59285,ITA,380.0,2019,7,8281.25092458428,0.168,1391.250155330159
23_59285,ITA,380.0,2019,8,5917.902072449416,0.168,994.207548171502
23_59285,ITA,380.0,2019,9,5162.965672913503,0.168,867.3782330494686
23_59285,ITA,380.0,2019,10,1108.9388195249353,0.168,186.30172168018916
23_59286,ITA,380.0,2019,6,79939.89733331087,0.168,13429.902751996227
23_59286,ITA,380.0,2019,7,104287.94600160836,0.168,17520.374928270205
23_59286,ITA,380.0,2019,8,83176.79340950021,0.168,13973.701292796037
23_59286,ITA,380.0,2019,9,65053.10755033376,0.168,10928.922068456071
23_59286,ITA,380.0,2019,10,12281.571223957271,0.168,2063.3039656248216
23_59287,ITA,380.0,2019,5,28385.850799378684,0.168,4768.822934295619
23_59287,ITA,380.0,2019,6,142564.65237323806,0.168,23950.861598704
23_59287,ITA,380.0,2019,7,146887.37846491218,0.168,24677.07958210525
23_59287,ITA,380.0,2019,8,108750.3800447991,0.168,18270.06384752625
23_59287,ITA,380.0,2019,9,87368.61582091506,0.168,14677.92745791373
23_59287,ITA,380.0,2019,10,58609.71965106519,0.168,9846.432901378952
23_59291,ITA,380.0,2019,5,28374.32684235989,0.168,4766.886909516461
23_59291,ITA,380.0,2019,6,35889.956895178395,0.168,6029.512758389971
23_59291,ITA,380.0,2019,7,55022.72381731003,0.168,9243.817601308085
23_59291,ITA,380.0,2019,8,47015.46770842675,0.168,7898.598575015695
23_59291,ITA,380.0,2019,9,68430.40083072409,0.168,11496.307339561648
23_59291,ITA,380.0,2019,10,26021.097112205905,0.168,4371.544314850592
23_59293,ITA,380.0,2019,5,75273.75045683612,0.168,12645.990076748469
23_59293,ITA,380.0,2019,6,101185.6517448024,0.168,16999.189493126803
23_59293,ITA,380.0,2019,7,130324.38339316726,0.168,21894.4964100521
23_59293,ITA,380.0,2019,8,113409.89740528712,0.168,19052.86276408824
23_59293,ITA,380.0,2019,9,79752.32726106091,0.168,13398.390979858234
23_59293,ITA,380.0,2019,10,65185.9781386555,0.168,10951.244327294124
23_59294,ITA,380.0,2019,6,10749.54139622168,0.168,1805.9229545652424
23_59294,ITA,380.0,2019,7,16135.64820948549,0.168,2710.7888991935624
23_59294,ITA,380.0,2019,8,7009.228044337396,0.168,1177.5503114486826
23_59294,ITA,380.0,2019,9,4181.4310916121685,0.168,702.4804233908444
23_59294,ITA,380.0,2019,10,1484.1873855306085,0.168,249.34348076914225
23_59296,ITA,380.0,2019,6,140079.1542761515,0.168,23533.29791839345
23_59296,ITA,380.0,2019,7,143760.09915909532,0.168,24151.69665872801
23_59296,ITA,380.0,2019,8,186166.27819108963,0.168,31275.93473610306
23_59296,ITA,380.0,2019,9,86115.2896504659,0.168,14467.368661278271
23_59296,ITA,380.0,2019,10,41440.24049847964,0.168,6961.96040374458
23_59305,ITA,380.0,2019,5,20785.03253143101,0.168,3491.8854652804107
23_59305,ITA,380.0,2019,6,93771.86982486422,0.168,15753.67413057719
23_59305,ITA,380.0,2019,7,124884.89778246716,0.168,20980.66282745448
23_59305,ITA,380.0,2019,8,106294.50632450954,0.168,17857.477062517602
23_59305,ITA,380.0,2019,9,123063.25896901716,0.168,20674.627506794888
23_59305,ITA,380.0,2019,10,15191.444187842906,0.168,2552.162623557608
23_59306,ITA,380.0,2019,5,258.81677027135584,0.168,43.481217405587785
23_59306,ITA,380.0,2019,6,5687.948360776674,0.168,955.5753246104812
23_59306,ITA,380.0,2019,7,2290.305618477764,0.168,384.77134390426426
23_59306,ITA,380.0,2019,8,4939.421402873039,0.168,829.8227956826706
23_59306,ITA,380.0,2019,9,7637.005459525752,0.168,1283.0169172003264
23_59306,ITA,380.0,2019,10,1076.1727086672383,0.168,180.7970150560961
23_59307,ITA,380.0,2019,6,25194.30604018623,0.168,4232.643414751287
23_59307,ITA,380.0,2019,7,28388.165783483884,0.168,4769.211851625293
23_59307,ITA,380.0,2019,8,22807.518102684466,0.168,3831.6630412509903
23_59307,ITA,380.0,2019,9,9796.6170873725,0.168,1645.83167067858
23_59307,ITA,380.0,2019,10,7317.174779285319,0.168,1229.2853629199335
23_59308,ITA,380.0,2019,4,78297.14470355769,0.168,13153.920310197693
23_59308,ITA,380.0,2019,5,153177.61197030754,0.168,25733.83881101167
23_59308,ITA,380.0,2019,6,658118.0523228833,0.168,110563.8327902444
23_59308,ITA,380.0,2019,7,889336.8907252203,0.168,149408.59764183703
23_59308,ITA,380.0,2019,8,871474.2212801543,0.168,146407.66917506594
23_59308,ITA,380.0,2019,9,641652.9235394114,0.168,107797.69115462112
23_59308,ITA,380.0,2019,10,310602.7123432489,0.168,52181.255673665815
23_59308,ITA,380.0,2019,11,75102.18296632393,0.168,12617.16673834242
23_59309,ITA,380.0,2019,5,30645.56056845221,0.168,5148.454175499972
23_59309,ITA,380.0,2019,6,95180.99915588292,0.168,15990.407858188331
23_59309,ITA,380.0,2019,7,79229.38223703607,0.168,13310.53621582206
23_59309,ITA,380.0,2019,8,73089.8035727582,0.168,12279.08700022338
23_59309,ITA,380.0,2019,9,104893.08984712767,0.168,17622.03909431745
23_59309,ITA,380.0,2019,10,53278.00977826628,0.168,8950.705642748735
23_59313,ITA,380.0,2019,5,203021.0873760607,0.168,34107.5426791782
23_59313,ITA,380.0,2019,6,742786.5420122854,0.168,124788.13905806396
23_59313,ITA,380.0,2019,7,370172.1074617076,0.168,62188.91405356687
23_59313,ITA,380.0,2019,8,283109.08392919187,0.168,47562.32610010424
23_59313,ITA,380.0,2019,9,297481.1808034665,0.168,49976.83837498237
23_59313,ITA,380.0,2019,10,79813.02317870711,0.168,13408.587894022796
23_59314,ITA,380.0,2019,5,14756.0526278641,0.168,2479.0168414811687
23_59314,ITA,380.0,2019,6,7743.349081628385,0.168,1300.8826457135688
23_59314,ITA,380.0,2019,7,28196.81350536173,0.168,4737.06466890077
23_59314,ITA,380.0,2019,8,31159.941930864625,0.168,5234.870244385257
23_59314,ITA,380.0,2019,9,28818.72287235872,0.168,4841.545442556266
23_59314,ITA,380.0,2019,10,7613.55865312915,0.168,1279.0778537256972
23_59315,ITA,380.0,2019,5,54178.23240208657,0.168,9101.943043550544
23_59315,ITA,380.0,2019,6,214827.35894598265,0.168,36090.99630292509
23_59315,ITA,380.0,2019,7,83670.00524512598,0.168,14056.560881181163
23_59315,ITA,380.0,2019,8,188774.63490364555,0.168,31714.138663812453
23_59315,ITA,380.0,2019,9,118513.81297110928,0.168,19910.32057914636
23_59315,ITA,380.0,2019,10,55851.27767218982,0.168,9383.01464892789
23_59318,ITA,380.0,2019,6,66139.87985513822,0.168,11111.49981566322
23_59318,ITA,380.0,2019,7,50320.74434857553,0.168,8453.88505056069
23_59318,ITA,380.0,2019,8,42619.23452766104,0.168,7160.031400647055
23_59318,ITA,380.0,2019,9,26791.490450865367,0.168,4500.970395745382
23_59318,ITA,380.0,2019,10,7825.068447932502,0.168,1314.6114992526605
23_59319,ITA,380.0,2019,5,146949.08511443392,0.168,24687.4462992249
23_59319,ITA,380.0,2019,6,180372.3743963536,0.168,30302.5588985874
23_59319,ITA,380.0,2019,7,166478.85643568492,0.168,27968.44788119507
23_59319,ITA,380.0,2019,8,148934.7177990088,0.168,25021.03259023348
23_59319,ITA,380.0,2019,9,516650.03046786616,0.168,86797.20511860152
23_59319,ITA,380.0,2019,10,213922.0578174905,0.168,35938.905713338405
23_59320,ITA,380.0,2019,5,260656.2330624406,0.168,43790.24715449002
23_59320,ITA,380.0,2019,6,1867873.9247941007,0.168,313802.8193654089
23_59320,ITA,380.0,2019,7,2237830.2114412426,0.168,375955.4755221288
23_59320,ITA,380.0,2019,8,2431616.100210944,0.168,408511.50483543857
23_59320,ITA,380.0,2019,9,1782330.582866357,0.168,299431.537921548
23_59320,ITA,380.0,2019,10,766688.5845983236,0.168,128803.68221251835
23_59321,ITA,380.0,2019,5,3244.4403791079094,0.168,545.0659836901289
23_59321,ITA,380.0,2019,6,39952.25241060663,0.168,6711.978404981914
23_59321,ITA,380.0,2019,7,20830.545898004308,0.168,3499.531710864724
23_59321,ITA,380.0,2019,8,26256.12288736272,0.168,4411.028645076937
23_59321,ITA,380.0,2019,9,10555.699577361878,0.168,1773.3575289967955
23_59321,ITA,380.0,2019,10,6505.802940400457,0.168,1092.9748939872768
23_59327,ITA,380.0,2019,5,57056.32146204321,0.168,9585.46200562326
23_59327,ITA,380.0,2019,6,127976.24599953808,0.168,21500.0093279224
23_59327,ITA,380.0,2019,7,147178.86967200247,0.168,24726.050104896414
23_59327,ITA,380.0,2019,8,184941.353950598,0.168,31070.14746370047
23_59327,ITA,380.0,2019,9,160452.3212665088,0.168,26955.98997277348
23_59327,ITA,380.0,2019,10,56740.60190827731,0.168,9532.421120590589
23_59329,ITA,380.0,2019,6,33241.783919923306,0.168,5584.619698547116
23_59329,ITA,380.0,2019,7,37419.71394943465,0.168,6286.511943505021
23_59329,ITA,380.0,2019,8,14117.40735119311,0.168,2371.7244350004426
23_59329,ITA,380.0,2019,9,2949.423393315459,0.168,495.5031300769972
23_59331,ITA,380.0,2019,4,119376.30745992032,0.168,20055.219653266613
23_59331,ITA,380.0,2019,5,118199.469456777,0.168,19857.510868738536
23_59331,ITA,380.0,2019,6,1027757.2349157945,0.168,172663.2154658535
23_59331,ITA,380.0,2019,7,1172118.617779719,0.168,196915.9277869928
23_59331,ITA,380.0,2019,8,1235425.468521791,0.168,207551.4787116609
23_59331,ITA,380.0,2019,9,797175.8917248541,0.168,133925.5498097755
23_59331,ITA,380.0,2019,10,291552.46442114696,0.168,48980.81402275269
23_59333,ITA,380.0,2019,5,114915.07646545228,0.168,19305.732846195984
23_59333,ITA,380.0,2019,6,39184.14549595372,0.168,6582.936443320225
23_59333,ITA,380.0,2019,7,42438.809354738056,0.168,7129.719971595994
23_59333,ITA,380.0,2019,8,130259.58225615456,0.168,21883.609819033965
23_59333,ITA,380.0,2019,9,56148.777490307,0.168,9432.994618371577
23_59333,ITA,380.0,2019,10,33613.31350653578,0.168,5647.036669098011
23_59337,ITA,380.0,2019,5,9070.304636870933,0.168,1523.8111789943168
23_59337,ITA,380.0,2019,6,49939.85543463046,0.168,8389.895713017917
23_59337,ITA,380.0,2019,7,97258.46161249456,0.168,16339.421550899087
23_59337,ITA,380.0,2019,8,108873.42413644116,0.168,18290.735254922118
23_59337,ITA,380.0,2019,9,39829.40114522778,0.168,6691.339392398267
23_59337,ITA,380.0,2019,10,28108.28564477689,0.168,4722.191988322518
23_59338,ITA,380.0,2019,6,76385.87780397656,0.168,12832.827471068063
23_59338,ITA,380.0,2019,7,26848.41791135636,0.168,4510.534209107869
23_59338,ITA,380.0,2019,8,36232.53447611176,0.168,6087.065791986776
23_59338,ITA,380.0,2019,9,17293.66410220015,0.168,2905.335569169625
23_59342,ITA,380.0,2019,4,5980.539714377402,0.168,1004.7306720154036
23_59342,ITA,380.0,2019,5,329.4012613032429,0.168,55.33941189894481
23_59342,ITA,380.0,2019,6,974.7560216056188,0.168,163.75901162974398
23_59342,ITA,380.0,2019,7,382.05256196019735,0.168,64.18483040931316
23_59342,ITA,380.0,2019,8,4874.153671414284,0.168,818.8578167975998
23_59342,ITA,380.0,2019,9,14622.329006098444,0.168,2456.5512730245387
23_59342,ITA,380.0,2019,10,2281.426244765215,0.168,383.2796091205561
23_59344,ITA,380.0,2019,5,161227.73418639673,0.168,27086.25934331465
23_59344,ITA,380.0,2019,6,276414.10436621646,0.168,46437.569533524365
23_59344,ITA,380.0,2019,7,176745.0751948256,0.168,29693.1726327307
23_59344,ITA,380.0,2019,8,169803.5545088614,0.168,28526.997157488717
23_59344,ITA,380.0,2019,9,162236.8918304834,0.168,27255.79782752121
23_59344,ITA,380.0,2019,10,21976.70478574432,0.168,3692.0864040050456
23_59348,ITA,380.0,2019,6,103270.62031522104,0.168,17349.464212957137
23_59348,ITA,380.0,2019,7,106026.32551289456,0.168,17812.42268616629
23_59348,ITA,380.0,2019,8,179049.67976775713,0.168,30080.3462009832
23_59348,ITA,380.0,2019,9,39403.83627060954,0.168,6619.844493462404
23_59349,ITA,380.0,2019,4,72531.22819685252,0.168,12185.246337071225
23_59349,ITA,380.0,2019,5,30645.523806037025,0.168,5148.44799941422
23_59349,ITA,380.0,2019,6,32796.24347253414,0.168,5509.768903385735
23_59349,ITA,380.0,2019,7,50167.65271974294,0.168,8428.165656916814
23_59349,ITA,380.0,2019,8,38607.39570273207,0.168,6486.042478058988
23_59349,ITA,380.0,2019,9,98146.64270164234,0.168,16488.635973875913
23_59349,ITA,380.0,2019,10,39725.546359972985,0.168,6673.891788475462
23_59349,ITA,380.0,2019,11,108788.6449001913,0.168,18276.49234323214
23_59357,ITA,380.0,2019,5,3545.2658558002263,0.168,595.6046637744381
23_59357,ITA,380.0,2019,6,46166.07302432661,0.168,7755.900268086871
23_59357,ITA,380.0,2019,7,21483.30488101281,0.168,3609.195220010152
23_59357,ITA,380.0,2019,8,24734.93621217767,0.168,4155.469283645849
23_59357,ITA,380.0,2019,9,19870.545742454568,0.168,3338.251684732368
23_59357,ITA,380.0,2019,10,13042.321240130475,0.168,2191.10996834192
23_59358,ITA,380.0,2019,5,15084.5095482934,0.168,2534.197604113291
23_59358,ITA,380.0,2019,6,73236.74190662795,0.168,12303.772640313497
23_59358,ITA,380.0,2019,7,13095.811446190071,0.168,2200.096322959932
23_59358,ITA,380.0,2019,8,59115.07614427812,0.168,9931.332792238723
23_59358,ITA,380.0,2019,9,40102.80897316367,0.168,6737.271907491496
23_59358,ITA,380.0,2019,10,13680.374180875397,0.168,2298.3028623870664
23_59364,ITA,380.0,2019,5,5553.908498543339,0.168,933.056627755281
23_59364,ITA,380.0,2019,6,25760.2598859021,0.168,4327.723660831553
23_59364,ITA,380.0,2019,7,27871.113626723167,0.168,4682.347089289492
23_59364,ITA,380.0,2019,8,23643.79418150713,0.168,3972.1574224931983
23_59364,ITA,380.0,2019,9,22992.20193907087,0.168,3862.6899257639066
23_59364,ITA,380.0,2019,10,30038.206277382968,0.168,5046.418654600338
23_59367,ITA,380.0,2019,6,46018.93120363424,0.168,7731.180442210552
23_59367,ITA,380.0,2019,7,188660.6223259589,0.168,31694.9845507611
23_59367,ITA,380.0,2019,8,188905.28270071093,0.168,31736.08749371944
23_59367,ITA,380.0,2019,9,75564.05376986701,0.168,12694.761033337658
23_59367,ITA,380.0,2019,10,15965.725281401148,0.168,2682.241847275393
23_59369,ITA,380.0,2019,4,99174.9646649426,0.168,16661.39406371036
23_59369,ITA,380.0,2019,5,21005.734229135396,0.168,3528.963350494746
23_59369,ITA,380.0,2019,6,59047.47081937545,0.168,9919.975097655077
23_59369,ITA,380.0,2019,7,112070.10210077802,0.168,18827.77715293071
23_59369,ITA,380.0,2019,8,84009.64897350436,0.168,14113.621027548734
23_59369,ITA,380.0,2019,9,28508.26605281365,0.168,4789.388696872695
23_59369,ITA,380.0,2019,10,24318.83460396069,0.168,4085.564213465397
23_59369,ITA,380.0,2019,11,13502.175439543198,0.168,2268.3654738432574
23_59370,ITA,380.0,2019,5,10849.000228937302,0.168,1822.632038461467
23_59370,ITA,380.0,2019,6,58186.05574478168,0.168,9775.257365123323
23_59370,ITA,380.0,2019,7,73015.44713347421,0.168,12266.59511842367
23_59370,ITA,380.0,2019,8,69422.03350100515,0.168,11662.901628168864
23_59370,ITA,380.0,2019,9,39975.941699815085,0.168,6715.958205568934
23_59370,ITA,380.0,2019,10,21169.556702468304,0.168,3556.4855260146755
23_59372,ITA,380.0,2019,6,28727.83632783913,0.168,4826.276503076974
23_59372,ITA,380.0,2019,7,53028.01371511071,0.168,8908.7063041386
23_59372,ITA,380.0,2019,8,38587.23099570492,0.168,6482.654807278426
23_59372,ITA,380.0,2019,9,19377.387353710736,0.168,3255.401075423404
23_59372,ITA,380.0,2019,10,9492.658695617052,0.168,1594.7666608636648
23_59374,ITA,380.0,2019,4,68377.38963571956,0.168,11487.401458800889
23_59374,ITA,380.0,2019,5,59680.15517171389,0.168,10026.266068847935
23_59374,ITA,380.0,2019,6,545810.7439703677,0.168,91696.20498702176
23_59374,ITA,380.0,2019,7,600250.7366033413,0.168,100842.12374936134
23_59374,ITA,380.0,2019,8,649055.5252508585,0.168,109041.32824214424
23_59374,ITA,380.0,2019,9,435328.9853800535,0.168,73135.26954384899
23_59374,ITA,380.0,2019,10,194229.4814656246,0.168,32630.55288622493
23_59374,ITA,380.0,2019,11,76788.01625944645,0.168,12900.386731587005
23_59376,ITA,380.0,2019,4,21260.299040952905,0.168,3571.730238880088
23_59376,ITA,380.0,2019,5,4827.379910359626,0.168,810.9998249404172
23_59376,ITA,380.0,2019,6,48597.43294781247,0.168,8164.368735232496
23_59376,ITA,380.0,2019,7,21261.37113734804,0.168,3571.9103510744703
23_59376,ITA,380.0,2019,8,31447.30970482277,0.168,5283.148030410226
23_59376,ITA,380.0,2019,9,29068.77075428332,0.168,4883.553486719598
23_59376,ITA,380.0,2019,10,13130.967177688795,0.168,2206.002485851718
23_59376,ITA,380.0,2019,11,29639.23157468554,0.168,4979.390904547171
23_59378,ITA,380.0,2019,5,66948.5260806861,0.168,11247.352381555263
23_59378,ITA,380.0,2019,6,538038.8261705977,0.168,90390.5227966604
23_59378,ITA,380.0,2019,7,707804.0200831202,0.168,118911.0753739642
23_59378,ITA,380.0,2019,8,746740.9574780653,0.168,125452.48085631496
23_59378,ITA,380.0,2019,9,453934.9204119554,0.168,76261.06662920851
23_59378,ITA,380.0,2019,10,168601.7285675772,0.168,28325.09039935297
23_59379,ITA,380.0,2019,5,6544.965622592125,0.168,1099.554224595477
23_59379,ITA,380.0,2019,6,28535.07149932661,0.168,4793.892011886871
23_59379,ITA,380.0,2019,7,1981.635846528932,0.168,332.9148222168606
23_59379,ITA,380.0,2019,8,8520.891093887964,0.168,1431.509703773178
23_59379,ITA,380.0,2019,9,4755.718706770191,0.168,798.9607427373921
23_59379,ITA,380.0,2019,10,8186.652043040101,0.168,1375.357543230737
23_59381,ITA,380.0,2019,5,34446.46795296382,0.168,5787.006616097922
23_59381,ITA,380.0,2019,6,224813.1473265928,0.168,37768.60875086759
23_59381,ITA,380.0,2019,7,289150.9782437471,0.168,48577.36434494952
23_59381,ITA,380.0,2019,8,313528.3197326178,0.168,52672.7577150798
23_59381,ITA,380.0,2019,9,175107.3719992898,0.168,29418.03849588069
23_59381,ITA,380.0,2019,10,51846.09766613937,0.168,8710.144407911415
23_59382,ITA,380.0,2019,5,22447.531449155005,0.168,3771.185283458041
23_59382,ITA,380.0,2019,6,64705.53807015465,0.168,10870.53039578598
23_59382,ITA,380.0,2019,7,73570.4554319352,0.168,12359.836512565114
23_59382,ITA,380.0,2019,8,60969.31541802135,0.168,10242.844990227588
23_59382,ITA,380.0,2019,9,30415.425070708527,0.168,5109.791411879033
23_59382,ITA,380.0,2019,10,22239.975507638064,0.168,3736.3158852831953
23_59386,ITA,380.0,2019,5,12821.46598471266,0.168,2154.006285431727
23_59386,ITA,380.0,2019,6,91547.6455379934,0.168,15380.004450382892
23_59386,ITA,380.0,2019,7,33531.12815699191,0.168,5633.229530374641
23_59386,ITA,380.0,2019,8,53962.36133576314,0.168,9065.676704408208
23_59386,ITA,380.0,2019,9,33196.28131974609,0.168,5576.975261717344
23_59386,ITA,380.0,2019,10,30419.301672817684,0.168,5110.442681033372
23_59389,ITA,380.0,2019,5,20166.00532472357,0.168,3387.88889455356
23_59389,ITA,380.0,2019,6,21423.24074583741,0.168,3599.1044453006857
23_59389,ITA,380.0,2019,7,38441.610112050585,0.168,6458.190498824499
23_59389,ITA,380.0,2019,8,65488.39464544659,0.168,11002.050300435028
23_59389,ITA,380.0,2019,9,25828.222129928377,0.168,4339.141317827968
23_59389,ITA,380.0,2019,10,16662.11344965285,0.168,2799.235059541679
23_59392,ITA,380.0,2019,5,10830.560700416056,0.168,1819.5341976698976
23_59392,ITA,380.0,2019,6,43220.678134049165,0.168,7261.07392652026
23_59392,ITA,380.0,2019,7,30029.72392945117,0.168,5044.993620147798
23_59392,ITA,380.0,2019,8,28415.897932597232,0.168,4773.870852676336
23_59392,ITA,380.0,2019,9,78302.66025793148,0.168,13154.846923332489
23_59392,ITA,380.0,2019,10,18642.204937615097,0.168,3131.8904295193365
23_59393,ITA,380.0,2019,5,14159.612474387606,0.168,2378.814895697118
23_59393,ITA,380.0,2019,6,30636.800079800752,0.168,5146.982413406527
23_59393,ITA,380.0,2019,7,18901.847807521517,0.168,3175.5104316636143
23_59393,ITA,380.0,2019,8,35263.31069658468,0.168,5924.236197026227
23_59393,ITA,380.0,2019,9,39477.829859538426,0.168,6632.275416402456
23_59393,ITA,380.0,2019,10,29777.409910862792,0.168,5002.6048650249495
23_59394,ITA,380.0,2019,6,56881.60572811391,0.168,9556.109762323136
23_59394,ITA,380.0,2019,7,12951.778410821633,0.168,2175.8987730180343
23_59394,ITA,380.0,2019,8,52778.19810737669,0.168,8866.737282039285
23_59394,ITA,380.0,2019,9,30415.01258478374,0.168,5109.722114243668
23_59394,ITA,380.0,2019,10,9346.569848831808,0.168,1570.2237346037437
23_59397,ITA,380.0,2019,5,75042.09452903042,0.168,12607.071880877113
23_59397,ITA,380.0,2019,6,258185.77065336707,0.168,43375.20946976567
23_59397,ITA,380.0,2019,7,339197.0550976971,0.168,56985.10525641312
23_59397,ITA,380.0,2019,8,387288.0290045908,0.168,65064.388872771255
23_59397,ITA,380.0,2019,9,233813.41199868987,0.168,39280.6532157799
23_59397,ITA,380.0,2019,10,86696.68705228335,0.168,14565.043424783604
23_59397,ITA,380.0,2019,11,28460.1599934185,0.168,4781.306878894308
23_59398,ITA,380.0,2019,5,24289.90798460937,0.168,4080.7045414143754
23_59398,ITA,380.0,2019,6,71751.89512049546,0.168,12054.31838024324
23_59398,ITA,380.0,2019,7,89178.93794720947,0.168,14982.061575131193
23_59398,ITA,380.0,2019,8,86387.99077269895,0.168,14513.182449813425
23_59398,ITA,380.0,2019,9,66993.89724017188,0.168,11254.974736348877
23_59398,ITA,380.0,2019,10,36166.27465124341,0.168,6075.934141408893
23_59398,ITA,380.0,2019,11,12875.424024046992,0.168,2163.0712360398948
23_59399,ITA,380.0,2019,5,97199.87483916656,0.168,16329.578972979984
23_59399,ITA,380.0,2019,6,537024.4020843707,0.168,90220.09955017427
23_59399,ITA,380.0,2019,7,582538.1510965,0.168,97866.409384212
23_59399,ITA,380.0,2019,8,610767.3331005678,0.168,102608.9119608954
23_59399,ITA,380.0,2019,9,471167.7136083957,0.168,79156.17588621049
23_59399,ITA,380.0,2019,10,276054.84187894,0.168,46377.21343566192
23_59399,ITA,380.0,2019,11,132036.28160878614,0.168,22182.095310276072
23_59400,ITA,380.0,2019,5,3390.585554791599,0.168,569.6183732049886
23_59400,ITA,380.0,2019,6,11151.17542677316,0.168,1873.3974716978912
23_59400,ITA,380.0,2019,7,4509.347202384487,0.168,757.5703300005939
23_59400,ITA,380.0,2019,8,8731.173366800193,0.168,1466.8371256224325
23_59400,ITA,380.0,2019,9,9938.049212382844,0.168,1669.5922676803175
23_59400,ITA,380.0,2019,10,1041.7977304091037,0.168,175.02201870872943
23_59400,ITA,380.0,2019,11,3308.224787689081,0.168,555.7817643317657
23_59402,ITA,380.0,2019,5,98801.84069215418,0.168,16598.709236281902
23_59402,ITA,380.0,2019,6,544140.2962259558,0.168,91415.56976596058
23_59402,ITA,380.0,2019,7,760959.6866608802,0.168,127841.22735902788
23_59402,ITA,380.0,2019,8,828437.7180479525,0.168,139177.53663205603
23_59402,ITA,380.0,2019,9,475697.8864359024,0.168,79917.24492123161
23_59402,ITA,380.0,2019,10,200582.00621085992,0.168,33697.77704342447
23_59402,ITA,380.0,2019,11,104167.6130452764,0.168,17500.158991606433
23_59403,ITA,380.0,2019,5,114179.79275137503,0.168,19182.20518223101
23_59403,ITA,380.0,2019,6,176300.7155406592,0.168,29618.52021083075
23_59403,ITA,380.0,2019,7,182880.2463286733,0.168,30723.881383217114
23_59403,ITA,380.0,2019,8,188040.1323205411,0.168,31590.74222985091
23_59403,ITA,380.0,2019,9,186741.98102795705,0.168,31372.652812696782
23_59403,ITA,380.0,2019,10,81483.9149591972,0.168,13689.29771314513
23_59404,ITA,380.0,2019,4,78380.15881353474,0.168,13167.866680673837
23_59404,ITA,380.0,2019,5,143259.3347445699,0.168,24067.568237087744
23_59404,ITA,380.0,2019,6,723415.9598183975,0.168,121533.8812494908
23_59404,ITA,380.0,2019,7,1121876.8610924466,0.168,188475.31266353105
23_59404,ITA,380.0,2019,8,1086924.2308521103,0.168,182603.27078315456
23_59404,ITA,380.0,2019,9,795651.608628474,0.168,133669.47024958362
23_59404,ITA,380.0,2019,10,414370.4547276046,0.168,69614.23639423757
23_59404,ITA,380.0,2019,11,115158.46527258265,0.168,19346.622165793884
23_59405,ITA,380.0,2019,4,114155.10135995752,0.168,19178.057028472864
23_59405,ITA,380.0,2019,5,62212.60770282133,0.168,10451.718094073984
23_59405,ITA,380.0,2019,6,89856.45410205207,0.168,15095.88428914475
23_59405,ITA,380.0,2019,7,98393.57781880822,0.168,16530.12107355978
23_59405,ITA,380.0,2019,8,109151.95761300468,0.168,18337.528878984787
23_59405,ITA,380.0,2019,9,118167.68262988802,0.168,19852.17068182119
23_59405,ITA,380.0,2019,10,93365.276739986,0.168,15685.366492317647
23_59405,ITA,380.0,2019,11,115431.74174026072,0.168,19392.532612363804
23_59411,ITA,380.0,2019,4,42924.34969358271,0.168,7211.290748521895
23_59411,ITA,380.0,2019,5,4383.10292284744,0.168,736.3612910383699
23_59411,ITA,380.0,2019,6,7932.992671983764,0.168,1332.7427688932723
23_59411,ITA,380.0,2019,7,15521.88976721783,0.168,2607.677480892596
23_59411,ITA,380.0,2019,8,34479.25958248253,0.168,5792.515609857066
23_59411,ITA,380.0,2019,9,18773.94238958177,0.168,3154.0223214497382
23_59411,ITA,380.0,2019,10,18941.90720428387,0.168,3182.2404103196905
23_59411,ITA,380.0,2019,11,2045.488222330456,0.168,343.6420213515166
23_59412,ITA,380.0,2019,4,37370.45963201037,0.168,6278.237218177743
23_59412,ITA,380.0,2019,5,34418.80565397999,0.168,5782.359349868638
23_59412,ITA,380.0,2019,6,214846.04661957693,0.168,36094.13583208893
23_59412,ITA,380.0,2019,7,245965.6171778341,0.168,41322.22368587613
23_59412,ITA,380.0,2019,8,277620.1039678247,0.168,46640.17746659456
23_59412,ITA,380.0,2019,9,223004.67629186343,0.168,37464.78561703306
23_59412,ITA,380.0,2019,10,81313.89674601979,0.168,13660.734653331325
23_59412,ITA,380.0,2019,11,33385.55554874862,0.168,5608.773332189769
23_59419,ITA,380.0,2019,5,38856.392184731776,0.168,6527.873887034939
23_59419,ITA,380.0,2019,6,94047.57098983091,0.168,15799.991926291596
23_59419,ITA,380.0,2019,7,55114.01023529201,0.168,9259.153719529058
23_59419,ITA,380.0,2019,8,31505.15645627927,0.168,5292.866284654918
23_59419,ITA,380.0,2019,9,70706.59271095734,0.168,11878.707575440834
23_59419,ITA,380.0,2019,10,31471.974225470225,0.168,5287.291669878998
23_59419,ITA,380.0,2019,11,68293.54562523196,0.168,11473.31566503897
23_59420,ITA,380.0,2019,4,167305.45408408248,0.168,28107.316286125857
23_59420,ITA,380.0,2019,5,70415.4021305211,0.168,11829.787557927546
23_59420,ITA,380.0,2019,6,192782.21624935736,0.168,32387.41232989204
23_59420,ITA,380.0,2019,7,266727.6667727189,0.168,44810.248017816775
23_59420,ITA,380.0,2019,8,148785.24299930726,0.168,24995.92082388362
23_59420,ITA,380.0,2019,9,144055.58847492334,0.168,24201.33886378712
23_59420,ITA,380.0,2019,10,79482.36645366994,0.168,13353.03756421655
23_59420,ITA,380.0,2019,11,123020.37619324688,0.168,20667.42320046548
23_59422,ITA,380.0,2019,6,9479.650013827382,0.168,1592.5812023230003
23_59422,ITA,380.0,2019,7,24226.800838485306,0.168,4070.1025408655314
23_59422,ITA,380.0,2019,8,14027.10204746494,0.168,2356.55314397411
23_59422,ITA,380.0,2019,9,11683.58268656599,0.168,1962.8418913430864
23_59422,ITA,380.0,2019,10,6368.151815997393,0.168,1069.8495050875622
23_59427,ITA,380.0,2019,6,391.3274892950451,0.168,65.74301820156758
23_59427,ITA,380.0,2019,7,782.6578181649686,0.168,131.48651345171473
23_59427,ITA,380.0,2019,8,2543.9116717936045,0.168,427.3771608613256
23_59427,ITA,380.0,2019,9,3913.445613020757,0.168,657.4588629874872
23_59427,ITA,380.0,2019,10,1334.5828669049972,0.168,224.20992164003957
23_59428,ITA,380.0,2019,6,86763.75943846586,0.168,14576.311585662264
23_59428,ITA,380.0,2019,7,156035.76641812912,0.168,26214.00875824569
23_59428,ITA,380.0,2019,8,90730.63033676513,0.168,15242.74589657654
23_59428,ITA,380.0,2019,9,94771.36674271968,0.168,15921.589612776908
23_59428,ITA,380.0,2019,10,23060.162949375364,0.168,3874.1073754950617
23_59430,ITA,380.0,2019,5,66964.82411107911,0.168,11250.090450661291
23_59430,ITA,380.0,2019,6,564078.4625485495,0.168,94765.18170815632
23_59430,ITA,380.0,2019,7,553637.2441702422,0.168,93011.0570206007
23_59430,ITA,380.0,2019,8,648092.0003091343,0.168,108879.45605193455
23_59430,ITA,380.0,2019,9,405068.51547452674,0.168,68051.5105997205
23_59430,ITA,380.0,2019,10,226969.1986092057,0.168,38130.82536634656
23_59430,ITA,380.0,2019,11,114410.94239808172,0.168,19221.03832287773
23_59432,ITA,380.0,2019,5,11834.255928513086,0.168,1988.1549959901984
23_59432,ITA,380.0,2019,6,149781.10820104383,0.168,25163.226177775363
23_59432,ITA,380.0,2019,7,33378.14596793178,0.168,5607.528522612539
23_59432,ITA,380.0,2019,8,39690.39991266679,0.168,6667.987185328021
23_59432,ITA,380.0,2019,9,47264.97798875532,0.168,7940.516302110895
23_59432,ITA,380.0,2019,10,49071.37349006876,0.168,8243.990746331552
23_59435,ITA,380.0,2019,5,36944.96924534862,0.168,6206.754833218569
23_59435,ITA,380.0,2019,6,162360.18654369973,0.168,27276.51133934156
23_59435,ITA,380.0,2019,7,52898.52787093791,0.168,8886.95268231757
23_59435,ITA,380.0,2019,8,88992.50638693258,0.168,14950.741073004674
23_59435,ITA,380.0,2019,9,74434.07382309296,0.168,12504.924402279616
23_59435,ITA,380.0,2019,10,23452.256458829244,0.168,3939.979085083313
23_59435,ITA,380.0,2019,11,92479.87227703648,0.168,15536.618542542128
23_59438,ITA,380.0,2019,4,76481.13178184084,0.168,12848.830139349262
23_59438,ITA,380.0,2019,5,116235.89991763158,0.168,19527.631186162107
23_59438,ITA,380.0,2019,6,632233.7593175612,0.168,106215.27156535028
23_59438,ITA,380.0,2019,7,745939.4958736039,0.168,125317.83530676544
23_59438,ITA,380.0,2019,8,800338.0749645153,0.168,134456.79659403858
23_59438,ITA,380.0,2019,9,550299.3662807136,0.168,92450.29353515989
23_59438,ITA,380.0,2019,10,295470.4862604683,0.168,49639.04169175868
23_59438,ITA,380.0,2019,11,80016.4876427892,0.168,13442.769923988586
23_59439,ITA,380.0,2019,5,49654.92808395291,0.168,8342.02791810409
23_59439,ITA,380.0,2019,6,294436.1983984064,0.168,49465.281330932274
23_59439,ITA,380.0,2019,7,143980.94964562688,0.168,24188.79954046532
23_59439,ITA,380.0,2019,8,349501.7472873011,0.168,58716.29354426659
23_59439,ITA,380.0,2019,9,291680.84796021105,0.168,49002.382457315456
23_59439,ITA,380.0,2019,10,235391.1423120126,0.168,39545.711908418125
23_59439,ITA,380.0,2019,11,190764.87013278296,0.168,32048.49818230754
23_59442,ITA,380.0,2019,4,51468.81929157043,0.168,8646.761640983832
23_59442,ITA,380.0,2019,5,30465.525380630595,0.168,5118.20826394594
23_59442,ITA,380.0,2019,6,62805.74448489317,0.168,10551.365073462051
23_59442,ITA,380.0,2019,7,68668.6288221138,0.168,11536.32964211512
23_59442,ITA,380.0,2019,8,31586.87403177632,0.168,5306.594837338423
23_59442,ITA,380.0,2019,9,46372.46007513819,0.168,7790.573292623216
23_59442,ITA,380.0,2019,10,19079.201769665764,0.168,3205.3058973038487
23_59446,ITA,380.0,2019,5,12521.822131713774,0.168,2103.666118127914
23_59446,ITA,380.0,2019,6,44448.32722715579,0.168,7467.318974162173
23_59446,ITA,380.0,2019,7,38515.50431269037,0.168,6470.604724531982
23_59446,ITA,380.0,2019,8,25001.3126182938,0.168,4200.220519873358
23_59446,ITA,380.0,2019,9,27588.305809155387,0.168,4634.835375938105
23_59446,ITA,380.0,2019,10,13737.924449054432,0.168,2307.9713074411447
23_59447,ITA,380.0,2019,5,20726.211981147266,0.168,3482.00361283274
23_59447,ITA,380.0,2019,6,87576.75909051862,0.168,14712.895527207129
23_59447,ITA,380.0,2019,7,117140.00213323484,0.168,19679.52035838345
23_59447,ITA,380.0,2019,8,96580.00146759627,0.168,16225.440246556178
23_59447,ITA,380.0,2019,9,187914.4098162941,0.168,31569.62084913741
23_59447,ITA,380.0,2019,10,97460.48731212586,0.168,16373.361868437143
23_59447,ITA,380.0,2019,11,164939.67473380765,0.168,27709.86535527969
23_59449,ITA,380.0,2019,4,70158.29507668925,0.168,11786.593572883794
23_59449,ITA,380.0,2019,5,30164.649749878758,0.168,5067.661157979631
23_59449,ITA,380.0,2019,6,19791.050950297904,0.168,3324.896559650048
23_59449,ITA,380.0,2019,7,69478.2498219398,0.168,11672.345970085886
23_59449,ITA,380.0,2019,8,53355.26947558346,0.168,8963.685271898023
23_59449,ITA,380.0,2019,9,39495.27886434567,0.168,6635.206849210073
23_59449,ITA,380.0,2019,10,11685.08920932121,0.168,1963.0949871659636
23_59449,ITA,380.0,2019,11,8166.073598290588,0.168,1371.900364512819
23_59452,ITA,380.0,2019,4,26700.01830222281,0.168,4485.603074773432
23_59452,ITA,380.0,2019,5,4262.843983122601,0.168,716.1577891645969
23_59452,ITA,380.0,2019,6,34146.2719639685,0.168,5736.573689946708
23_59452,ITA,380.0,2019,7,22435.460430015337,0.168,3769.157352242577
23_59452,ITA,380.0,2019,8,87353.53983148323,0.168,14675.394691689184
23_59452,ITA,380.0,2019,9,52671.98206675196,0.168,8848.892987214329
23_59452,ITA,380.0,2019,10,24987.504972920426,0.168,4197.900835450631
23_59453,ITA,380.0,2019,6,209145.94956279747,0.168,35136.51952654998
23_59453,ITA,380.0,2019,7,152124.98497405814,0.168,25556.99747564177
23_59453,ITA,380.0,2019,8,263118.8040723203,0.168,44203.95908414981
23_59453,ITA,380.0,2019,9,92549.6858120408,0.168,15548.347216422855
23_59455,ITA,380.0,2019,5,75668.32848280767,0.168,12712.279185111687
23_59455,ITA,380.0,2019,6,80852.57172480789,0.168,13583.232049767726
23_59455,ITA,380.0,2019,7,85042.54865002519,0.168,14287.148173204232
23_59455,ITA,380.0,2019,8,87914.76478462675,0.168,14769.680483817296
23_59455,ITA,380.0,2019,9,113543.14649202958,0.168,19075.24861066097
23_59455,ITA,380.0,2019,10,43221.63515581663,0.168,7261.234706177194
23_59463,ITA,380.0,2019,5,262830.3904774208,0.168,44155.5056002067
23_59463,ITA,380.0,2019,6,313335.73666073306,0.168,52640.40375900316
23_59463,ITA,380.0,2019,7,379331.3051146648,0.168,63727.659259263695
23_59463,ITA,380.0,2019,8,251639.09119591213,0.168,42275.36732091324
23_59463,ITA,380.0,2019,9,259779.3599213717,0.168,43642.93246679046
23_59463,ITA,380.0,2019,10,145853.6108460709,0.168,24503.40662213991
23_59464,ITA,380.0,2019,5,121261.5691586966,0.168,20371.94361866103
23_59464,ITA,380.0,2019,6,169762.36054035948,0.168,28520.076570780395
23_59464,ITA,380.0,2019,7,153330.558156517,0.168,25759.53377029486
23_59464,ITA,380.0,2019,8,275223.6607109619,0.168,46237.5749994416
23_59464,ITA,380.0,2019,9,166192.5047214022,0.168,27920.34079319557
23_59464,ITA,380.0,2019,10,150533.68408208762,0.168,25289.65892579072
23_59478,ITA,380.0,2019,5,13283.313895030413,0.168,2231.5967343651096
23_59478,ITA,380.0,2019,6,60772.5300177136,0.168,10209.785042975886
23_59478,ITA,380.0,2019,7,134806.7543881229,0.168,22647.53473720465
23_59478,ITA,380.0,2019,8,67279.90439337185,0.168,11303.023938086471
23_59478,ITA,380.0,2019,9,75604.63725685708,0.168,12701.57905915199
23_59478,ITA,380.0,2019,10,12241.916409819663,0.168,2056.6419568497035
23_59482,ITA,380.0,2019,4,16423.699842103568,0.168,2759.1815734734
23_59482,ITA,380.0,2019,5,14448.172395077829,0.168,2427.292962373075
23_59482,ITA,380.0,2019,6,52421.337526315336,0.168,8806.784704420978
23_59482,ITA,380.0,2019,7,94470.5381868049,0.168,15871.050415383224
23_59482,ITA,380.0,2019,8,106584.36654342146,0.168,17906.173579294806
23_59482,ITA,380.0,2019,9,51398.58558612167,0.168,8634.96237846844
23_59482,ITA,380.0,2019,10,18745.041135761738,0.168,3149.1669108079723
23_59482,ITA,380.0,2019,11,6726.18521700696,0.168,1129.9991164571693
23_59486,ITA,380.0,2019,5,1615.6564965884677,0.168,271.43029142686254
23_59486,ITA,380.0,2019,6,4322.778065332638,0.168,726.2267149758833
23_59486,ITA,380.0,2019,7,2593.7087614688094,0.168,435.74307192676
23_59486,ITA,380.0,2019,8,5619.760294660298,0.168,944.1197295029302
23_59486,ITA,380.0,2019,9,3458.3145200825425,0.168,580.9968393738671
23_59486,ITA,380.0,2019,10,9510.435353868872,0.168,1597.7531394499706
23_59486,ITA,380.0,2019,11,4936.172359342062,0.168,829.2769563694665
23_59489,ITA,380.0,2019,4,21008.3247662086,0.168,3529.3985607230443
23_59489,ITA,380.0,2019,5,6594.1094355887135,0.168,1107.810385178904
23_59489,ITA,380.0,2019,6,18515.696883122568,0.168,3110.6370763645914
23_59489,ITA,380.0,2019,7,10136.288168949057,0.168,1702.8964123834414
23_59489,ITA,380.0,2019,8,6605.008784039213,0.168,1109.641475718588
23_59489,ITA,380.0,2019,9,12942.40466010901,0.168,2174.3239828983137
23_59489,ITA,380.0,2019,10,12882.523247053896,0.168,2164.2639055050545
23_59489,ITA,380.0,2019,11,4989.190053965488,0.168,838.183929066202
23_59490,ITA,380.0,2019,5,13106.613746229832,0.168,2201.911109366612
23_59490,ITA,380.0,2019,6,26030.8176324936,0.168,4373.177362258924
23_59490,ITA,380.0,2019,7,9817.429362199646,0.168,1649.328132849541
23_59490,ITA,380.0,2019,8,1961.3802863637657,0.168,329.51188810911265
23_59490,ITA,380.0,2019,9,12097.488480816104,0.168,2032.3780647771057
23_59490,ITA,380.0,2019,10,11512.874701550269,0.168,1934.1629498604448
23_59491,ITA,380.0,2019,4,13345.533865941406,0.168,2242.0496894781563
23_59491,ITA,380.0,2019,5,3551.3932840216003,0.168,596.6340717156289
23_59491,ITA,380.0,2019,6,3004.106760093595,0.168,504.689935695724
23_59491,ITA,380.0,2019,8,16309.447767765996,0.168,2739.987224984688
23_59491,ITA,380.0,2019,9,1635.5757124359277,0.168,274.77671968923585
23_59491,ITA,380.0,2019,10,9021.953663498514,0.168,1515.6882154677503
23_59491,ITA,380.0,2019,11,1451.8362006388222,0.168,243.90848170732212
23_59500,ITA,380.0,2019,5,26379.68115055005,0.168,4431.786433292409
23_59500,ITA,380.0,2019,6,108170.35634570316,0.168,18172.619866078134
23_59500,ITA,380.0,2019,7,130267.27862954389,0.168,21884.90280976337
23_59500,ITA,380.0,2019,8,75439.60865042829,0.168,12673.854253271951
23_59500,ITA,380.0,2019,9,67434.91127619272,0.168,11329.06509440038
23_59500,ITA,380.0,2019,10,71555.12669541365,0.168,12021.261284829494
23_59502,ITA,380.0,2019,5,24057.80883093241,0.168,4041.711883596645
23_59502,ITA,380.0,2019,6,97804.7704682707,0.168,16431.20143866948
23_59502,ITA,380.0,2019,7,52443.36096876885,0.168,8810.484642753168
23_59502,ITA,380.0,2019,8,149789.424412955,0.168,25164.623301376443
23_59502,ITA,380.0,2019,9,71464.96400472887,0.168,12006.11395279445
23_59502,ITA,380.0,2019,10,35087.48792915318,0.168,5894.697972097735
23_59503,ITA,380.0,2019,4,43333.83830133574,0.168,7280.084834624405
23_59503,ITA,380.0,2019,5,4894.182274573498,0.168,822.2226221283477
23_59503,ITA,380.0,2019,6,839.3335209418773,0.168,141.00803151823538
23_59503,ITA,380.0,2019,7,26010.63788939639,0.168,4369.787165418594
23_59503,ITA,380.0,2019,8,5873.734795836811,0.168,986.7874457005844
23_59503,ITA,380.0,2019,9,22297.924072414364,0.168,3746.051244165613
23_59503,ITA,380.0,2019,10,1744.6129823042074,0.168,293.0949810271069
23_59508,ITA,380.0,2019,4,125614.4582364478,0.168,21103.228983723235
23_59508,ITA,380.0,2019,5,80079.61672785695,0.168,13453.375610279969
23_59508,ITA,380.0,2019,6,95382.01995099508,0.168,16024.179351767174
23_59508,ITA,380.0,2019,7,267198.82630399737,0.168,44889.40281907156
23_59508,ITA,380.0,2019,8,93128.63653560886,0.168,15645.61093798229
23_59508,ITA,380.0,2019,9,107224.73050780778,0.168,18013.754725311708
23_59508,ITA,380.0,2019,10,105781.27281864012,0.168,17771.25383353154
23_59508,ITA,380.0,2019,11,22708.73141287253,0.168,3815.0668773625857
23_59512,ITA,380.0,2019,4,54559.11643839851,0.168,9165.93156165095
23_59512,ITA,380.0,2019,5,130358.81748310797,0.168,21900.281337162138
23_59512,ITA,380.0,2019,6,630063.9318054018,0.168,105850.7405433075
23_59512,ITA,380.0,2019,7,823551.8014864672,0.168,138356.7026497265
23_59512,ITA,380.0,2019,8,905478.9420319792,0.168,152120.4622613725
23_59512,ITA,380.0,2019,9,591715.1402230164,0.168,99408.14355746676
23_59512,ITA,380.0,2019,10,287331.53407870594,0.168,48271.6977252226
23_59512,ITA,380.0,2019,11,79851.81967349486,0.168,13415.105705147136
23_59514,ITA,380.0,2019,5,600.5686763410166,0.168,100.8955376252908
23_59514,ITA,380.0,2019,6,5323.955595456829,0.168,894.4245400367473
23_59514,ITA,380.0,2019,7,15003.969011694737,0.168,2520.666793964716
23_59514,ITA,380.0,2019,8,2904.0243540945085,0.168,487.87609148787743
23_59514,ITA,380.0,2019,9,565.671595314939,0.168,95.03282801290976
23_59514,ITA,380.0,2019,10,7064.521079068974,0.168,1186.8395412835878
23_59515,ITA,380.0,2019,4,6938.639499319916,0.168,1165.691435885746
23_59515,ITA,380.0,2019,5,19070.583651913363,0.168,3203.858053521445
23_59515,ITA,380.0,2019,6,14730.59303649416,0.168,2474.739630131019
23_59515,ITA,380.0,2019,7,27975.71430664836,0.168,4699.920003516924
23_59515,ITA,380.0,2019,8,30865.442638183944,0.168,5185.394363214903
23_59515,ITA,380.0,2019,9,5276.786287610775,0.168,886.5000963186102
23_59515,ITA,380.0,2019,10,9593.527013716724,0.168,1611.7125383044097
23_59515,ITA,380.0,2019,11,32219.949267760243,0.168,5412.9514769837215
23_59520,ITA,380.0,2019,4,47987.75560489348,0.168,8061.942941622105
23_59520,ITA,380.0,2019,5,48371.483891978016,0.168,8126.409293852307
23_59520,ITA,380.0,2019,6,173953.11660185407,0.168,29224.123589111485
23_59520,ITA,380.0,2019,7,38189.68530861162,0.168,6415.867131846752
23_59520,ITA,380.0,2019,8,238208.57683579432,0.168,40019.04090841344
23_59520,ITA,380.0,2019,9,52538.799645489824,0.168,8826.518340442291
23_59520,ITA,380.0,2019,10,69440.42023038122,0.168,11665.990598704046
23_59520,ITA,380.0,2019,11,12711.968075016346,0.168,2135.610636602746
23_59525,ITA,380.0,2019,4,93123.38779563786,0.168,15644.72914966716
23_59525,ITA,380.0,2019,5,65458.14768397056,0.168,10996.968810907054
23_59525,ITA,380.0,2019,6,81258.67242139929,0.168,13651.45696679508
23_59525,ITA,380.0,2019,7,140177.76568928224,0.168,23549.86463579942
23_59525,ITA,380.0,2019,8,83447.73602237292,0.168,14019.21965175865
23_59525,ITA,380.0,2019,9,99203.53764742694,0.168,16666.194324767726
23_59525,ITA,380.0,2019,10,23682.524684945234,0.168,3978.6641470708
23_59525,ITA,380.0,2019,11,23308.324478860657,0.168,3915.798512448591
23_59527,ITA,380.0,2019,4,126949.5901350688,0.168,21327.53114269156
23_59527,ITA,380.0,2019,5,176509.2200370571,0.168,29653.548966225597
23_59527,ITA,380.0,2019,6,795276.5179131783,0.168,133606.45500941397
23_59527,ITA,380.0,2019,7,960620.9063369844,0.168,161384.3122646134
23_59527,ITA,380.0,2019,8,1026042.0298507304,0.168,172375.0610149227
23_59527,ITA,380.0,2019,9,753317.7464429621,0.168,126557.38140241764
23_59527,ITA,380.0,2019,10,450026.0106025076,0.168,75604.36978122129
23_59527,ITA,380.0,2019,11,184383.027607797,0.168,30976.3486381099
23_59531,ITA,380.0,2019,4,51625.02195321297,0.168,8673.00368813978
23_59531,ITA,380.0,2019,5,26087.535640924463,0.168,4382.70598767531
23_59531,ITA,380.0,2019,6,108876.06031708488,0.168,18291.17813327026
23_59531,ITA,380.0,2019,7,94627.13721313556,0.168,15897.359051806778
23_59531,ITA,380.0,2019,8,75985.3648685288,0.168,12765.54129791284
23_59531,ITA,380.0,2019,9,68966.28154838782,0.168,11586.335300129154
23_59531,ITA,380.0,2019,10,20130.593963895764,0.168,3381.939785934489
23_59531,ITA,380.0,2019,11,11858.979533279891,0.168,1992.3085615910215
23_59533,ITA,380.0,2019,5,535.5082655552387,0.168,89.96538861328011
23_59533,ITA,380.0,2019,6,27720.228630236288,0.168,4656.998409879697
23_59533,ITA,380.0,2019,7,46977.0040038705,0.168,7892.136672650244
23_59533,ITA,380.0,2019,8,2297.5978646434187,0.168,385.9964412600944
23_59533,ITA,380.0,2019,9,24307.346758148127,0.168,4083.6342553688855
23_59533,ITA,380.0,2019,10,6831.172898771539,0.168,1147.6370469936185
23_59540,ITA,380.0,2019,6,8301.149121027718,0.168,1394.5930523326567
23_59540,ITA,380.0,2019,7,15699.754393446648,0.168,2637.5587380990373
23_59540,ITA,380.0,2019,8,8702.811893099164,0.168,1462.0723980406597
23_59540,ITA,380.0,2019,9,6876.151855056898,0.168,1155.193511649559
23_59540,ITA,380.0,2019,10,5849.799156242211,0.168,982.7662582486917
23_59542,ITA,380.0,2019,4,17391.154278002166,0.168,2921.713918704364
23_59542,ITA,380.0,2019,5,41964.08716568743,0.168,7049.966643835489
23_59542,ITA,380.0,2019,6,82526.43918813326,0.168,13864.441783606388
23_59542,ITA,380.0,2019,7,90550.42137277956,0.168,15212.470790626969
23_59542,ITA,380.0,2019,8,100725.71279749266,0.168,16921.919749978766
23_59542,ITA,380.0,2019,9,110452.33440861508,0.168,18555.99218064733
23_59542,ITA,380.0,2019,10,37498.28731960545,0.168,6299.712269693716
23_59542,ITA,380.0,2019,11,30863.569747253918,0.168,5185.079717538658
23_59543,ITA,380.0,2019,4,31075.35697987509,0.168,5220.659972619015
23_59543,ITA,380.0,2019,5,26820.64627648488,0.168,4505.8685744494605
23_59543,ITA,380.0,2019,6,86615.19775507387,0.168,14551.35322285241
23_59543,ITA,380.0,2019,7,91080.3958147109,0.168,15301.50649687143
23_59543,ITA,380.0,2019,8,115198.33763411052,0.168,19353.32072253057
23_59543,ITA,380.0,2019,9,73693.38104877074,0.168,12380.488016193483
23_59543,ITA,380.0,2019,10,45891.01581543086,0.168,7709.690656992385
23_59543,ITA,380.0,2019,11,33046.4315965752,0.168,5551.8005082246345
23_59544,ITA,380.0,2019,4,21962.883223556764,0.168,3689.7643815575366
23_59544,ITA,380.0,2019,5,26889.45589924245,0.168,4517.428591072732
23_59544,ITA,380.0,2019,6,18873.09216615065,0.168,3170.6794839133104
23_59544,ITA,380.0,2019,7,29408.9245187162,0.168,4940.699319144322
23_59544,ITA,380.0,2019,8,36986.60055203679,0.168,6213.748892742181
23_59544,ITA,380.0,2019,9,42050.11725999408,0.168,7064.419699679007
23_59544,ITA,380.0,2019,10,30731.018303885998,0.168,5162.811075052848
23_59544,ITA,380.0,2019,11,15919.80027064094,0.168,2674.526445467678
23_59545,ITA,380.0,2019,5,32319.952513808563,0.168,5429.752022319839
23_59545,ITA,380.0,2019,6,58040.64533026407,0.168,9750.828415484364
23_59545,ITA,380.0,2019,7,45759.13525440513,0.168,7687.5347227400625
23_59545,ITA,380.0,2019,8,128451.39901594132,0.168,21579.83503467814
23_59545,ITA,380.0,2019,9,44888.08002761866,0.168,7541.1974446399345
23_59545,ITA,380.0,2019,10,31758.19248113441,0.168,5335.376336830582
23_59545,ITA,380.0,2019,11,18527.73870143243,0.168,3112.6601018406486
23_59550,ITA,380.0,2019,4,1150.9294334112549,0.168,193.3561448130908
23_59550,ITA,380.0,2019,5,5752.615491449789,0.168,966.4394025635646
23_59550,ITA,380.0,2019,6,6643.682864475543,0.168,1116.1387212318914
23_59550,ITA,380.0,2019,7,7713.766149940448,0.168,1295.9127131899954
23_59550,ITA,380.0,2019,8,6556.591009737891,0.168,1101.5072896359657
23_59550,ITA,380.0,2019,9,2699.8259561603422,0.168,453.5707606349375
23_59550,ITA,380.0,2019,10,2543.255864219125,0.168,427.26698518881307
23_59550,ITA,380.0,2019,11,2565.5238720144675,0.168,431.00801049843056
23_59551,ITA,380.0,2019,5,73425.83752125369,0.168,12335.54070357062
23_59551,ITA,380.0,2019,6,817678.702016593,0.168,137370.02193878763
23_59551,ITA,380.0,2019,7,928626.2347436476,0.168,156009.2074369328
23_59551,ITA,380.0,2019,8,968265.3595528428,0.168,162668.5804048776
23_59551,ITA,380.0,2019,9,574883.1737045902,0.168,96580.37318237116
23_59551,ITA,380.0,2019,10,211808.19481053177,0.168,35583.77672816934
23_59554,ITA,380.0,2019,6,75123.88201248154,0.168,12620.8121780969
23_59554,ITA,380.0,2019,7,152475.2422798411,0.168,25615.840703013306
23_59554,ITA,380.0,2019,8,159866.652456617,0.168,26857.59761271166
23_59554,ITA,380.0,2019,9,82956.9341042079,0.168,13936.764929506928
23_59561,ITA,380.0,2019,5,5023.602261081993,0.168,843.9651798617748
23_59561,ITA,380.0,2019,6,50030.71199098993,0.168,8405.159614486309
23_59561,ITA,380.0,2019,7,90361.05930606216,0.168,15180.657963418442
23_59561,ITA,380.0,2019,8,23120.4096156103,0.168,3884.2288154225303
23_59561,ITA,380.0,2019,9,70239.93879546672,0.168,11800.309717638407
23_59561,ITA,380.0,2019,10,40533.3812638377,0.168,6809.608052324734
23_59562,ITA,380.0,2019,5,11017.574304626502,0.168,1850.9524831772524
23_59562,ITA,380.0,2019,6,24742.49684315663,0.168,4156.739469650314
23_59562,ITA,380.0,2019,7,8785.596295729905,0.168,1475.980177682624
23_59562,ITA,380.0,2019,8,12426.036284346526,0.168,2087.5740957702164
23_59562,ITA,380.0,2019,9,39234.54045488236,0.168,6591.402796420236
23_59562,ITA,380.0,2019,10,17606.4789092801,0.168,2957.888456759057
23_59562,ITA,380.0,2019,11,24430.644697550728,0.168,4104.348309188523
23_59563,ITA,380.0,2019,4,24696.08529483621,0.168,4148.942329532484
23_59563,ITA,380.0,2019,5,2202.342933961598,0.168,369.9936129055485
23_59563,ITA,380.0,2019,6,25775.69017303404,0.168,4330.315949069718
23_59563,ITA,380.0,2019,7,1550.7806279388606,0.168,260.5311454937286
23_59563,ITA,380.0,2019,8,17709.380568850105,0.168,2975.1759355668178
23_59563,ITA,380.0,2019,9,7314.921320212724,0.168,1228.9067817957375
23_59563,ITA,380.0,2019,10,15241.778120849114,0.168,2560.618724302652
23_59563,ITA,380.0,2019,11,20840.10488684595,0.168,3501.13762099012
23_59570,ITA,380.0,2019,5,23424.05889390786,0.168,3935.24189417652
23_59570,ITA,380.0,2019,6,142872.9453228466,0.168,24002.654814238227
23_59570,ITA,380.0,2019,7,208013.39508001023,0.168,34946.250373441726
23_59570,ITA,380.0,2019,8,253189.53723669957,0.168,42535.84225576553
23_59570,ITA,380.0,2019,9,158758.4281868475,0.168,26671.41593539038
23_59570,ITA,380.0,2019,10,76424.86963121984,0.168,12839.378098044936
23_59570,ITA,380.0,2019,11,22795.593487664883,0.168,3829.659705927701
23_59574,ITA,380.0,2019,5,101642.46900595876,0.168,17075.934793001074
23_59574,ITA,380.0,2019,6,54864.1162377145,0.168,9217.171527936036
23_59574,ITA,380.0,2019,7,112386.14569034873,0.168,18880.872475978584
23_59574,ITA,380.0,2019,8,163268.07091787268,0.168,27429.035914202614
23_59574,ITA,380.0,2019,9,20430.51259976552,0.168,3432.326116760607
23_59574,ITA,380.0,2019,10,88934.6195280489,0.168,14941.016080712216
23_59579,ITA,380.0,2019,6,79441.4042451978,0.168,13346.155913193232
23_59579,ITA,380.0,2019,7,92379.94100372837,0.168,15519.830088626364
23_59579,ITA,380.0,2019,8,80530.66309985591,0.168,13529.151400775794
23_59579,ITA,380.0,2019,9,70782.29086084176,0.168,11891.424864621416
23_59579,ITA,380.0,2019,10,41825.02233818266,0.168,7026.603752814687
23_59581,ITA,380.0,2019,5,15988.663407433984,0.168,2686.0954524489093
23_59581,ITA,380.0,2019,6,126015.34604227117,0.168,21170.57813510156
23_59581,ITA,380.0,2019,7,113988.93847187213,0.168,19150.14166327452
23_59581,ITA,380.0,2019,8,35955.005673899606,0.168,6040.440953215134
23_59581,ITA,380.0,2019,9,30735.22570537,0.168,5163.517918502161
23_59581,ITA,380.0,2019,10,41074.21148539212,0.168,6900.467529545877
23_59586,ITA,380.0,2019,4,245055.07328161065,0.168,41169.252311310585
23_59586,ITA,380.0,2019,5,52849.88367932561,0.168,8878.780458126703
23_59586,ITA,380.0,2019,6,253838.8259816214,0.168,42644.9227649124
23_59586,ITA,380.0,2019,7,302824.59239935875,0.168,50874.53152309227
23_59586,ITA,380.0,2019,8,170824.13343542986,0.168,28698.454417152218
23_59586,ITA,380.0,2019,9,296088.1911870285,0.168,49742.81611942079
23_59586,ITA,380.0,2019,10,133159.3434295578,0.168,22370.769696165717
23_59586,ITA,380.0,2019,11,72241.28094431218,0.168,12136.535198644448
23_59587,ITA,380.0,2019,5,4463.860880075246,0.168,749.9286278526414
23_59587,ITA,380.0,2019,6,18432.4414264012,0.168,3096.650159635402
23_59587,ITA,380.0,2019,7,4242.482336158767,0.168,712.7370324746729
23_59587,ITA,380.0,2019,8,17163.969196703023,0.168,2883.546825046108
23_59587,ITA,380.0,2019,9,10992.534689950537,0.168,1846.7458279116904
23_59587,ITA,380.0,2019,10,1390.7877104107752,0.168,233.65233534901023
23_59587,ITA,380.0,2019,11,2338.3198062356805,0.168,392.8377274475944
23_59590,ITA,380.0,2019,5,145764.5101642888,0.168,24488.43770760052
23_59590,ITA,380.0,2019,6,298427.13643002696,0.168,50135.75892024453
23_59590,ITA,380.0,2019,7,185662.8340960463,0.168,31191.356128135783
23_59590,ITA,380.0,2019,8,147808.60832342505,0.168,24831.84619833541
23_59590,ITA,380.0,2019,9,186511.87785445343,0.168,31333.99547954818
23_59590,ITA,380.0,2019,10,112246.54194135392,0.168,18857.41904614746
23_59596,ITA,380.0,2019,4,9986.872090530116,0.168,1677.7945112090597
23_59596,ITA,380.0,2019,5,36793.96894391679,0.168,6181.38678257802
23_59596,ITA,380.0,2019,6,131620.6292402207,0.168,22112.26571235708
23_59596,ITA,380.0,2019,7,155055.7073241474,0.168,26049.358830456764
23_59596,ITA,380.0,2019,8,196184.9244756833,0.168,32959.0673119148
23_59596,ITA,380.0,2019,9,145115.71431308892,0.168,24379.44000459894
23_59596,ITA,380.0,2019,10,68174.12702032532,0.168,11453.253339414656
23_59596,ITA,380.0,2019,11,25070.34523751024,0.168,4211.81799990172
23_59599,ITA,380.0,2019,5,22863.302342239323,0.168,3841.0347934962074
23_59599,ITA,380.0,2019,6,53433.18128103267,0.168,8976.774455213488
23_59599,ITA,380.0,2019,7,103528.48029088946,0.168,17392.78468886943
23_59599,ITA,380.0,2019,8,78319.72453542578,0.168,13157.713721951532
23_59599,ITA,380.0,2019,9,36054.82113626325,0.168,6057.2099508922265
23_59599,ITA,380.0,2019,10,30919.48782494849,0.168,5194.473954591346
23_59599,ITA,380.0,2019,11,11673.038610630192,0.168,1961.0704865858725
23_59600,ITA,380.0,2019,5,4071.4667805035697,0.168,684.0064191245998
23_59600,ITA,380.0,2019,6,8905.404129673516,0.168,1496.1078937851507
23_59600,ITA,380.0,2019,7,18789.00516920384,0.168,3156.5528684262445
23_59600,ITA,380.0,2019,8,2454.7671882166565,0.168,412.4008876203983
23_59600,ITA,380.0,2019,9,13899.621386692424,0.168,2335.136392964327
23_59600,ITA,380.0,2019,10,14826.776986608136,0.168,2490.898533750167
23_59600,ITA,380.0,2019,11,12093.82663405807,0.168,2031.762874521756
23_59616,ITA,380.0,2019,5,448.6958556838113,0.168,75.38090375488031
23_59616,ITA,380.0,2019,6,2498.7097024359414,0.168,419.7832300092382
23_59616,ITA,380.0,2019,7,2302.63545438686,0.168,386.84275633699247
23_59616,ITA,380.0,2019,8,2302.616750896627,0.168,386.8396141506333
23_59616,ITA,380.0,2019,9,1381.665112039315,0.168,232.119738822605
23_59616,ITA,380.0,2019,10,2507.4907376578103,0.168,421.25844392651214
23_59617,ITA,380.0,2019,5,2429.164556880989,0.168,408.09964555600624
23_59617,ITA,380.0,2019,6,41817.19816262262,0.168,7025.289291320601
23_59617,ITA,380.0,2019,7,7298.8291402331215,0.168,1226.2032955591644
23_59617,ITA,380.0,2019,8,21957.16009411753,0.168,3688.802895811746
23_59617,ITA,380.0,2019,9,7622.665293421306,0.168,1280.6077692947797
23_59617,ITA,380.0,2019,10,12971.497620773596,0.168,2179.2116002899643
23_59617,ITA,380.0,2019,11,28877.45363979558,0.168,4851.412211485658
23_59618,ITA,380.0,2019,5,18691.99490704491,0.168,3140.255144383545
23_59618,ITA,380.0,2019,6,196588.83647031197,0.168,33026.92452701241
23_59618,ITA,380.0,2019,7,245834.73092205904,0.168,41300.23479490592
23_59618,ITA,380.0,2019,8,215152.75519456505,0.168,36145.66287268693
23_59618,ITA,380.0,2019,9,123895.91744750852,0.168,20814.514131181437
23_59618,ITA,380.0,2019,10,38858.40956909869,0.168,6528.212807608581
23_59618,ITA,380.0,2019,11,62924.24211223335,0.168,10571.272674855203
23_59620,ITA,380.0,2019,5,25869.000922872365,0.168,4345.992155042558
23_59620,ITA,380.0,2019,6,28225.85953111833,0.168,4741.944401227881
23_59620,ITA,380.0,2019,7,196536.17425420915,0.168,33018.07727470714
23_59620,ITA,380.0,2019,8,61754.24367674917,0.168,10374.71293769386
23_59620,ITA,380.0,2019,9,106619.3127386626,0.168,17912.044540095314
23_59620,ITA,380.0,2019,10,95848.63939924948,0.168,16102.571419073913
23_59620,ITA,380.0,2019,11,8789.079684381753,0.168,1476.5653869761347
23_59623,ITA,380.0,2019,5,10226.007431749003,0.168,1717.969248533833
23_59623,ITA,380.0,2019,6,12881.702042307414,0.168,2164.125943107645
23_59623,ITA,380.0,2019,7,17437.261729430145,0.168,2929.4599705442647
23_59623,ITA,380.0,2019,8,6598.742194317467,0.168,1108.5886886453343
23_59623,ITA,380.0,2019,9,13480.204554158116,0.168,2264.674365098564
23_59623,ITA,380.0,2019,10,3932.701301358414,0.168,660.6938186282136
23_59623,ITA,380.0,2019,11,11251.7841855348,0.168,1890.2997431698464
23_59624,ITA,380.0,2019,6,34033.10010730972,0.168,5717.560818028033
23_59624,ITA,380.0,2019,7,19010.58412582998,0.168,3193.778133139437
23_59624,ITA,380.0,2019,8,11184.339988986045,0.168,1878.9691181496555
23_59624,ITA,380.0,2019,9,1369.2479206537205,0.168,230.03365066982505
23_59624,ITA,380.0,2019,10,17253.930797029123,0.168,2898.660373900893
23_59628,ITA,380.0,2019,8,0.1148726703753669,0.168,0.0192986086230616
23_59628,ITA,380.0,2019,10,0.0251411620942836,0.168,0.0042237152318396
23_59633,ITA,380.0,2019,5,27615.72797641632,0.168,4639.442300037942
23_59633,ITA,380.0,2019,6,54473.870674819096,0.168,9151.610273369608
23_59633,ITA,380.0,2019,7,112232.8039815356,0.168,18855.111068897982
23_59633,ITA,380.0,2019,8,65331.62834955232,0.168,10975.713562724792
23_59633,ITA,380.0,2019,9,59383.69191756877,0.168,9976.460242151554
23_59633,ITA,380.0,2019,10,57125.06269901261,0.168,9597.01053343412
23_59633,ITA,380.0,2019,11,7040.610527174097,0.168,1182.8225685652485
23_59635,ITA,380.0,2019,5,2402.157249928176,0.168,403.5624179879336
23_59635,ITA,380.0,2019,6,19264.09426274055,0.168,3236.3678361404127
23_59635,ITA,380.0,2019,7,5927.327387789278,0.168,995.7910011485988
23_59635,ITA,380.0,2019,8,12595.76701947814,0.168,2116.088859272328
23_59635,ITA,380.0,2019,9,8150.244108322061,0.168,1369.2410101981063
23_59635,ITA,380.0,2019,10,1230.922193938067,0.168,206.7949285815953
23_59641,ITA,380.0,2019,4,44862.9045101428,0.168,7536.967957703991
23_59641,ITA,380.0,2019,5,26551.3541273581,0.168,4460.627493396161
23_59641,ITA,380.0,2019,6,44748.77735861496,0.168,7517.794596247314
23_59641,ITA,380.0,2019,7,62464.65035331263,0.168,10494.061259356522
23_59641,ITA,380.0,2019,8,6594.990009154254,0.168,1107.9583215379148
23_59641,ITA,380.0,2019,9,47450.30155821922,0.168,7971.650661780829
23_59641,ITA,380.0,2019,10,32047.0747866444,0.168,5383.908564156259
23_59641,ITA,380.0,2019,11,6149.875358295853,0.168,1033.1790601937034
23_59645,ITA,380.0,2019,5,21317.80871706031,0.168,3581.3918644661326
23_59645,ITA,380.0,2019,6,69283.4246255678,0.168,11639.61533709539
23_59645,ITA,380.0,2019,7,56058.4588697199,0.168,9417.821090112944
23_59645,ITA,380.0,2019,8,79646.2435859612,0.168,13380.568922441482
23_59645,ITA,380.0,2019,9,63146.9854576987,0.168,10608.693556893382
23_59645,ITA,380.0,2019,10,33299.82880873856,0.168,5594.371239868078
23_59645,ITA,380.0,2019,11,15662.927099462497,0.168,2631.3717527097
23_59650,ITA,380.0,2019,4,7397.708881604816,0.168,1242.8150921096092
23_59650,ITA,380.0,2019,5,3751.7954781066537,0.168,630.3016403219178
23_59650,ITA,380.0,2019,6,27032.103495627434,0.168,4541.393387265409
23_59650,ITA,380.0,2019,7,67959.72654948891,0.168,11417.234060314138
23_59650,ITA,380.0,2019,8,25701.106561992947,0.168,4317.785902414816
23_59650,ITA,380.0,2019,9,22208.44799464136,0.168,3731.019263099748
23_59650,ITA,380.0,2019,10,23771.502571546825,0.168,3993.6124320198655
23_59650,ITA,380.0,2019,11,7501.516326983885,0.168,1260.2547429332928
23_59651,ITA,380.0,2019,4,40832.34392718118,0.168,6859.833779766439
23_59651,ITA,380.0,2019,5,103094.7445778071,0.168,17319.917089071594
23_59651,ITA,380.0,2019,6,124954.52125637372,0.168,20992.359571070785
23_59651,ITA,380.0,2019,7,122234.75863283432,0.168,20535.439450316167
23_59651,ITA,380.0,2019,8,165271.26917453337,0.168,27765.573221321607
23_59651,ITA,380.0,2019,9,94680.54241233652,0.168,15906.331125272534
23_59651,ITA,380.0,2019,10,84123.6797418502,0.168,14132.778196630834
23_59651,ITA,380.0,2019,11,24081.70190222226,0.168,4045.72591957334
23_59654,ITA,380.0,2019,5,11983.156824224856,0.168,2013.170346469776
23_59654,ITA,380.0,2019,6,26767.29698547821,0.168,4496.905893560339
23_59654,ITA,380.0,2019,7,38858.95770498071,0.168,6528.304894436759
23_59654,ITA,380.0,2019,8,62080.29169709735,0.168,10429.489005112357
23_59654,ITA,380.0,2019,9,20901.901015800187,0.168,3511.519370654432
23_59654,ITA,380.0,2019,10,19815.59592549945,0.168,3329.0201154839083
23_59654,ITA,380.0,2019,11,3092.458088393495,0.168,519.5329588501072
23_59656,ITA,380.0,2019,4,102687.45494220014,0.168,17251.492430289625
23_59656,ITA,380.0,2019,5,100195.17871132582,0.168,16832.790023502737
23_59656,ITA,380.0,2019,6,203469.586748563,0.168,34182.89057375858
23_59656,ITA,380.0,2019,7,205467.5185149229,0.168,34518.54311050705
23_59656,ITA,380.0,2019,8,375528.6210357658,0.168,63088.80833400866
23_59656,ITA,380.0,2019,9,223283.19255186137,0.168,37511.57634871271
23_59656,ITA,380.0,2019,10,164448.40511707164,0.168,27627.33205966804
23_59656,ITA,380.0,2019,11,83215.66838319629,0.168,13980.232288376978
23_59661,ITA,380.0,2019,4,59533.85250716176,0.168,10001.687221203176
23_59661,ITA,380.0,2019,5,9634.58356429934,0.168,1618.610038802289
23_59661,ITA,380.0,2019,6,42355.58548123749,0.168,7115.738360847899
23_59661,ITA,380.0,2019,7,41041.58142039336,0.168,6894.985678626085
23_59661,ITA,380.0,2019,8,38152.311071402,0.168,6409.588259995537
23_59661,ITA,380.0,2019,9,9719.370026943538,0.168,1632.8541645265143
23_59661,ITA,380.0,2019,10,25388.53004051341,0.168,4265.273046806254
23_59661,ITA,380.0,2019,11,8225.044825917817,0.168,1381.8075307541935
23_59664,ITA,380.0,2019,5,14047.135087921955,0.168,2359.9186947708886
23_59664,ITA,380.0,2019,6,21710.33470227984,0.168,3647.336229983013
23_59664,ITA,380.0,2019,7,13588.100303933816,0.168,2282.800851060881
23_59664,ITA,380.0,2019,8,36362.94607265468,0.168,6108.974940205986
23_59664,ITA,380.0,2019,9,40705.93107103193,0.168,6838.596419933365
23_59664,ITA,380.0,2019,10,21658.60858319572,0.168,3638.646241976882
23_59664,ITA,380.0,2019,11,51453.419356262784,0.168,8644.174451852148
23_59665,ITA,380.0,2019,4,21972.035834691203,0.168,3691.302020228122
23_59665,ITA,380.0,2019,5,20542.519266946845,0.168,3451.14323684707
23_59665,ITA,380.0,2019,6,14994.810988008418,0.168,2519.128245985414
23_59665,ITA,380.0,2019,7,10813.085974066971,0.168,1816.5984436432516
23_59665,ITA,380.0,2019,8,36547.21670024259,0.168,6139.932405640756
23_59665,ITA,380.0,2019,9,22747.666752775844,0.168,3821.608014466342
23_59665,ITA,380.0,2019,10,12190.75642693694,0.168,2048.047079725406
23_59665,ITA,380.0,2019,11,1218.9546805988302,0.168,204.7843863406035
23_59666,ITA,380.0,2019,4,87185.4225426926,0.168,14647.150987172356
23_59666,ITA,380.0,2019,5,5191.812621940543,0.168,872.2245204860113
23_59666,ITA,380.0,2019,6,68083.1636061581,0.168,11437.97148583456
23_59666,ITA,380.0,2019,7,65651.83909032836,0.168,11029.508967175165
23_59666,ITA,380.0,2019,8,65077.22659676012,0.168,10932.9740682557
23_59666,ITA,380.0,2019,9,17834.678890202813,0.168,2996.2260535540727
23_59666,ITA,380.0,2019,10,21678.895386242966,0.168,3642.054424888818
23_59666,ITA,380.0,2019,11,23626.357898467148,0.168,3969.228126942481
23_59669,ITA,380.0,2019,4,37724.92524277906,0.168,6337.787440786883
23_59669,ITA,380.0,2019,5,16244.304965473548,0.168,2729.043234199556
23_59669,ITA,380.0,2019,6,7176.267981764854,0.168,1205.6130209364956
23_59669,ITA,380.0,2019,7,34050.980356494794,0.168,5720.564699891126
23_59669,ITA,380.0,2019,8,12470.872979824935,0.168,2095.1066606105896
23_59669,ITA,380.0,2019,9,25886.504138461856,0.168,4348.932695261592
23_59669,ITA,380.0,2019,10,29429.525653198867,0.168,4944.16030973741
23_59669,ITA,380.0,2019,11,3611.051361112511,0.168,606.6566286669018
23_59674,ITA,380.0,2019,5,13806.502981238596,0.168,2319.4925008480845
23_59674,ITA,380.0,2019,6,41866.340600039126,0.168,7033.5452208065735
23_59674,ITA,380.0,2019,7,30358.74786302789,0.168,5100.269640988686
23_59674,ITA,380.0,2019,8,14276.12501284605,0.168,2398.3890021581365
23_59674,ITA,380.0,2019,9,17548.958176250257,0.168,2948.2249736100434
23_59674,ITA,380.0,2019,10,19844.80999730445,0.168,3333.928079547148
23_59674,ITA,380.0,2019,11,10066.12833690004,0.168,1691.109560599207
23_59681,ITA,380.0,2019,4,407.6488031795717,0.168,68.48499893416805
23_59681,ITA,380.0,2019,5,3314.4784653805245,0.168,556.8323821839282
23_59681,ITA,380.0,2019,6,21483.122531535813,0.168,3609.164585298017
23_59681,ITA,380.0,2019,7,3583.7107894802666,0.168,602.0634126326848
23_59681,ITA,380.0,2019,8,8601.39337970235,0.168,1445.0340877899948
23_59681,ITA,380.0,2019,9,5604.409041210388,0.168,941.5407189233453
23_59681,ITA,380.0,2019,10,686.0042303917605,0.168,115.24871070581578
23_59681,ITA,380.0,2019,11,1395.8480649634546,0.168,234.5024749138604
23_59682,ITA,380.0,2019,4,9284.35025466373,0.168,1559.7708427835069
23_59682,ITA,380.0,2019,5,2845.897668829338,0.168,478.1108083633288
23_59682,ITA,380.0,2019,6,6378.452308591055,0.168,1071.5799878432972
23_59682,ITA,380.0,2019,7,2126.1503958327003,0.168,357.1932664998937
23_59682,ITA,380.0,2019,8,2671.681160325887,0.168,448.84243493474906
23_59682,ITA,380.0,2019,9,14344.803083365598,0.168,2409.9269180054207
23_59682,ITA,380.0,2019,10,19044.114846717115,0.168,3199.411294248476
23_59682,ITA,380.0,2019,11,1603.4523662087065,0.168,269.3799975230627
23_59684,ITA,380.0,2019,4,6776.736618832359,0.168,1138.4917519638364
23_59684,ITA,380.0,2019,5,13646.865875992007,0.168,2292.673467166657
23_59684,ITA,380.0,2019,6,69780.20044921673,0.168,11723.073675468411
23_59684,ITA,380.0,2019,7,77342.85717971661,0.168,12993.600006192391
23_59684,ITA,380.0,2019,8,95800.39593691676,0.168,16094.46651740202
23_59684,ITA,380.0,2019,9,59403.1751633657,0.168,9979.733427445435
23_59684,ITA,380.0,2019,10,26631.49185910395,0.168,4474.090632329464
23_59684,ITA,380.0,2019,11,10667.002379140717,0.168,1792.0563996956405
23_59688,ITA,380.0,2019,4,1373.12487620744,0.168,230.68497920284992
23_59688,ITA,380.0,2019,5,11574.720565568345,0.168,1944.5530550154815
23_59688,ITA,380.0,2019,6,40355.37842828364,0.168,6779.703575951651
23_59688,ITA,380.0,2019,7,15611.629373698412,0.168,2622.7537347813336
23_59688,ITA,380.0,2019,8,78499.02779229786,0.168,13187.83666910604
23_59688,ITA,380.0,2019,9,19062.206379825588,0.168,3202.450671810699
23_59688,ITA,380.0,2019,10,23526.05140137794,0.168,3952.376635431494
23_59688,ITA,380.0,2019,11,6679.645208868084,0.168,1122.1803950898382
23_59689,ITA,380.0,2019,4,1367.8446157568053,0.168,229.7978954471433
23_59689,ITA,380.0,2019,5,6825.632347965084,0.168,1146.706234458134
23_59689,ITA,380.0,2019,6,6068.11971161204,0.168,1019.4441115508228
23_59689,ITA,380.0,2019,7,17328.61453998007,0.168,2911.207242716652
23_59689,ITA,380.0,2019,8,30769.45480199593,0.168,5169.268406735317
23_59689,ITA,380.0,2019,9,7559.457709727491,0.168,1269.9888952342187
23_59689,ITA,380.0,2019,10,17821.97857731293,0.168,2994.0924009885725
23_59689,ITA,380.0,2019,11,8291.743081349407,0.168,1393.0128376667003
23_59690,ITA,380.0,2019,4,38965.96624944136,0.168,6546.282329906149
23_59690,ITA,380.0,2019,5,17387.84113736154,0.168,2921.157311076739
23_59690,ITA,380.0,2019,6,31095.69093561458,0.168,5224.07607718325
23_59690,ITA,380.0,2019,7,19414.55740048666,0.168,3261.6456432817595
23_59690,ITA,380.0,2019,8,17938.00046002824,0.168,3013.5840772847446
23_59690,ITA,380.0,2019,9,6944.680574855676,0.168,1166.7063365757538
23_59690,ITA,380.0,2019,10,30888.15068806907,0.168,5189.209315595604
23_59690,ITA,380.0,2019,11,9675.824999194328,0.168,1625.538599864647
23_59691,ITA,380.0,2019,4,8209.377533908562,0.168,1379.1754256966385
23_59691,ITA,380.0,2019,5,20458.311879837853,0.168,3436.99639581276
23_59691,ITA,380.0,2019,6,13276.8904994205,0.168,2230.517603902644
23_59691,ITA,380.0,2019,7,20972.113550878024,0.168,3523.3150765475084
23_59691,ITA,380.0,2019,8,35889.02835201434,0.168,6029.356763138409
23_59691,ITA,380.0,2019,9,14467.06261437938,0.168,2430.466519215736
23_59691,ITA,380.0,2019,10,17275.624139181076,0.168,2902.304855382421
23_59691,ITA,380.0,2019,11,3974.320723859059,0.168,667.6858816083219
23_59694,ITA,380.0,2019,4,26978.415114531585,0.168,4532.373739241307
23_59694,ITA,380.0,2019,5,9098.932396543683,0.168,1528.6206426193392
23_59694,ITA,380.0,2019,6,21355.39533758432,0.168,3587.7064167141657
23_59694,ITA,380.0,2019,7,43006.71494565022,0.168,7225.128110869238
23_59694,ITA,380.0,2019,8,26151.717129160923,0.168,4393.488477699036
23_59694,ITA,380.0,2019,9,31171.27840657458,0.168,5236.7747723045295
23_59694,ITA,380.0,2019,10,15953.748715980346,0.168,2680.2297842846983
23_59694,ITA,380.0,2019,11,6895.41856702805,0.168,1158.4303192607126
23_59696,ITA,380.0,2019,5,12392.813902729273,0.168,2081.992735658518
23_59696,ITA,380.0,2019,6,42338.135023102106,0.168,7112.806683881155
23_59696,ITA,380.0,2019,7,35945.093283777365,0.168,6038.775671674598
23_59696,ITA,380.0,2019,8,53727.554680803,0.168,9026.229186374903
23_59696,ITA,380.0,2019,9,11277.235746730114,0.168,1894.5756054506592
23_59696,ITA,380.0,2019,10,16034.448086825698,0.168,2693.787278586717
23_59696,ITA,380.0,2019,11,1833.912596521695,0.168,308.09731621564475
23_59697,ITA,380.0,2019,5,6222.660171387764,0.168,1045.4069087931443
23_59697,ITA,380.0,2019,6,26376.614318528096,0.168,4431.27120551272
23_59697,ITA,380.0,2019,7,28077.364642113866,0.168,4716.997259875129
23_59697,ITA,380.0,2019,8,72086.72881818847,0.168,12110.570441455662
23_59697,ITA,380.0,2019,9,35310.61210357502,0.168,5932.182833400603
23_59697,ITA,380.0,2019,10,12247.823145239983,0.168,2057.634288400317
23_59697,ITA,380.0,2019,11,4159.646865132246,0.168,698.8206733422173
23_59700,ITA,380.0,2019,4,12481.868188216744,0.168,2096.953855620413
23_59700,ITA,380.0,2019,5,1925.8203567847013,0.168,323.5378199398299
23_59700,ITA,380.0,2019,6,28545.62499663984,0.168,4795.664999435493
23_59700,ITA,380.0,2019,7,12161.221406150844,0.168,2043.085196233342
23_59700,ITA,380.0,2019,8,15235.763121413882,0.168,2559.6082043975325
23_59700,ITA,380.0,2019,9,28237.74231793337,0.168,4743.940709412806
23_59700,ITA,380.0,2019,10,10629.568955167586,0.168,1785.7675844681546
23_59700,ITA,380.0,2019,11,3750.9400841945385,0.168,630.1579341446825
23_59701,ITA,380.0,2019,4,12937.742505707787,0.168,2173.540740958909
23_59701,ITA,380.0,2019,5,1114.032774401854,0.168,187.1575060995115
23_59701,ITA,380.0,2019,6,5183.904116809093,0.168,870.8958916239276
23_59701,ITA,380.0,2019,7,2407.7622055037946,0.168,404.50405052463753
23_59701,ITA,380.0,2019,8,8776.120052166361,0.168,1474.388168763949
23_59701,ITA,380.0,2019,9,2786.0049160446674,0.168,468.04882589550414
23_59701,ITA,380.0,2019,10,5391.6958452421,0.168,905.8049020006728
23_59701,ITA,380.0,2019,11,5038.601172773534,0.168,846.4849970259538
23_59707,ITA,380.0,2019,5,4804.778632589692,0.168,807.2028102750684
23_59707,ITA,380.0,2019,6,17941.24242359846,0.168,3014.128727164542
23_59707,ITA,380.0,2019,7,11967.772798918166,0.168,2010.585830218252
23_59707,ITA,380.0,2019,8,15961.385428716596,0.168,2681.512752024388
23_59707,ITA,380.0,2019,9,6666.634341863124,0.168,1119.994569433005
23_59707,ITA,380.0,2019,10,7609.674018436994,0.168,1278.425235097415
23_59710,ITA,380.0,2019,5,9099.35312048481,0.168,1528.691324241448
23_59710,ITA,380.0,2019,6,10284.647412387729,0.168,1727.8207652811386
23_59710,ITA,380.0,2019,7,38319.59006246942,0.168,6437.691130494863
23_59710,ITA,380.0,2019,8,19169.78186916783,0.168,3220.523354020196
23_59710,ITA,380.0,2019,9,17665.14324216536,0.168,2967.7440646837804
23_59710,ITA,380.0,2019,10,22105.944429440464,0.168,3713.7986641459984
23_59710,ITA,380.0,2019,11,22262.60034628926,0.168,3740.116858176596
30_8872,ITA,380.0,2019,5,7008193.220531491,0.168,1177376.4610492906
30_8872,ITA,380.0,2019,6,29425458.9900317,0.168,4943477.110325326
30_8872,ITA,380.0,2019,7,19297832.631459992,0.168,3242035.882085279
30_8872,ITA,380.0,2019,8,17501253.12656761,0.168,2940210.5252633584
30_8872,ITA,380.0,2019,9,13491963.539095577,0.168,2266649.874568057
30_8872,ITA,380.0,2019,10,5982735.480065121,0.168,1005099.5606509404
30_8873,ITA,380.0,2019,5,507721.7617765501,0.168,85297.25597846042
30_8873,ITA,380.0,2019,6,1446039.242544293,0.168,242934.59274744123
30_8873,ITA,380.0,2019,7,1901628.599280557,0.168,319473.6046791336
30_8873,ITA,380.0,2019,8,1915573.247597736,0.168,321816.3055964196
30_8873,ITA,380.0,2019,9,1519086.2028847046,0.168,255206.4820846304
30_8873,ITA,380.0,2019,10,524984.9680353713,0.168,88197.47462994239
30_8874,ITA,380.0,2019,5,35566.94557211694,0.168,5975.246856115647
30_8874,ITA,380.0,2019,6,165586.1543914063,0.168,27818.473937756266
30_8874,ITA,380.0,2019,7,147820.57090941575,0.168,24833.855912781848
30_8874,ITA,380.0,2019,8,205948.7525729281,0.168,34599.39043225192
30_8874,ITA,380.0,2019,9,205938.29402009677,0.168,34597.63339537625
30_8875,ITA,380.0,2019,5,452170.9178086534,0.168,75964.71419185377
30_8875,ITA,380.0,2019,6,895546.9075867776,0.168,150451.88047457865
30_8875,ITA,380.0,2019,7,1108671.2757484769,0.168,186256.77432574413
30_8875,ITA,380.0,2019,8,907802.7016006012,0.168,152510.853868901
30_8875,ITA,380.0,2019,9,738213.778818152,0.168,124019.91484144954
30_8875,ITA,380.0,2019,10,253629.85755938457,0.168,42609.81606997661
30_8876,ITA,380.0,2019,5,122553.03200320582,0.168,20588.90937653858
30_8876,ITA,380.0,2019,6,744244.1928420771,0.168,125033.02439746897
30_8876,ITA,380.0,2019,7,446326.62221785577,0.168,74982.87253259978
30_8876,ITA,380.0,2019,8,664251.4343447436,0.168,111594.24096991694
30_8876,ITA,380.0,2019,9,242631.59686424377,0.168,40762.10827319296
30_8877,ITA,380.0,2019,5,44152.58041734715,0.168,7417.633510114321
30_8877,ITA,380.0,2019,6,181698.8285545473,0.168,30525.40319716395
30_8877,ITA,380.0,2019,7,162304.0097266847,0.168,27267.07363408303
30_8877,ITA,380.0,2019,8,355679.8552885845,0.168,59754.2156884822
30_8877,ITA,380.0,2019,9,162622.02725512686,0.168,27320.500578861316
30_8877,ITA,380.0,2019,10,167762.61958474957,0.168,28184.120090237928
30_8878,ITA,380.0,2019,5,885873.2023081944,0.168,148826.69798777666
30_8878,ITA,380.0,2019,6,2204760.900799248,0.168,370399.8313342737
30_8878,ITA,380.0,2019,7,1833172.599003208,0.168,307972.9966325389
30_8878,ITA,380.0,2019,8,1834841.1143902792,0.168,308253.30721756694
30_8878,ITA,380.0,2019,9,1102899.376964855,0.168,185287.09533009565
30_8879,ITA,380.0,2019,5,482288.21399876586,0.168,81024.41995179268
30_8879,ITA,380.0,2019,6,1317432.2421879747,0.168,221328.61668757975
30_8879,ITA,380.0,2019,7,384943.6550087504,0.168,64670.53404147007
30_8879,ITA,380.0,2019,8,680624.2103540149,0.168,114344.86733947451
30_8879,ITA,380.0,2019,9,457054.7360157721,0.168,76785.19565064972
30_8880,ITA,380.0,2019,5,758133.1188847198,0.168,127366.36397263291
30_8880,ITA,380.0,2019,6,3355616.12716973,0.168,563743.5093645147
30_8880,ITA,380.0,2019,7,2461382.44064946,0.168,413512.2500291093
30_8880,ITA,380.0,2019,8,3032020.368365927,0.168,509379.4218854758
30_8880,ITA,380.0,2019,9,1244134.995854626,0.168,209014.6793035772
30_8881,ITA,380.0,2019,5,3861797.373528211,0.168,648781.9587527395
30_8881,ITA,380.0,2019,6,16142203.049662538,0.168,2711890.1123433067
30_8881,ITA,380.0,2019,7,17563238.74933228,0.168,2950624.109887823
30_8881,ITA,380.0,2019,8,19485965.39299653,0.168,3273642.186023418
30_8881,ITA,380.0,2019,9,11065468.953115135,0.168,1858998.784123343
30_8881,ITA,380.0,2019,10,4087355.3674852727,0.168,686675.7017375259
30_8882,ITA,380.0,2019,5,162246.0611164507,0.168,27257.33826756372
30_8882,ITA,380.0,2019,6,575678.84344668,0.168,96714.04569904224
30_8882,ITA,380.0,2019,7,157385.81354484783,0.168,26440.816675534435
30_8882,ITA,380.0,2019,8,318011.2236530225,0.168,53425.88557370779
30_8882,ITA,380.0,2019,9,473994.8747088562,0.168,79631.13895108785
30_8883,ITA,380.0,2019,5,185312.19885527476,0.168,31132.44940768616
30_8883,ITA,380.0,2019,6,1215243.2793554284,0.168,204160.870931712
30_8883,ITA,380.0,2019,7,673861.4724619046,0.168,113208.7273736
30_8883,ITA,380.0,2019,8,513281.9234415749,0.168,86231.36313818458
30_8883,ITA,380.0,2019,9,551335.0023820669,0.168,92624.28040018724
30_8883,ITA,380.0,2019,10,183462.50287426423,0.168,30821.7004828764
30_8884,ITA,380.0,2019,5,31724835.80772671,0.168,5329772.415698088
30_8884,ITA,380.0,2019,6,58795138.91864851,0.168,9877583.338332951
30_8884,ITA,380.0,2019,7,47184789.44576646,0.168,7927044.626888765
30_8884,ITA,380.0,2019,8,63404538.58124623,0.168,10651962.481649367
30_8884,ITA,380.0,2019,9,40707569.048254825,0.168,6838871.600106811
30_8884,ITA,380.0,2019,10,25243910.871545877,0.168,4240977.026419707
30_8885,ITA,380.0,2019,5,605671.0303871396,0.168,101752.73310503949
30_8885,ITA,380.0,2019,6,703106.8102804989,0.168,118121.94412712385
30_8885,ITA,380.0,2019,7,475828.7804568725,0.168,79939.23511675459
30_8885,ITA,380.0,2019,8,888053.8768130655,0.168,149193.05130459502
30_8885,ITA,380.0,2019,9,395615.2022393592,0.168,66463.35397621235
30_8886,ITA,380.0,2019,5,293999.2682080411,0.168,49391.87705895091
30_8886,ITA,380.0,2019,6,651982.2209315709,0.168,109533.0131165039
30_8886,ITA,380.0,2019,7,510603.9584018893,0.168,85781.4650115174
30_8886,ITA,380.0,2019,8,483533.4842698871,0.168,81233.62535734104
30_8886,ITA,380.0,2019,9,472884.3550248886,0.168,79444.57164418128
30_8886,ITA,380.0,2019,10,181351.2376977429,0.168,30467.00793322081
30_8887,ITA,380.0,2019,6,511435.52493726776,0.168,85921.168189461
30_8887,ITA,380.0,2019,7,411434.33582976286,0.168,69120.96841940016
30_8887,ITA,380.0,2019,8,307928.078912754,0.168,51731.91725734268
30_8887,ITA,380.0,2019,9,185259.88149987208,0.168,31123.660091978512
30_8888,ITA,380.0,2019,5,2426170.7512580543,0.168,407596.6862113532
30_8888,ITA,380.0,2019,6,5749027.387442443,0.168,965836.6010903304
30_8888,ITA,380.0,2019,7,4422965.443075974,0.168,743058.1944367636
30_8888,ITA,380.0,2019,8,4489528.955655308,0.168,754240.8645500917
30_8888,ITA,380.0,2019,9,2447311.716686524,0.168,411148.368403336
30_8888,ITA,380.0,2019,10,2307750.5611293446,0.168,387702.0942697299
30_8889,ITA,380.0,2019,4,1167469.600557574,0.168,196134.89289367248
30_8889,ITA,380.0,2019,5,1538435.293405699,0.168,258457.12929215745
30_8889,ITA,380.0,2019,6,3627702.76457124,0.168,609454.0644479684
30_8889,ITA,380.0,2019,7,5416991.0062359385,0.168,910054.4890476376
30_8889,ITA,380.0,2019,8,4397791.606244328,0.168,738828.989849047
30_8889,ITA,380.0,2019,9,3425330.767279876,0.168,575455.5689030192
30_8889,ITA,380.0,2019,10,1772493.7379837406,0.168,297778.94798126846
30_8889,ITA,380.0,2019,11,1807866.4988420515,0.168,303721.5718054647
30_8890,ITA,380.0,2019,5,429502.8429167956,0.168,72156.47761002167
30_8890,ITA,380.0,2019,6,977107.4032626876,0.168,164154.04374813152
30_8890,ITA,380.0,2019,7,573468.3562581193,0.168,96342.68385136404
30_8890,ITA,380.0,2019,8,632703.1451619198,0.168,106294.12838720252
30_8890,ITA,380.0,2019,9,763898.026673417,0.168,128334.86848113404
30_8890,ITA,380.0,2019,10,127986.80248132606,0.168,21501.78281686278
30_8891,ITA,380.0,2019,5,321719.85713765695,0.168,54048.93599912637
30_8891,ITA,380.0,2019,6,1083891.246013663,0.168,182093.7293302954
30_8891,ITA,380.0,2019,7,1040402.3766826997,0.168,174787.59928269353
30_8891,ITA,380.0,2019,8,848216.4069387169,0.168,142500.35636570444
30_8891,ITA,380.0,2019,9,702869.0279496798,0.168,118081.9966955462
30_8891,ITA,380.0,2019,10,304717.53826705285,0.168,51192.54642886488
30_8892,ITA,380.0,2019,5,114949.70732317895,0.168,19311.55083029407
30_8892,ITA,380.0,2019,6,271550.5490645496,0.168,45620.49224284434
30_8892,ITA,380.0,2019,7,81088.37423258311,0.168,13622.846871073963
30_8892,ITA,380.0,2019,8,138211.45621206285,0.168,23219.524643626555
30_8892,ITA,380.0,2019,9,311459.03860977635,0.168,52325.11848644243
30_8892,ITA,380.0,2019,10,48150.26134359946,0.168,8089.24390572471
30_8893,ITA,380.0,2019,5,1650758.4007507882,0.168,277327.4113261324
30_8893,ITA,380.0,2019,6,3028453.461999904,0.168,508780.1816159839
30_8893,ITA,380.0,2019,7,1300224.436050411,0.168,218437.70525646908
30_8893,ITA,380.0,2019,8,1681550.6005333478,0.168,282500.50088960247
30_8893,ITA,380.0,2019,9,1355976.4882551772,0.168,227804.05002686975
30_8893,ITA,380.0,2019,10,882121.5408811034,0.168,148196.4188680254
30_8894,ITA,380.0,2019,5,532799.7594428668,0.168,89510.35958640162
30_8894,ITA,380.0,2019,6,2716911.396200038,0.168,456441.1145616064
30_8894,ITA,380.0,2019,7,2590753.261714215,0.168,435246.5479679881
30_8894,ITA,380.0,2019,8,2902524.455786205,0.168,487624.1085720825
30_8894,ITA,380.0,2019,9,2095193.0754554889,0.168,351992.43667652213
30_8894,ITA,380.0,2019,10,594788.6944007317,0.168,99924.50065932292
30_8895,ITA,380.0,2019,5,674333.8759332655,0.168,113288.09115678862
30_8895,ITA,380.0,2019,6,1460547.8973063184,0.168,245372.0467474615
30_8895,ITA,380.0,2019,7,1295492.322290213,0.168,217642.7101447558
30_8895,ITA,380.0,2019,8,1272250.435454761,0.168,213738.07315639983
30_8895,ITA,380.0,2019,9,2129363.1198546146,0.168,357733.00413557526
30_8895,ITA,380.0,2019,10,349369.4873138812,0.168,58694.07386873205
30_8896,ITA,380.0,2019,5,234388.1448870857,0.168,39377.2083410304
30_8896,ITA,380.0,2019,6,978213.3389633456,0.168,164339.8409458421
30_8896,ITA,380.0,2019,7,957313.628561632,0.168,160828.68959835416
30_8896,ITA,380.0,2019,8,1106052.3533754053,0.168,185816.7953670681
30_8896,ITA,380.0,2019,9,518877.3119462408,0.168,87171.38840696846
30_8896,ITA,380.0,2019,10,219270.8624573037,0.168,36837.50489282703
30_8897,ITA,380.0,2019,5,709439.2418609461,0.168,119185.79263263894
30_8897,ITA,380.0,2019,6,2952229.7739173123,0.168,495974.6020181085
30_8897,ITA,380.0,2019,7,2892588.677098532,0.168,485954.8977525535
30_8897,ITA,380.0,2019,8,3109162.086213025,0.168,522339.2304837882
30_8897,ITA,380.0,2019,9,1769747.4503446012,0.168,297317.571657893
30_8897,ITA,380.0,2019,10,858581.5282163539,0.168,144241.69674034746
30_8898,ITA,380.0,2019,5,272368.5022133973,0.168,45757.908371850746
30_8898,ITA,380.0,2019,6,701817.1285490361,0.168,117905.27759623808
30_8898,ITA,380.0,2019,7,467299.60613149207,0.168,78506.33383009068
30_8898,ITA,380.0,2019,8,530810.452567259,0.168,89176.15603129951
30_8898,ITA,380.0,2019,9,389841.112602043,0.168,65493.30691714323
30_8898,ITA,380.0,2019,10,134325.12824040552,0.168,22566.62154438813
30_8899,ITA,380.0,2019,5,415437.4613937216,0.168,69793.49351414524
30_8899,ITA,380.0,2019,6,1668956.8449812797,0.168,280384.74995685497
30_8899,ITA,380.0,2019,7,890783.0464506984,0.168,149651.55180371733
30_8899,ITA,380.0,2019,8,1315047.4204426764,0.168,220927.9666343697
30_8899,ITA,380.0,2019,9,579097.6570976791,0.168,97288.40639241008
30_8899,ITA,380.0,2019,10,249657.46231422387,0.168,41942.45366878961
30_8900,ITA,380.0,2019,5,924163.3148599324,0.168,155259.4368964687
30_8900,ITA,380.0,2019,6,2255174.22167864,0.168,378869.2692420115
30_8900,ITA,380.0,2019,7,1394422.2520304744,0.168,234262.9383411197
30_8900,ITA,380.0,2019,8,1488651.130853897,0.168,250093.38998345472
30_8900,ITA,380.0,2019,9,1608018.889998131,0.168,270147.17351968604
30_8900,ITA,380.0,2019,10,519796.9617804187,0.168,87325.88957911034
30_8901,ITA,380.0,2019,4,898080.1492928498,0.168,150877.46508119878
30_8901,ITA,380.0,2019,5,1470284.8192821715,0.168,247007.84963940483
30_8901,ITA,380.0,2019,6,2172168.512317904,0.168,364924.3100694079
30_8901,ITA,380.0,2019,7,1274827.1592870527,0.168,214170.96276022488
30_8901,ITA,380.0,2019,8,1268282.9929921576,0.168,213071.54282268247
30_8901,ITA,380.0,2019,9,1932882.8610755107,0.168,324724.32066068583
30_8901,ITA,380.0,2019,10,518220.6339802345,0.168,87061.0665086794
30_8902,ITA,380.0,2019,6,685295.3968887115,0.168,115129.62667730352
30_8902,ITA,380.0,2019,7,306383.3318824835,0.168,51472.39975625723
30_8902,ITA,380.0,2019,8,450432.4498897087,0.168,75672.65158147107
30_8902,ITA,380.0,2019,9,497828.9638990025,0.168,83635.26593503242
30_8903,ITA,380.0,2019,5,106534.81943634652,0.168,17897.849665306218
30_8903,ITA,380.0,2019,6,391547.0903271365,0.168,65779.91117495894
30_8903,ITA,380.0,2019,7,252688.8185826292,0.168,42451.72152188171
30_8903,ITA,380.0,2019,8,245608.9329331583,0.168,41262.3007327706
30_8903,ITA,380.0,2019,9,409644.8094723541,0.168,68820.3279913555
30_8903,ITA,380.0,2019,10,68356.88030063959,0.168,11483.955890507452
30_8904,ITA,380.0,2019,5,503280.4210135287,0.168,84551.11073027283
30_8904,ITA,380.0,2019,6,843644.1347066147,0.168,141732.21463071127
30_8904,ITA,380.0,2019,7,388472.0289671213,0.168,65263.300866476384
30_8904,ITA,380.0,2019,8,1270479.6152705243,0.168,213440.5753654481
30_8904,ITA,380.0,2019,9,438487.614838094,0.168,73665.9192927998
30_8905,ITA,380.0,2019,5,695058.5471373905,0.168,116769.8359190816
30_8905,ITA,380.0,2019,6,2688274.152600147,0.168,451630.0576368247
30_8905,ITA,380.0,2019,7,1564906.8948325955,0.168,262904.3583318761
30_8905,ITA,380.0,2019,8,3065316.102470488,0.168,514973.1052150419
30_8905,ITA,380.0,2019,9,2082947.843893385,0.168,349935.2377740887
30_8905,ITA,380.0,2019,10,769588.4612431654,0.168,129290.8614888518
30_8906,ITA,380.0,2019,5,1104294.962752666,0.168,185521.55374244787
30_8906,ITA,380.0,2019,6,6691459.529924784,0.168,1124165.2010273638
30_8906,ITA,380.0,2019,7,4415381.232044325,0.168,741784.0469834467
30_8906,ITA,380.0,2019,8,4335315.419828499,0.168,728332.9905311879
30_8906,ITA,380.0,2019,9,4898370.178806205,0.168,822926.1900394425
30_8906,ITA,380.0,2019,10,1563596.764837558,0.168,262684.25649270974
30_8907,ITA,380.0,2019,5,3174162.648781156,0.168,533259.3249952343
30_8907,ITA,380.0,2019,6,8462623.578022677,0.168,1421720.7611078098
30_8907,ITA,380.0,2019,7,4722915.509335187,0.168,793449.8055683115
30_8907,ITA,380.0,2019,8,4381524.293976081,0.168,736096.0813879815
30_8907,ITA,380.0,2019,9,6330630.768554753,0.168,1063545.9691171986
30_8907,ITA,380.0,2019,10,1122558.2317985208,0.168,188589.7829421515
30_8908,ITA,380.0,2019,5,90677.37026685024,0.168,15233.79820483084
30_8908,ITA,380.0,2019,6,301221.4468039461,0.168,50605.20306306295
30_8908,ITA,380.0,2019,7,492359.9148955563,0.168,82716.46570245347
30_8908,ITA,380.0,2019,8,596990.8592994607,0.168,100294.4643623094
30_8908,ITA,380.0,2019,9,243946.7520048615,0.168,40983.054336816735
30_8908,ITA,380.0,2019,10,118595.24385432091,0.168,19924.00096752592
30_8909,ITA,380.0,2019,6,552767.6547053593,0.168,92864.96599050036
30_8909,ITA,380.0,2019,7,536475.908410899,0.168,90127.95261303104
30_8909,ITA,380.0,2019,8,489892.23280343926,0.168,82301.8951109778
30_8909,ITA,380.0,2019,9,441726.0441958152,0.168,74209.97542489695
30_8909,ITA,380.0,2019,10,88310.88561906053,0.168,14836.228784002167
30_8910,ITA,380.0,2019,5,317778.3853393886,0.168,53386.76873701729
30_8910,ITA,380.0,2019,6,620732.0058172971,0.168,104282.97697730592
30_8910,ITA,380.0,2019,7,465866.6020405248,0.168,78265.58914280818
30_8910,ITA,380.0,2019,8,698457.3682419299,0.168,117340.83786464424
30_8910,ITA,380.0,2019,9,459438.01641687326,0.168,77185.58675803471
30_8910,ITA,380.0,2019,10,157260.48010942052,0.168,26419.76065838265
30_8911,ITA,380.0,2019,5,1392594.6389541926,0.168,233955.8993443044
30_8911,ITA,380.0,2019,6,1520539.7221736892,0.168,255450.67332517976
30_8911,ITA,380.0,2019,7,1361485.7077488597,0.168,228729.59890180844
30_8911,ITA,380.0,2019,8,2641463.267729742,0.168,443765.8289785967
30_8911,ITA,380.0,2019,9,4122720.988219796,0.168,692617.1260209257
30_8911,ITA,380.0,2019,10,495182.7585616128,0.168,83190.70343835096
30_8912,ITA,380.0,2019,5,320317.0083183083,0.168,53813.25739747579
30_8912,ITA,380.0,2019,6,294403.0986128113,0.168,49459.7205669523
30_8912,ITA,380.0,2019,7,219773.44303774607,0.168,36921.93843034134
30_8912,ITA,380.0,2019,8,525833.7896142383,0.168,88340.07665519204
30_8912,ITA,380.0,2019,9,216401.4314492732,0.168,36355.44048347789
30_8912,ITA,380.0,2019,10,74254.59850776766,0.168,12474.772549304967
30_8913,ITA,380.0,2019,5,1268092.4306610606,0.168,213039.5283510582
30_8913,ITA,380.0,2019,6,1374769.2228562103,0.168,230961.2294398434
30_8913,ITA,380.0,2019,7,943339.2636373806,0.168,158480.99629107994
30_8913,ITA,380.0,2019,8,2960933.8190065883,0.168,497436.8815931069
30_8913,ITA,380.0,2019,9,3161110.1707102475,0.168,531066.5086793216
30_8913,ITA,380.0,2019,10,498977.7568030155,0.168,83828.26314290661
30_8914,ITA,380.0,2019,6,807752.9371382688,0.168,135702.49343922918
30_8914,ITA,380.0,2019,7,382039.619592472,0.168,64182.6560915353
30_8914,ITA,380.0,2019,8,735654.037644432,0.168,123589.8783242646
30_8914,ITA,380.0,2019,9,1383078.722671907,0.168,232357.2254088804
30_8914,ITA,380.0,2019,10,114769.1891132958,0.168,19281.223771033696
30_8915,ITA,380.0,2019,5,237940.83547684335,0.168,39974.06036010969
30_8915,ITA,380.0,2019,6,550879.2076046201,0.168,92547.7068775762
30_8915,ITA,380.0,2019,7,463992.5018212299,0.168,77950.74030596662
30_8915,ITA,380.0,2019,8,781981.8414905625,0.168,131372.9493704145
30_8915,ITA,380.0,2019,9,273730.69270669954,0.168,45986.756374725526
30_8915,ITA,380.0,2019,10,172228.60027385107,0.168,28934.404846006983
30_8916,ITA,380.0,2019,6,2149268.677136555,0.168,361077.1377589412
30_8916,ITA,380.0,2019,7,2311904.281845125,0.168,388399.919349981
30_8916,ITA,380.0,2019,8,2495850.4062153497,0.168,419302.8682441788
30_8916,ITA,380.0,2019,9,1183750.2608746423,0.168,198870.04382693992
30_8916,ITA,380.0,2019,10,385636.8453159319,0.168,64786.99001307656
30_8917,ITA,380.0,2019,5,259425.9871390781,0.168,43583.565839365125
30_8917,ITA,380.0,2019,6,418586.1511045485,0.168,70322.47338556415
30_8917,ITA,380.0,2019,7,550228.6067890086,0.168,92438.40594055344
30_8917,ITA,380.0,2019,8,536982.2668672849,0.168,90213.02083370386
30_8917,ITA,380.0,2019,9,467750.12823550886,0.168,78582.0215435655
30_8917,ITA,380.0,2019,10,95857.1347648854,0.168,16103.998640500748
30_8918,ITA,380.0,2019,5,387138.322257006,0.168,65039.23813917702
30_8918,ITA,380.0,2019,6,489570.7808351901,0.168,82247.89118031194
30_8918,ITA,380.0,2019,7,426295.3885810135,0.168,71617.62528161026
30_8918,ITA,380.0,2019,8,459550.9582848705,0.168,77204.56099185825
30_8918,ITA,380.0,2019,9,584526.67062794,0.168,98200.48066549392
30_8918,ITA,380.0,2019,10,242763.09038299532,0.168,40784.19918434322
30_8919,ITA,380.0,2019,6,459613.4546014088,0.168,77215.06037303667
30_8919,ITA,380.0,2019,7,376003.9631655503,0.168,63168.66581181245
30_8919,ITA,380.0,2019,8,403506.1819319176,0.168,67789.03856456216
30_8919,ITA,380.0,2019,9,149144.20697028414,0.168,25056.226771007736
30_8919,ITA,380.0,2019,10,81547.4257712916,0.168,13699.96752957699
30_8920,ITA,380.0,2019,5,178930.19477785946,0.168,30060.27272268039
30_8920,ITA,380.0,2019,6,832346.4956034913,0.168,139834.21126138655
30_8920,ITA,380.0,2019,7,1380848.0261702645,0.168,231982.46839660444
30_8920,ITA,380.0,2019,8,1244383.3331960386,0.168,209056.3999769345
30_8920,ITA,380.0,2019,9,870404.4652765581,0.168,146227.95016646176
30_8920,ITA,380.0,2019,10,257866.5312876531,0.168,43321.57725632573
30_8921,ITA,380.0,2019,5,408501.9431146729,0.168,68628.32644326505
30_8921,ITA,380.0,2019,6,3046068.78726873,0.168,511739.5562611467
30_8921,ITA,380.0,2019,7,3883547.3695533294,0.168,652435.9580849594
30_8921,ITA,380.0,2019,8,4067656.250118341,0.168,683366.2500198812
30_8921,ITA,380.0,2019,9,2033488.6545422964,0.168,341626.0939631058
30_8921,ITA,380.0,2019,10,861125.1103698662,0.168,144669.01854213755
30_8922,ITA,380.0,2019,5,396067.1656198366,0.168,66539.28382413255
30_8922,ITA,380.0,2019,6,1588805.965831862,0.168,266919.40225975285
30_8922,ITA,380.0,2019,7,1819889.857019625,0.168,305741.495979297
30_8922,ITA,380.0,2019,8,2225334.535948448,0.168,373856.2020393393
30_8922,ITA,380.0,2019,9,1825187.4568494896,0.168,306631.49275071424
30_8922,ITA,380.0,2019,10,649099.1779904135,0.168,109048.66190238947
30_8923,ITA,380.0,2019,4,18765135.503668558,0.168,3152542.764616317
30_8923,ITA,380.0,2019,5,16254309.378324123,0.168,2730723.975558453
30_8923,ITA,380.0,2019,6,43773202.92942079,0.168,7353898.092142694
30_8923,ITA,380.0,2019,7,35672621.605477914,0.168,5993000.42972029
30_8923,ITA,380.0,2019,8,35341925.60150373,0.168,5937443.501052627
30_8923,ITA,380.0,2019,9,27844951.294736788,0.168,4677951.81751578
30_8923,ITA,380.0,2019,10,13504338.31927659,0.168,2268728.837638467
30_8923,ITA,380.0,2019,11,16718752.758388815,0.168,2808750.4634093214
30_8924,ITA,380.0,2019,6,815846.0778350562,0.168,137062.14107628947
30_8924,ITA,380.0,2019,7,383138.1747685951,0.168,64367.21336112398
30_8924,ITA,380.0,2019,8,633150.2346954629,0.168,106369.23942883775
30_8924,ITA,380.0,2019,9,556673.0930317852,0.168,93521.07962933992
30_8924,ITA,380.0,2019,10,173507.43680830864,0.168,29149.249383795854
30_8925,ITA,380.0,2019,5,473955.5118294067,0.168,79624.52598734034
30_8925,ITA,380.0,2019,6,709635.9558988226,0.168,119218.8405910022
30_8925,ITA,380.0,2019,7,475797.488543638,0.168,79933.97807533118
30_8925,ITA,380.0,2019,8,620803.6964140075,0.168,104295.02099755326
30_8925,ITA,380.0,2019,9,588055.6206894622,0.168,98793.34427582964
30_8925,ITA,380.0,2019,10,568182.3820110058,0.168,95454.64017784898
30_8926,ITA,380.0,2019,5,146257.98346078277,0.168,24571.341221411505
30_8926,ITA,380.0,2019,6,150975.4895900658,0.168,25363.882251131054
30_8926,ITA,380.0,2019,7,239545.3221245212,0.168,40243.61411691956
30_8926,ITA,380.0,2019,8,186750.0686562335,0.168,31374.011534247227
30_8926,ITA,380.0,2019,9,346046.16694014,0.168,58135.756045943526
30_8926,ITA,380.0,2019,10,87634.39043958206,0.168,14722.577593849786
30_8927,ITA,380.0,2019,5,417370.03637000354,0.168,70118.1661101606
30_8927,ITA,380.0,2019,6,2634039.100408979,0.168,442518.56886870856
30_8927,ITA,380.0,2019,7,3320390.93838978,0.168,557825.6776494831
30_8927,ITA,380.0,2019,8,3246508.7315987027,0.168,545413.4669085821
30_8927,ITA,380.0,2019,9,2128872.504677144,0.168,357650.5807857602
30_8927,ITA,380.0,2019,10,898596.7366346287,0.168,150964.25175461764
30_8928,ITA,380.0,2019,5,113491.67890405624,0.168,19066.60205588145
30_8928,ITA,380.0,2019,6,790657.8973964949,0.168,132830.52676261117
30_8928,ITA,380.0,2019,7,512752.2548475768,0.168,86142.3788143929
30_8928,ITA,380.0,2019,8,399323.2952036753,0.168,67086.31359421746
30_8928,ITA,380.0,2019,9,570422.7008325679,0.168,95831.0137398714
30_8928,ITA,380.0,2019,10,223380.4302969425,0.168,37527.91228988634
30_8929,ITA,380.0,2019,4,165094.16363299798,0.168,27735.819490343663
30_8929,ITA,380.0,2019,5,58724.963014189314,0.168,9865.793786383803
30_8929,ITA,380.0,2019,6,199103.8346452512,0.168,33449.444220402205
30_8929,ITA,380.0,2019,7,303639.32367118145,0.168,51011.40637675849
30_8929,ITA,380.0,2019,8,364758.0345663116,0.168,61279.34980714036
30_8929,ITA,380.0,2019,9,131902.85884162752,0.168,22159.680285393424
30_8929,ITA,380.0,2019,10,53622.62341414825,0.168,9008.600733576906
30_8929,ITA,380.0,2019,11,308385.7597856253,0.168,51808.807643985056
30_8930,ITA,380.0,2019,4,193306.4082452528,0.168,32475.47658520248
30_8930,ITA,380.0,2019,5,173766.54399902126,0.168,29192.77939183557
30_8930,ITA,380.0,2019,6,983997.8315444656,0.168,165311.63569947027
30_8930,ITA,380.0,2019,7,1344968.4633314027,0.168,225954.7018396757
30_8930,ITA,380.0,2019,8,1222366.9480138056,0.168,205357.6472663193
30_8930,ITA,380.0,2019,9,760877.311723054,0.168,127827.38836947308
30_8930,ITA,380.0,2019,10,432376.1345168517,0.168,72639.1905988311
30_8930,ITA,380.0,2019,11,278800.50369731133,0.168,46838.48462114831
30_8931,ITA,380.0,2019,5,1334716.2641084285,0.168,224232.332370216
30_8931,ITA,380.0,2019,6,2857607.1605004035,0.168,480078.0029640678
30_8931,ITA,380.0,2019,7,3050794.476113989,0.168,512533.4719871503
30_8931,ITA,380.0,2019,8,3181281.584726826,0.168,534455.3062341068
30_8931,ITA,380.0,2019,9,1917664.1207551411,0.168,322167.5722868637
30_8931,ITA,380.0,2019,10,710164.3951121805,0.168,119307.61837884634
30_8932,ITA,380.0,2019,5,354164.21042779455,0.168,59499.587351869486
30_8932,ITA,380.0,2019,6,991989.4440142646,0.168,166654.22659439646
30_8932,ITA,380.0,2019,7,802889.8679737585,0.168,134885.49781959143
30_8932,ITA,380.0,2019,8,909592.939926174,0.168,152811.61390759723
30_8932,ITA,380.0,2019,9,1110606.3518747862,0.168,186581.8671149641
30_8932,ITA,380.0,2019,10,468838.6401262296,0.168,78764.89154120658
30_8933,ITA,380.0,2019,4,3952560.954985365,0.168,664030.2404375414
30_8933,ITA,380.0,2019,5,5241891.682226305,0.168,880637.8026140193
30_8933,ITA,380.0,2019,6,8745220.312152093,0.168,1469197.0124415518
30_8933,ITA,380.0,2019,7,9558366.592331028,0.168,1605805.5875116128
30_8933,ITA,380.0,2019,8,14735798.764509529,0.168,2475614.192437601
30_8933,ITA,380.0,2019,9,8199444.54922533,0.168,1377506.6842698555
30_8933,ITA,380.0,2019,10,5434205.66334558,0.168,912946.5514420576
30_8933,ITA,380.0,2019,11,5451808.200611814,0.168,915903.7777027847
30_8934,ITA,380.0,2019,4,127115.48963425664,0.168,21355.40225855512
30_8934,ITA,380.0,2019,5,89538.46796298484,0.168,15042.462617781452
30_8934,ITA,380.0,2019,6,104037.12646364052,0.168,17478.237245891607
30_8934,ITA,380.0,2019,7,289006.80520674743,0.168,48553.14327473357
30_8934,ITA,380.0,2019,8,252495.82236418265,0.168,42419.29815718268
30_8934,ITA,380.0,2019,9,146416.08242319422,0.168,24597.901847096637
30_8934,ITA,380.0,2019,10,90023.49680544733,0.168,15123.947463315151
30_8934,ITA,380.0,2019,11,134434.81040283808,0.168,22585.0481476768
30_8935,ITA,380.0,2019,5,1161049.481109458,0.168,195056.31282638892
30_8935,ITA,380.0,2019,6,2546113.315374637,0.168,427747.0369829391
30_8935,ITA,380.0,2019,7,1635877.4064651506,0.168,274827.40428614535
30_8935,ITA,380.0,2019,8,1971193.7927232296,0.168,331160.55717750266
30_8935,ITA,380.0,2019,9,1838776.2505272853,0.168,308914.41008858394
30_8935,ITA,380.0,2019,10,704644.5638959593,0.168,118380.28673452116
30_8936,ITA,380.0,2019,4,24329862.85951174,0.168,4087416.9603979727
30_8936,ITA,380.0,2019,5,27898289.036158,0.168,4686912.558074544
30_8936,ITA,380.0,2019,6,66967251.50659039,0.168,11250498.253107186
30_8936,ITA,380.0,2019,7,62118082.94889287,0.168,10435837.935414003
30_8936,ITA,380.0,2019,8,60030960.66637273,0.168,10085201.39195062
30_8936,ITA,380.0,2019,9,43564216.03084795,0.168,7318788.293182456
30_8936,ITA,380.0,2019,10,34760593.939715125,0.168,5839779.781872141
30_8936,ITA,380.0,2019,11,28019020.127388097,0.168,4707195.381401201
30_8937,ITA,380.0,2019,4,1555614.2030307278,0.168,261343.18610916228
30_8937,ITA,380.0,2019,5,682155.6079372584,0.168,114602.14213345942
30_8937,ITA,380.0,2019,6,2129710.448734994,0.168,357791.355387479
30_8937,ITA,380.0,2019,7,2125359.6734736213,0.168,357060.4251435684
30_8937,ITA,380.0,2019,8,2206938.829006097,0.168,370765.7232730243
30_8937,ITA,380.0,2019,9,1666115.868612099,0.168,279907.46592683264
30_8937,ITA,380.0,2019,10,1520040.488741835,0.168,255366.8021086284
30_8937,ITA,380.0,2019,11,811224.8564959868,0.168,136285.7758913258
30_8938,ITA,380.0,2019,4,288614.9263823286,0.168,48487.30763223121
30_8938,ITA,380.0,2019,5,160454.89201724625,0.168,26956.42185889737
30_8938,ITA,380.0,2019,6,308226.90122484486,0.168,51782.11940577394
30_8938,ITA,380.0,2019,7,268020.7338602024,0.168,45027.48328851401
30_8938,ITA,380.0,2019,8,364361.8785795481,0.168,61212.79560136409
30_8938,ITA,380.0,2019,9,301812.5754711663,0.168,50704.51267915594
30_8938,ITA,380.0,2019,10,117912.22082339996,0.168,19809.253098331195
30_8938,ITA,380.0,2019,11,186321.3640928113,0.168,31301.9891675923
30_8939,ITA,380.0,2019,4,250772.7822653927,0.168,42129.82742058598
30_8939,ITA,380.0,2019,5,428542.661162988,0.168,71995.16707538199
30_8939,ITA,380.0,2019,6,1995915.2890316327,0.168,335313.7685573143
30_8939,ITA,380.0,2019,7,2578413.4193199263,0.168,433173.45444574766
30_8939,ITA,380.0,2019,8,2917151.3646055697,0.168,490081.42925373575
30_8939,ITA,380.0,2019,9,1884363.4503380256,0.168,316573.0596567884
30_8939,ITA,380.0,2019,10,1073122.4784075457,0.168,180284.57637246768
30_8939,ITA,380.0,2019,11,329836.7652636582,0.168,55412.57656429458
30_8940,ITA,380.0,2019,6,641059.1538803282,0.168,107697.93785189514
30_8940,ITA,380.0,2019,7,207563.2385676752,0.168,34870.62407936944
30_8940,ITA,380.0,2019,8,321659.0164273773,0.168,54038.71475979939
30_8940,ITA,380.0,2019,9,208851.5150661757,0.168,35087.05453111752
30_8940,ITA,380.0,2019,10,41920.43177305205,0.168,7042.632537872744
30_8941,ITA,380.0,2019,4,937484.460339646,0.168,157497.38933706054
30_8941,ITA,380.0,2019,5,942813.6703800396,0.168,158392.69662384668
30_8941,ITA,380.0,2019,6,6251502.422743774,0.168,1050252.4070209542
30_8941,ITA,380.0,2019,7,6820809.360941946,0.168,1145895.9726382468
30_8941,ITA,380.0,2019,8,7450713.809601175,0.168,1251719.9200129977
30_8941,ITA,380.0,2019,9,5150905.313776508,0.168,865352.0927144533
30_8941,ITA,380.0,2019,10,2215118.353565929,0.168,372139.8833990762
30_8941,ITA,380.0,2019,11,970502.481741976,0.168,163044.41693265195
30_8942,ITA,380.0,2019,5,36366.9619560889,0.168,6109.649608622935
30_8942,ITA,380.0,2019,6,128378.99531876286,0.168,21567.671213552163
30_8942,ITA,380.0,2019,7,89117.14873895948,0.168,14971.680988145194
30_8942,ITA,380.0,2019,8,183793.1457565301,0.168,30877.248487097066
30_8942,ITA,380.0,2019,9,129805.56284306078,0.168,21807.33455763421
30_8942,ITA,380.0,2019,10,61854.7669325728,0.168,10391.60084467223
30_8942,ITA,380.0,2019,11,211378.17360991065,0.168,35511.533166464986
30_8943,ITA,380.0,2019,5,47466.65615377811,0.168,7974.398233834723
30_8943,ITA,380.0,2019,6,170081.6888327999,0.168,28573.723723910385
30_8943,ITA,380.0,2019,7,322056.83808606147,0.168,54105.54879845833
30_8943,ITA,380.0,2019,8,297570.41497688123,0.168,49991.82971611605
30_8943,ITA,380.0,2019,9,197567.86543099352,0.168,33191.401392406915
30_8943,ITA,380.0,2019,10,151111.8475799124,0.168,25386.790393425286
30_8944,ITA,380.0,2019,5,10961.016267145824,0.168,1841.4507328804984
30_8944,ITA,380.0,2019,6,101828.58626554902,0.168,17107.202492612236
30_8944,ITA,380.0,2019,7,173110.92220378018,0.168,29082.63493023507
30_8944,ITA,380.0,2019,8,97138.59208709963,0.168,16319.28347063274
30_8944,ITA,380.0,2019,9,47906.91520721579,0.168,8048.361754812253
30_8944,ITA,380.0,2019,10,53757.64513080221,0.168,9031.284381974772
30_8945,ITA,380.0,2019,5,262846.42790193623,0.168,44158.19988752529
30_8945,ITA,380.0,2019,6,602787.8693537463,0.168,101268.3620514294
30_8945,ITA,380.0,2019,7,1213175.5268802564,0.168,203813.48851588307
30_8945,ITA,380.0,2019,8,1346413.4038010095,0.168,226197.45183856963
30_8945,ITA,380.0,2019,9,228666.7002794362,0.168,38416.00564694528
30_8945,ITA,380.0,2019,10,290284.11006996606,0.168,48767.7304917543
30_8945,ITA,380.0,2019,11,537720.2572250374,0.168,90337.0032138063
30_8946,ITA,380.0,2019,4,1184322.3999779124,0.168,198966.1631962893
30_8946,ITA,380.0,2019,5,3679815.721499864,0.168,618209.0412119771
30_8946,ITA,380.0,2019,6,5111337.333613363,0.168,858704.6720470451
30_8946,ITA,380.0,2019,7,5955274.218777519,0.168,1000486.0687546232
30_8946,ITA,380.0,2019,8,6087347.569407268,0.168,1022674.3916604212
30_8946,ITA,380.0,2019,9,4892878.624810973,0.168,822003.6089682436
30_8946,ITA,380.0,2019,10,6348466.976275291,0.168,1066542.452014249
30_8946,ITA,380.0,2019,11,2105734.033456873,0.168,353763.3176207547
30_8947,ITA,380.0,2019,4,627405.3605223325,0.168,105404.10056775188
30_8947,ITA,380.0,2019,5,453726.8183886512,0.168,76226.10548929342
30_8947,ITA,380.0,2019,6,1102782.6326709609,0.168,185267.48228872145
30_8947,ITA,380.0,2019,7,1017671.7786447818,0.168,170968.85881232336
30_8947,ITA,380.0,2019,8,1686803.7663022408,0.168,283383.03273877647
30_8947,ITA,380.0,2019,9,1923413.1320931665,0.168,323133.40619165194
30_8947,ITA,380.0,2019,10,1053155.107589604,0.168,176930.05807505347
30_8947,ITA,380.0,2019,11,876402.7848979802,0.168,147235.6678628607
30_8948,ITA,380.0,2019,4,156170.47834759267,0.168,26236.64036239557
30_8948,ITA,380.0,2019,5,370107.9067936462,0.168,62178.12834133257
30_8948,ITA,380.0,2019,6,1262498.1022935158,0.168,212099.68118531068
30_8948,ITA,380.0,2019,7,1667292.2434516873,0.168,280105.0968998835
30_8948,ITA,380.0,2019,8,1797585.8513359989,0.168,301994.4230244478
30_8948,ITA,380.0,2019,9,1087520.154893783,0.168,182703.38602215555
30_8948,ITA,380.0,2019,10,850439.1783611128,0.168,142873.78196466697
30_8948,ITA,380.0,2019,11,291687.65363014623,0.168,49003.52580986457
30_8949,ITA,380.0,2019,5,26886.32199414364,0.168,4516.902095016132
30_8949,ITA,380.0,2019,6,244005.74780263964,0.168,40992.96563084346
30_8949,ITA,380.0,2019,7,64185.97329559881,0.168,10783.2435136606
30_8949,ITA,380.0,2019,8,172377.8044033824,0.168,28959.471139768248
30_8949,ITA,380.0,2019,9,95052.49110493636,0.168,15968.818505629311
30_8949,ITA,380.0,2019,10,56661.78982442847,0.168,9519.180690503985
30_8950,ITA,380.0,2019,4,775391.8242228823,0.168,130265.82646944423
30_8950,ITA,380.0,2019,5,784369.0435245716,0.168,131773.99931212803
30_8950,ITA,380.0,2019,6,2995992.312869105,0.168,503326.7085620096
30_8950,ITA,380.0,2019,7,3945454.319710872,0.168,662836.3257114264
30_8950,ITA,380.0,2019,8,4548133.753759395,0.168,764086.4706315785
30_8950,ITA,380.0,2019,9,3353351.735774817,0.168,563363.0916101693
30_8950,ITA,380.0,2019,10,1887992.71630858,0.168,317182.7763398415
30_8950,ITA,380.0,2019,11,1316079.748258146,0.168,221101.3977073685
30_8951,ITA,380.0,2019,4,643163.3237921529,0.168,108051.4383970817
30_8951,ITA,380.0,2019,5,797306.1543888403,0.168,133947.43393732517
30_8951,ITA,380.0,2019,6,1159083.0468026137,0.168,194725.9518628391
30_8951,ITA,380.0,2019,7,1312754.662620953,0.168,220542.78332032013
30_8951,ITA,380.0,2019,8,1707062.8239925765,0.168,286786.5544307529
30_8951,ITA,380.0,2019,9,1310762.9795254064,0.168,220208.1805602683
30_8951,ITA,380.0,2019,10,891977.1378776656,0.168,149852.15916344782
30_8951,ITA,380.0,2019,11,610457.0117314672,0.168,102556.7779708865
30_8952,ITA,380.0,2019,4,533256.0441066588,0.168,89587.01540991868
30_8952,ITA,380.0,2019,5,105663.4357815229,0.168,17751.45721129585
30_8952,ITA,380.0,2019,6,212080.85880283292,0.168,35629.58427887594
30_8952,ITA,380.0,2019,7,199290.0137509456,0.168,33480.72231015886
30_8952,ITA,380.0,2019,8,517696.7781588793,0.168,86973.05873069173
30_8952,ITA,380.0,2019,9,214620.0912697265,0.168,36056.17533331406
30_8952,ITA,380.0,2019,10,256907.73284525148,0.168,43160.49911800225
30_8952,ITA,380.0,2019,11,165555.2243986227,0.168,27813.277698968614
30_8953,ITA,380.0,2019,5,294572.6929766333,0.168,49488.2124200744
30_8953,ITA,380.0,2019,6,359571.3512023361,0.168,60407.987001992464
30_8953,ITA,380.0,2019,7,323164.2503249485,0.168,54291.59405459136
30_8953,ITA,380.0,2019,8,222120.66032245543,0.168,37316.27093417251
30_8953,ITA,380.0,2019,9,753898.7170747068,0.168,126654.98446855076
30_8953,ITA,380.0,2019,10,292376.40428127925,0.168,49119.23591925492
30_8954,ITA,380.0,2019,4,195807.3905937924,0.168,32895.64161975712
30_8954,ITA,380.0,2019,5,39556.07629080127,0.168,6645.420816854614
30_8954,ITA,380.0,2019,6,134893.94475293712,0.168,22662.18271849344
30_8954,ITA,380.0,2019,7,94277.56760168748,0.168,15838.631357083495
30_8954,ITA,380.0,2019,8,176269.76197978374,0.168,29613.32001260367
30_8954,ITA,380.0,2019,9,56371.93768384896,0.168,9470.485530886624
30_8954,ITA,380.0,2019,10,173524.38293523452,0.168,29152.0963331194
30_8954,ITA,380.0,2019,11,65058.79726868236,0.168,10929.87794113864
30_8955,ITA,380.0,2019,5,63906.82110444376,0.168,10736.34594554655
30_8955,ITA,380.0,2019,6,70312.70011722112,0.168,11812.533619693148
30_8955,ITA,380.0,2019,7,41000.79916633516,0.168,6888.134259944307
30_8955,ITA,380.0,2019,8,152158.5078997053,0.168,25562.62932715049
30_8955,ITA,380.0,2019,9,58812.47353426831,0.168,9880.495553757077
30_8955,ITA,380.0,2019,10,38184.44336970632,0.168,6414.986486110663
30_8955,ITA,380.0,2019,11,28164.2523230548,0.168,4731.594390273206
30_8956,ITA,380.0,2019,5,464913.80959346856,0.168,78105.52001170273
30_8956,ITA,380.0,2019,6,925454.1940681865,0.168,155476.30460345533
30_8956,ITA,380.0,2019,7,960133.8927483208,0.168,161302.49398171788
30_8956,ITA,380.0,2019,8,1052789.730949347,0.168,176868.67479949025
30_8956,ITA,380.0,2019,9,1348396.800673241,0.168,226530.6625131045
30_8956,ITA,380.0,2019,10,336457.0015201827,0.168,56524.7762553907
30_8957,ITA,380.0,2019,4,185864.22206783597,0.168,31225.18930739644
30_8957,ITA,380.0,2019,5,63096.08189955643,0.168,10600.14175912548
30_8957,ITA,380.0,2019,6,170019.1024467024,0.168,28563.209211046003
30_8957,ITA,380.0,2019,7,106550.1290789214,0.168,17900.4216852588
30_8957,ITA,380.0,2019,8,217057.86146245,0.168,36465.7207256916
30_8957,ITA,380.0,2019,9,111044.80252480623,0.168,18655.52682416745
30_8957,ITA,380.0,2019,10,120780.61946708593,0.168,20291.14407047044
30_8957,ITA,380.0,2019,11,30588.77158176175,0.168,5138.913625735974
30_8958,ITA,380.0,2019,6,259736.8144224285,0.168,43635.78482296799
30_8958,ITA,380.0,2019,7,144893.19226824754,0.168,24342.05630106559
30_8958,ITA,380.0,2019,8,120279.95327875104,0.168,20207.03215083018
30_8958,ITA,380.0,2019,9,28174.527108007573,0.168,4733.320554145273
30_8958,ITA,380.0,2019,10,38083.76546765748,0.168,6398.072598566456
30_8959,ITA,380.0,2019,4,1885490.9867047232,0.168,316762.48576639354
30_8959,ITA,380.0,2019,5,1115872.4239827758,0.168,187466.56722910635
30_8959,ITA,380.0,2019,6,2750426.2425052607,0.168,462071.6087408838
30_8959,ITA,380.0,2019,7,2677057.850804678,0.168,449745.718935186
30_8959,ITA,380.0,2019,8,3119268.712006408,0.168,524037.1436170765
30_8959,ITA,380.0,2019,9,1681837.5204779063,0.168,282548.70344028826
30_8959,ITA,380.0,2019,10,2180704.715255497,0.168,366358.3921629235
30_8959,ITA,380.0,2019,11,1272436.6510430702,0.168,213769.35737523585
30_8960,ITA,380.0,2019,4,1083296.509085153,0.168,181993.8135263057
30_8960,ITA,380.0,2019,5,1389079.1421124216,0.168,233365.29587488683
30_8960,ITA,380.0,2019,6,3801741.8667932535,0.168,638692.6336212666
30_8960,ITA,380.0,2019,7,3998490.6287669097,0.168,671746.4256328408
30_8960,ITA,380.0,2019,8,4520637.04402359,0.168,759467.0233959632
30_8960,ITA,380.0,2019,9,2779973.685922816,0.168,467035.57923503313
30_8960,ITA,380.0,2019,10,1562759.799242861,0.168,262543.6462728007
30_8960,ITA,380.0,2019,11,745606.7125927383,0.168,125261.92771558004
30_8961,ITA,380.0,2019,5,32133.510967127902,0.168,5398.429842477489
30_8961,ITA,380.0,2019,6,112766.61825434017,0.168,18944.791866729145
30_8961,ITA,380.0,2019,7,74321.46864148144,0.168,12486.006731768884
30_8961,ITA,380.0,2019,8,67703.37154749356,0.168,11374.16641997892
30_8961,ITA,380.0,2019,9,69038.73817706248,0.168,11598.508013746496
30_8961,ITA,380.0,2019,10,63381.50280011992,0.168,10648.092470420148
30_8961,ITA,380.0,2019,11,23149.27844481529,0.168,3889.0787787289687
30_8962,ITA,380.0,2019,4,135627.6050193257,0.168,22785.43764324672
30_8962,ITA,380.0,2019,5,166972.33889152907,0.168,28051.352933776885
30_8962,ITA,380.0,2019,6,283847.47526349267,0.168,47686.375844266775
30_8962,ITA,380.0,2019,7,177473.6415273376,0.168,29815.57177659272
30_8962,ITA,380.0,2019,8,244797.1988191417,0.168,41125.9294016158
30_8962,ITA,380.0,2019,9,324732.39114554547,0.168,54555.04171245164
30_8962,ITA,380.0,2019,10,182582.94821925787,0.168,30673.935300835325
30_8962,ITA,380.0,2019,11,147969.4270689472,0.168,24858.86374758313
